y_real,p_xgboost (adasyn),p_xgboost (smote),p_random_forest (ninguno)
0,0.119770244,0.14191657,0.09213131561442149
0,0.09879001,0.1067833,0.08042135357934085
1,0.05540118,0.06295676,0.06860958148393352
0,0.10857327,0.1116818,0.09217704635293457
0,0.080118105,0.119410925,0.10603701905850797
0,0.045894243,0.07253712,0.06609038857210167
0,0.049446434,0.0498167,0.039722953937677004
0,0.06585118,0.057950113,0.060812167430156036
0,0.12683891,0.11376167,0.1331103414402224
0,0.15023156,0.122653194,0.20214470776910176
0,0.08407984,0.08123491,0.0678027416287721
0,0.06032552,0.053624466,0.04748647196865914
0,0.08407086,0.09245122,0.11277102968619299
0,0.09459043,0.12251603,0.11557641636080122
0,0.08023651,0.074790105,0.08700217910514259
0,0.086157046,0.090362504,0.09982292327827476
0,0.10470492,0.081284516,0.10777632603385004
0,0.086750805,0.08450956,0.09273893115488759
0,0.13341008,0.13413942,0.1126520769860379
0,0.18468134,0.17892687,0.2034695615263781
0,0.06672735,0.06213496,0.08546397941012521
0,0.16458002,0.16095039,0.20154255535328525
0,0.08764367,0.08481121,0.0833328412717327
0,0.12368238,0.10627812,0.1073773906449917
0,0.10582991,0.093656875,0.12337161566475369
0,0.06742673,0.05551315,0.07439641055352954
0,0.07022195,0.08402476,0.08823439357614947
0,0.075200595,0.077484414,0.0699462881325442
1,0.10689298,0.12596767,0.1469698482215884
1,0.047624648,0.05281129,0.0926419221809577
0,0.069364525,0.057742342,0.07366642085252369
1,0.15531516,0.2810688,0.28656150749838116
0,0.11213558,0.129823,0.09591193972664841
0,0.12508024,0.13536566,0.09679972898771674
0,0.062312126,0.06999273,0.060427179995312386
0,0.09446016,0.11590881,0.07707160535144217
0,0.05000321,0.06432181,0.06848222962479683
0,0.10531293,0.0968499,0.09300873372833354
0,0.052766632,0.061309107,0.03061671348371915
0,0.1438919,0.12363061,0.11330639257823978
0,0.14729173,0.15909408,0.15492808258078825
0,0.073070176,0.06772851,0.06736580248057045
0,0.046809435,0.04994384,0.038600062575624546
0,0.037199948,0.028668799,0.04114682457873961
0,0.10300478,0.10968857,0.0932283540697702
0,0.12967214,0.1167576,0.09267012202235199
0,0.20932807,0.16758037,0.12317682718478369
0,0.09393536,0.10175963,0.10405781490351687
0,0.077216566,0.09020439,0.0823085546716863
1,0.068674654,0.05914265,0.07168974203135273
1,0.13224274,0.17121887,0.12449657997126821
0,0.047599092,0.05065831,0.09174145700532034
0,0.055474475,0.08808477,0.06624158402215252
0,0.07930484,0.07544037,0.09913711565943369
0,0.10328062,0.08443378,0.08945373475896555
0,0.06359418,0.06050015,0.051300276328488444
0,0.06563033,0.07483344,0.08096818949632327
0,0.118228965,0.1304584,0.10736268193652537
0,0.09052715,0.07188191,0.10947799421904643
0,0.0946647,0.0971345,0.0958404469978152
0,0.10500765,0.12321857,0.113071013490369
0,0.099535175,0.10037082,0.09936707261769935
0,0.09996726,0.1152431,0.1053275758036893
0,0.13196072,0.12826654,0.10005572911386401
0,0.076425135,0.06385955,0.09622540320852216
0,0.0708255,0.078820795,0.046699432829478874
0,0.067669466,0.06859855,0.05619995252822284
0,0.05467542,0.05472223,0.04648644344982924
0,0.06805229,0.06747541,0.039388240379798725
0,0.09311754,0.12584656,0.12403165517699387
0,0.0661195,0.07265248,0.08582840627832611
0,0.08565524,0.096290454,0.07353532930203277
0,0.0864536,0.08049164,0.149762156706353
0,0.19100837,0.11962306,0.10931168219030371
0,0.09344285,0.10870067,0.08273237576297526
1,0.13646753,0.14683223,0.12026822612908225
0,0.073225744,0.09412367,0.06379731679128513
0,0.0826334,0.09690038,0.08499383179017612
0,0.07472468,0.07121476,0.05207806304966458
0,0.055377986,0.091045216,0.047659130743781565
0,0.115764335,0.10883837,0.1251772000930246
0,0.044593412,0.046715528,0.051659504194032084
0,0.07881971,0.097214095,0.11351988881677304
0,0.091805115,0.11992854,0.12665868990275864
0,0.04010928,0.048317265,0.05327489605239232
0,0.106893726,0.11145358,0.10572183058248914
0,0.059985798,0.066695295,0.05051274237865096
0,0.07175156,0.075070366,0.10886097151511455
1,0.09435049,0.10361635,0.11022943621104353
0,0.03844469,0.048770346,0.05885480257783944
0,0.10908177,0.10957974,0.11576698080959237
0,0.06929354,0.062345736,0.05791227813643916
0,0.056298923,0.083829686,0.04599130828028443
1,0.24778882,0.29683855,0.19354288711348402
0,0.10918438,0.10372894,0.16391052900532935
1,0.08453537,0.10063659,0.07305162475776751
0,0.055831175,0.045230385,0.06386820052058892
0,0.08419424,0.09724427,0.0864427637015136
0,0.04726165,0.044295307,0.046146942046793156
0,0.11185748,0.17146212,0.09722222987554062
0,0.07764208,0.10143127,0.08456166560385242
0,0.05379981,0.050363164,0.05517080023875462
0,0.12019022,0.122714214,0.16953251094199853
1,0.15846981,0.18751732,0.17061744621060326
0,0.080783576,0.08991548,0.09123729096527569
0,0.10958926,0.05852235,0.10767187757730944
0,0.08938466,0.13191313,0.15754862177321377
0,0.07894346,0.085079,0.05921198814922742
0,0.0882184,0.107228026,0.09847354307990762
0,0.08225024,0.06976876,0.09053426058905009
1,0.17367777,0.2434754,0.16631064677437016
0,0.08572869,0.08553255,0.08701806622070753
0,0.14083149,0.12031083,0.10464570264550224
0,0.08491131,0.08693478,0.062393628398119516
0,0.0705441,0.08405983,0.080882845447366
0,0.24380653,0.3050136,0.2159445583267935
0,0.054813217,0.067409344,0.04765379396565269
1,0.13069172,0.12857018,0.08894044143813085
0,0.07944864,0.09027467,0.10444531950402562
0,0.27166066,0.24611802,0.24408638458839732
1,0.1233955,0.12938793,0.11485961846349638
0,0.09930368,0.15790978,0.09050179109979453
0,0.20807366,0.18013406,0.17264588033459274
1,0.10962869,0.12225808,0.16046152347966852
0,0.103488356,0.0886643,0.12207561279475851
0,0.08759043,0.09836355,0.08170386481237167
0,0.07198317,0.08316631,0.07777180261814402
0,0.22800732,0.23518848,0.20650218731048545
0,0.092934705,0.09990267,0.09331456372573248
0,0.082380556,0.08369205,0.1399883643032081
0,0.07830509,0.06898832,0.06811036232819619
0,0.091384955,0.09910976,0.07450460186181236
0,0.25749794,0.23508473,0.23529851643003086
0,0.07465955,0.058817312,0.06347131810508241
1,0.0787668,0.09812246,0.10444254089701646
0,0.0598278,0.048997402,0.06546881924588706
0,0.09653292,0.08649059,0.16192169353460756
0,0.09089798,0.0762642,0.09613307817909694
1,0.1426808,0.1370326,0.1738333252805616
0,0.073388584,0.07842906,0.09183729583568662
0,0.13694611,0.09431551,0.08730542619420188
0,0.067452446,0.054343432,0.050328544717587145
0,0.056003958,0.04939731,0.04985289434996444
0,0.16927294,0.1622188,0.1704091244585806
0,0.06339704,0.051959634,0.058250242315942266
0,0.14747868,0.15213381,0.22090237086150732
0,0.071546875,0.11031236,0.07285337325270771
0,0.11997725,0.105183944,0.09844688369944707
0,0.14991857,0.13980424,0.14050430637669195
0,0.072693534,0.07692468,0.09257639444641333
0,0.08124477,0.0599251,0.06015651341152298
1,0.14135686,0.17569382,0.1804174076787901
0,0.10347354,0.07610493,0.084134673390417
0,0.08389885,0.08296349,0.09114280825652932
0,0.090432845,0.100138605,0.09368495188766124
0,0.10910063,0.08937014,0.07725038546622164
0,0.06457081,0.05030534,0.07387973055285446
0,0.079210825,0.10225304,0.11344372954997273
0,0.14295867,0.10412411,0.10141608100033256
0,0.11058488,0.15582864,0.10476727462883927
0,0.08630898,0.07955184,0.07282045680460335
0,0.07206433,0.09072376,0.11013261307429938
0,0.12703513,0.124446586,0.12845176118128154
0,0.07482705,0.09492285,0.05445797201938874
0,0.10818419,0.12011781,0.09469688098948445
0,0.09659978,0.08852117,0.10463391496292113
1,0.2171512,0.25096586,0.1738991128597235
1,0.09235802,0.10486223,0.09913637769255988
0,0.111098915,0.13084605,0.10153509480168431
0,0.11979449,0.1026809,0.1095608645806576
0,0.04864195,0.05092704,0.09306486785800337
0,0.1686646,0.15275869,0.189551194474197
0,0.11815255,0.12877965,0.15105098818974427
0,0.10501621,0.10846557,0.0926890158344246
0,0.040656697,0.05383721,0.04120891698756154
0,0.13024701,0.14433616,0.16498082739141667
0,0.09367079,0.08098209,0.06600344531641347
0,0.06312218,0.074050374,0.0890152333561696
0,0.09999238,0.08946427,0.13188053082349588
0,0.07349221,0.08122557,0.08506902425054039
0,0.06048513,0.071255706,0.06421982354624892
0,0.069714405,0.063919455,0.058069874386547385
0,0.08745681,0.059181985,0.06357270668367952
0,0.03206056,0.032998763,0.02737107845517025
0,0.11181796,0.1231244,0.1558698806599652
0,0.057163604,0.062288407,0.0682715516411034
0,0.040740103,0.042028602,0.044560399550793064
1,0.1745969,0.16534762,0.17061813494122033
0,0.085029036,0.121126965,0.08817435004233143
0,0.06443309,0.06294656,0.05582031667673026
0,0.077322006,0.06777048,0.06739889105488439
0,0.061864104,0.067315966,0.04940908394788404
0,0.13899356,0.15007263,0.16214416401230516
0,0.10742007,0.1870231,0.14163627931656766
0,0.07146179,0.073552534,0.061908400607831135
0,0.114143744,0.111389115,0.09452512172506947
0,0.05946103,0.046161924,0.09947110020692983
0,0.049717963,0.06774923,0.06281779374023853
0,0.060935944,0.057667773,0.05584152037382761
0,0.07782262,0.06907058,0.08768804157870956
0,0.06524212,0.06210623,0.04576227662684957
0,0.09327743,0.09859238,0.0819627916468594
0,0.02850899,0.026808223,0.024797473599934124
0,0.05189593,0.040496692,0.03897039802031957
1,0.04809114,0.044895027,0.06939377238485807
1,0.20462812,0.18266036,0.16775200795520256
0,0.08005339,0.08388337,0.08469786918283201
0,0.0319018,0.040562138,0.04860706298167529
0,0.074271835,0.045826547,0.06026979338940117
0,0.07450934,0.07620386,0.09813195697280701
0,0.088234305,0.082778335,0.13304615821476504
0,0.06767359,0.0670845,0.06651425414591958
0,0.07670825,0.0627826,0.09611337476113428
0,0.058726877,0.063298,0.055938804377474075
0,0.027425846,0.028256245,0.02613498918624285
0,0.0918731,0.10053576,0.07285010839019801
0,0.052878752,0.039113365,0.04786946475499518
0,0.08426902,0.09351158,0.07719587174050034
0,0.10306585,0.10299599,0.12943323651573163
0,0.033949632,0.03445205,0.043972512525035
0,0.05295442,0.047375396,0.048722491356443444
0,0.045757394,0.05907525,0.0686652200983443
0,0.1587098,0.17736454,0.21594938873623412
0,0.04989162,0.038489513,0.06210755931425951
0,0.05717608,0.07920123,0.06914171004209009
1,0.15007421,0.2386345,0.1498294343601782
0,0.079795144,0.07924329,0.07748579053513538
1,0.26997823,0.25907692,0.23353349982088312
0,0.08240161,0.08806753,0.08447378537732722
0,0.14978085,0.12884602,0.11869865757038937
0,0.06967818,0.07916431,0.05775495075975952
0,0.2933269,0.34975395,0.22870929846004168
0,0.095086895,0.08997441,0.10390245547906156
0,0.024836214,0.025712334,0.023429485568801884
0,0.14675266,0.1798772,0.1638476355337034
1,0.10730489,0.078010455,0.10092768424918813
0,0.05231681,0.05670085,0.049904805297602425
1,0.13057008,0.19479245,0.20332264186403304
1,0.16587034,0.14152601,0.11141572744506348
0,0.07573796,0.06671269,0.05232058092697397
0,0.048895363,0.052907437,0.04583180114388177
0,0.10778808,0.11036528,0.12677094003582737
0,0.08948688,0.089799605,0.08173371618089999
0,0.320977,0.40677494,0.2388056168691773
1,0.11534372,0.102962926,0.10213848472509021
0,0.0609759,0.05168438,0.07805179602217524
0,0.07149292,0.077423766,0.09466424681150311
1,0.10765943,0.085862026,0.09813743793023245
0,0.04212533,0.028937407,0.04728800498559893
0,0.18921201,0.25014284,0.19893588153085595
1,0.14343579,0.14378598,0.1485446674891767
0,0.046355877,0.041757558,0.03058849254378628
0,0.116517946,0.12417698,0.12649025688196333
1,0.12372,0.113691114,0.1326290096210619
0,0.061729614,0.065895215,0.061065872757946844
0,0.03378987,0.0325155,0.040789092046173654
0,0.038078018,0.033241432,0.022344272739598974
0,0.06011621,0.05268732,0.05624296901693259
0,0.11993356,0.10149428,0.09296227993125596
0,0.044922844,0.04677788,0.060627584416403466
0,0.11098761,0.10647331,0.10087818949460473
0,0.21303761,0.24293658,0.24740035687066908
0,0.19772573,0.20518063,0.24486054383204428
0,0.07682751,0.082610086,0.0797994974333993
0,0.06673077,0.06859374,0.0654311629622676
1,0.087136626,0.08707511,0.0782604043775305
1,0.12941357,0.14233586,0.1340673361869353
0,0.085265085,0.07016311,0.09101529173232231
0,0.123030074,0.12784448,0.09185809678177181
0,0.08343592,0.10764058,0.09992411938992653
0,0.058845054,0.053737503,0.05495745211558418
0,0.09429675,0.111446664,0.07954435653379109
0,0.08535266,0.09909563,0.15956136718653866
0,0.11356792,0.10937162,0.0785476929248656
0,0.049083963,0.056227755,0.043191615816691196
0,0.13574573,0.16047883,0.11860797251670124
0,0.05655317,0.044798326,0.04616627375780377
0,0.040243544,0.048223913,0.08612453293826453
0,0.054147117,0.057292953,0.06808509181959069
0,0.09740604,0.08786369,0.10320346188265929
1,0.33592796,0.35488853,0.22938204772017545
0,0.09921852,0.11762441,0.12190541849005525
0,0.054003015,0.055512827,0.03485641494009208
0,0.056176208,0.06497448,0.07308579250345779
1,0.08169677,0.107610814,0.11848526551028792
0,0.10793476,0.13231957,0.11777779389499163
0,0.13366489,0.12545268,0.09047095625702563
0,0.04095425,0.04128801,0.043398902180121574
0,0.14489682,0.116673976,0.1368468795777149
0,0.027714757,0.029304238,0.028460736808254318
0,0.042161204,0.040465772,0.03638184255206896
0,0.07197059,0.060931336,0.06789190429415932
0,0.10866688,0.10867005,0.10934617544066003
0,0.17920902,0.2086459,0.15959456043885012
0,0.22156508,0.17850249,0.26803216251843587
0,0.20460069,0.2219747,0.1673311839376181
0,0.1202619,0.1589015,0.12071963555800842
0,0.089223444,0.10502169,0.09396841112074322
0,0.33032954,0.25028014,0.24150026504764244
0,0.054542582,0.062995054,0.052500006740755854
0,0.033098742,0.04022868,0.03233009029875403
0,0.11466035,0.112358496,0.1423899812655288
0,0.04174377,0.050007954,0.042652824664779175
0,0.034747746,0.039872713,0.019768096346561046
0,0.10389353,0.11563987,0.13602558191566252
0,0.08931529,0.05957252,0.08269650998674904
1,0.20541584,0.2136142,0.16393167794156424
0,0.21557643,0.2890158,0.23307926401381765
0,0.028604701,0.028247586,0.02498222572976814
1,0.07203374,0.06820513,0.08286461889152323
0,0.07598552,0.053840436,0.09863545150371501
0,0.10504936,0.08520361,0.12586578919951463
0,0.12367961,0.121891186,0.15442191033795713
0,0.059820358,0.06347749,0.04354894224887207
0,0.08988053,0.111538365,0.10781238913602079
0,0.07650865,0.081571594,0.12354805514197154
0,0.04483569,0.057609845,0.05370782437386871
0,0.12543479,0.12181713,0.11961835643357684
0,0.11786393,0.08420274,0.09354304263842633
0,0.065536894,0.06932838,0.07796268862416912
0,0.08342675,0.0759772,0.0859864073486101
0,0.13308284,0.085758,0.11733414762303128
0,0.061221007,0.04545064,0.05358866287673688
0,0.07668159,0.08218418,0.07518679981098016
0,0.12281692,0.15158549,0.14308756930898747
0,0.039463572,0.037289657,0.03800747246449094
0,0.043779235,0.06442575,0.04671486233370644
0,0.11919706,0.12405736,0.09482100315580241
0,0.076191306,0.13001795,0.05612201966238183
0,0.04874916,0.04427955,0.05232076329063784
0,0.09219905,0.092610314,0.10008357059222242
0,0.11127824,0.08759042,0.11731795657213549
0,0.07581764,0.07950804,0.06925268658280193
0,0.0607329,0.055440094,0.05853161895180531
0,0.119361505,0.120643556,0.09449232467216315
0,0.08701602,0.08329398,0.06867136734578078
0,0.03222199,0.03500708,0.05616110940090469
1,0.10064201,0.088090286,0.27127938047098393
0,0.061269984,0.06010304,0.07602644722703451
1,0.112192966,0.10700555,0.06510188643095449
0,0.08977465,0.09308488,0.07942941272335836
0,0.043020867,0.03898315,0.05036066770305793
0,0.06444601,0.08046113,0.07171143127584195
0,0.12965772,0.13168049,0.16106574954572836
0,0.08657306,0.0992452,0.09939900917884781
0,0.19909859,0.21505903,0.1663929308686352
0,0.17339648,0.15031439,0.13652600570062737
0,0.057132475,0.049837504,0.038598731806580015
0,0.0385384,0.04211213,0.030333643849495304
0,0.07342251,0.059405718,0.05367744555981313
0,0.10535251,0.08217867,0.07218664613012268
0,0.08477617,0.08149391,0.0655150250391022
0,0.1883908,0.20381126,0.1812581357248088
0,0.14336933,0.2455459,0.14128601414615108
0,0.15662032,0.13148826,0.12291704869833038
0,0.19251841,0.13406488,0.13783368377586938
0,0.057148263,0.05562634,0.05468709612740289
0,0.05748923,0.057272576,0.05001027165534222
0,0.17361374,0.1906056,0.15009690026677666
1,0.08494777,0.094007514,0.12559168308191723
1,0.18736938,0.19512051,0.17380591362001271
0,0.19768956,0.33886114,0.2166790272082782
0,0.15521127,0.19020328,0.20332709592814988
0,0.0793201,0.07655247,0.08323224924063753
0,0.05347849,0.051114947,0.06518538151670346
0,0.07795309,0.081981406,0.10179239451404823
0,0.09968835,0.09781138,0.1493622402877906
0,0.09311817,0.10647353,0.10739181035034849
0,0.062421508,0.08330827,0.07332292833214492
0,0.19377899,0.2243563,0.2184164772758874
0,0.053980596,0.06707286,0.04489011527283514
0,0.12151925,0.12973681,0.14549962342379702
1,0.07476274,0.10360749,0.08588387745214712
0,0.13371636,0.17465721,0.13183680507141518
0,0.05163663,0.053769175,0.06297922376986671
1,0.16527192,0.15747873,0.1507670087150506
0,0.04961657,0.048082605,0.04734526948653382
0,0.14163676,0.13350497,0.11381548966322308
0,0.05292737,0.0568959,0.043023963058785884
1,0.041308295,0.041967884,0.04050774400959024
0,0.03221241,0.039861683,0.03692604065680656
0,0.088932924,0.070550434,0.07399772258050012
0,0.039841987,0.049805153,0.048724777446972144
0,0.08157313,0.09005292,0.10960983071422387
1,0.06540349,0.059104066,0.06416492691382086
0,0.041223276,0.026704447,0.03635150907890271
0,0.07821127,0.07319389,0.09307133459682661
0,0.07961938,0.094597116,0.07325699483042784
0,0.16870359,0.18068033,0.2052287451764986
0,0.06902155,0.05693506,0.052708247021408465
0,0.31029397,0.27472872,0.2774172190496146
0,0.1872762,0.2175844,0.1835473913067531
0,0.058500692,0.059300985,0.05864585437152158
0,0.067295924,0.05682833,0.055169504792655095
0,0.08745532,0.093524754,0.07047223951884406
1,0.16468072,0.10998326,0.20284300329737076
0,0.06773329,0.07019634,0.060863125349064365
0,0.12302058,0.10575733,0.13941239609106346
0,0.060569692,0.0576465,0.059854920608025386
0,0.13886468,0.15625577,0.17353940834500026
0,0.08237937,0.06269744,0.06157930324758938
0,0.059416663,0.05689311,0.04191433616106736
1,0.1305557,0.12229641,0.12316655593924393
0,0.04888523,0.045380715,0.043056011240414506
0,0.16085774,0.21241839,0.18123814014741388
0,0.07112336,0.08605594,0.05860652214713753
0,0.091321625,0.088149905,0.0869696029362826
0,0.049708314,0.038241204,0.07036189335751387
0,0.048910554,0.042696845,0.03710242153308567
0,0.06850271,0.061558764,0.06313498608822461
0,0.17142923,0.19797476,0.19313150444184254
0,0.062216856,0.0560468,0.06713134130048493
0,0.11745288,0.10533155,0.12702509799480788
0,0.1798342,0.17950657,0.27368110689491626
0,0.29131827,0.24941593,0.2396022808666555
0,0.056498244,0.05677103,0.06169080024969549
0,0.13939296,0.15802711,0.1079152086927674
0,0.08738624,0.079801485,0.07958757191075763
0,0.08652382,0.08178245,0.07930856060613131
0,0.11784661,0.11910696,0.07379068431075785
1,0.11456852,0.14110191,0.12082853214225257
0,0.046964407,0.041818272,0.047607601427024034
1,0.14147052,0.15220988,0.13693725796807502
0,0.07502994,0.08220436,0.06580941563563154
0,0.046732694,0.0447474,0.03639281717544093
0,0.04073248,0.043095097,0.04945832250644734
1,0.18278126,0.19479702,0.1308125898757479
0,0.10580104,0.087453686,0.07084640099552361
1,0.21287622,0.26356834,0.24120463404512496
0,0.034458373,0.029061995,0.03958799063852878
0,0.09304881,0.07974222,0.07894845830602837
0,0.045074105,0.04556965,0.0495528964564397
0,0.06348259,0.08461906,0.06798627220869893
0,0.0727352,0.07505217,0.08829960503192481
0,0.091012664,0.08098404,0.057056974441927207
0,0.041090842,0.047688458,0.039843505098659554
0,0.07143595,0.06537887,0.05740481491539048
1,0.140475,0.15403372,0.1160301846280976
0,0.09731817,0.06995796,0.11126108523203354
0,0.120476596,0.07461499,0.10705268073067545
0,0.069356985,0.0549324,0.042711221685441246
0,0.06091036,0.052955244,0.042411182624082285
0,0.09432453,0.08939126,0.12553688675580965
0,0.048455358,0.06376259,0.057276908997651255
1,0.3907801,0.49462685,0.2822017642804188
0,0.13089137,0.17069675,0.13800276013376056
0,0.14235654,0.10622329,0.13610687950873046
0,0.064663455,0.079836644,0.05588621514558591
0,0.107092775,0.12154102,0.05960431246426017
0,0.03157948,0.031853717,0.02777974335603891
0,0.11101742,0.112231165,0.1457088381657138
0,0.10133818,0.08448216,0.08998985027510963
0,0.03470243,0.04851284,0.05800102129875927
0,0.2299171,0.21400768,0.20753952688789784
0,0.10469861,0.109574944,0.10631485831230407
0,0.07799932,0.08357576,0.09281359653895549
1,0.07457984,0.081150495,0.0891944839898916
0,0.09396017,0.090701364,0.08764498337133611
0,0.0817701,0.09631818,0.1030116504698021
0,0.19419067,0.21370777,0.21792756426183615
1,0.33024946,0.27193716,0.267925960393583
0,0.06805655,0.05363428,0.04601656847395705
0,0.0724492,0.063907534,0.07341370600829665
0,0.069453925,0.058693424,0.07891658623899478
1,0.15949504,0.24606477,0.13170221058165263
0,0.14120258,0.21237808,0.1767103986085676
0,0.19012028,0.14991857,0.1769989111944561
0,0.08603388,0.127591,0.11112085634550353
0,0.09885734,0.07760329,0.12820912170917037
0,0.047881592,0.0498805,0.04561009564256414
0,0.070491046,0.071821146,0.0668180260789797
0,0.055312693,0.04466143,0.04989196543650243
0,0.037383694,0.03390518,0.03310127256763851
0,0.051877987,0.05394481,0.045531554719250994
0,0.07690649,0.08848324,0.08174442122871409
0,0.054649893,0.052033614,0.035654190780335056
0,0.07353608,0.07399972,0.06389544213750833
0,0.22254574,0.18303046,0.2197098434848049
0,0.13990441,0.10928191,0.14525760567511053
0,0.038008563,0.03767557,0.027431346081813853
1,0.31713086,0.28227913,0.26010440936804846
0,0.07535346,0.08428216,0.10547728416091404
0,0.12515666,0.121514015,0.11573232347993224
0,0.04862815,0.050071012,0.05459216554359536
0,0.07251613,0.08431694,0.09727492747157306
0,0.08246523,0.08712229,0.06431843827762428
1,0.09962069,0.08800908,0.08722902624776706
0,0.066117845,0.068124846,0.07546076808153718
0,0.11308562,0.090059936,0.08010061435758098
0,0.09607635,0.0826028,0.07244213383113468
0,0.102213606,0.077358976,0.10183967069735539
0,0.17680977,0.313433,0.28954319853760496
0,0.112944946,0.071201876,0.0975624981063585
0,0.13254698,0.12885411,0.10675283069505473
0,0.10227099,0.123129904,0.10220648485997495
0,0.091157585,0.07279264,0.057960796512056496
0,0.031592593,0.036758415,0.028645825245811787
0,0.04409985,0.0645522,0.06435627480640083
0,0.25992543,0.24343081,0.2153775177177915
0,0.03404499,0.02445544,0.025038597671923804
0,0.10228785,0.10912198,0.10548934080391728
0,0.067296974,0.06762722,0.0514505580630915
0,0.17098744,0.19738369,0.19800630113953271
0,0.10222825,0.08034739,0.10457067778027875
0,0.059390172,0.07007775,0.06383450840471655
0,0.05748993,0.052458156,0.05887392425474037
0,0.061107066,0.04925381,0.05682212417896349
0,0.1220385,0.09079351,0.09256809337048438
0,0.035347868,0.037037652,0.04233733755377917
0,0.06800397,0.063818276,0.06196146942955737
0,0.055138092,0.053278763,0.04879798144840329
0,0.1841825,0.16752844,0.186920743674303
0,0.14350237,0.14424676,0.14948890423404335
0,0.054688632,0.036574677,0.06648902138027103
0,0.06553815,0.0794785,0.07249451989157916
0,0.17888351,0.17753518,0.1420870061265963
0,0.10664455,0.06511102,0.1180726873899005
0,0.04614242,0.04681812,0.05151816761156872
0,0.10861224,0.10738403,0.13235976665397442
0,0.08145041,0.06997954,0.08606718891071016
0,0.029215576,0.03001991,0.0326827067735613
0,0.29572856,0.3277439,0.25859330722324325
0,0.046849225,0.04495164,0.04507740302174467
0,0.0663852,0.0709352,0.09601684089345182
1,0.11210612,0.1316514,0.06967893808183495
0,0.065296896,0.07204979,0.060690450747549946
0,0.09299257,0.09462745,0.11517294400135009
0,0.059722718,0.051077873,0.06736110957012803
0,0.16391668,0.16365322,0.15279425750619338
0,0.09692597,0.10360546,0.09056620586785653
0,0.08042626,0.069912896,0.08408695752849517
0,0.12219375,0.13251469,0.1650754498507377
0,0.036057647,0.037731513,0.03562748672208793
1,0.09700275,0.0885738,0.09525355820073844
0,0.13235365,0.10878799,0.12391443082473835
0,0.10450976,0.10687181,0.1231574297019674
0,0.096021555,0.07535246,0.08469363765497796
0,0.07052647,0.060726702,0.06608696517696742
0,0.15338066,0.14342844,0.1399840485999477
0,0.04863244,0.07125501,0.07414982395676406
0,0.046219558,0.042262584,0.0522834304795899
0,0.150708,0.21271436,0.21475142457367818
0,0.04856938,0.053456,0.03631155299894978
0,0.06142157,0.049612768,0.061096127074369115
0,0.08938304,0.06015727,0.06289595799743045
1,0.04607315,0.039669946,0.042416797871091816
1,0.060317427,0.037425235,0.0473988163721378
1,0.08182387,0.06798564,0.07570141806321683
0,0.061416373,0.055496313,0.052796801826649295
1,0.1549708,0.16028745,0.22512630195002492
0,0.05431406,0.0510941,0.043033559614933936
1,0.078807004,0.08035033,0.0673291548487312
1,0.10424952,0.08708018,0.07021099600638672
0,0.04362169,0.047003437,0.05418618895913843
0,0.10805381,0.09944807,0.11965531353093492
0,0.08217511,0.09021965,0.09356882023122648
1,0.16943108,0.16629598,0.18102051142018663
0,0.09763742,0.078968845,0.07212707030447423
0,0.12825438,0.16999021,0.14144357474781447
0,0.39879692,0.33308187,0.3256740259383639
0,0.10862382,0.08497346,0.11335754436529265
0,0.07256807,0.06650277,0.09673048351668956
0,0.112205155,0.11161761,0.09841889321635656
0,0.031641353,0.04047299,0.031965461794965615
0,0.15312532,0.19819953,0.28953295004543034
0,0.056885403,0.062087778,0.05064075004202656
0,0.073575154,0.08420274,0.082569651576107
0,0.0722435,0.06061831,0.055432427831883756
0,0.054165933,0.04051401,0.045646267473734896
0,0.16282736,0.17404926,0.14037611006964454
0,0.023779266,0.019910663,0.028392971837352676
0,0.046946492,0.048081145,0.04748440922038908
0,0.12565766,0.109823376,0.11167418974746474
0,0.08408464,0.08987094,0.07701461251827606
0,0.034449004,0.030695925,0.036327313787889906
0,0.18790299,0.18370445,0.19538249960801798
0,0.0431065,0.037045375,0.04908912460803901
0,0.05308201,0.040371228,0.03809506670473036
0,0.057575397,0.057608962,0.051631677137165155
0,0.058909573,0.04403583,0.03622391575201232
0,0.09420244,0.09479192,0.09602638532740677
0,0.05903153,0.06864671,0.06753154557033662
1,0.073081985,0.086413726,0.09716709567128497
0,0.07058978,0.061734933,0.08204431026860749
0,0.0851263,0.090213776,0.10108985566243474
0,0.041859973,0.034286883,0.054957268580060635
0,0.11791008,0.11101296,0.13937171898584658
0,0.121537276,0.17927027,0.0870783979446305
0,0.10010673,0.085480094,0.07215041311659913
0,0.09161104,0.09518517,0.10318058329714362
0,0.091564566,0.0853427,0.09187344878048034
0,0.04200874,0.0476247,0.054442163935626904
0,0.09045934,0.11272731,0.11655307992176704
0,0.14412875,0.21060246,0.11449712134411037
0,0.05887462,0.03558915,0.09189614822119523
0,0.1382197,0.12640622,0.10835953589160252
0,0.12406984,0.18080004,0.12790106094608342
0,0.13138147,0.104210705,0.12495063838560655
0,0.123686366,0.11269648,0.13012545768657935
0,0.0919601,0.08886897,0.06797051511528297
0,0.05417059,0.056490008,0.03963333482558246
1,0.07917262,0.06668776,0.07763570300813857
0,0.058976315,0.08359558,0.08960319091112445
0,0.05346166,0.05465678,0.040984911323140964
1,0.15122035,0.16506976,0.16679541085877989
0,0.04549482,0.05033957,0.03820025524022283
0,0.135154,0.12532715,0.12836846783471603
0,0.026780086,0.027471703,0.018877215710661616
0,0.0655706,0.06823904,0.0725024805349948
0,0.09848427,0.115593165,0.11279968481937114
0,0.034420237,0.023102922,0.03086064163261364
0,0.060376123,0.057390526,0.07751165333843262
0,0.17257531,0.16187902,0.15637554009436874
0,0.10178955,0.14534712,0.08654501075449089
0,0.08413527,0.10096113,0.0714269740286453
0,0.09245322,0.08337947,0.10754829130515241
0,0.080724284,0.06396916,0.10486956928602412
0,0.022210952,0.021494593,0.02084582382280635
0,0.061307155,0.049110197,0.06084977669862379
1,0.19699098,0.21013665,0.2561029992490667
0,0.1685836,0.08291389,0.20342465534778698
0,0.094926715,0.09324833,0.1212680429781115
0,0.13651767,0.17060623,0.17788160471505907
0,0.08181069,0.09929232,0.07409719348844976
0,0.044618297,0.03914586,0.03831178311519419
0,0.03166142,0.028452197,0.036652809590625515
0,0.20679545,0.16881402,0.22507222571248853
0,0.04959128,0.06480948,0.038421333119254546
0,0.0591804,0.056354422,0.03643078961496129
0,0.08357055,0.103528515,0.09960184685353296
0,0.06082136,0.059751857,0.08782992284332643
0,0.033244703,0.036542397,0.03919862554254037
0,0.083088696,0.07648519,0.0660370752774204
0,0.10662474,0.10436111,0.09237387354068928
0,0.07533695,0.06464926,0.07820362542300292
0,0.10112958,0.11058964,0.11089733685854639
0,0.16322625,0.14628966,0.16739074676402407
0,0.07194612,0.07350666,0.06556625315733595
0,0.03777356,0.038428415,0.0364686986050634
0,0.09295501,0.095810965,0.11926904696223706
1,0.24929102,0.18653047,0.1892937141783717
0,0.04737708,0.03831168,0.05779654265604933
0,0.104914315,0.119597435,0.1093628096941088
0,0.10800536,0.11074346,0.11952549148853689
0,0.044871673,0.044687454,0.037800386930178634
0,0.21777216,0.20203543,0.20704224677977348
1,0.07822126,0.08350617,0.09125859408601905
0,0.17518008,0.20519786,0.19076435653519497
0,0.10890016,0.11309376,0.0796407273116249
0,0.08487625,0.09468435,0.10976212778478028
0,0.035788294,0.036159612,0.0288062934359016
0,0.21362035,0.27831233,0.2455130620052051
0,0.06408378,0.055530243,0.06376300389288063
0,0.08409315,0.06277003,0.13253254965424338
1,0.082578324,0.0879243,0.07050193372989551
0,0.10728165,0.13422687,0.10932583908941926
0,0.10268141,0.09771187,0.09938395793976822
0,0.1190109,0.13356079,0.21464210088265534
0,0.113752596,0.12475357,0.12382091096368111
0,0.21323042,0.24560666,0.2619042517530714
0,0.062452085,0.0781656,0.09796372949039088
0,0.068930924,0.08536969,0.11536547606652632
0,0.088925704,0.092132,0.0769686664882426
0,0.21014185,0.18720198,0.15906929697777827
0,0.12537423,0.094744876,0.11475000949114138
1,0.104917675,0.09073287,0.09630830812600685
1,0.19520311,0.18638298,0.1939141837785174
0,0.11238723,0.15280691,0.14402117229527758
0,0.08182045,0.074896604,0.07093671245655546
0,0.42998904,0.3194791,0.24066623018887584
1,0.09621237,0.06856048,0.11785715089361953
0,0.105983384,0.10322951,0.12977898985214908
0,0.10312199,0.11608265,0.10571405805253833
0,0.05515706,0.043553323,0.06359929396567077
0,0.084128544,0.094992265,0.08655175715231933
0,0.06573704,0.047053486,0.0660805643728683
0,0.078150585,0.07793142,0.08918106295669107
1,0.1175701,0.0811694,0.12436438110979678
0,0.1050332,0.11127281,0.1380479412850674
0,0.12908396,0.09736917,0.11989333695140747
0,0.20100793,0.22745635,0.24371928686450875
0,0.055132624,0.050555732,0.048158964007842926
0,0.097657174,0.112393625,0.09659446942459435
0,0.06881842,0.061906777,0.06827945720592807
0,0.17869152,0.15239841,0.1624610095958898
1,0.17670402,0.1942679,0.2472836532206184
0,0.1508693,0.18033592,0.08028466814930181
0,0.03732208,0.045834575,0.056563664739988674
0,0.062120564,0.07435958,0.06865417921366292
0,0.14436121,0.17095993,0.17123629137939636
0,0.09152771,0.108027615,0.0746842989816586
1,0.121375814,0.12823227,0.12391241112790187
0,0.06366094,0.08548451,0.0908561111449758
0,0.1971865,0.17699035,0.16959662512001605
0,0.054505304,0.05354994,0.029552762885667175
0,0.08239373,0.10081595,0.07271851760487336
0,0.12966116,0.13380022,0.07967824994404131
0,0.030175155,0.027519034,0.026940745725542795
0,0.3167916,0.34460777,0.24465127844815965
0,0.04879327,0.050413433,0.06198335172678406
0,0.100625806,0.09199127,0.09692916669682448
0,0.059390415,0.04223073,0.06837913589085445
0,0.04341035,0.041934643,0.041448638776674665
1,0.096376896,0.08006472,0.09193941587792627
0,0.16324948,0.18261065,0.14141755285258037
0,0.10273194,0.093732566,0.11381699246577874
0,0.21044606,0.20957568,0.2011527685671332
0,0.26414213,0.36113644,0.24762290689972125
0,0.31799042,0.2061158,0.20754733345578344
0,0.029826859,0.04042073,0.02877074512169932
0,0.14047205,0.13173176,0.12171431670480447
1,0.30370688,0.2585135,0.2011915121247967
0,0.15578708,0.17887028,0.16017730405344258
0,0.041610684,0.038982913,0.05143443411030622
0,0.10952939,0.105684005,0.09448751099161314
0,0.11826534,0.109209225,0.11685192163228135
0,0.0650016,0.07643412,0.06304836363920199
1,0.08333681,0.05996335,0.054803613407649686
0,0.0754482,0.05885578,0.08626276189062929
0,0.1501238,0.16556218,0.13411629133066577
0,0.15187815,0.12359695,0.17067739071387744
0,0.06771152,0.084827594,0.06196280894925419
1,0.105668195,0.08899801,0.11676305601881366
0,0.32729962,0.42974797,0.3046101422512743
0,0.040950544,0.03279256,0.023670407053803307
0,0.056577694,0.05575738,0.08966328368674116
0,0.12303161,0.13571852,0.1556142043436273
0,0.0957214,0.056743458,0.07778004546938276
0,0.07895926,0.07253349,0.074599192685293
1,0.085178986,0.088724345,0.09444440523524639
0,0.18089283,0.1870089,0.1668156851333337
0,0.12758137,0.13410415,0.11857105121924634
0,0.09924196,0.095034786,0.10919827485902975
0,0.068138435,0.06658587,0.07341771466444734
1,0.0448715,0.05496178,0.04120928932168541
0,0.09215827,0.09631867,0.08331090223435059
1,0.23080634,0.21968342,0.2195624905443652
0,0.22700138,0.21974549,0.16422862790974166
0,0.06337254,0.069191456,0.05585916938267804
0,0.06481717,0.07538396,0.06707877955847456
0,0.051293984,0.046927955,0.05370682906793965
0,0.11761296,0.12799554,0.10072523361396245
0,0.07057345,0.08007285,0.10876885737902092
0,0.08781842,0.07032145,0.105797839072147
0,0.06365166,0.062369514,0.0895275064651863
0,0.14789814,0.11534125,0.09956527421443355
0,0.13149855,0.15159494,0.160114337282961
0,0.10404821,0.09704501,0.09937690391557746
0,0.030714689,0.02980362,0.03328647075572945
0,0.13025582,0.08515692,0.12053141147123829
0,0.045091584,0.04178452,0.038171564081120726
0,0.027250856,0.022733886,0.023739187294794673
0,0.05965134,0.06501379,0.04671660743194154
1,0.16998285,0.1978387,0.22752441189218325
0,0.05522264,0.048946913,0.03501812666581595
0,0.06269347,0.061097324,0.06186901490062874
0,0.06836136,0.0559526,0.0626524148163433
0,0.054509163,0.051913228,0.04964538853517334
0,0.14836514,0.13864979,0.1987376843352109
0,0.06745558,0.067689784,0.06373359895042505
0,0.39277643,0.46529645,0.35217116012388755
0,0.09400685,0.12780836,0.14325198750546533
0,0.24855335,0.2422537,0.13557057192211516
0,0.02663269,0.02803686,0.04612645417652359
0,0.1156522,0.09490802,0.09467884591717435
1,0.07138651,0.060600385,0.06123349754657443
1,0.09875026,0.12844065,0.06610427934825214
0,0.19450337,0.25167936,0.30599652780683895
1,0.16622658,0.15506634,0.17742272239865034
0,0.10435129,0.10081608,0.08822648939758468
0,0.09505599,0.08955461,0.07891490937461972
0,0.077252895,0.0955803,0.09136531580288294
1,0.1529371,0.14777686,0.14642053021792364
0,0.15731403,0.13071793,0.14217904203003703
0,0.08277958,0.07806421,0.05841985871228188
0,0.070726566,0.08125539,0.08636983425942159
0,0.06027544,0.06694132,0.0627171681095401
0,0.076055154,0.086264014,0.11308754236250575
0,0.0431071,0.04645351,0.032605053015563754
0,0.17628011,0.13931891,0.13202309614390384
0,0.0781804,0.08651704,0.08517372192813533
0,0.24351096,0.3113873,0.2641852996038705
0,0.14954267,0.17634615,0.15497151134757273
0,0.059308518,0.053062554,0.03931207076168441
0,0.030143697,0.026637351,0.04036327308729785
0,0.04830866,0.040900692,0.04620195659967052
0,0.109133095,0.11377696,0.08720569415373976
0,0.12058992,0.09100476,0.10633251391780288
0,0.08450256,0.08020699,0.10014795332599136
1,0.09376768,0.095801316,0.08611063400010516
0,0.13448752,0.092308566,0.06930492381605534
0,0.10472387,0.116857655,0.10013148333525473
0,0.082507625,0.073740385,0.10062412092715796
1,0.19818945,0.18198092,0.36481457325745625
0,0.071318895,0.049892932,0.061160021041184294
0,0.047104046,0.04333868,0.033884805854977516
0,0.062384196,0.08631879,0.07941808672509748
0,0.18266116,0.24245238,0.23107872826867734
1,0.05351037,0.052892603,0.05489055623741962
0,0.31060085,0.3285283,0.2376567683833356
0,0.09566309,0.0965838,0.12491223193414461
0,0.08751501,0.09085495,0.05828581983208262
0,0.09160864,0.07885229,0.09136472909927722
0,0.07413453,0.05724126,0.08493754286860816
0,0.039927453,0.059586234,0.0658383468476407
0,0.17111756,0.2039803,0.2490893758655546
0,0.12843199,0.13588814,0.13425212781924362
1,0.13328537,0.116923116,0.10925620674011435
0,0.101834096,0.11926316,0.1252552949757244
0,0.041747008,0.03720912,0.04969920742215484
0,0.20013165,0.23666435,0.20911898429474432
0,0.061029073,0.06405185,0.04063147771923635
0,0.09534712,0.08767222,0.07882296313242233
0,0.073300175,0.059241958,0.07574842595877075
0,0.22142561,0.3243382,0.20579919521724996
0,0.052756395,0.063030526,0.06619451304602154
0,0.028834425,0.033394743,0.029654698067277573
0,0.07352916,0.06855746,0.057775435427753444
1,0.1507563,0.143582,0.1310563190808273
0,0.102566704,0.10711202,0.07738130929999362
0,0.14525588,0.1166086,0.11595318826829884
0,0.08150259,0.064874,0.07249121460157025
0,0.11254646,0.08668727,0.07973833474153783
0,0.09400488,0.08931356,0.06654031936956696
0,0.10659178,0.079995856,0.09950081987312616
0,0.07754567,0.077862695,0.07182416792723496
0,0.034575965,0.03121852,0.02687983069238831
0,0.04012827,0.037920356,0.05396062660669329
0,0.08900027,0.104900286,0.09611018536048632
0,0.16529064,0.16477206,0.15705654831725016
0,0.0858106,0.07239304,0.11036832969984138
0,0.15435103,0.20027515,0.17789937941265993
0,0.109801985,0.11852476,0.09901086622597063
0,0.12297418,0.09388973,0.068366087357265
0,0.12175707,0.15588707,0.1128391944940381
0,0.19246857,0.14488114,0.2212794975655922
0,0.14984724,0.095945984,0.12207640068059109
0,0.048626486,0.054754376,0.09442200434237573
0,0.10176863,0.1428706,0.09865698644604709
0,0.042334456,0.05233264,0.05329153825492613
0,0.10276408,0.09225535,0.09103873123048008
0,0.074927,0.08223904,0.06807363858056338
0,0.02365131,0.021839917,0.026502783159289604
0,0.07418768,0.06804358,0.07868930082168273
0,0.06665401,0.07701603,0.035370341074935356
0,0.058769487,0.05970814,0.053587203150118695
0,0.081290625,0.09697448,0.05666728477904829
0,0.07259413,0.06874706,0.04522267514368349
0,0.04687048,0.037191477,0.047928062464514996
0,0.17823313,0.15404063,0.19393818451379854
0,0.06777491,0.09051162,0.054495854654751964
0,0.08554012,0.077739,0.06751770784180736
0,0.06852014,0.06212972,0.09015460802395399
0,0.10815668,0.09270998,0.09648002435948927
0,0.06959553,0.06863671,0.044673108912636324
1,0.41102043,0.2368471,0.2549194962742719
0,0.18026987,0.20837732,0.21611185959868606
0,0.08349661,0.11481701,0.05458087294741019
0,0.23374076,0.23583098,0.20232655297863653
0,0.040304963,0.042330977,0.030230574503118193
0,0.08139772,0.09075885,0.05658694842747905
0,0.13886707,0.11465561,0.12720521699435244
0,0.03598448,0.05781179,0.04320490967865705
0,0.09347962,0.07960465,0.08161064949887138
0,0.1763249,0.20582215,0.1564715680237584
0,0.048670687,0.042454403,0.0343044086070207
0,0.043638356,0.04246965,0.05011425015438965
0,0.09520231,0.08561027,0.097619900176564
0,0.09539038,0.09137864,0.11944645250177173
1,0.112123586,0.1051467,0.16329197845850574
0,0.053106453,0.058091126,0.05450964450649985
0,0.07357444,0.057808768,0.040302145596657214
1,0.08149824,0.06714707,0.07782246429611679
0,0.07365019,0.08426131,0.08320701657907395
0,0.09825659,0.0793643,0.08623945850025193
0,0.05877121,0.049584653,0.07599834901312581
1,0.113799736,0.1333052,0.12273588552066332
0,0.045539413,0.048229963,0.04738369764264231
0,0.07326047,0.043934498,0.055176580505752526
0,0.14166643,0.110548444,0.1022932678187904
0,0.043844737,0.036309373,0.05196920181770049
0,0.09225227,0.076335266,0.12425493692446607
0,0.06186168,0.05791229,0.06331956789439155
1,0.06858282,0.0630217,0.07515620958512884
0,0.068091005,0.07851184,0.07097557551699893
0,0.21042699,0.18175125,0.2635046812534802
0,0.110790424,0.12115085,0.09021273393086528
0,0.086873494,0.07792554,0.08620517568080442
0,0.08548123,0.093870096,0.07408357510677682
0,0.07998114,0.083621904,0.05877940697139986
0,0.15741499,0.17526731,0.16523992313723673
0,0.121391624,0.11600646,0.10467449501493849
1,0.07590874,0.06543491,0.08688381932487946
0,0.09401322,0.1046009,0.07002659908186158
0,0.041121922,0.037935693,0.03460141650063148
0,0.086875364,0.080734916,0.07959204502622853
0,0.2710614,0.21842872,0.19531998513483873
0,0.09570609,0.06014757,0.09904407467632761
0,0.08528045,0.06553467,0.05792680806551539
0,0.09729698,0.08955085,0.08116896120486738
1,0.07657309,0.084875226,0.05277306525104898
0,0.03187754,0.019966165,0.02288489919732784
0,0.04993453,0.04348261,0.03222140192436672
0,0.11851603,0.08781317,0.15301785093176215
0,0.07110294,0.056941196,0.05896050516086629
0,0.11006836,0.11784695,0.11889823882730846
0,0.07314644,0.092268564,0.08361381319858205
0,0.07215353,0.078848034,0.09136808742939113
0,0.050829194,0.054858763,0.04834182267485183
0,0.11681848,0.11198962,0.15173991520974187
0,0.03548492,0.032687023,0.04407751867122485
0,0.074809544,0.08044686,0.10878885091443541
0,0.048104826,0.038528197,0.04642335721628249
0,0.046008687,0.041623656,0.05206541171548354
0,0.0893447,0.07327488,0.06951291670459797
0,0.060361773,0.049027286,0.06587886507490257
0,0.0685022,0.07634347,0.0739944827895206
0,0.068769604,0.060459983,0.04311461074290624
0,0.09042259,0.08992686,0.057587170394110626
0,0.25226128,0.27320513,0.24957818954823904
0,0.056857303,0.0539843,0.06035455845816054
0,0.05474412,0.05961519,0.03720400837663019
0,0.052799206,0.059787303,0.053417611948293045
0,0.08606877,0.09624884,0.08569274868738147
0,0.2354588,0.16245878,0.21013353191664777
1,0.15583928,0.1510694,0.1200570230062911
0,0.0826525,0.09134054,0.06765411897042091
0,0.08334455,0.07222568,0.06764608307005798
0,0.07126912,0.091353536,0.0978440007938267
0,0.0727945,0.05648997,0.08047689761937009
0,0.04773117,0.04762812,0.04304418357049887
0,0.045198213,0.04450067,0.04038414392096958
0,0.12799555,0.17068148,0.1823883013644817
0,0.07666955,0.059465483,0.054521136826573
1,0.055008635,0.045467515,0.04088692489148453
0,0.09793424,0.07926031,0.13576278586345616
0,0.04576792,0.042917214,0.04434834591448226
0,0.20149633,0.2684122,0.20806918311266837
0,0.047076624,0.046105772,0.059424842398310626
0,0.050532874,0.05395222,0.05411113403260981
0,0.09295791,0.074783154,0.0842778882686996
0,0.149528,0.13593833,0.11629579828919315
0,0.08141268,0.106522515,0.07786906236774005
0,0.07707339,0.09680464,0.07397691630241629
0,0.088810876,0.091099985,0.0909075315772573
1,0.060603075,0.05923035,0.08653915495790872
0,0.14066899,0.13508673,0.1289294347887804
1,0.14177065,0.13587621,0.1348762394267075
0,0.07572488,0.08476753,0.07222854297893666
0,0.18783224,0.17819884,0.1583145697997918
0,0.04854474,0.046723675,0.034894544476455784
0,0.08724484,0.09046031,0.1164435586397008
0,0.105695345,0.13379256,0.14335353285199914
0,0.029952407,0.035876434,0.037126816152270356
0,0.16969259,0.12414243,0.11461215469762105
0,0.035512283,0.030641714,0.0563700150732629
0,0.101549074,0.0822861,0.08790910318050361
0,0.056020707,0.04055377,0.056376365716703354
0,0.12568356,0.13607305,0.13729433900300894
0,0.07000071,0.08690226,0.06495020369373962
0,0.083874136,0.08918835,0.08952648832093
0,0.07839527,0.07149262,0.067462734536557
0,0.12330201,0.105002925,0.09410963256338192
0,0.107962504,0.11117105,0.15486136971884154
0,0.12043911,0.14804478,0.1342854552435457
0,0.06966384,0.07595458,0.07094493526825285
0,0.109373994,0.10921799,0.06241677589895882
0,0.05740318,0.049560323,0.035618350650866014
0,0.07057372,0.06587457,0.08100502735065017
0,0.079964474,0.08337023,0.06392091024959734
0,0.08598524,0.08183207,0.0963643100878977
0,0.0712122,0.076093696,0.0808814728220311
1,0.23508169,0.21573111,0.17641146681252495
0,0.084895834,0.05591712,0.09459608488454074
0,0.095246874,0.104505435,0.10428859182186717
0,0.10198363,0.12268194,0.14951167284304692
0,0.0811578,0.10010002,0.11932111029004668
0,0.11971691,0.07192143,0.12348813783990957
0,0.09854381,0.10710798,0.08174081229767567
0,0.06873227,0.037808474,0.07066611934457735
0,0.12537156,0.14022201,0.174323798880904
0,0.08899149,0.08932696,0.08816922583529471
0,0.03700871,0.03622522,0.048023593698983805
0,0.0354554,0.04183695,0.10613798648895037
0,0.10368316,0.10121442,0.08294170773955144
0,0.11828749,0.10709717,0.10281799295484402
0,0.05534872,0.059328638,0.042323766463986494
0,0.13154091,0.14420202,0.10523772550438008
0,0.03957621,0.038951546,0.039787353265375344
0,0.1434329,0.22525287,0.12563268863752763
0,0.13170207,0.16088232,0.1054175399420501
0,0.10822208,0.0807239,0.11805608134398664
0,0.22630431,0.17689791,0.1541259160841229
0,0.106352106,0.1202792,0.12695952503906502
0,0.14441508,0.14526625,0.1820407303755201
1,0.15184979,0.16926661,0.16535611257320676
1,0.14881316,0.16848153,0.160336793643059
0,0.054234527,0.062056817,0.04737248132422126
0,0.100730516,0.09210154,0.10801147294211591
0,0.076432146,0.08302332,0.08205247040750031
0,0.07377924,0.07145192,0.05979673981285305
0,0.052608162,0.04936419,0.043393290458517184
1,0.06590704,0.06220471,0.04500758903023713
0,0.085163236,0.11106734,0.06415687902090525
0,0.09019548,0.0898976,0.06902829298330598
0,0.07878886,0.08931277,0.08847849525508472
0,0.08711503,0.074391425,0.0962351144138008
1,0.09349267,0.07660303,0.10099114138962681
0,0.123383194,0.102175854,0.10878694350595663
0,0.04017766,0.04355763,0.03941547564582704
0,0.09279329,0.09907807,0.11903995915125146
0,0.1133352,0.12563233,0.12620023941998176
1,0.1311613,0.15721361,0.23689438379651057
0,0.055604022,0.05473418,0.0431577993278255
0,0.110582255,0.11929111,0.10900873041518243
1,0.083998,0.09433339,0.09509867368350546
0,0.10859818,0.10298103,0.09970216722210688
0,0.089068785,0.0840161,0.0966316721212464
0,0.05641065,0.06335675,0.0420502551358606
0,0.10515287,0.08726045,0.09052403884627919
0,0.06671082,0.06696486,0.10249970507190821
0,0.21330738,0.21959275,0.17732950608908973
1,0.12553503,0.10314154,0.10005295197102984
1,0.15455449,0.12563142,0.14527088897063198
0,0.16959246,0.19065355,0.17425932331004926
0,0.11819015,0.12470948,0.13039750803985078
0,0.04533228,0.05098824,0.045850609301393924
0,0.09933304,0.09116434,0.10175941021754911
0,0.07089522,0.07848201,0.08594055980241837
1,0.13125238,0.15244728,0.181762795559351
0,0.051388063,0.048802886,0.08816087327192201
0,0.12891263,0.12506582,0.1240258813532243
0,0.11351854,0.09175513,0.0757444826670693
0,0.073557004,0.079108395,0.061110565074153494
0,0.09083203,0.09827338,0.1198056363929558
0,0.06834847,0.07981808,0.06908010291830502
0,0.025805851,0.02929215,0.030413334947585635
0,0.06664933,0.05229392,0.05371759716390531
0,0.11594244,0.13199545,0.11666812965601082
0,0.07181618,0.07849408,0.0761505697045719
0,0.10127069,0.15025695,0.11102440339198187
0,0.08133707,0.09397558,0.0715209980528343
0,0.05402525,0.0570198,0.04077166245275954
0,0.06407185,0.07991338,0.047249867484441904
0,0.039277136,0.03521674,0.028085028200327725
0,0.079951316,0.067112364,0.08376940063572107
0,0.11509463,0.117386624,0.08325218902734156
0,0.08669682,0.09058375,0.08166245355327369
0,0.14860475,0.1649871,0.131703494455799
0,0.045414567,0.04585919,0.043078668754768366
1,0.046477202,0.05779455,0.0524382712943206
0,0.16079864,0.13385415,0.11853665770849312
0,0.07886755,0.07213202,0.06372390315344928
0,0.07558447,0.113164656,0.15052514414149146
0,0.053563274,0.074279815,0.07204529285225729
0,0.12568349,0.13451855,0.12664835181209014
0,0.09328671,0.07597546,0.057626664302216024
0,0.10723339,0.1450115,0.12582705949600542
0,0.048247203,0.045280024,0.05702424909190695
0,0.22431141,0.19403864,0.16556275493495323
0,0.081019856,0.10519581,0.08584300619890502
0,0.091484815,0.09828983,0.11078090777698538
0,0.06779314,0.073776096,0.07589420356256288
0,0.14674002,0.1468694,0.13468312544532832
0,0.23468404,0.31589332,0.23824946352748386
0,0.08074097,0.06986226,0.087297451655978
0,0.08062337,0.061870176,0.06848726364600256
0,0.06629797,0.059195068,0.04494354742659333
0,0.047033392,0.045994192,0.04492874355791765
1,0.184076,0.25180694,0.18787200200728935
0,0.14828259,0.13312206,0.10070734462821272
0,0.12696603,0.08931034,0.10982309545859523
0,0.14489035,0.15503332,0.14885075619927254
0,0.09015432,0.09552944,0.11705724618610355
0,0.08777036,0.06932588,0.0880406964842916
0,0.18659543,0.15917528,0.14482607485951227
0,0.28946653,0.2846219,0.26931688444100904
0,0.10878651,0.103866,0.13528243845604737
1,0.085371375,0.08638267,0.056163218813510656
0,0.08895052,0.087004095,0.08462323058078454
0,0.10141545,0.09202951,0.08537503030165437
0,0.067498714,0.07985259,0.06036344835403438
0,0.14973246,0.092245035,0.20737739593574595
0,0.054187536,0.070651576,0.0741875107731026
0,0.05683196,0.06041566,0.043042825818235486
0,0.0649821,0.0908002,0.12175172747412204
0,0.13374437,0.12823258,0.15197248357629545
0,0.18130887,0.15214536,0.14258651225642624
0,0.20978905,0.22280514,0.19430918040682107
0,0.18634371,0.15252033,0.18401793826186996
1,0.11128079,0.09355395,0.07980020939671136
0,0.07587239,0.11055726,0.07237538305491424
0,0.055379562,0.061311204,0.06170007742668658
1,0.13711134,0.13948074,0.10903755274032155
0,0.029830987,0.027918136,0.03443299028282498
1,0.07939947,0.06939408,0.06735980443652353
0,0.12145519,0.103692114,0.1054783680798174
0,0.11297579,0.11341117,0.10730936008094188
1,0.09631207,0.115973495,0.14514420737355196
1,0.12840942,0.12814175,0.14968176163959554
0,0.034534574,0.04061491,0.027432858707066417
0,0.03545718,0.025490081,0.03436530753062407
0,0.14266233,0.15631476,0.12292933846012306
0,0.05734589,0.08331372,0.1022336735159066
0,0.045974053,0.07784236,0.06741632802915808
0,0.13016489,0.15222697,0.11259839700643583
0,0.07141695,0.08467951,0.09035324199447818
0,0.11301008,0.10876183,0.13791650217755308
0,0.05340739,0.057458214,0.06520463457268845
0,0.18498017,0.19661808,0.1530488519961208
0,0.16818689,0.18104936,0.1428211054299879
0,0.12401605,0.091625154,0.08791059966663399
0,0.10784817,0.108389154,0.1297756139472619
0,0.040634803,0.036872555,0.0431058963264454
0,0.14134033,0.15517966,0.14513584287284614
0,0.054647528,0.048168026,0.039382470246679166
1,0.23166177,0.24155144,0.18270162626386854
0,0.06992475,0.08496028,0.06771441186844762
1,0.047143284,0.06849706,0.0730915373268849
0,0.111608006,0.13468492,0.15307815059934027
0,0.07198822,0.07230762,0.06552088615837713
0,0.04440929,0.036001455,0.0331595683386739
1,0.2580531,0.28537506,0.21878771991889567
0,0.051568884,0.04709772,0.06636765886764802
0,0.051878504,0.044191647,0.07061438056263712
0,0.09484186,0.10501224,0.057951372682555485
0,0.08593533,0.10612016,0.0898925824155513
0,0.13804708,0.13751839,0.12037811214832736
0,0.1548596,0.1398882,0.11722282080809682
0,0.23564705,0.21632072,0.2437722613197006
0,0.13517493,0.1273066,0.1278669556971312
0,0.19375075,0.23376642,0.19301220449411186
0,0.10673619,0.10459108,0.09857349819334259
1,0.075106286,0.07503298,0.05124001014094758
1,0.119328305,0.08214773,0.17332004446929067
0,0.029352715,0.033323076,0.048366487188220696
0,0.17784122,0.23169975,0.24311970704118074
0,0.098059565,0.09409975,0.08049996175442098
0,0.062299777,0.06330643,0.039448893003131535
0,0.037135832,0.037313174,0.059602795269574106
0,0.16251107,0.15635078,0.15280439892950992
0,0.08531345,0.07676317,0.055651201167612345
0,0.21095383,0.15886016,0.187663442990728
0,0.18269852,0.24644028,0.1528724820914665
0,0.099762924,0.11223823,0.09460357858288446
0,0.073032886,0.07339186,0.07073477527519689
0,0.09984278,0.10351077,0.07859253315999187
1,0.113506906,0.10201416,0.08800941197988787
1,0.17963856,0.1495352,0.21057612164538958
0,0.17238222,0.21506864,0.16590109665846034
0,0.06927045,0.07288995,0.045689022016654694
0,0.053994283,0.0376507,0.07151480812714232
0,0.1906026,0.15108904,0.17509761750526365
0,0.120329246,0.14328584,0.08826324361560767
0,0.12847324,0.1106622,0.14962111233183328
0,0.11306526,0.09386941,0.0901952525131659
1,0.08843685,0.11100881,0.08289942875538937
1,0.16677542,0.18137297,0.12699796971864996
0,0.049745705,0.04171229,0.06423044234607268
1,0.23987035,0.28630146,0.22201067985647172
0,0.13635765,0.114259176,0.13502761837707675
0,0.10108173,0.09436232,0.07312939344585338
0,0.15792388,0.16419904,0.16656265870331347
0,0.07953674,0.06455745,0.09352980238213977
1,0.28402516,0.25788987,0.24610809798727967
0,0.051645946,0.04445871,0.07054268794447277
0,0.04645711,0.041773528,0.03856825345987321
0,0.08866705,0.084051564,0.04471960625484989
0,0.049062222,0.048506677,0.027238518291021876
0,0.08521937,0.08864258,0.11089534161144823
0,0.061930954,0.045380812,0.0816510033767478
0,0.038169738,0.029589156,0.03422510629599587
0,0.085438766,0.08203952,0.07071063510719423
0,0.11342042,0.10800888,0.10793612183059385
1,0.19391045,0.1566058,0.16760337632758937
1,0.10840231,0.10817911,0.0819267698566294
0,0.20589398,0.21557362,0.1580018807256229
0,0.0431257,0.053173512,0.0287518511658903
0,0.19574459,0.15257551,0.15586589180210783
0,0.07237428,0.066447265,0.07013684077981146
0,0.092570335,0.08468967,0.09936951253930326
0,0.113053575,0.11626571,0.11477530770859014
0,0.07367576,0.07137636,0.062489664090195275
0,0.15393043,0.13865939,0.13190187940828646
0,0.10450122,0.10394328,0.14248674671295877
0,0.028528225,0.041721556,0.044428671939413605
0,0.24617659,0.29570997,0.16781827634701252
0,0.16576022,0.22363628,0.1790010235598617
0,0.03258782,0.03817608,0.0332386905593934
0,0.07173403,0.078526385,0.06687603512991347
0,0.076148875,0.09139933,0.08878755774234762
0,0.08130068,0.06008851,0.0642047744664026
0,0.10471605,0.106235765,0.11642822293665397
0,0.105760485,0.12247863,0.09825182160973614
0,0.09866771,0.13248837,0.12007023120543303
0,0.106814,0.0990252,0.1156499910315196
0,0.05833451,0.057600122,0.052569149101190434
0,0.08249333,0.08429548,0.10618282590079803
0,0.08020134,0.0879175,0.11336155805008813
0,0.06451366,0.0601248,0.06330568363187929
0,0.08686471,0.083299965,0.07062218844826218
1,0.122137606,0.13338411,0.11568681982606276
0,0.099663295,0.10217524,0.08173847425113777
0,0.089354716,0.072653815,0.07527562198043453
0,0.1193602,0.10706193,0.09114371223157328
0,0.087047584,0.086344294,0.09129686762720476
0,0.108117074,0.09745937,0.08747470131597254
0,0.056925498,0.06013113,0.06013935372425804
0,0.15207747,0.16292156,0.17825804745279536
0,0.20125338,0.24179566,0.19856023430036984
0,0.08139964,0.08356638,0.10009235040155884
0,0.121654004,0.1293427,0.13651815040470178
0,0.049896494,0.05788364,0.07029510233588462
0,0.061845377,0.05564081,0.15053191617652456
0,0.08570041,0.09762883,0.09306976177438574
0,0.056816623,0.06506144,0.06069508742556624
0,0.04858041,0.044629935,0.04092741400407455
0,0.07490004,0.09154008,0.04477749180114105
0,0.098055616,0.08963657,0.07729181727077412
0,0.076898225,0.10396407,0.10424445046983977
0,0.06820091,0.05458857,0.15348866432520142
1,0.12218908,0.11210346,0.10935002941404244
0,0.19167532,0.16070181,0.15999719815536062
0,0.054139305,0.062084652,0.04965044756402959
1,0.08403621,0.08083231,0.1015065364614335
0,0.16348322,0.20387702,0.14860295027645462
0,0.29043537,0.25160995,0.2859850378623468
1,0.18153416,0.10604919,0.1995229589746028
0,0.15230423,0.19848147,0.18099475415157587
0,0.18146145,0.14941935,0.1384845651005762
0,0.10938767,0.13681658,0.10719726749339424
0,0.053816296,0.058651626,0.07575273569655053
0,0.07389244,0.08157924,0.10921523001620974
0,0.046147093,0.036547568,0.05320195368126706
0,0.04653791,0.05163776,0.04046803890595827
0,0.05497361,0.051013496,0.03779583146772012
0,0.06566202,0.061817843,0.06009771889378268
0,0.11763732,0.12007975,0.15618312375504248
0,0.027287044,0.022424119,0.030161647679616127
0,0.020125069,0.02377606,0.023819874350461793
0,0.16789767,0.14246184,0.20321781664188868
0,0.14268178,0.17612965,0.15410069996673115
0,0.0704355,0.06262548,0.06575813514784717
0,0.249475,0.29052413,0.2533454437067734
0,0.049518045,0.04366047,0.042983097908157256
1,0.042857867,0.044762265,0.056582379681321036
0,0.1255247,0.088936,0.14306258858167395
0,0.054295756,0.05349827,0.07612303295443631
0,0.09191516,0.096763514,0.05611306194657107
0,0.17170237,0.17103784,0.16142301918844734
0,0.16312905,0.16043545,0.14082268353478064
0,0.09112344,0.077919565,0.09018314078938626
0,0.03675231,0.03270248,0.034248258391214814
0,0.07847025,0.10318628,0.08049544782452443
1,0.08434288,0.095696844,0.10960051572219755
0,0.083655275,0.069451906,0.0787559906865587
0,0.08946462,0.080274686,0.09677442132463736
0,0.07215864,0.08184497,0.04843487343369071
0,0.17059444,0.15161441,0.15929297799772008
0,0.1264491,0.13659333,0.148220245748579
0,0.055938046,0.0731567,0.13980743306102034
0,0.06934709,0.07635959,0.05992366465797616
0,0.053338487,0.045581672,0.09277953536975792
0,0.06937794,0.056975607,0.06523255851023847
0,0.16711976,0.10144418,0.1601466286431136
0,0.15374199,0.13809365,0.1400422573902054
1,0.13355091,0.14322023,0.14402820761195542
0,0.120292224,0.115251765,0.10272187895243369
0,0.080331095,0.070365556,0.08903586697629687
0,0.04702806,0.04641689,0.03518609211545467
0,0.0551762,0.04801691,0.061578909961393376
0,0.31100506,0.35877928,0.19976819183319558
0,0.10242113,0.10350597,0.0915899995924527
0,0.118123,0.14284638,0.16485090758102994
0,0.114015944,0.09952646,0.1374879615693513
0,0.08492885,0.0825568,0.0668564278050971
0,0.15740597,0.17445022,0.17411275808006185
0,0.2333849,0.20728597,0.2299287906503633
0,0.21528912,0.2750566,0.34578804440961397
0,0.065452054,0.0776957,0.056496214662772055
0,0.11103514,0.07775928,0.09340263032480327
0,0.094822995,0.07834593,0.09571127767248631
1,0.07115638,0.05635551,0.05521651362781544
0,0.07821925,0.09014345,0.08629866766590753
0,0.074599534,0.09364993,0.10002735192638765
0,0.05972262,0.08630576,0.07286594877944745
0,0.0369472,0.03382375,0.04010780982102476
0,0.11064504,0.11415997,0.09437541742818295
0,0.16095382,0.16327506,0.17040051138122467
0,0.060328517,0.041513413,0.0841804293044966
0,0.063315235,0.05740637,0.05652090742936317
0,0.13097407,0.15505548,0.11135164640074617
0,0.09944307,0.105974756,0.10509255799929013
1,0.19829307,0.18874194,0.25037783504481204
0,0.10934313,0.11019623,0.1250466088097063
0,0.10317637,0.11706181,0.12472369996200955
0,0.06581619,0.05135546,0.06747013167490255
0,0.13411725,0.1428311,0.107241535220925
0,0.04795104,0.052808814,0.052210213318214904
0,0.15285188,0.15381601,0.14530617793105774
0,0.06463495,0.06464659,0.062148319733881165
0,0.073511444,0.07986055,0.11024550637712405
0,0.083115906,0.08147412,0.0838515689927218
1,0.10956398,0.12954724,0.1539714269541788
0,0.15262972,0.16384807,0.16779325590397282
0,0.024286164,0.02269563,0.015824134162302807
0,0.17665806,0.16810234,0.22055493420875927
0,0.12729037,0.15886132,0.12447303362802219
1,0.060056217,0.06193573,0.07930536916800002
0,0.08666754,0.10753688,0.0896414599611872
0,0.085357845,0.080651864,0.09187085841929533
0,0.052040953,0.06276625,0.05824510299041873
1,0.054757733,0.054728247,0.045183414705546356
1,0.051650908,0.061986294,0.06837636673688238
0,0.17007826,0.18428724,0.16878018832214844
0,0.036205344,0.035749976,0.0424189334441917
1,0.10616004,0.11482662,0.10018418778092326
0,0.06654352,0.07867623,0.05995070443048257
0,0.060304143,0.044349603,0.0540784554123403
0,0.06510741,0.051060356,0.07971294186225092
0,0.08923968,0.077509426,0.07150656670617643
0,0.057841294,0.057490114,0.07356992880536009
0,0.10765959,0.112617135,0.12104034321700209
0,0.32115984,0.27258417,0.2804227392645396
0,0.07998148,0.07995805,0.07491859473893914
0,0.09422327,0.16168477,0.09470075617092559
0,0.06258616,0.057919703,0.036112303168997946
0,0.048770014,0.046494238,0.04546544288407753
0,0.054851532,0.046926174,0.07502839143621955
0,0.06595109,0.095653795,0.07875497421123642
0,0.15207845,0.15158218,0.15297740655747105
0,0.10820628,0.057268415,0.0928425161342903
0,0.14175002,0.17536248,0.14246062700082893
0,0.12027663,0.13409571,0.14040448498331848
0,0.055462435,0.047127273,0.06582260677444546
0,0.06045274,0.053547706,0.055699627511823356
0,0.10644176,0.09094884,0.12284189879759524
0,0.04577867,0.043908227,0.04753058404485673
0,0.20903546,0.21011189,0.2088237678211851
0,0.10239384,0.0769864,0.06967826242304317
0,0.059479095,0.06513968,0.06461369355750528
0,0.08311422,0.086160764,0.1305554670334118
0,0.06897294,0.057574946,0.054785121782148345
0,0.04237409,0.06049518,0.044178926253146115
0,0.12662265,0.101217866,0.09366378293097251
0,0.051726237,0.053978775,0.0530913462295167
0,0.43245277,0.40167707,0.21318342683496885
0,0.1309229,0.12739854,0.14205206065148535
0,0.17187755,0.14134485,0.2490694922131181
1,0.34595558,0.2834477,0.24665643178924462
1,0.06280986,0.0690215,0.06692174560840466
0,0.055711318,0.05131709,0.038084210629841846
0,0.13190123,0.18377018,0.16959439475420127
1,0.060331225,0.05537615,0.05295130479463394
1,0.13701187,0.15168652,0.1222609415383089
0,0.061080955,0.08438399,0.12333807204532284
0,0.12961893,0.10572208,0.10489357340347624
0,0.05589569,0.04278941,0.05086291608353126
0,0.10295049,0.12908733,0.14379891812303966
0,0.3339176,0.4268208,0.25729774630596
0,0.042099178,0.04253369,0.052851875677281196
0,0.047019105,0.041291066,0.0630269955881725
1,0.067298606,0.06570969,0.057227892456997144
0,0.10741779,0.12843893,0.1035355951623984
0,0.12637581,0.120163195,0.11580382452394966
0,0.11890024,0.12337141,0.09274478599913413
0,0.082464404,0.072347656,0.07992249124446796
0,0.0560381,0.061025087,0.06242040704063597
1,0.07802232,0.089742005,0.09561967765697368
0,0.045503672,0.03811771,0.04609709060558532
0,0.04315882,0.05616253,0.04183760233629406
0,0.056071088,0.044517867,0.0684656674587398
0,0.052507415,0.047600396,0.05047208784480033
0,0.09407998,0.10082935,0.05591468563149615
0,0.038729772,0.038332853,0.03566836261928671
0,0.07035904,0.05604917,0.07394606969897216
0,0.038016174,0.037641466,0.03215835627212747
0,0.11098038,0.13810423,0.12397831771256779
0,0.1680141,0.21318541,0.19907861587498157
0,0.07243961,0.062856555,0.06798332368056446
1,0.1100979,0.1115541,0.14932498084564066
0,0.039167352,0.032907993,0.06851260610998185
0,0.078314565,0.07673013,0.05683406895088942
0,0.07933555,0.06546925,0.052692858406961474
1,0.13744715,0.13428591,0.16786714531808974
1,0.06559941,0.070448026,0.08413286915060854
0,0.12332993,0.10390185,0.11497718616985311
0,0.12807581,0.13510175,0.10459069980473384
0,0.12481758,0.0902481,0.12688798969592674
0,0.06917569,0.09265091,0.12740900697647792
0,0.0908152,0.09406404,0.11366143129975352
0,0.078904346,0.0813122,0.09491562176055107
0,0.028904684,0.029373292,0.03968170454679608
0,0.07331159,0.089846626,0.08238588279124602
0,0.12344827,0.12564524,0.11455633805292187
0,0.14533634,0.1427921,0.16659434254664512
0,0.091274366,0.10067766,0.0873258623965973
0,0.10166696,0.084463395,0.0952915273604923
0,0.05185447,0.045155827,0.05446510188884499
0,0.058835767,0.07762184,0.07663324588958287
0,0.08519837,0.053288575,0.0583127550323315
0,0.04968041,0.04104097,0.052265548155492635
0,0.049215566,0.044544995,0.05191595126989163
0,0.07885288,0.081548944,0.05253234074914959
0,0.065662004,0.07226104,0.05401878942267016
0,0.22974893,0.291083,0.2295042385998919
0,0.040520582,0.038905647,0.030114180599550625
0,0.15531924,0.17087437,0.21275021341812442
1,0.14984554,0.13374667,0.10774296473729206
0,0.122899376,0.1386936,0.16570076585013171
1,0.1981704,0.12979911,0.10066306807404254
0,0.11982496,0.1292001,0.09806258822756207
0,0.0672539,0.05596847,0.067382812001336
0,0.07789367,0.06981978,0.09290680916137431
0,0.13168386,0.1582446,0.16144679802217224
0,0.024603589,0.02691031,0.027946979053655376
0,0.051120482,0.043946378,0.037274011411494626
0,0.060241953,0.042244915,0.04729578442600283
0,0.090419374,0.07626708,0.1130995568810367
0,0.13480806,0.12192285,0.11952649935554
0,0.09585604,0.09331411,0.06660990997145753
0,0.15056074,0.17318432,0.15283937506193696
0,0.089879915,0.09286774,0.09538330757066993
0,0.15952225,0.1769628,0.17850504166555306
0,0.055918798,0.050036833,0.05290634909947064
0,0.06780904,0.059691474,0.07555760183841169
0,0.098765165,0.109548785,0.0828715065245589
0,0.09420864,0.1363284,0.07233563716198767
0,0.18415502,0.15569481,0.18502228242391106
0,0.055603426,0.058404725,0.0603862796723734
0,0.07515797,0.06777187,0.05498191618744261
0,0.08110848,0.08226579,0.10345131601723895
0,0.06410302,0.050952706,0.06719289246811344
0,0.06772288,0.071241714,0.078617377128029
0,0.08908082,0.092522554,0.07387973461848202
0,0.049827784,0.04372308,0.05377236706822166
0,0.16412167,0.14559248,0.16473654345534103
0,0.05861345,0.054246485,0.04485400942257988
0,0.09634038,0.085422084,0.08669457127985156
0,0.11762346,0.12630893,0.11695055707801316
0,0.090815224,0.10513743,0.13781573357147447
0,0.13723747,0.13267829,0.17257433630528318
0,0.0681509,0.078029044,0.08047793986648562
0,0.094000295,0.071842566,0.10024140542699565
0,0.04656563,0.038707826,0.03731508670684878
0,0.06789142,0.045222644,0.05730602507909586
0,0.069533,0.07288371,0.07450336733453443
0,0.04755024,0.051263798,0.06275971163969962
0,0.40457672,0.33342806,0.2476688004295613
0,0.041175738,0.03994953,0.04347960989770467
0,0.12492503,0.11465636,0.09940421466894017
0,0.117705375,0.11025245,0.10689411447507478
0,0.088120304,0.09301182,0.06527773176865821
0,0.048161097,0.038012855,0.04026110946893861
0,0.119210415,0.10453597,0.12866846630186646
1,0.06996011,0.08471697,0.09328781276839355
1,0.076848574,0.10357718,0.103290288362286
0,0.09363957,0.07490005,0.06311158776585966
0,0.053736564,0.03935168,0.11977247481646433
0,0.056588013,0.048720926,0.04482391806641818
0,0.16986245,0.17192312,0.18828406999252958
0,0.13997333,0.15564695,0.14827832229523463
0,0.13148232,0.14945142,0.11774142885418946
0,0.20139992,0.13697769,0.18376202248750212
0,0.14056486,0.1624621,0.18118380669638318
0,0.051622514,0.05477784,0.047343978383789134
0,0.121269286,0.10740202,0.11686010357374083
0,0.09640707,0.14277644,0.1202849412825801
0,0.049968187,0.052526504,0.051647931823277086
0,0.06445512,0.06739668,0.05935315080665718
0,0.071813785,0.069494754,0.07319554000176368
0,0.075607814,0.09087454,0.1040299229682057
0,0.040513817,0.039104782,0.03985029368993556
0,0.055339836,0.047003265,0.04109721638477332
0,0.03158799,0.0423599,0.0500419652381556
0,0.11380716,0.14252467,0.1295167042582117
0,0.107822455,0.08276899,0.0986571773199619
0,0.13191247,0.06847946,0.08492853750795246
0,0.0910712,0.12303796,0.09275766465326667
1,0.053787205,0.058269937,0.03784894479167834
0,0.055489883,0.050931036,0.04656213302811098
0,0.114339575,0.11134796,0.11317115710342904
0,0.10984011,0.12757841,0.13131063282203967
0,0.121424474,0.083073564,0.08151944582402626
0,0.16926707,0.1626501,0.22510567741226895
0,0.06765946,0.07037223,0.09265754707150417
0,0.119556196,0.08768221,0.1585562970041556
1,0.13087547,0.120715655,0.10405410919847495
0,0.12672283,0.13973917,0.12461973918280851
0,0.20119472,0.13931423,0.15600865530677932
0,0.22162136,0.17567389,0.23947907284646225
0,0.06348466,0.071126536,0.049687764660393346
1,0.24634413,0.28503335,0.288233207640007
0,0.16189477,0.14882943,0.12406333740241823
0,0.03797218,0.033807423,0.049763073444239164
1,0.127456,0.096891016,0.08711687503097384
0,0.045592166,0.05997098,0.04806853215456608
0,0.08249562,0.06355113,0.0634001627610202
0,0.1599192,0.2015021,0.17455787864514816
0,0.08389812,0.07922705,0.07542451286847075
0,0.08260944,0.08865765,0.09780846878700192
0,0.081518166,0.095283635,0.09194969359401245
0,0.21083622,0.20979476,0.20241935120853857
0,0.082000285,0.07509022,0.07453319289013882
0,0.04587148,0.056738075,0.08481280949627978
0,0.08849876,0.0888175,0.11488699746810782
0,0.06533905,0.07507874,0.059453044198519586
0,0.15537822,0.12909189,0.12651090784759025
0,0.20934199,0.16532099,0.18408257898834246
0,0.09275166,0.0736844,0.07004825436984596
0,0.20351301,0.19082485,0.15871938172268293
0,0.054526307,0.03994098,0.04405385179096845
1,0.080189556,0.08016456,0.06746601688416286
0,0.11794401,0.11533703,0.07487549185370676
0,0.12686554,0.12335347,0.13623830268018214
0,0.09268014,0.10237811,0.1348302775488437
0,0.14446683,0.16033696,0.1778142500114725
0,0.08239979,0.10280842,0.08743837315837945
0,0.090646505,0.06518315,0.07672336257051354
0,0.1919248,0.2164077,0.1937174174001462
0,0.044001017,0.036558818,0.051282109891643404
0,0.1044897,0.08873411,0.1228335892774367
0,0.07504043,0.07256931,0.09227881811894235
0,0.06625675,0.07084272,0.06213531350879537
0,0.068305,0.085307546,0.07540127274818142
0,0.126587,0.07089778,0.09207773880913493
0,0.09689974,0.091774866,0.08779218402404994
0,0.076494664,0.0746216,0.09739589209810769
0,0.08684028,0.08842305,0.0641285357255783
0,0.19938909,0.17683737,0.23397712038045093
0,0.060986273,0.05711021,0.03899672131977622
0,0.14179905,0.13260722,0.15495149675829065
0,0.0868545,0.07350352,0.0878427942923514
0,0.101243444,0.12421727,0.10865532586475662
0,0.09844037,0.09959347,0.12118741610911839
0,0.11221327,0.12771812,0.1044699457230353
0,0.09289544,0.09312425,0.08660736914857774
1,0.08190772,0.0813831,0.13486056952869593
0,0.03899919,0.043420333,0.06888223468142396
0,0.055479437,0.04896563,0.05770609254323006
1,0.08250717,0.06327317,0.06265864385256863
0,0.124746494,0.090968706,0.10158126442664538
0,0.20865352,0.27693683,0.1356135116359472
0,0.06802606,0.057733193,0.06837192479544829
0,0.053777445,0.04839635,0.04282766394356594
0,0.102261096,0.10409811,0.11404904726827679
0,0.07924797,0.05363124,0.08287135572512175
0,0.08972995,0.11258207,0.06362074613809884
0,0.15079279,0.15281466,0.153034381179391
0,0.049325347,0.05856798,0.07199225938042572
0,0.03820856,0.043315098,0.04666900661008287
0,0.12198886,0.14383991,0.16302838255370422
0,0.05160151,0.037925888,0.06427039798013819
0,0.22839598,0.20092836,0.20815783669360027
1,0.081161715,0.09238904,0.09341384910371735
0,0.1244175,0.14042512,0.15892757568296573
0,0.04272871,0.036285687,0.02696751626166825
0,0.13613373,0.14323543,0.10847896951773091
0,0.09505429,0.10189365,0.07572176302089212
1,0.24100287,0.23584498,0.1492708630042492
0,0.18666652,0.21604653,0.1905660734117239
0,0.093366094,0.08663427,0.10059296570903828
0,0.14381786,0.14643104,0.1682409404036074
0,0.14148541,0.12146908,0.10906075153430594
0,0.06522375,0.08190378,0.07036833098458727
0,0.070720315,0.0686821,0.061348658277688095
0,0.06731592,0.064282775,0.07859150830379044
0,0.087744094,0.109926075,0.10978259420918504
0,0.18125518,0.18641987,0.20227978478527928
0,0.06151319,0.07386775,0.07453585217472687
0,0.04550437,0.054894306,0.047143500495195244
0,0.036177233,0.03753706,0.07075664901344625
0,0.045391575,0.045764964,0.05155342390480022
0,0.0630856,0.06918523,0.06531122997425305
0,0.041967317,0.046926066,0.05404586164711607
0,0.041015517,0.034969285,0.037188622675849915
0,0.02949951,0.026605973,0.026480512745627606
1,0.11564356,0.12753855,0.12092712309862111
0,0.09401914,0.089162685,0.06899217475376927
0,0.13667232,0.1419336,0.1317734718998438
0,0.10508209,0.100415416,0.08844412259647534
0,0.07605675,0.108555555,0.06483968237896677
1,0.10940901,0.1179285,0.11419421979509078
0,0.07782498,0.07586659,0.09441492007015306
0,0.10047924,0.087815195,0.12674650761206996
0,0.05557043,0.06254097,0.050806102595482794
0,0.11600601,0.13116956,0.1147250519097676
0,0.0684923,0.05677708,0.08607533649218517
0,0.04776008,0.04953744,0.044614585915958994
0,0.24228498,0.2267995,0.22869198098974272
0,0.19707243,0.25393897,0.1782407816071473
1,0.06926666,0.059844524,0.0855094661148435
0,0.06769962,0.09438661,0.07846125942065729
0,0.12510227,0.12050689,0.13288365837029806
0,0.043959796,0.04695826,0.039121588736189185
0,0.07947213,0.086981334,0.09187021997562506
0,0.046309114,0.052257303,0.03480219376449135
0,0.09566999,0.0809324,0.07719064153388333
0,0.06708755,0.06123895,0.05471696473566074
1,0.18487734,0.17317897,0.19140269029459941
0,0.06065532,0.063977115,0.09509134733779243
0,0.1481837,0.13832985,0.15550790970400735
0,0.073918134,0.08136166,0.06304444018177055
0,0.26899594,0.21425301,0.26518098916586574
0,0.09906505,0.06885138,0.09575409815177809
0,0.09150425,0.0943798,0.12033383700850014
0,0.11409764,0.10646233,0.10352709658130832
0,0.109782994,0.08798646,0.09167209049810505
0,0.14124697,0.12229293,0.13142809296766594
0,0.07533343,0.06333567,0.09082477687116847
0,0.096730016,0.116290726,0.08953438115725842
0,0.040579263,0.05246433,0.04464866430989726
0,0.10988974,0.08675488,0.09101934322553812
0,0.13700299,0.109099075,0.14806975109016418
0,0.34730393,0.4322962,0.2549631417112899
0,0.17790848,0.1597727,0.1930901800233187
0,0.03938891,0.036546044,0.0565499110806909
0,0.15034549,0.14892477,0.20380077804497168
0,0.099293076,0.121631004,0.08144599944373325
0,0.1791446,0.15632877,0.19729016769403218
0,0.059638463,0.058482524,0.053066170809444604
0,0.10215199,0.07187014,0.0902048445412268
0,0.10502385,0.122897245,0.12820244866399183
0,0.08662801,0.06092269,0.08526805292017552
0,0.15176658,0.12954427,0.13501825526212308
0,0.13629615,0.10154261,0.12263376694660799
0,0.1386535,0.124612436,0.1317202098923002
0,0.2860318,0.28520077,0.2877820166846103
0,0.04118986,0.050411597,0.04749972213530008
0,0.09017341,0.096309416,0.09844313565561005
1,0.06755452,0.062434014,0.07629641285124238
0,0.15202028,0.1152215,0.13011671593672047
0,0.09327751,0.10383272,0.06904719592629253
0,0.063494116,0.052328326,0.0928095974766112
0,0.098619714,0.10030363,0.08074797228339566
0,0.3630903,0.341267,0.3303292715127877
0,0.09569515,0.1342381,0.10885728323357713
0,0.07513219,0.059386283,0.09306700463937652
0,0.12949531,0.12688248,0.09363215440432116
0,0.10852995,0.10945993,0.09761767138333842
0,0.21256836,0.21983099,0.22648783669308123
1,0.066010244,0.06798133,0.0708736031068971
0,0.10726895,0.1032366,0.10067459117568632
0,0.102297336,0.10190716,0.08930685023399154
0,0.05376926,0.049764093,0.03284954058094085
0,0.12636988,0.18419778,0.1534386239630425
0,0.028224152,0.024246389,0.03452625909107937
0,0.15185793,0.13158841,0.12041222641994555
0,0.18349819,0.14208508,0.16049303564061015
0,0.115679845,0.13269217,0.10159272455997682
0,0.2134661,0.21468218,0.22995234473060594
0,0.14522023,0.14440449,0.13037713605288107
0,0.08679961,0.07848105,0.056865734397773995
0,0.058639083,0.06631112,0.10588300660053046
0,0.05106239,0.044497278,0.0600147669085303
0,0.17495957,0.18180567,0.21953863345074343
0,0.06848094,0.06600967,0.05588073453234268
0,0.26590338,0.28098634,0.2369233269370752
1,0.11026061,0.07622067,0.13099127451203368
0,0.09891079,0.07391591,0.10696793508779799
0,0.084438734,0.065913394,0.0948084060540198
1,0.039701495,0.044514462,0.04120424369708042
0,0.24176976,0.22660708,0.161181710773388
1,0.113492325,0.14102547,0.1246023535242206
0,0.06884049,0.05375815,0.06239553693729964
0,0.22215857,0.21778491,0.22279906738643793
0,0.046316188,0.034234665,0.05307934483847634
0,0.0805608,0.082350194,0.07289888057052926
0,0.09876975,0.087761275,0.058754058232699496
0,0.071997285,0.06611645,0.06652403795924834
1,0.39690134,0.38340008,0.35882493548711386
0,0.16908821,0.18318674,0.2129104912564315
0,0.057069063,0.07826784,0.10461431031284488
0,0.11469343,0.105531506,0.11923427032936586
0,0.06292204,0.057981722,0.06320771125248799
0,0.05376129,0.044394765,0.06336214777796055
0,0.0865193,0.08898351,0.11977209221991701
0,0.055100653,0.06018468,0.04837960503126383
0,0.08583413,0.09026247,0.059521098128212546
1,0.0979291,0.092816286,0.11735883808508217
0,0.114460714,0.12867154,0.09121859117051495
0,0.09400917,0.06898295,0.10367862426460477
0,0.054745343,0.081335254,0.049274785858655884
0,0.12878709,0.13737094,0.18095812656410182
0,0.027841711,0.02385514,0.019849511691926485
0,0.048225835,0.043454677,0.025572121113941217
0,0.21916063,0.16866879,0.194467720723454
0,0.1343094,0.14757976,0.13297058297709438
0,0.03527525,0.027142921,0.044771129050856576
0,0.055841967,0.04966531,0.03278125577696183
0,0.18969628,0.21073283,0.27122330102515446
0,0.14355461,0.12696199,0.13400627280767025
0,0.044239994,0.041163005,0.058654380377738125
0,0.07564462,0.08172224,0.11197827812373883
0,0.11243464,0.10232275,0.08036497304247767
0,0.321669,0.355669,0.3004295703740192
0,0.068832725,0.09175484,0.09133074464529252
0,0.19335549,0.12658255,0.1678461152869399
0,0.07984973,0.052419033,0.0658619002118196
0,0.12919328,0.1477472,0.1549710038853881
0,0.0869939,0.06731709,0.10143415643575641
0,0.07498465,0.07470026,0.06260351452019779
0,0.16341797,0.111640334,0.13228138813524443
0,0.06054829,0.06587166,0.09119077718078221
0,0.07411,0.08222393,0.04697662887441671
0,0.08197575,0.09468292,0.12889215465867085
0,0.10704855,0.10021357,0.09466799027215494
0,0.08686267,0.088913955,0.08968277654148635
0,0.11437829,0.10781542,0.11580703164601404
0,0.06032825,0.0631022,0.0697204100813213
0,0.11633588,0.09920458,0.08382913588097757
1,0.11811928,0.11498667,0.12898710680063505
0,0.07432747,0.064825,0.07293009342825267
0,0.19669944,0.16274832,0.12958852942104548
0,0.11007335,0.15242699,0.17055110182872982
1,0.14328709,0.15597889,0.1248515903457811
0,0.3833613,0.32207468,0.23502531249146638
0,0.13483018,0.12092924,0.12852656583832456
0,0.34308085,0.35939658,0.24671591864700326
0,0.09943485,0.13464019,0.11130280592464328
0,0.10380118,0.100359514,0.0689573973188835
0,0.046715904,0.05700468,0.0423617939539201
0,0.06336243,0.07493295,0.08602343952848297
0,0.08332222,0.076699875,0.07830245694670968
0,0.06887956,0.0665699,0.05623970854802098
0,0.07317201,0.06193252,0.0861813618436044
0,0.09214321,0.088796064,0.06537354350079135
0,0.09626419,0.14451648,0.1043910224042626
0,0.082282335,0.09192571,0.06799886490154516
0,0.12079688,0.14647931,0.1453412202410459
1,0.18698472,0.16284858,0.17141845450991838
0,0.060374927,0.051096674,0.0557538744288913
1,0.1613436,0.15750778,0.1879579953650493
0,0.06343767,0.044905398,0.044244410773112336
0,0.18523109,0.15370697,0.2251100988564822
0,0.099097095,0.097561575,0.1037388358975607
0,0.09838275,0.089949876,0.09240049147281976
1,0.14088427,0.11700308,0.13348202100915316
0,0.08664637,0.07424728,0.09742998621776354
0,0.08072337,0.08190399,0.15140159400075784
0,0.09932221,0.10794745,0.0917302485346454
1,0.11972979,0.08020004,0.11467858388619659
0,0.14365573,0.16010442,0.15949605209820567
0,0.11639435,0.12228226,0.10570035106469895
0,0.118165456,0.102330565,0.11350673959012487
1,0.07548492,0.07215906,0.06358726147833094
0,0.11210017,0.10519741,0.15587624966290403
0,0.08040639,0.11966546,0.10142217828206612
0,0.1564715,0.10379224,0.13804621422233776
0,0.09885839,0.09325767,0.08774877510476983
0,0.086070515,0.11029889,0.1235409542586401
0,0.13406292,0.09883171,0.13764397757561206
0,0.03738253,0.03923411,0.05104956338621623
0,0.097358406,0.08920847,0.12938078059729247
0,0.16424198,0.11837488,0.11318782620300655
0,0.031861097,0.03198449,0.030665580370094016
0,0.1861536,0.16855375,0.17473569471044273
0,0.098764434,0.090476744,0.07650604360371252
0,0.09243895,0.07050164,0.09110697161668974
0,0.090893306,0.08538492,0.06814615500950251
1,0.10219618,0.104960375,0.1190233187362414
1,0.24428147,0.2666923,0.20184569395021937
0,0.1484838,0.11758713,0.12935474800953758
0,0.07375082,0.08885065,0.09448244424098562
1,0.03452629,0.035538726,0.05968601470612884
0,0.17031091,0.14435011,0.1316572508240569
0,0.099191375,0.05797836,0.10190574152109147
0,0.087874815,0.10803493,0.08611914263199456
0,0.11233916,0.12710716,0.08396859035985613
0,0.055763453,0.053522125,0.06068086691160726
0,0.158928,0.14873911,0.15266554080627168
0,0.045283902,0.050590612,0.04142129931569869
0,0.10263223,0.0791192,0.08162832290531132
0,0.1097819,0.07271364,0.11332850117207117
0,0.100762814,0.13425685,0.077161610730926
0,0.061466806,0.06826661,0.04879123074282533
0,0.115198165,0.114040755,0.09767269914635864
0,0.06126022,0.044191405,0.040693691765284506
0,0.09565165,0.08734586,0.09362952664519607
0,0.09456655,0.112886496,0.09927331399981432
0,0.09476315,0.08062855,0.0863567366265708
0,0.14001046,0.16484839,0.12641920117917999
1,0.09873009,0.10062484,0.09185375795881134
0,0.029427286,0.031206088,0.034164182952414676
0,0.24821748,0.24414036,0.23449825606421457
0,0.13052087,0.13363275,0.11202935441795968
0,0.16938087,0.17983918,0.1947353735598293
0,0.058159288,0.05774086,0.04112868335699981
0,0.04676996,0.0366063,0.03915696208918345
1,0.1649687,0.14973603,0.14472581214715335
0,0.111605205,0.113133036,0.12827913116195777
0,0.16928986,0.19775885,0.19171655336173582
0,0.14868948,0.098454565,0.13280905372563392
0,0.1150635,0.09460975,0.08472866232704632
0,0.078501046,0.07422649,0.05690140138441682
0,0.085431494,0.08043769,0.10086657083035405
0,0.16023928,0.15243043,0.19327058738587177
0,0.0923524,0.09550063,0.07849796018861148
0,0.12489968,0.10311363,0.14543165901314867
0,0.095155776,0.08820005,0.14014429675341158
0,0.15239413,0.12990563,0.100018986846867
0,0.13701129,0.13177511,0.12827850391720308
0,0.082738474,0.07502737,0.07783732653881892
1,0.12760586,0.11464416,0.1507315312965444
0,0.1524632,0.13636096,0.1532813428122276
0,0.1317241,0.14432648,0.15393088048531253
0,0.15264127,0.18065524,0.23139444479351526
0,0.06580278,0.043112,0.04610184276283462
0,0.13916309,0.21776316,0.1751193262968504
0,0.041388646,0.039348893,0.04440742045286898
1,0.13276061,0.16674846,0.16728204057372567
0,0.10537357,0.079371534,0.0996323871832745
0,0.13198149,0.10359443,0.08325226683472377
0,0.0965171,0.08491486,0.062214859186683825
0,0.046137027,0.03851695,0.03834258404028198
0,0.13126697,0.13836485,0.16339002806422825
0,0.11034632,0.10349613,0.12753343647373477
0,0.06029894,0.055691555,0.043303927146625884
0,0.05352791,0.07242625,0.06285163999110838
0,0.10481938,0.12424375,0.1545939484338795
0,0.11563894,0.11695337,0.12777448431456442
0,0.062096763,0.047938112,0.07691692066015149
0,0.050368004,0.04568674,0.04366679202249381
0,0.12880056,0.13325004,0.13458908486965798
0,0.36632258,0.32389197,0.20079297116565642
0,0.21202882,0.18455136,0.2344904658524582
0,0.21644522,0.21653765,0.21318752112880576
0,0.1270254,0.1226117,0.17002734880712472
0,0.105121374,0.11264473,0.1110389738719461
0,0.067511395,0.068573244,0.08427229868412339
0,0.077058196,0.057662085,0.11246717163062099
0,0.06394881,0.0653837,0.06028072811050775
0,0.041684702,0.043536887,0.0359880810408242
0,0.07848527,0.066180326,0.08741737230642185
0,0.1457563,0.13167748,0.14475411381384198
1,0.054568235,0.043366835,0.04475698868031908
0,0.2161355,0.2791554,0.23084829899720713
1,0.29855573,0.18208231,0.2482476958279513
0,0.10163455,0.09257027,0.0838999284936672
0,0.15311843,0.14889155,0.09796360789814922
0,0.035409607,0.035185415,0.029705400622726547
0,0.12882803,0.21705067,0.1681171068242875
0,0.1260302,0.15798083,0.17549223676995132
1,0.212574,0.20228498,0.1785179208417426
0,0.14595775,0.15688387,0.1256979497819125
0,0.08349352,0.095231816,0.09605781707781859
0,0.13253696,0.0993573,0.11813391630153298
0,0.047992364,0.06331016,0.08212041564580114
0,0.22182432,0.21018547,0.20954840713810458
0,0.046256863,0.035370238,0.04196926411116841
0,0.05425604,0.052765954,0.07253713021934872
0,0.06364694,0.071383566,0.055960917909510174
0,0.19472252,0.1729078,0.16628808434671724
0,0.12863125,0.1279975,0.12492816402213104
0,0.05916137,0.05845033,0.07608499192805511
0,0.15633832,0.2041584,0.24496988816701212
0,0.10597342,0.12032883,0.10268750204934975
0,0.12474682,0.12041313,0.13031532261429166
1,0.10116827,0.105507016,0.08665867387219436
0,0.08843225,0.0808115,0.08196294496498627
0,0.17962603,0.19798654,0.18962114577332984
0,0.20756528,0.15588267,0.14641401676602697
0,0.1902879,0.19692908,0.1925900382231455
0,0.04452858,0.050832823,0.04639163177492229
0,0.1696242,0.14588454,0.178296544457275
1,0.15303382,0.14800778,0.1393987754657991
0,0.08068949,0.10975837,0.13297394900935805
0,0.08221144,0.0623535,0.09905031612888644
0,0.05191046,0.06133748,0.0395416378283041
0,0.12071752,0.15491125,0.171864424273992
0,0.12566978,0.109605215,0.1458508149857813
1,0.10286353,0.10209292,0.07734561300089822
0,0.11265759,0.08647266,0.14527478128882612
0,0.124280356,0.10596752,0.07190312331607125
0,0.08959667,0.09722275,0.11498031131360266
1,0.23695967,0.19696516,0.2786509208471427
0,0.0907197,0.08101852,0.08447570728069097
0,0.16130732,0.13614105,0.11883622829929405
0,0.06735166,0.06730874,0.06678452159065372
0,0.24147901,0.27820933,0.26806140526083005
1,0.09510416,0.10114571,0.09623116929805728
0,0.051522084,0.050282165,0.03902605014390976
0,0.10348325,0.111728,0.11439061327789733
0,0.053190175,0.05302626,0.05993428049459838
0,0.06576857,0.07277241,0.0714274697501661
0,0.09915251,0.09869513,0.09412970599562005
0,0.07987581,0.10648197,0.08121513291840404
1,0.057845186,0.05760112,0.061450217021722285
1,0.14811929,0.14054905,0.1522795310532578
0,0.04564813,0.032364964,0.04761812092972384
0,0.08563601,0.107118286,0.10493465273824784
0,0.06737771,0.058586847,0.04078178793892523
1,0.074464105,0.0670131,0.05942166376071201
0,0.20383616,0.31861076,0.2170219396302289
0,0.10181724,0.103211544,0.11984167543428535
0,0.063280225,0.06422327,0.07046871548755644
0,0.09783297,0.10124986,0.13155881675179412
1,0.15570486,0.21906495,0.20889991451364132
1,0.5040606,0.44842863,0.33463088757989157
0,0.02526186,0.026009914,0.02625199436663567
1,0.20106687,0.19760664,0.19931654035557714
0,0.08915854,0.087169215,0.08016577337087852
0,0.112455234,0.12911935,0.12728760353486238
0,0.03555523,0.032768805,0.029745270111172294
0,0.049216088,0.038714986,0.04241494919363815
0,0.07034166,0.057384796,0.05835207590444136
0,0.073043235,0.080323435,0.0808935054147795
1,0.18420564,0.16092467,0.18079313855205592
0,0.08887416,0.10939436,0.08771842810341016
0,0.44647747,0.3835213,0.43004354276336854
0,0.1204146,0.10827191,0.12493113445722918
0,0.07906769,0.09859035,0.08553784262232116
0,0.02957442,0.041632522,0.036145354053698515
0,0.09477905,0.09884403,0.09730193007019496
0,0.09797348,0.10254244,0.1065056836970633
0,0.063343324,0.054613333,0.04039009285755104
0,0.14047313,0.13072157,0.14661325826809982
0,0.056337725,0.044281807,0.05065573447273401
1,0.1502055,0.16290963,0.13592178569347915
0,0.07941109,0.069604725,0.10070147112662285
0,0.12517893,0.12723933,0.12954377235285913
0,0.055455424,0.059528224,0.04613475746050449
0,0.070008874,0.06530548,0.09750382204242727
0,0.049854156,0.0511546,0.05260705819494614
0,0.06031372,0.059166342,0.05190511754055898
0,0.12033457,0.13055333,0.13278402888128843
0,0.063034944,0.06008716,0.044871128968543
0,0.07136641,0.06308337,0.059629381510791855
0,0.11106496,0.12547871,0.1169488432888142
0,0.08946926,0.10663039,0.15176640371428216
0,0.04242348,0.05129332,0.06055078321937824
0,0.094428495,0.13832645,0.13774354857701346
0,0.12946007,0.11566295,0.13755910165431234
0,0.060470466,0.045076627,0.06500038752142383
0,0.073623195,0.07610459,0.06390518242313172
0,0.112092644,0.14077638,0.083499061863269
0,0.09572448,0.20080614,0.11773597557253654
0,0.065026686,0.07323063,0.08195613951755516
0,0.030589707,0.038737547,0.03085791339870235
0,0.13545981,0.13153441,0.11186017794924343
1,0.113922775,0.12647381,0.10678648196777427
0,0.15116185,0.13255852,0.1045429832564655
0,0.0941337,0.11623614,0.09036672689517801
0,0.101775795,0.10226018,0.09196372545794487
0,0.15390271,0.13315468,0.12866570140544814
0,0.07138875,0.06423758,0.07538907709530032
0,0.11056614,0.115841225,0.07796100918722601
0,0.116575904,0.11417697,0.09721077474698196
0,0.05299225,0.058873307,0.07038538634567412
0,0.11614188,0.106943466,0.10537623565649834
0,0.06305341,0.078001484,0.047246741922672544
0,0.046477858,0.042741146,0.04760183840411311
0,0.041023754,0.05981782,0.057290018380952365
0,0.16195449,0.17724973,0.20966815432072497
0,0.12211958,0.18477486,0.14185510972462304
0,0.09756489,0.107860446,0.14277856644982787
0,0.26249686,0.20526518,0.16218377239599144
0,0.14392333,0.13714144,0.1273284667126266
0,0.20722838,0.15131114,0.1523346940420648
0,0.23195484,0.22956641,0.23352884771171234
0,0.06288555,0.045296986,0.06197794256941448
0,0.029701304,0.024333786,0.03164884035473744
0,0.10765496,0.08676829,0.11447661913426356
0,0.09345814,0.09734979,0.09773705533867484
0,0.036787532,0.037762992,0.01984637723358619
0,0.079317905,0.102613285,0.06702158336591219
0,0.052219562,0.053750973,0.07830381358419052
0,0.05623403,0.04440045,0.07109686300483756
0,0.19155288,0.19269793,0.17610377394089044
0,0.08040553,0.05276079,0.067681329590153
0,0.06598959,0.075770296,0.06783442989129246
0,0.06846027,0.06507277,0.06655639080948983
0,0.12491923,0.112832636,0.11566451026976295
0,0.10254882,0.11077599,0.0937047771840747
0,0.06730272,0.0689501,0.06339699793684975
0,0.17809308,0.15586512,0.16919959245860575
1,0.077331565,0.09202325,0.0706935076336164
1,0.22392769,0.18811631,0.1988978179743465
0,0.05129713,0.049366485,0.048369684766735976
0,0.08100214,0.06960832,0.06104676937950019
1,0.08463055,0.08037806,0.06572829636736845
0,0.09932559,0.09997204,0.0990368447490952
0,0.04412453,0.04901176,0.041259733827804276
0,0.0937303,0.095763095,0.08756145601754829
0,0.14200176,0.181727,0.12126176042123185
0,0.13046338,0.15698336,0.09773885753721877
0,0.06959418,0.06685583,0.0741940087109851
1,0.15955745,0.15897545,0.13359660811159707
0,0.2149992,0.21653466,0.29259539450358624
0,0.16714835,0.1549779,0.14275114822616047
0,0.115876086,0.087614805,0.1159513882020365
0,0.22735529,0.17314163,0.29301121200640595
0,0.23220968,0.20630363,0.184877809689181
0,0.14136817,0.14301796,0.19027029211463134
0,0.03970053,0.0463479,0.039145198339023156
0,0.12926078,0.1118118,0.14379635240410782
0,0.24096668,0.2770659,0.1810482634110311
0,0.08837108,0.097747296,0.08478891488800312
0,0.17604433,0.15640451,0.14710320201099128
0,0.13513282,0.19217025,0.14179090651333742
0,0.087702595,0.06379656,0.12202185148290128
0,0.15265319,0.17146821,0.2425862248818649
0,0.22685756,0.17443551,0.2384693967613454
1,0.361045,0.45265236,0.330836915127124
0,0.12488092,0.13496475,0.1460397041736565
0,0.118003175,0.15379003,0.08900909692282044
0,0.07460647,0.11023327,0.09379001509117675
0,0.12775214,0.1567522,0.10237415836913076
0,0.033276163,0.035467487,0.025836226601456385
0,0.057047218,0.054253154,0.07239923420614057
0,0.091047876,0.067714095,0.10689932941377103
0,0.09170775,0.09450212,0.10876468513220373
0,0.056746393,0.060168322,0.0725200943627313
0,0.1602267,0.13913903,0.14816202993806332
0,0.063552305,0.066207185,0.0706450658112423
0,0.102092266,0.0881433,0.08727531827116913
0,0.07658774,0.101121835,0.09146007531334498
0,0.12357554,0.17871484,0.12799107569640192
1,0.13563523,0.15748493,0.1286238794121106
0,0.1455817,0.1452318,0.1560570766744718
0,0.07280072,0.07635453,0.07142772530547532
0,0.1292779,0.0914931,0.12838872087147388
0,0.11875912,0.10462277,0.106592177239476
0,0.22347951,0.22016354,0.2704927481665385
1,0.1105998,0.13417104,0.1057424099039791
0,0.17080109,0.10890937,0.15266714190628952
0,0.12244679,0.10646725,0.11206000011204524
0,0.07486256,0.08230239,0.07114289795078917
0,0.09013565,0.06233293,0.10249286325137957
0,0.08279597,0.094134,0.051805816044281916
0,0.1419906,0.12555788,0.1598605590991211
0,0.3512267,0.34100977,0.3444522253283171
1,0.08384197,0.08419021,0.07358266069907785
0,0.04735173,0.034148723,0.04951147222749864
0,0.096543096,0.07526331,0.10328354192026597
0,0.23366232,0.1973829,0.17218604415695482
0,0.14985138,0.16578916,0.15266304262361144
0,0.09764017,0.07960397,0.07991259792741469
0,0.11728768,0.12846825,0.1396963258882343
0,0.19094455,0.21822216,0.17491443690789302
0,0.10561791,0.04917693,0.08486996110607192
0,0.18679492,0.1827493,0.18445833309774834
0,0.03281723,0.02282771,0.03986566216253298
0,0.21340925,0.22576006,0.25091135318071967
0,0.055619024,0.0688135,0.08705234507521348
0,0.11868258,0.1319172,0.10441717803889292
0,0.120861195,0.09644627,0.08472533428044964
0,0.1271112,0.12876388,0.11719875552346593
0,0.15616675,0.18346685,0.13440676845649427
0,0.10776087,0.11910436,0.10592160587777588
0,0.041204523,0.034013107,0.0413795685645959
0,0.09932003,0.10689823,0.09563641192646545
0,0.122675076,0.11696706,0.12165777805446366
0,0.081119426,0.07256921,0.056463812904221984
0,0.08790916,0.08800423,0.1177341619333205
1,0.31829208,0.4103413,0.34082317294423087
0,0.08683012,0.08709097,0.10297943150348783
0,0.088799104,0.08250069,0.1069497137490584
0,0.13241747,0.10780776,0.14824426278580038
0,0.18734808,0.1864376,0.18986036484420005
1,0.036614552,0.039455928,0.03853495933904001
0,0.1295737,0.15529825,0.13308390507334356
0,0.07416941,0.066809624,0.08004189026657599
0,0.056389704,0.064530626,0.05302774954046422
1,0.1135721,0.115822695,0.14092997208675992
0,0.075110324,0.07074449,0.09666243004281265
0,0.10394861,0.09609571,0.08449653034360628
1,0.11782252,0.10055411,0.07135351679796671
0,0.047463823,0.04818952,0.04515631342114365
0,0.022268713,0.025499754,0.02156756950614228
1,0.09004225,0.09205924,0.11736498220634099
0,0.074901916,0.09077163,0.06519514506594404
0,0.14247456,0.21042003,0.1595521483236903
0,0.15396693,0.11840003,0.1457812825027791
0,0.10532693,0.0865427,0.11425567071015535
0,0.07267169,0.05983086,0.07365230071219427
0,0.25004965,0.23303273,0.23694295989872907
0,0.19493769,0.18949871,0.19163881818929407
0,0.0844375,0.07644851,0.1287266221545529
0,0.13229467,0.1151321,0.15952709817978528
0,0.0754231,0.07174697,0.07852965412377752
0,0.15607187,0.12969697,0.16709345469819337
0,0.088544235,0.07607754,0.07283951552829394
0,0.25817698,0.30958724,0.2710626130406959
0,0.14506486,0.14141718,0.14048405093272973
0,0.06252108,0.054730147,0.05967138167018022
0,0.062430058,0.052415792,0.04858425465786028
0,0.15074916,0.15923308,0.13858710583003586
0,0.05020555,0.042927694,0.04459649476578135
0,0.3468678,0.29551163,0.24411162682671797
0,0.08059888,0.09378471,0.11521053966636723
0,0.06401902,0.063454874,0.09261671420180731
1,0.1899948,0.23587702,0.22963282575327348
0,0.10067721,0.1009647,0.11351152885713436
0,0.06998283,0.06360785,0.05482316347332791
0,0.3064318,0.29488167,0.237693869150574
1,0.23106429,0.25059173,0.2167574257698859
0,0.061064355,0.066951565,0.06028347339257314
0,0.09868735,0.08196621,0.08425956366675591
0,0.08121269,0.072685175,0.07859628218360505
0,0.044352412,0.04741477,0.04472446683853295
0,0.043614656,0.04065214,0.04148649277953118
1,0.107712075,0.09634808,0.11940722887565246
0,0.09455569,0.069255516,0.09422438548025924
0,0.074093826,0.06805931,0.1038922686112559
0,0.049962882,0.04956132,0.059239272509278344
0,0.08021189,0.055141486,0.06774881462216109
1,0.4105155,0.44665253,0.3424161285512807
0,0.06291376,0.06151319,0.062104805027779056
0,0.052676115,0.046445254,0.06390214601428892
0,0.12431092,0.14041741,0.17385071768470645
0,0.13861135,0.16509295,0.17329532144850282
1,0.0767213,0.08566315,0.10802879264211353
0,0.27913564,0.26111302,0.28987357601214186
0,0.06575882,0.08832233,0.07753167957881807
1,0.06482071,0.09555849,0.062134086349534524
0,0.06793941,0.06797878,0.046108992404142596
0,0.044840723,0.04205848,0.028773243452235503
0,0.08051784,0.081463955,0.06635535453937778
0,0.116766885,0.12373285,0.1089178906736541
0,0.08406431,0.06550841,0.0992053713501388
0,0.08674298,0.080448784,0.09067613908895439
0,0.044624414,0.06107944,0.038102347366586575
0,0.061574705,0.053489547,0.06459643252637502
0,0.10159108,0.08684773,0.08495253574396254
0,0.06228867,0.06673566,0.06860370128844466
1,0.06195582,0.068282686,0.10504845130885937
0,0.033850852,0.036691565,0.028965978006106147
0,0.07215769,0.08269687,0.09691462138079655
0,0.104482494,0.13319251,0.11217348990900826
0,0.11719936,0.12402009,0.10361636783105523
0,0.06532851,0.047170676,0.08145344142588538
0,0.20972948,0.15863748,0.14970723054353613
0,0.116662644,0.12839548,0.10688312565443923
0,0.10223471,0.13733497,0.11685326224524693
0,0.15972817,0.14563692,0.11858189663032609
0,0.107936054,0.11535789,0.1701875597113371
0,0.10194809,0.124780595,0.09322126249201662
0,0.06459927,0.06921869,0.06416384646711479
0,0.11264253,0.11915715,0.12779095245849198
0,0.22724093,0.31010884,0.24879474714159705
0,0.12763074,0.12479583,0.11638286193178707
0,0.19268247,0.12859835,0.13646387449749103
0,0.091619365,0.10035387,0.09375017023107145
0,0.109115526,0.12932567,0.10682307549096702
0,0.068340525,0.07403936,0.057746353968889524
0,0.090925165,0.10066648,0.08776355615810329
0,0.060556374,0.06584705,0.053047679254421935
0,0.08790702,0.08210818,0.08027801470180529
0,0.12710458,0.12311675,0.11015264595157631
0,0.041146662,0.037653077,0.037257638115723274
0,0.048734978,0.044317763,0.06548968004824166
0,0.108197,0.08008297,0.098580901922525
0,0.1418634,0.12485985,0.10255225429212811
0,0.18210338,0.14387064,0.21455465841819785
0,0.117078006,0.13318741,0.11389757904919516
0,0.08923068,0.080874145,0.0864814803220318
0,0.09591309,0.103738256,0.09789677024074013
0,0.07215903,0.064308845,0.09276032979372535
0,0.07970629,0.09511064,0.08415496994815215
0,0.07723948,0.10592006,0.0682232004445861
0,0.079543814,0.08474456,0.10242897889812454
0,0.17318852,0.16819946,0.15534994271078184
0,0.10973831,0.09690645,0.10388516699462211
0,0.14173122,0.11969973,0.11822997600277135
0,0.10611772,0.11642736,0.10871846312746848
0,0.094164,0.06630036,0.10417519086266883
0,0.1507191,0.113902815,0.10324663509001585
0,0.14269017,0.13951348,0.1864026495577612
0,0.114247546,0.097961135,0.1277381737935498
0,0.13931134,0.13545366,0.11199605196320998
0,0.037780095,0.036506906,0.07272333344298237
0,0.028533854,0.03365228,0.017421972274545727
0,0.31781277,0.22429366,0.2861861946997102
1,0.23730515,0.23336004,0.18971149196240772
0,0.06646117,0.06710205,0.0872196435834634
0,0.079080835,0.08552835,0.09265684120342706
0,0.1339616,0.15810652,0.1258840273194789
0,0.15131602,0.1543149,0.15170063123403343
0,0.05299444,0.042202096,0.04254864636110976
0,0.24326037,0.28649643,0.21227832193821886
0,0.099517465,0.12748508,0.12813238931215756
0,0.12741318,0.084407,0.11692869593255613
0,0.10450851,0.122213505,0.11442188970962501
0,0.15281847,0.1340112,0.11939308302917609
0,0.11810709,0.11808769,0.11825769379851278
0,0.17612255,0.12684822,0.20513659155949557
0,0.1935882,0.21430637,0.1517750452186253
1,0.0881076,0.12370857,0.10027692346456027
0,0.16427469,0.21341422,0.16003148878856333
1,0.10333417,0.12908784,0.13022310927654768
0,0.14368096,0.1191321,0.14581942586224145
0,0.077271126,0.0950736,0.09679012723136629
0,0.10640577,0.08759753,0.0942561539399401
1,0.16492283,0.15309261,0.15284371052811793
1,0.21753764,0.19522098,0.16418903627064343
0,0.12078649,0.13220829,0.10140557878217679
1,0.18802692,0.21599722,0.19605127714495346
1,0.09071352,0.08480871,0.07113729101471941
0,0.24499543,0.1496839,0.19975156151484227
0,0.11328567,0.12757352,0.1460630002389011
0,0.06694245,0.066123545,0.06288464043143706
0,0.09964474,0.11642575,0.0994079261583734
0,0.06573282,0.046215095,0.03983288028762939
0,0.034616586,0.04063581,0.039786821760443014
0,0.089935295,0.09318902,0.10086926868761943
0,0.05891925,0.046193793,0.0457400988879273
0,0.06686793,0.09330153,0.0549079805203205
0,0.061162543,0.064787865,0.04669538345011272
0,0.19645068,0.25595155,0.21901212820640106
0,0.1101207,0.09880356,0.1182689635262174
0,0.062035985,0.065788366,0.0885974458584354
0,0.116921395,0.10323915,0.10534827419431168
0,0.07317549,0.080864325,0.08226771750940498
0,0.028640183,0.025434067,0.03092419634256904
0,0.10528354,0.07538425,0.11100068191520251
0,0.075221024,0.079103224,0.05614655415121067
0,0.11329732,0.09834872,0.10192781245541188
1,0.13695894,0.18446334,0.1692620936527014
1,0.14438835,0.17615022,0.13225663840365065
0,0.13864292,0.15125513,0.12488214889799377
0,0.12209013,0.09376634,0.08165033954669645
1,0.13033223,0.10168178,0.15678450259621943
0,0.1067769,0.13139725,0.11799801996081549
0,0.038766276,0.02606779,0.03510660204535882
0,0.06575148,0.0615713,0.05768666380016999
0,0.03643687,0.03249871,0.040630360145725
0,0.112350866,0.101635374,0.12117362572884863
0,0.13423176,0.17326255,0.15465006684828822
0,0.09785424,0.0887459,0.08239470341668206
0,0.045990963,0.03447166,0.04159896151338742
0,0.08294225,0.066774346,0.08685317909447901
0,0.09136423,0.094670236,0.07888841269480384
1,0.16203372,0.18235819,0.18780822695399862
0,0.172703,0.23070619,0.18369577465535222
0,0.08452992,0.1163174,0.12645789491863743
0,0.17644888,0.19500406,0.18599434166901666
0,0.11395192,0.14571208,0.1316637088562272
0,0.06947882,0.07314917,0.08160431007910578
0,0.18700476,0.2501763,0.2571296989894972
0,0.048910078,0.045252074,0.050672904335045
0,0.113841,0.1065305,0.1209303949629787
1,0.18716246,0.20515601,0.24301093649630945
0,0.053181294,0.047549754,0.047292641147421245
0,0.06633328,0.09212674,0.1091666339665847
1,0.16565335,0.14990672,0.1393040644448766
0,0.09865514,0.09750774,0.11629707981287245
0,0.084540404,0.07684979,0.10040706645612556
0,0.12562165,0.13748804,0.08831147130736024
0,0.6050103,0.57565635,0.5064727956748084
0,0.17095143,0.18503433,0.18110637014843928
0,0.4422856,0.46063438,0.3424511820863876
0,0.094357856,0.08349903,0.0645261068572939
0,0.12360413,0.11853607,0.09946054432080148
0,0.114191584,0.08918573,0.09050660127987384
1,0.075449266,0.06892846,0.07810922941855968
0,0.21356769,0.19350322,0.1759324724790227
0,0.07290688,0.054510184,0.057025805150691
0,0.26471364,0.2041369,0.1719348679006104
0,0.040532626,0.032500345,0.061565560653494604
0,0.047564115,0.049427945,0.0466083927861443
0,0.13885936,0.1797056,0.1876912641873297
0,0.13515896,0.12549137,0.16094531257355285
0,0.051364966,0.040220004,0.0667132602975563
0,0.032362044,0.041547455,0.04707016176327019
0,0.11905011,0.11353059,0.12580704416116936
0,0.059167914,0.058212258,0.07863022913291838
1,0.20170672,0.15764633,0.1916775354990655
0,0.14213347,0.14694957,0.14496890036026783
1,0.14390898,0.16416897,0.16169297240946043
0,0.07374993,0.070750624,0.1428007199353568
0,0.1551809,0.1778109,0.1150321485651053
0,0.04664438,0.03616952,0.029420914927660198
0,0.07727781,0.07388968,0.08966913060647957
0,0.058803003,0.058736634,0.0593090989053812
0,0.13209988,0.1123801,0.1503407483679374
0,0.04796125,0.048480693,0.03201738998329029
0,0.13481969,0.12735097,0.14379017501977767
0,0.06742041,0.0667505,0.062790830766645
0,0.079153515,0.077072985,0.06300996100319184
0,0.05883792,0.0677071,0.07697002101014032
0,0.1274933,0.12058158,0.1242527175098507
0,0.046946548,0.050900172,0.0592339920303146
0,0.16928597,0.17553018,0.14749111394985845
0,0.11864229,0.10004032,0.12174066327180912
1,0.17500032,0.17301287,0.21842736025420817
0,0.118986405,0.10694409,0.08057326642629865
0,0.06503092,0.062108245,0.0410728555279078
0,0.06337327,0.067720585,0.07666808433972369
0,0.15551054,0.17918225,0.16713968954793101
0,0.13550021,0.19913031,0.10414194089334587
0,0.13270465,0.14279966,0.12249953886671953
0,0.06700435,0.07674676,0.054724898495402824
0,0.1252837,0.08268743,0.10018452018268685
0,0.08922626,0.109602034,0.10758262349237895
0,0.121096045,0.1323427,0.13094312030535937
0,0.085949756,0.094870254,0.0778246049296546
1,0.1252534,0.11927967,0.14157371294087298
0,0.12079573,0.13956814,0.12656218512199355
0,0.04732894,0.055596817,0.05128094336377044
0,0.058800817,0.058287814,0.06977081230910558
0,0.20710096,0.22593552,0.19745108632708172
0,0.23452541,0.16608307,0.2249654311816152
1,0.13497443,0.12370287,0.14776228902419325
0,0.10534639,0.09406565,0.10364099711038059
0,0.08136927,0.092203684,0.07493096847630905
1,0.09213533,0.11713305,0.136412519773748
0,0.045271218,0.036668137,0.049008107624770834
0,0.14351083,0.14068873,0.09002565076677448
0,0.09137529,0.074166976,0.10197115432179621
0,0.067259796,0.07775586,0.0863344276929427
0,0.11501511,0.14251058,0.12828747144012942
0,0.23371981,0.22701536,0.2253790108642689
0,0.094945304,0.096644625,0.09877676972761124
0,0.18504453,0.21334453,0.1570511320864314
0,0.08683612,0.063671045,0.08171295523805805
0,0.03147026,0.021015272,0.028990519644051305
0,0.10766998,0.11668687,0.07970397671559733
0,0.08435054,0.06337645,0.06733594296900651
0,0.115943655,0.13641231,0.09381623944081428
0,0.0863645,0.100435525,0.10243291642729578
1,0.14303367,0.15387425,0.131982224020679
0,0.040680632,0.034156412,0.049247351091834826
0,0.08567188,0.08775831,0.09560823794739756
0,0.07817177,0.06524577,0.07256966326281723
0,0.047345016,0.047580354,0.035032574614568206
0,0.3357248,0.3016543,0.25674276964552956
0,0.05038374,0.039094705,0.06458206993563316
0,0.11249881,0.08632336,0.1169161899477938
1,0.22454774,0.18299642,0.19022192689789716
0,0.1317991,0.11390738,0.07926906465254896
0,0.12362341,0.10160818,0.15744030531426922
0,0.033738777,0.026750922,0.054983669437973656
0,0.19458579,0.17512764,0.1845161479947284
0,0.06871896,0.06429193,0.0677951012460721
0,0.067084126,0.083445184,0.08579566828561455
0,0.03825628,0.04872767,0.03928793339102037
0,0.10533542,0.08848643,0.10710858378929039
0,0.031108567,0.03641089,0.028964292648851673
0,0.06797914,0.08446677,0.06372106911725248
0,0.045170203,0.046334773,0.0579249820843147
0,0.04668634,0.05476398,0.05268175787654231
0,0.09164371,0.09926338,0.11080946315984191
0,0.14840756,0.17605235,0.14180219989570617
0,0.25192747,0.27355507,0.1670518543379711
1,0.07749067,0.0777321,0.07650559161853422
0,0.07716646,0.07718064,0.07638385562374751
0,0.071607456,0.06342492,0.047500774819456186
0,0.038707383,0.043120477,0.057258581696431554
0,0.26257658,0.23483993,0.1684425591665615
0,0.09059129,0.08287709,0.08807793805717125
0,0.07670435,0.074656285,0.07273592301612909
0,0.08940981,0.12577416,0.11535571131406754
0,0.08642547,0.093922324,0.06823306411759651
0,0.13064234,0.13206291,0.0978753933266981
0,0.053304948,0.06366047,0.05539500732098279
0,0.12178648,0.12481425,0.130946407819124
0,0.051267825,0.041989103,0.03319229774602946
0,0.0377167,0.038023133,0.0283504090878536
0,0.21335018,0.32765645,0.2553392947600547
0,0.104994945,0.093136355,0.08227414960354619
0,0.07478375,0.0545743,0.07120386878870308
0,0.107425585,0.12501414,0.09009820245833697
0,0.07010239,0.049493935,0.08462539326355274
0,0.23858249,0.18396586,0.17244344466849645
0,0.14682108,0.1684785,0.13905344575030046
0,0.15044159,0.13068902,0.18977195720677534
0,0.15018383,0.12566838,0.12939525686222028
0,0.15739909,0.13940525,0.176839798357971
0,0.0942088,0.087585635,0.07110388715196157
0,0.14189221,0.19235718,0.22997006001783019
0,0.10806036,0.13038641,0.10953067942682679
1,0.076042995,0.055533554,0.09635213743512672
0,0.07388531,0.07635117,0.0884539146884093
0,0.1268573,0.11182203,0.1002409818370727
0,0.08512719,0.08531187,0.08480014267559591
0,0.117583446,0.16403615,0.16484632174198538
0,0.045251258,0.06821561,0.09148775161601302
0,0.09837038,0.12723416,0.07888577477361998
0,0.12937707,0.1395101,0.09075626836958438
0,0.08208383,0.07136405,0.07689982864057822
0,0.056043938,0.059667207,0.045420237124850285
0,0.018929075,0.017862119,0.021047596238270783
1,0.11104409,0.10920976,0.09008891092042429
1,0.08984705,0.089182116,0.11338870926143138
0,0.18827733,0.18003458,0.15679292424942043
0,0.091642424,0.079694994,0.06960228278338176
0,0.14492203,0.13857818,0.07600219945557964
0,0.16375153,0.15356933,0.14255901164465049
0,0.14045738,0.08900508,0.169463095123211
0,0.049595844,0.050270487,0.0361824958477343
0,0.068733014,0.082084924,0.07723475086368216
0,0.16817413,0.18451166,0.16339401662222533
1,0.16534191,0.16367392,0.1298116796760587
0,0.0999187,0.115758546,0.08179168058759814
0,0.22042874,0.16422467,0.26666338384766397
0,0.14930007,0.19510734,0.19235092530045955
0,0.16404778,0.1272549,0.15556753227442313
0,0.06459851,0.04505178,0.0501013818974901
0,0.07657214,0.06319263,0.1080753760886654
0,0.124374464,0.09015677,0.09491992800425056
0,0.096699774,0.082234636,0.10917665701160105
0,0.07953858,0.076277725,0.09129610397862911
0,0.047005326,0.048383143,0.03284807900859063
0,0.489785,0.37125456,0.32183142172237994
0,0.04822797,0.046526637,0.04959945704727874
0,0.03536061,0.03994983,0.039703537999677255
0,0.11564532,0.14783262,0.1887507098427644
0,0.1046011,0.089040086,0.09180025246488108
0,0.31952676,0.3246455,0.2927591112083713
0,0.03234349,0.03027318,0.03982852161145988
0,0.12892795,0.12933135,0.16223382119943852
0,0.15063106,0.1566673,0.14566013967673738
0,0.099079706,0.12394796,0.10445659492761745
0,0.11239296,0.13669497,0.13387794215164298
0,0.10150231,0.09287656,0.116428208733089
1,0.13723965,0.2208416,0.24886438169556693
0,0.057231065,0.052949242,0.07390354255998902
0,0.039724417,0.04370732,0.035842395692062046
1,0.0650974,0.053678017,0.06886733922079487
0,0.15252623,0.16248755,0.10420206739470843
1,0.11245258,0.1127227,0.12571224037945816
0,0.13341087,0.13100252,0.1296036450820754
0,0.16242085,0.11738784,0.15324060665831032
0,0.12752983,0.14945641,0.135773344479539
0,0.08516935,0.083052084,0.10334609383373171
0,0.08445003,0.11485907,0.054280269996543395
0,0.16346718,0.17427175,0.22721373614756973
0,0.12613639,0.108452834,0.12097527998871672
0,0.07183197,0.10085279,0.14077933458837788
1,0.13227297,0.11208886,0.12421688887300934
1,0.11467289,0.13107851,0.11980934087378466
0,0.0938108,0.10660723,0.09625472744195085
0,0.03876915,0.033785857,0.04327428138545685
0,0.04515443,0.0371004,0.06176108956792085
0,0.07555493,0.06518663,0.07146510589489685
1,0.034640014,0.032549728,0.05954763665743112
0,0.104711525,0.08087278,0.14593300124391695
1,0.10038145,0.07184077,0.058332751096071056
0,0.152825,0.12927482,0.1701703174287594
1,0.07249502,0.06340279,0.08326620240292838
0,0.24343194,0.22558826,0.2451852647187895
0,0.104464166,0.12138756,0.1053075786898944
0,0.05133615,0.07714351,0.07874832998871317
0,0.08388117,0.07029441,0.08857487252979739
0,0.08292831,0.11351134,0.07656832508843255
0,0.10338371,0.10925769,0.13632996210842593
0,0.12861943,0.18428615,0.08788073452982921
0,0.03868396,0.036225922,0.04800611192274578
0,0.1338416,0.16799311,0.1411694392645831
0,0.24721888,0.37395447,0.22570192510499154
0,0.097803846,0.060009994,0.07845490668155894
0,0.04992125,0.041475777,0.04936643589877111
0,0.082325086,0.07994897,0.07868637077980455
0,0.15665823,0.106439106,0.13908925407502312
0,0.26253295,0.29159522,0.2785290832181236
0,0.08376146,0.0790753,0.07695081003791587
0,0.11242128,0.07810772,0.10806960243032745
0,0.14828509,0.12946925,0.1562982243616959
0,0.13392676,0.14677054,0.13245716163986487
0,0.07420136,0.056781434,0.07860785462420983
1,0.08177309,0.07708734,0.08138008877262677
0,0.10897356,0.11333869,0.08716582175602354
0,0.15553996,0.23774183,0.19228457061267587
0,0.0965605,0.085125886,0.07739768292841225
1,0.1256164,0.14255536,0.10712446763958139
0,0.2389607,0.2521475,0.2708272931187108
0,0.13669991,0.13544393,0.1285504671273348
0,0.062253926,0.050975434,0.05531651871207383
0,0.040180188,0.037776794,0.05269025636043585
0,0.08293801,0.07313096,0.09506179745496898
0,0.11484123,0.1091941,0.08455987274000569
0,0.1241459,0.10722309,0.1365363050508734
1,0.057863228,0.042697683,0.06750798290063949
0,0.038490333,0.03488604,0.032917268940619526
0,0.049580295,0.04304879,0.04262620988799149
1,0.48828027,0.4828949,0.2295820582735298
0,0.08008219,0.06881289,0.07109743614191201
0,0.06308225,0.08521783,0.08479038994610223
0,0.14961314,0.12023137,0.13715289877776407
0,0.083580494,0.07579229,0.07727253520407024
1,0.15382653,0.13816322,0.1311807384446817
0,0.2229475,0.39172095,0.19983254583447616
0,0.29122967,0.32081783,0.26962863671336484
0,0.09520285,0.11015355,0.12273787025721616
0,0.043564714,0.038786422,0.05393956180343657
0,0.086956576,0.088254794,0.042604316562245934
0,0.06627653,0.058161963,0.0354769128017272
1,0.19051687,0.22150324,0.20274412880047346
0,0.12006856,0.101791605,0.10592332450180027
0,0.16691318,0.16596256,0.16422171113860687
0,0.09753516,0.0686163,0.10067547061254284
0,0.100865796,0.09138986,0.1177581736555205
0,0.08176496,0.086134866,0.0865581185163751
0,0.07395026,0.09425543,0.06574937723946304
0,0.093499094,0.08554196,0.125778470070175
0,0.03943346,0.042258434,0.044704352155806974
0,0.07309523,0.08806111,0.08160573667420659
0,0.10942323,0.104354255,0.08042989882173457
0,0.14315741,0.1185358,0.139130592429811
1,0.113826826,0.1366466,0.1015934758324341
0,0.06753589,0.061470367,0.07195427351723108
0,0.14607365,0.111276776,0.13718313090626136
0,0.07805708,0.07801865,0.11371364748576589
0,0.07560692,0.089890055,0.11201938234578718
0,0.13070044,0.127281,0.12368377464214446
0,0.054616276,0.05869905,0.08938003145876308
0,0.1105567,0.08727999,0.12943663745032827
0,0.06128082,0.048346445,0.10563916066019634
0,0.120257996,0.12710595,0.10556534118318685
1,0.16727184,0.18510707,0.1603962371700196
0,0.11308057,0.106518425,0.09642742025808466
0,0.094120055,0.08812256,0.07107058377903894
1,0.061547022,0.05274028,0.05430279838337879
0,0.10023043,0.1234385,0.10986649739451865
0,0.47090197,0.504859,0.24767966424668486
0,0.05472129,0.04487781,0.053826115537055436
0,0.06488984,0.0473933,0.053109387272574894
0,0.16055647,0.16055353,0.12730170817803346
0,0.16947068,0.18358028,0.1491875214401041
0,0.065386936,0.07376187,0.06152372767659846
0,0.05306374,0.059131756,0.06965109211072651
0,0.08899113,0.09753553,0.06395809061584745
0,0.05908771,0.06242811,0.05426424636807475
1,0.14082387,0.11589919,0.12978159922763174
0,0.10130105,0.07821684,0.09054378761214431
0,0.06570439,0.059065133,0.049262599184860485
0,0.080045246,0.09045838,0.10765998594408652
0,0.031367287,0.032777116,0.029847133124017173
0,0.07571229,0.07616725,0.08844068407687877
0,0.08222292,0.0937479,0.13782403927835835
0,0.07281339,0.06477616,0.07938587953518689
0,0.04258327,0.028565113,0.042704592005729104
0,0.039136615,0.036098566,0.032844706344289605
1,0.42157516,0.49459988,0.35000495505783097
0,0.13511197,0.118366025,0.15134010008393564
1,0.17859907,0.16460413,0.23189862601427044
0,0.03377784,0.02746199,0.030958414225257237
0,0.19806464,0.18835227,0.13796776774256042
0,0.07016012,0.0733882,0.06555930679217348
0,0.08094093,0.06824553,0.06359150231339221
0,0.3011203,0.25327528,0.27610292974999284
0,0.17469628,0.1816873,0.16392689074975061
0,0.07422366,0.07071138,0.10835269218973569
0,0.051763475,0.04947701,0.05046727007913432
0,0.1387471,0.16090512,0.16469695102936424
0,0.081491984,0.11866635,0.08280194880847856
0,0.10380595,0.110909134,0.15604127268691964
0,0.11603035,0.16765055,0.09518186811620202
0,0.074795924,0.058539983,0.11413184703451179
0,0.036409605,0.041251153,0.04033092367579973
0,0.0787218,0.077525586,0.11363050996833202
0,0.043483913,0.026704734,0.03182269560217534
0,0.068560734,0.06196135,0.06828309174454214
0,0.1788878,0.21811385,0.18669520846152854
0,0.09624971,0.09940499,0.06626934138329832
0,0.07868954,0.060298823,0.06249815984924673
0,0.07135505,0.048510574,0.0621053922494166
0,0.06443747,0.060009625,0.051473700733781595
0,0.061992932,0.046697218,0.04781412199807469
0,0.090880506,0.10222053,0.06578815834473953
0,0.08746613,0.09078493,0.07985484390101633
0,0.1390879,0.15864663,0.17396560077200043
0,0.108630635,0.0917521,0.08788896692618113
0,0.11097141,0.10646251,0.14391709137946365
0,0.11669568,0.12147614,0.13953235275285897
1,0.1726819,0.1771278,0.13247476921597393
0,0.1508023,0.12273334,0.1270283250358901
0,0.16318041,0.15501747,0.1612504850068452
0,0.075502455,0.07220372,0.07529376685448973
0,0.2205377,0.23798957,0.21751014371344296
0,0.07178026,0.06833579,0.07750358645041003
0,0.27116346,0.27194294,0.22911591556049077
0,0.039455008,0.039128322,0.051002738445788065
1,0.08060364,0.07884235,0.10424949850633597
0,0.11908756,0.11251076,0.15519555313040403
0,0.11411636,0.10397683,0.14202747392946605
0,0.1672574,0.17852715,0.14328237970787702
0,0.07873912,0.07468884,0.07355995990878914
0,0.04470968,0.0346275,0.031312263832762255
0,0.13945766,0.14856058,0.1319396416512036
0,0.10524993,0.07264583,0.10813071796602843
0,0.077814475,0.09271928,0.0846880637015139
0,0.22135839,0.20813853,0.1673260588110896
0,0.110121585,0.14864679,0.13246727994351262
0,0.070628814,0.0858977,0.07672426966794056
0,0.051662568,0.050045684,0.034746934479137535
0,0.2467719,0.32660034,0.24543259711875645
0,0.12919453,0.13941498,0.18836565139360067
0,0.10259168,0.11679463,0.11091200999796505
0,0.22232744,0.286544,0.3052845180119542
0,0.09275088,0.12518114,0.11823713697134244
0,0.15231368,0.13061146,0.13533829303172137
0,0.33396575,0.28557968,0.26594302473710213
0,0.047389116,0.06444221,0.0825794493736331
0,0.23750414,0.18442331,0.22986300673575744
0,0.095945984,0.1029874,0.14101551485051864
0,0.21517935,0.19427854,0.1711415576024821
0,0.0925759,0.099737726,0.13001337147152028
0,0.20679423,0.21888782,0.2167496959983663
1,0.16914177,0.19498593,0.2156966754769171
0,0.06586685,0.069813795,0.07211190732376396
0,0.26035053,0.22703846,0.20167421682049919
0,0.091013454,0.07823101,0.11804120532150854
0,0.10089467,0.09929719,0.13369413645402903
0,0.19876954,0.2167681,0.17197597407525378
0,0.090444006,0.12957017,0.09770359335537758
0,0.13157119,0.109085284,0.1587400331709816
1,0.20549549,0.19645916,0.1964469526773883
0,0.058735956,0.06005183,0.04943445633351695
0,0.097139254,0.09649735,0.12607160397186526
0,0.17706293,0.2563006,0.22082353494287849
0,0.09140511,0.10263946,0.10722858630420772
0,0.11584873,0.100292586,0.12480342056336144
0,0.11680523,0.096990265,0.09230302591084219
1,0.17549038,0.19738592,0.17164394241710254
0,0.14241226,0.14210111,0.12207469628487523
0,0.033167873,0.037757136,0.04052250648815557
0,0.13974935,0.086170234,0.13234108493236307
0,0.037965238,0.037689775,0.0313474164828903
1,0.12697488,0.10686974,0.10432062255426362
0,0.09166721,0.07488032,0.09263169878790202
0,0.06994963,0.064670734,0.070480734047267
0,0.12078179,0.111275055,0.10475313605390751
1,0.13918611,0.19774346,0.12396167950457357
0,0.15707268,0.15618888,0.14206006762996615
1,0.1384205,0.13955934,0.15980546393506803
1,0.3051558,0.2697911,0.2494129449019457
0,0.13797444,0.15074332,0.12084815919384408
0,0.076680645,0.09789265,0.06711116506904875
0,0.10772398,0.081473984,0.07695182215122805
0,0.044992834,0.030541452,0.039115749590858485
0,0.04393197,0.045847423,0.029684822053351396
0,0.049885646,0.04255593,0.04781870892294942
0,0.07936298,0.08280939,0.13793490061862207
0,0.07122726,0.05623541,0.05688414760957975
0,0.07686603,0.0744652,0.05206832544387589
0,0.061028965,0.056227274,0.06998542435810048
0,0.10762629,0.110370286,0.10467406412459343
0,0.09620412,0.11341702,0.12632250196655648
1,0.15795755,0.22583236,0.2042667300725788
0,0.07288849,0.06578825,0.06417041518671943
0,0.10977165,0.08548743,0.08183562018657062
0,0.16639759,0.14756781,0.2584720752898081
0,0.17017043,0.17630656,0.15806581859920332
0,0.11626029,0.1300262,0.14256861910391225
0,0.30841193,0.23625782,0.23733930853177362
0,0.08509854,0.08515429,0.09607257083942089
0,0.12709074,0.130112,0.15516648548770534
0,0.10177388,0.11517,0.1612955905362215
0,0.07767038,0.07603607,0.0652943002828695
0,0.22553222,0.21373571,0.35855559085297123
0,0.039591324,0.03452398,0.02938065927097293
0,0.10687568,0.10868476,0.12395979784295687
0,0.1704047,0.17332391,0.18239831206515672
0,0.06966993,0.070295684,0.08576432545250495
0,0.19760603,0.13448155,0.13465607858791584
0,0.04430274,0.046690002,0.05659560557669017
1,0.21742816,0.22846869,0.2666051877454199
0,0.071656466,0.083729446,0.09557550047324265
0,0.18563923,0.18643294,0.12051318791910133
0,0.11535388,0.09681546,0.13821262195355172
0,0.13369472,0.115543045,0.14469440183322219
0,0.034975786,0.023095014,0.02965701785372568
0,0.13216972,0.1463691,0.12877244510909336
0,0.08904724,0.10227782,0.10436178019399536
0,0.13166422,0.13611786,0.11029854777000091
0,0.059140235,0.059430208,0.035891583079548574
0,0.087512664,0.08639904,0.049835781382946476
0,0.06830786,0.05646659,0.06664091867227716
0,0.18664669,0.16826893,0.14210345581103007
0,0.14021602,0.14900039,0.09083284150209281
0,0.06362615,0.10391967,0.07702854462631414
0,0.06552002,0.04956301,0.06875319047779846
1,0.24322203,0.18370041,0.23493675246243495
0,0.07193838,0.08744575,0.0807357842316646
1,0.09839341,0.08559637,0.09224791564354085
0,0.082049385,0.09310893,0.09512570353176153
0,0.04625215,0.04971123,0.051711128969445824
0,0.079947285,0.073801,0.06867588104132683
0,0.073995665,0.08006149,0.08982751296261457
0,0.051372968,0.08005566,0.06500406613611226
0,0.06158568,0.054095745,0.05264969884210974
0,0.08701902,0.09160621,0.10056286526664232
0,0.05032752,0.071745284,0.056988264263435284
0,0.04226124,0.032398753,0.0641558290422573
0,0.06613263,0.054907873,0.0841988066448107
0,0.107058965,0.16977057,0.1416609709045253
0,0.037849702,0.056210827,0.031046011110720355
0,0.090198666,0.09179536,0.07282369656117338
0,0.054262515,0.04304285,0.05625156733086651
0,0.10244372,0.08354361,0.09769747957013786
0,0.08865114,0.09302723,0.09967032141168161
0,0.0651415,0.077427156,0.07588532509952992
0,0.13130495,0.13154298,0.1563443762341436
1,0.2297898,0.23802167,0.22009837854676598
0,0.061881635,0.055327322,0.05300125070016529
0,0.15426949,0.15067264,0.15695278825634942
1,0.081079826,0.081101105,0.09381230657321013
0,0.09370825,0.15277244,0.11303213987080395
0,0.13986644,0.1616214,0.16680000658735364
0,0.121946044,0.102168635,0.1317431821638845
0,0.0556599,0.056259733,0.049273332137734
0,0.09295915,0.076261416,0.07446373918671252
0,0.15032391,0.14735302,0.14122891829327922
0,0.061322242,0.0669927,0.0511520676265011
0,0.07160903,0.07879552,0.09043387452373955
0,0.13938946,0.13353263,0.150605635887264
0,0.034290858,0.03910912,0.038555183738200376
0,0.16370575,0.12760466,0.1897901385672413
0,0.18762478,0.15712315,0.17454348235931455
0,0.14747678,0.13348608,0.1659794074770027
1,0.0590948,0.06372619,0.0659418034736864
0,0.07659008,0.08321161,0.06317940266540285
0,0.10207887,0.101100884,0.07478017277071726
0,0.18501894,0.18216757,0.16661622668004733
0,0.09308726,0.08565991,0.06194336187228806
0,0.19607334,0.20400058,0.18576267801641658
0,0.16411498,0.16616273,0.14993856781205409
0,0.05645116,0.06399959,0.05398891186921606
0,0.15188816,0.139509,0.1953649291795696
0,0.08928806,0.07291001,0.11033755801959341
1,0.057519898,0.0603126,0.0777380149073615
0,0.12103502,0.11008132,0.16455696669008824
0,0.11777484,0.14048009,0.13627186803494165
0,0.12293021,0.11514621,0.09394151562859493
0,0.05764315,0.05021326,0.03957025131263166
0,0.17719828,0.1377648,0.18209136029670106
0,0.11891827,0.11541335,0.13700916000952637
0,0.09674093,0.09201607,0.12754080331416
0,0.10792565,0.11160972,0.13846776755653545
0,0.090993,0.07662521,0.09908600648753763
0,0.13704142,0.1788474,0.14043712050236398
1,0.119200684,0.1294523,0.11247835330284227
0,0.11967154,0.12700409,0.12345467438751571
0,0.024587465,0.035073213,0.034719217439351205
0,0.088808835,0.05839113,0.06975102909168865
0,0.18651204,0.16019844,0.14279552904700235
0,0.117350906,0.08150342,0.12741609268950538
0,0.08696068,0.076944135,0.1165996262861686
0,0.22686774,0.1909376,0.23621358266728693
1,0.10912278,0.10710074,0.10624147255032373
0,0.05661564,0.051530458,0.07054810996591
0,0.1078062,0.10672791,0.11983821427933622
0,0.09358603,0.097492635,0.09065036937736565
0,0.101981826,0.084785044,0.11144248195843194
0,0.13149337,0.1041625,0.1179252287905762
0,0.13065898,0.114007846,0.1428417715761296
0,0.06247216,0.06532822,0.07295117506320423
1,0.12796818,0.13341159,0.12317431319790248
0,0.07781247,0.074246414,0.07208012862341069
0,0.07729571,0.07615123,0.07786497610040494
0,0.077772304,0.08651218,0.10214359578475159
0,0.15175359,0.11067609,0.1497814352899556
0,0.08453212,0.08821915,0.0634480019673508
0,0.085026376,0.113682844,0.10305074950240002
0,0.06823983,0.07090507,0.061810184922143796
0,0.07457619,0.082318544,0.09787332625070118
0,0.08408616,0.07208291,0.07974579479513737
0,0.0762383,0.085228465,0.07286929799438406
0,0.17659768,0.19706702,0.1484611901622631
0,0.12796086,0.11274531,0.10477195470412294
0,0.22668605,0.20315614,0.23649495020721173
1,0.15420692,0.14264578,0.12566673018019317
0,0.10169791,0.09326049,0.09196144182943598
1,0.110459745,0.096249044,0.13840577555006547
0,0.15505138,0.1532146,0.11540268569363361
0,0.06809075,0.078388706,0.07109869305991479
0,0.08668804,0.068964824,0.1340480843973427
0,0.14067957,0.13446417,0.16377845069811248
0,0.110645905,0.11987725,0.13465028290176145
0,0.15328069,0.17707095,0.1094904057270004
0,0.31140846,0.3438515,0.33349969024211673
0,0.1529996,0.1593949,0.11034647357324912
0,0.25787985,0.22505909,0.2339142220796655
1,0.49006987,0.47666132,0.3771160055527117
0,0.05101712,0.041988354,0.0424547107232215
0,0.052862,0.07474374,0.06502011262487276
0,0.13175794,0.097206935,0.19823347457222196
0,0.12004313,0.12750132,0.10507037741888457
0,0.11075369,0.10699123,0.11435444765157747
0,0.14632003,0.16051455,0.17530590060811932
0,0.06920147,0.06843394,0.08112419659602385
0,0.29661587,0.29680312,0.2585697349000363
0,0.025000118,0.019445747,0.023349198850263105
0,0.06491992,0.09287735,0.1148439934406476
0,0.036701594,0.034736257,0.04191567807596636
0,0.1257996,0.11395615,0.12019235229675272
0,0.180073,0.18776698,0.17718000550553523
0,0.037973125,0.036657315,0.044145903526749825
1,0.15817401,0.16401917,0.11425582301170904
0,0.26403627,0.2091959,0.17578058253749826
0,0.060417052,0.06874295,0.04832519311770489
0,0.06355157,0.05783672,0.06373850973294687
0,0.14571449,0.16590491,0.21739454736272776
1,0.12867811,0.11744053,0.10391162764351757
0,0.044372153,0.04107122,0.05610782573424105
1,0.19724375,0.23468046,0.16160808742365051
0,0.05608931,0.049739696,0.049263798059013174
0,0.10127288,0.10003107,0.10649122675973975
0,0.11059655,0.09858721,0.07436311067615753
0,0.0947877,0.11286849,0.09563235547871796
0,0.053275216,0.048649482,0.04614922095361028
0,0.09581074,0.08595217,0.07235206474659857
0,0.08088871,0.12425977,0.15440341232875018
0,0.24523832,0.17531006,0.19064790541217105
0,0.09453536,0.08652431,0.07364760604859795
0,0.112884425,0.12896414,0.12370816629666365
0,0.15105844,0.10152038,0.10668352290779383
0,0.110352166,0.117361665,0.0909583678969299
0,0.08396097,0.08634919,0.0817886296626055
0,0.06831213,0.0586947,0.06498761145873962
0,0.04416484,0.05999311,0.04493732436757871
0,0.085378624,0.075134575,0.08961111587945315
0,0.06312549,0.07858268,0.07244567355985462
0,0.15550388,0.15477093,0.1633714803389075
0,0.10337253,0.10306513,0.10754184204755549
0,0.23478511,0.19403516,0.1733742675175006
0,0.1021738,0.1328235,0.0796346869455049
1,0.05766953,0.061366692,0.07028863126152446
0,0.16932003,0.18182078,0.14718179734766063
1,0.13303125,0.13121162,0.12979576136836732
0,0.08566981,0.08887897,0.09670954892832656
1,0.08875299,0.1101784,0.10841570479860371
0,0.11626636,0.09726418,0.11561323169728421
0,0.08890324,0.056469504,0.05272725180830165
0,0.15552667,0.12898502,0.18432499180288217
1,0.11310406,0.111990854,0.14240668433599768
0,0.06117629,0.06311648,0.0866979691160416
0,0.10604915,0.106250994,0.10722596744318566
0,0.062106613,0.07362893,0.05363862802481957
0,0.14462423,0.17959803,0.15563707427754364
1,0.1724751,0.20223875,0.21687765120393712
0,0.11663263,0.12590696,0.1023171551378647
0,0.09527562,0.07635922,0.1264347207291528
0,0.11494291,0.11214208,0.10116995154257326
1,0.06767622,0.069089524,0.05552522456558668
0,0.17398916,0.15408362,0.14875585107408018
0,0.11482888,0.099956125,0.13060467825555827
0,0.12124194,0.10534987,0.11140788576154312
0,0.10494569,0.109859206,0.13179743700328894
0,0.20831905,0.22900064,0.21732407337996287
0,0.09506354,0.093815826,0.10916052940091656
0,0.12601374,0.15024696,0.11486562197380769
0,0.21185096,0.19958095,0.22047721247421473
0,0.12817,0.10266127,0.10644369336001039
0,0.095716365,0.13127643,0.10379628853136891
0,0.022714665,0.02411027,0.03847624729292186
0,0.17182302,0.2115665,0.22489495799167777
0,0.1191386,0.10872459,0.12224167837208101
1,0.22189103,0.27839223,0.21716690084436474
0,0.32166672,0.28678077,0.30939844326602506
0,0.14556347,0.1188403,0.11746472010980788
0,0.047365744,0.045979008,0.06496533187029033
0,0.054730948,0.048244204,0.057703590539478204
0,0.2736321,0.20691249,0.21371615813440584
0,0.18734114,0.20404503,0.16986332539021576
0,0.089954734,0.08352815,0.09945115202626212
0,0.112764,0.11211305,0.09560038633204634
0,0.113845296,0.110146195,0.1985968987008813
0,0.07274406,0.08198989,0.057715116184109794
0,0.116812974,0.13490354,0.1107956246881565
0,0.033320103,0.03378934,0.03317104807788064
0,0.08542934,0.06915612,0.07181728447215353
0,0.12221891,0.12622544,0.08154022086114794
0,0.10734241,0.10778698,0.05860920733654652
0,0.1899744,0.19236444,0.15756751441958547
0,0.08741931,0.079245195,0.05856173901113345
0,0.20896488,0.20763417,0.18047853775981884
1,0.10006041,0.13675225,0.11249200362799967
0,0.10835245,0.12132909,0.09380176899912272
0,0.29486427,0.24783465,0.19139430840588864
0,0.08206303,0.09030091,0.10661559742319411
0,0.17384209,0.19234961,0.1700694610267407
1,0.046189383,0.040782962,0.03999180754868942
1,0.095586084,0.08951554,0.08768431616201665
0,0.1408051,0.13295318,0.14250242846300165
0,0.107317135,0.10613682,0.10779402045945652
0,0.149455,0.17698911,0.1390800459210231
0,0.07169659,0.071584545,0.06672961959469093
0,0.16870464,0.1453214,0.16729580134622554
0,0.13250254,0.11331505,0.1583059100476489
0,0.12917624,0.10284894,0.10427909548117806
0,0.15837227,0.1342428,0.1761022838672688
0,0.15952618,0.15412936,0.1220768269901399
0,0.042816576,0.033793483,0.042221720339134954
0,0.17530797,0.21062157,0.1676067138394315
0,0.31405276,0.42573753,0.22400870539292683
0,0.10657642,0.08949854,0.09444415977099334
0,0.10551757,0.1009937,0.12152346654077399
0,0.1269016,0.13350387,0.12078587304943168
0,0.104484156,0.097908854,0.14539640420817665
0,0.110380895,0.13398014,0.10549742724193281
0,0.1306716,0.1346731,0.11709189115973313
0,0.09969162,0.10078582,0.1122321974364344
0,0.044138618,0.039322313,0.04184049169858246
1,0.1857419,0.18680577,0.1842008103161301
0,0.16804652,0.15920539,0.17578852297331346
0,0.05802939,0.069335565,0.051127773541548724
0,0.18059918,0.20761617,0.15654555007893267
0,0.27384064,0.2836152,0.237436344117917
0,0.0972508,0.12745118,0.14721506409798288
0,0.05183364,0.04770274,0.03767422681235454
1,0.19548844,0.17394426,0.19521551432326992
0,0.067702204,0.08846197,0.08226167899813154
1,0.08131842,0.074154794,0.04744326862165446
0,0.4648042,0.4250682,0.27800490271470674
0,0.06291934,0.06274156,0.08746232297890545
0,0.050714854,0.043837562,0.037109800789310504
0,0.09219177,0.08543601,0.07479935588560067
0,0.06255426,0.073614754,0.07176275916401317
0,0.0712514,0.096892856,0.06139112860191114
1,0.099588975,0.10239281,0.07144728662898168
0,0.12904277,0.09108632,0.09201531174911232
0,0.14395487,0.15143536,0.16738108527373252
0,0.051139615,0.043985292,0.0494061696924771
0,0.1130227,0.13435492,0.08331376155241589
0,0.14788175,0.15939139,0.13542988286529584
0,0.15997913,0.16756704,0.10175394616780833
0,0.10960368,0.114823245,0.12644669447036963
0,0.16585644,0.20281263,0.15739783447710898
0,0.122015916,0.10346366,0.09771836222665539
0,0.042845625,0.046035293,0.038753394316255914
0,0.12604159,0.12334638,0.15452098974207368
1,0.28069675,0.23998822,0.17607406021846114
0,0.10300784,0.120815575,0.11043860954571458
0,0.15365781,0.15005958,0.1255617627573691
1,0.122511394,0.11238872,0.10246294717224715
0,0.15648188,0.12341797,0.1270783577218818
1,0.26391184,0.27243572,0.28009424983581926
0,0.07738095,0.061275557,0.0719819715497971
0,0.15365091,0.16510263,0.16926559921697112
0,0.2035026,0.1332175,0.17212484414129892
0,0.049523693,0.052106034,0.07628626874782504
0,0.29838097,0.3159908,0.27155463936988566
0,0.12722792,0.13385412,0.16290378446233583
1,0.09701578,0.10493886,0.12352997989871019
0,0.06911434,0.078451805,0.05854402087968246
0,0.11562966,0.093813434,0.08058287136633974
0,0.13020444,0.15828407,0.17015586527071574
0,0.05225409,0.07548268,0.07767816854402138
0,0.06541733,0.073340446,0.07075141772088198
0,0.113944426,0.13327321,0.13120533498810313
0,0.08013587,0.10151759,0.0790650735589407
0,0.10445451,0.10433309,0.13140884105117737
0,0.082608566,0.06828021,0.06244189433086519
0,0.13284998,0.12299817,0.18055130127752775
0,0.05984613,0.05341561,0.04407236382765022
0,0.12183108,0.12799269,0.16556981785157715
0,0.06590975,0.052399535,0.1042034745004363
0,0.05007651,0.04523337,0.03590042345365746
0,0.14908014,0.12685095,0.15857674434426472
1,0.1395631,0.15765367,0.22495223963755553
1,0.16131708,0.15018475,0.13923626114628332
1,0.070916764,0.06462489,0.08040875514877183
0,0.1952278,0.17192884,0.1930785308689231
1,0.06494078,0.059362676,0.07790624879317552
0,0.22676356,0.18857493,0.2158206110483421
0,0.16811985,0.17356774,0.19634404386062534
0,0.11730777,0.104651645,0.11635880423528082
0,0.04499475,0.042261712,0.04801492162911637
0,0.1890156,0.20232792,0.21275856712266986
0,0.101417124,0.10606881,0.10576724487474533
1,0.10182167,0.097016826,0.11149754064576403
0,0.15130304,0.15833837,0.13629849545935208
1,0.15262164,0.15599282,0.15264073773604006
0,0.07762069,0.048268065,0.07704712344260851
0,0.12129458,0.12825239,0.19262937709122735
0,0.119887404,0.0983958,0.11029759745967661
0,0.1486405,0.115246534,0.1553395346951024
0,0.04041777,0.030420044,0.038162573452549683
0,0.031540427,0.029676536,0.042472454153010396
0,0.047393505,0.039084047,0.04943029666101731
0,0.05505101,0.061604377,0.06720517025156282
0,0.12988627,0.09686261,0.1494900769078118
0,0.08917849,0.07249922,0.08569441614647812
0,0.104506165,0.09782926,0.10372559022448424
0,0.0789144,0.07698543,0.0741768260024249
0,0.096636295,0.08695305,0.08131159918497867
0,0.26868576,0.2261111,0.20572130076954953
0,0.056183793,0.07841291,0.05129302964285866
0,0.14943773,0.13956422,0.1114788083989898
0,0.10438425,0.10770502,0.08914582374221781
0,0.112543315,0.12062842,0.13253590106691873
0,0.092586815,0.10303234,0.09647961053842928
0,0.07203315,0.116953336,0.08095318325348577
0,0.05991507,0.06386965,0.03570730738468077
0,0.06278177,0.0702866,0.0657456338671578
0,0.14070544,0.119627096,0.18388605932657404
0,0.055057347,0.053907897,0.06637831856696876
0,0.09234419,0.10688456,0.13401567884103788
0,0.1360866,0.15762194,0.14235416776205895
0,0.06645402,0.070060164,0.08137233646691845
0,0.08431248,0.08537868,0.09926256805240768
0,0.046297394,0.04376821,0.056508584913556516
0,0.08834579,0.10535785,0.10514185686974348
0,0.22233844,0.21239074,0.18379665081020274
0,0.093861416,0.09507289,0.07252527461820538
0,0.07345225,0.076391235,0.08253272164621918
0,0.093495674,0.09882624,0.10477819364900527
0,0.096305996,0.0941302,0.10885582093808605
1,0.23962829,0.24486175,0.2090899524290997
0,0.044373862,0.03843564,0.030100860583817824
0,0.12519714,0.10936084,0.10102224407788926
0,0.09055582,0.09118451,0.10892146916129708
0,0.050597347,0.05801896,0.05494943006174689
0,0.04035229,0.04309764,0.04403950946470942
0,0.18266682,0.23301479,0.16716258216775784
0,0.16226318,0.18276532,0.21205730929395067
0,0.0706669,0.06842536,0.09784775187429573
0,0.14542086,0.13823128,0.12732534945409246
0,0.14607197,0.13682659,0.12041771563420849
0,0.09743136,0.093724646,0.07676297360656884
0,0.097025245,0.1709474,0.17146036281875382
0,0.13434584,0.18529959,0.15568580821951744
0,0.13016896,0.1963508,0.1344016340063914
0,0.043227095,0.037186585,0.07172724573293487
0,0.05586104,0.08459109,0.07886210900253329
0,0.1471265,0.1329072,0.14452313500818242
0,0.07977342,0.08818855,0.10369758187857307
0,0.052504808,0.043741178,0.04920309212703129
0,0.07805594,0.08222623,0.1207810345086605
0,0.105473205,0.1317452,0.09387100875495086
0,0.058620438,0.072650455,0.09192317847895745
0,0.10039006,0.12165293,0.125926488288561
0,0.08536745,0.08486428,0.09087305965385166
0,0.1364874,0.14159355,0.11697294272207139
0,0.10381365,0.13360387,0.13111686689690322
1,0.060222868,0.039373647,0.05243203401341993
0,0.077286154,0.078154705,0.06474722152917965
0,0.13875501,0.1439301,0.1025517747098341
0,0.047437713,0.034931343,0.03914791572454887
0,0.11838447,0.102715366,0.08977487293145645
0,0.20986311,0.1951433,0.19143018897447842
0,0.15980522,0.18603991,0.19274643118876314
0,0.15715234,0.12975684,0.1264473753745917
0,0.2601545,0.2982446,0.2973062982312182
1,0.09128475,0.09606532,0.07616417726432732
0,0.09730829,0.1068277,0.12684619773239722
0,0.09548382,0.09545215,0.10240503838168322
0,0.2473217,0.22778648,0.16920118628686476
0,0.0730658,0.060936242,0.08541840104600773
1,0.08897679,0.0642852,0.08424682868606705
1,0.10639293,0.08563633,0.08809829536074602
0,0.114885196,0.14217317,0.1014810721474388
0,0.19196445,0.18397075,0.18570544703434405
0,0.065433815,0.058197055,0.06217004661706785
0,0.12951939,0.092272095,0.09072588618581294
0,0.17791498,0.14805967,0.1505299942196843
0,0.06344202,0.052869435,0.05884995630366079
1,0.036625754,0.044303305,0.04649264256575489
0,0.21667339,0.2315217,0.21229368002807564
0,0.04580419,0.047862336,0.03896309283837967
0,0.06653061,0.07823732,0.08921998930086782
0,0.122849524,0.20149992,0.17511627953088724
0,0.045117576,0.058495443,0.043066990150636274
0,0.0411939,0.035567038,0.045261321158419285
1,0.065022685,0.054801818,0.049995771450633684
0,0.1193163,0.08306881,0.142480079182602
1,0.0984835,0.07683626,0.12152060796323877
0,0.21937831,0.24503705,0.24170774794795302
1,0.063758016,0.07329216,0.051262609356372786
1,0.10513425,0.13236557,0.14228920553583504
0,0.046658874,0.03500604,0.07463353687785564
0,0.040689893,0.030700462,0.03553892334925036
0,0.12065312,0.12562442,0.13401470179158906
0,0.037823264,0.036450066,0.03195172141169085
0,0.085217126,0.0769178,0.10316656966511527
0,0.07246702,0.06034635,0.060516226586968626
0,0.099447586,0.08863484,0.12251514011759772
1,0.18638405,0.20175606,0.18067471430473456
1,0.54092205,0.64264387,0.37380559457189155
0,0.11541716,0.117395855,0.10413666656282418
0,0.0927303,0.106189504,0.10388090472566704
0,0.12429829,0.12845206,0.11592740742708472
0,0.08509743,0.068853505,0.08398778132429659
0,0.11532226,0.11974413,0.09409101950997897
0,0.035736598,0.030056419,0.0381805145163842
0,0.11756681,0.116212234,0.13645487140053544
0,0.06604194,0.059004523,0.0690076189956421
0,0.19099602,0.2241206,0.17898826087672817
0,0.051692404,0.046988223,0.055421797760292046
0,0.03542196,0.03770849,0.04155161193987465
0,0.057416923,0.07225882,0.07162238908516304
0,0.053128432,0.06193802,0.0826448674974105
0,0.070421815,0.08130711,0.0927676943029189
0,0.119533926,0.09488105,0.14089910702211633
0,0.1126647,0.089265,0.11164438526668721
0,0.10308894,0.13348478,0.15024161493498658
0,0.13248979,0.13374625,0.12259103599527699
0,0.15031318,0.13939966,0.15649690980574638
0,0.0910643,0.073477045,0.04176375084109262
0,0.08862371,0.09727232,0.06449401253996025
0,0.12599874,0.11684946,0.08667956413171338
0,0.12644097,0.09917676,0.16799916578372837
0,0.058103696,0.05062807,0.05151305772012795
0,0.11134009,0.08894238,0.13342866973474538
0,0.031538885,0.029949276,0.035224925361647536
0,0.069211565,0.08310023,0.10581699188852017
0,0.059816536,0.08921114,0.07637041053327404
1,0.097121835,0.09361444,0.125956598290929
0,0.0842274,0.106379464,0.07916781794938828
0,0.02793018,0.026774786,0.027362427804324144
0,0.23546751,0.23065355,0.2574871782055052
0,0.10636507,0.07813765,0.10258672480222959
0,0.0847932,0.10426351,0.06514283496916747
0,0.10171487,0.105602555,0.14428359672606694
0,0.19384721,0.14925952,0.17304389101566495
0,0.10644189,0.096241444,0.09106521280440062
1,0.14609738,0.10464289,0.10989171219743067
0,0.16211906,0.19056448,0.14974157493867424
0,0.12975955,0.13139589,0.1321332905199105
0,0.05235472,0.051657263,0.03193018332087501
0,0.08553136,0.08425618,0.155897017440855
0,0.08334256,0.07376384,0.08334138165535242
0,0.0921641,0.111850925,0.1287901198718813
0,0.17427328,0.20137818,0.19321736593918692
0,0.05937471,0.08227391,0.10144025620818185
0,0.1403569,0.16735306,0.1260344424927408
0,0.10092997,0.08443263,0.07129627145870365
0,0.09827953,0.101705335,0.10266119542656581
0,0.22024462,0.40429333,0.22975819665328914
0,0.06112368,0.063772105,0.0627331865721676
0,0.24847803,0.2719611,0.25864875165937096
0,0.16845073,0.17816523,0.17185437737320944
0,0.22240293,0.24546741,0.27346779409280453
0,0.13192917,0.14944358,0.12221401115660631
0,0.11295612,0.08335142,0.07320470352905199
0,0.1729495,0.1600023,0.15958606027820987
1,0.12773615,0.15641753,0.14497842698048552
0,0.14506662,0.20907617,0.15327992932410547
0,0.14660777,0.18908067,0.147417454785338
0,0.11703322,0.11684043,0.10683113543415396
0,0.10451599,0.08226226,0.10832820296337807
0,0.09758857,0.09226101,0.06948998071221966
0,0.128728,0.12876956,0.13648655930353726
1,0.1394681,0.16464214,0.11647571713822903
0,0.095656045,0.08286874,0.1253304832919647
0,0.10716062,0.101044066,0.11623873772186719
0,0.123038895,0.12436913,0.13613781155495036
0,0.12515649,0.103282996,0.14645580483297727
0,0.11230052,0.12560144,0.15633187430287562
1,0.10436776,0.089166835,0.1163271942115622
0,0.10706472,0.092606165,0.09228549984018498
0,0.25410533,0.25584263,0.2854694283079489
0,0.23304336,0.1364322,0.14239827981413064
0,0.04651845,0.052577704,0.05864899921571276
0,0.22943015,0.19053428,0.23393189285041457
0,0.08833617,0.11538399,0.12262524547687835
0,0.11970283,0.113007545,0.10506561063878357
0,0.055972654,0.052473098,0.06845314146051422
0,0.055682726,0.048179086,0.0571326108236166
0,0.08234967,0.0730403,0.07542490762283105
0,0.08327933,0.074829444,0.0782978443693365
0,0.16178685,0.16343676,0.15512053194256148
0,0.0838342,0.1124126,0.0907525647949931
0,0.09842841,0.07352923,0.08325321949908274
0,0.095740385,0.098490365,0.09078567303763035
0,0.08412546,0.0884971,0.08568788890496384
0,0.10285758,0.13340111,0.11824188367626046
0,0.047127925,0.0654737,0.04293232369467219
0,0.10669784,0.17272373,0.09836112159463477
0,0.18504691,0.1945052,0.14739764582384576
0,0.11202667,0.18674369,0.19445921400434898
0,0.05840749,0.054469623,0.05748547566936344
0,0.058849156,0.06728734,0.06955932012425617
0,0.08912906,0.08140843,0.07303318505384862
0,0.14507692,0.12303403,0.15095702814696957
0,0.15335216,0.1606077,0.12428141092309228
0,0.18527764,0.12102133,0.17590779244919993
0,0.14292777,0.10165053,0.12057478325191098
0,0.30016822,0.327851,0.255365651192384
1,0.09106012,0.09769165,0.08379242735884322
0,0.19370683,0.245744,0.19079774018098258
0,0.175632,0.19330026,0.21259310015935784
0,0.13557649,0.096191056,0.1431519814568849
0,0.114049636,0.09126478,0.11944177637412283
0,0.09028636,0.08423223,0.05751620736798677
0,0.19572982,0.2348455,0.17210802573772627
0,0.029523773,0.025695616,0.03453268100417419
0,0.13505693,0.18535924,0.15620079427061295
0,0.06500798,0.057997193,0.07147740793809997
0,0.49595654,0.45125547,0.43134185000008385
0,0.06255576,0.07539302,0.0542164900276377
0,0.1938261,0.18131015,0.2267706160296672
0,0.058556635,0.049823537,0.06448664853965594
0,0.13036828,0.09813514,0.11392003851385438
0,0.059517454,0.057941325,0.15282807028915216
0,0.212609,0.19806051,0.22287860230113374
0,0.045380305,0.048163224,0.051789653885176604
0,0.06433113,0.07480951,0.09435672175803854
1,0.20351155,0.21201377,0.17792870018755694
0,0.08972656,0.0892051,0.09512709045185157
0,0.08671785,0.096432,0.08570292739296168
0,0.19464073,0.18159972,0.24472613531411744
0,0.050258253,0.03886777,0.04707961846620045
0,0.12585276,0.11579128,0.20062353405786998
1,0.23170196,0.2671529,0.27374937846653125
0,0.030415978,0.027271975,0.03121024505320468
0,0.050105907,0.05948766,0.05866423189729935
0,0.052766047,0.044459652,0.04868225918337507
0,0.102732494,0.099374495,0.11459995203595999
0,0.10499275,0.079060696,0.09240411308217542
0,0.26787677,0.28361273,0.2828360807410241
0,0.099751554,0.08833907,0.08142311693264354
0,0.13310069,0.14167851,0.18334975222390687
0,0.2636019,0.26442727,0.21841896129556843
0,0.06804623,0.08385206,0.07700528488006547
0,0.19152808,0.2125697,0.1804796197127922
0,0.2480061,0.16980287,0.21229506715932223
1,0.13960093,0.09280548,0.1180909982736746
0,0.055268012,0.04930085,0.06946628878857536
0,0.072042584,0.0714972,0.06382152043631541
0,0.06081986,0.061878618,0.05194174132312599
0,0.062905826,0.066282816,0.04710503040307574
0,0.15203495,0.1661248,0.15774123046115612
1,0.082199655,0.07335304,0.04817960362402798
1,0.094245404,0.1069814,0.06698622484560805
0,0.028766584,0.026550753,0.027041511867119204
0,0.09572034,0.10236375,0.08852525571821485
0,0.06590074,0.07367229,0.07641589074275729
0,0.2730175,0.31453076,0.18817320677497013
0,0.10401709,0.0912402,0.09891941705348564
0,0.16236925,0.15144205,0.15642537315148447
0,0.130942,0.10422109,0.10929322348569663
0,0.108267196,0.09646614,0.09257448776994069
0,0.15194017,0.16259347,0.17301278976342405
0,0.11535829,0.09396292,0.07883228993483969
1,0.20548758,0.32974356,0.24370680002127518
0,0.15175769,0.14106803,0.09971105364371304
1,0.31434548,0.34881628,0.33493146495926707
0,0.07708777,0.06565348,0.07764969750026167
0,0.15244885,0.1547429,0.11918886057828268
0,0.05169509,0.033307347,0.05177488114577591
0,0.11286681,0.11188971,0.09987601607583702
0,0.11982682,0.10209339,0.10424879050560608
0,0.067588344,0.07605283,0.07559387436403056
1,0.12892962,0.13604763,0.11610942280254946
0,0.10970428,0.08776498,0.10622867403036984
0,0.06713065,0.0462975,0.04457996449519296
1,0.082396,0.07582397,0.10058465282733202
0,0.13585424,0.17590556,0.18191287237859396
0,0.04396609,0.04786551,0.03963938731922111
0,0.069235586,0.06692924,0.0781439997037016
0,0.12620214,0.10548049,0.11452391562915766
0,0.078525975,0.086854674,0.13340232888600892
0,0.09389764,0.1055931,0.09203237507112433
0,0.084724426,0.0798605,0.12774248809042127
0,0.100457974,0.082964286,0.058764645154601156
0,0.15694164,0.15239853,0.13126377414947696
1,0.3340325,0.4212442,0.26231963607268716
0,0.1386005,0.10752779,0.12829957201056472
0,0.14964314,0.14831606,0.14400376479758825
0,0.06348483,0.06674101,0.06246349721028377
1,0.10745839,0.14990866,0.08631374288532141
0,0.15207301,0.14561823,0.13379818125810256
0,0.1448836,0.15657963,0.15025165485453246
0,0.13487273,0.14887364,0.1383919659835729
0,0.15432374,0.13660382,0.15238182872409814
0,0.06494002,0.052975085,0.048296997162141336
0,0.062789544,0.06416595,0.061843733737629705
0,0.09435602,0.088598736,0.09097439393476044
0,0.07696756,0.0698374,0.08456631566551845
0,0.1573458,0.20516023,0.1845094384565421
0,0.25231203,0.18785186,0.23671094798234088
1,0.081834435,0.08710862,0.0732547719302475
0,0.16571802,0.16664909,0.17698644059213794
0,0.11655272,0.14890489,0.10262474631305445
0,0.15222833,0.13281591,0.14057195015727936
0,0.032170393,0.025628492,0.030068110830101174
1,0.32743323,0.21865787,0.19668475900680915
0,0.08645966,0.077052586,0.08654173961721637
0,0.11682906,0.09044028,0.11597212622157194
0,0.04171288,0.023749303,0.03797080184309185
0,0.108351074,0.09735294,0.10889190194863797
0,0.15750642,0.19280401,0.13145990189874956
0,0.14874375,0.15262602,0.10787983274954914
0,0.049076505,0.041259177,0.0420807048723809
0,0.21586862,0.18485884,0.17103529455019917
0,0.022319676,0.020223444,0.031075170900589335
0,0.23469554,0.3006188,0.20841658137337707
0,0.05678843,0.053580586,0.057549778408883055
0,0.12750912,0.14201672,0.14929680287493555
0,0.07164035,0.08684431,0.07089390326001707
1,0.053864893,0.03848095,0.06032626140971584
0,0.09178168,0.1262589,0.1285162029827795
1,0.12229549,0.11047292,0.1233497653265458
0,0.12936673,0.13440533,0.13376665984724828
0,0.047824636,0.036500774,0.030664244217682123
0,0.2538778,0.18587443,0.18247169393686005
0,0.046370182,0.04551322,0.0416762012154147
0,0.15538384,0.1437012,0.20558153010527808
0,0.09192783,0.0950579,0.10633791055653093
0,0.07092389,0.058904402,0.06850499961880069
0,0.029103938,0.026354363,0.011067604008687486
0,0.05591429,0.056412876,0.04876827599675965
0,0.07052638,0.062562235,0.06482581724082499
0,0.12214332,0.13301797,0.11448139352627511
0,0.13894556,0.15493244,0.11998697073072985
0,0.08833784,0.08956606,0.09231483564537342
0,0.22026351,0.21897605,0.14405849253364536
0,0.070940785,0.06517152,0.06265999621472282
0,0.16994593,0.15958248,0.1521111221538881
0,0.03314637,0.03311819,0.04392484020457396
0,0.08731675,0.0652876,0.09300511103222225
0,0.34448195,0.3000253,0.19960952303012017
0,0.07676838,0.069569655,0.051866945425339754
0,0.086533226,0.08977471,0.05323911455254759
0,0.0799193,0.066269994,0.05753922712636202
0,0.3037486,0.25984254,0.2572144615384757
0,0.11078861,0.12850314,0.1651688253867184
0,0.0638294,0.057024788,0.050557260792355035
0,0.16542786,0.15932782,0.16985771939271196
0,0.08639424,0.088560514,0.08460926340936333
0,0.113238946,0.074266456,0.08054584181396193
0,0.07409116,0.099240825,0.14837940475885433
1,0.10567241,0.12882222,0.13796241550731522
0,0.026815712,0.026633643,0.012538294241593884
0,0.092004396,0.091917574,0.07187277499768405
0,0.10903708,0.0951312,0.09039413010607548
0,0.11645115,0.11027347,0.09231994645100997
0,0.12254364,0.10998025,0.11405604170049714
0,0.028647004,0.02684711,0.04443233897452908
0,0.20372982,0.23127218,0.19502212902648158
0,0.080643766,0.111586854,0.11962528691471785
0,0.10732232,0.124009356,0.12770181725053042
0,0.0729918,0.07797531,0.08204450149908253
0,0.08792994,0.09040222,0.11259438448671176
0,0.084691666,0.116938464,0.15657617098634527
0,0.120922156,0.16917607,0.15440281069209089
0,0.15438068,0.15048173,0.1808234140184273
0,0.05640936,0.051582914,0.05267764527617348
0,0.06921721,0.077303216,0.07186954343755975
0,0.12411575,0.09402984,0.11995484402846916
0,0.09644907,0.09590267,0.13316506658909325
1,0.10303388,0.097483456,0.08980921254520217
0,0.08700794,0.08994665,0.08510904105557103
0,0.114840955,0.1002374,0.09876932689632241
0,0.06623533,0.073799916,0.04788644457940328
0,0.08191075,0.12513606,0.04471848644775814
0,0.12751144,0.13039947,0.10365830607525907
0,0.072173856,0.06296227,0.04457658880777663
0,0.07233679,0.074497476,0.0618026938475025
0,0.22098446,0.16944374,0.20649678578084402
0,0.20295733,0.23401734,0.20296859817535381
0,0.096898325,0.114192046,0.08318304927763126
0,0.26207104,0.25272244,0.19282808517229894
0,0.100627795,0.095671594,0.098440603511842
0,0.14256907,0.12033423,0.1214997917904679
0,0.10110189,0.094717845,0.10485397794258758
0,0.101787485,0.10758616,0.08643038142676827
0,0.064424045,0.061899196,0.05549509328701461
0,0.102883644,0.0769672,0.11623946003602224
0,0.18022282,0.14977114,0.24254649496569428
1,0.22322999,0.38116577,0.2514682113317967
0,0.10305393,0.12529786,0.10342427905109705
0,0.11578605,0.15077598,0.09905663819984031
1,0.11402302,0.16351187,0.11810302977040196
0,0.20308815,0.1867777,0.2033460441733227
0,0.068901,0.07256569,0.06920338533638973
0,0.0788724,0.06602463,0.11094154321791908
0,0.14765717,0.1517151,0.14106138140455143
0,0.08105236,0.07821729,0.06335747801291576
1,0.13285536,0.08848802,0.1355463958232998
0,0.17699338,0.13751839,0.15488635179027843
0,0.065429136,0.06007525,0.05345233564567309
0,0.24568124,0.19664441,0.23843621260848652
1,0.1816073,0.19046639,0.1687276773249315
0,0.053883847,0.0575692,0.061249244034513727
0,0.088101245,0.09150536,0.0776755590419197
0,0.11107886,0.13603908,0.1209355210465297
0,0.15570149,0.2108501,0.12749361114868976
0,0.07631348,0.075987816,0.06657820705949069
0,0.03554001,0.037004605,0.0398537753699274
0,0.13026333,0.114039935,0.12581810932928997
0,0.1655309,0.16920483,0.17074469398523254
0,0.0731747,0.053891398,0.10431223599647318
0,0.08466966,0.06184891,0.07530247340861122
0,0.078452155,0.077776566,0.08134943310363034
0,0.068570755,0.07463525,0.0988948963413309
0,0.064560585,0.051242206,0.05371500173308913
0,0.15866308,0.15470228,0.153744985809878
1,0.10999514,0.09234895,0.12165350966759664
0,0.16383019,0.12953055,0.17171005051141255
0,0.15276827,0.11717478,0.08170367131905172
1,0.107704215,0.098376125,0.09842524968451816
0,0.16336474,0.20497058,0.20866976479879543
0,0.095978186,0.0959683,0.09843283932055823
0,0.18203382,0.1822443,0.16032556100155537
0,0.05986022,0.045497023,0.051653937730303384
0,0.07120757,0.0720105,0.05995110705677087
0,0.14172976,0.11372481,0.1293223023774844
0,0.068691626,0.07219172,0.0916129487481308
0,0.09406951,0.0741645,0.07938787055071357
0,0.07948298,0.071916655,0.09275679071332203
0,0.078871936,0.096776,0.10739836436410383
0,0.07708128,0.078228876,0.08928550463271248
0,0.14278875,0.11326471,0.11844909378501103
0,0.09042907,0.104670614,0.0961268817813348
1,0.1398909,0.12886429,0.16993795748384827
0,0.12008926,0.15042028,0.1255309103114227
0,0.06980664,0.06802798,0.06392691418282496
0,0.105606176,0.07670669,0.11942108614558103
0,0.0816523,0.08087819,0.04779489734487697
0,0.12258435,0.09543794,0.11378201539953442
1,0.11319959,0.11112562,0.11830489545168027
1,0.12598501,0.108848825,0.12313925994413455
0,0.059380498,0.04054465,0.08374536591677202
0,0.12614459,0.124910854,0.11159322775069455
0,0.13636899,0.12418457,0.1475368155637134
0,0.11952149,0.14268091,0.12595635181591114
0,0.10113859,0.10494683,0.0827001337218746
0,0.12686272,0.11414205,0.15229695841411156
0,0.046588928,0.042970393,0.06907644998576035
1,0.050428912,0.04810072,0.04722966004032848
0,0.07715002,0.07238979,0.07281846494942351
0,0.09138247,0.08843079,0.09360302448162384
0,0.45538327,0.43752673,0.3575886581244071
0,0.12901714,0.15220295,0.1582664535173845
1,0.08244893,0.080965884,0.10493216247057392
0,0.07124839,0.058927573,0.09206657015419313
0,0.21759596,0.23560107,0.18409453120317237
0,0.06440506,0.046596747,0.08287949259598669
0,0.1299449,0.13079618,0.09704344353192054
0,0.11538112,0.110766046,0.16916180269627082
0,0.0937838,0.09633714,0.10289848735829381
0,0.09039265,0.08562857,0.10348306418116628
0,0.05622362,0.043953553,0.05398485905059489
0,0.09918966,0.11942303,0.12441023138999471
0,0.08872432,0.11266074,0.17839865033138602
0,0.022628972,0.031562,0.028111668188055886
0,0.04804362,0.043885566,0.050521774939430004
0,0.08305672,0.07054097,0.059397645514773195
0,0.1027388,0.08987031,0.0977191691438501
0,0.14375986,0.1309181,0.1461955864990068
0,0.12939204,0.10446539,0.12583879235769216
0,0.17082304,0.15284754,0.1939182202758909
0,0.19880451,0.2336105,0.1943597750145945
0,0.13302653,0.17384477,0.1801866506082332
0,0.121626124,0.15580046,0.10958250499855375
0,0.18829764,0.20068312,0.175493761046544
1,0.07729573,0.06843416,0.09511283095690101
0,0.11444923,0.12689903,0.1627055776523764
1,0.111854546,0.13010164,0.13006769228347628
0,0.05414695,0.04486238,0.0563111647378072
0,0.07020784,0.045142386,0.04946806272263724
0,0.19752294,0.2048386,0.21621027564236273
0,0.08954833,0.08672498,0.09622165185274954
0,0.13905133,0.13952406,0.1976919829440299
0,0.16163744,0.16234781,0.16718003599315703
0,0.08311958,0.120840326,0.12019460019957398
0,0.08452562,0.07991168,0.09589900408817047
0,0.17115435,0.15172894,0.1669918344456881
0,0.07397118,0.07655048,0.11269775951285639
0,0.06608039,0.058503963,0.0680332150534406
0,0.078593746,0.07174594,0.11379751495680682
0,0.10220585,0.12437808,0.13135397073183872
0,0.18335776,0.20597102,0.181437195961982
0,0.17116341,0.16339253,0.20584723653055081
0,0.113527566,0.14757583,0.1376099495568775
0,0.14165208,0.12070979,0.13189826927173603
0,0.10722145,0.12446074,0.08580759131899898
0,0.11726619,0.1503336,0.11171705464070021
0,0.19342478,0.2517708,0.23814389551630624
0,0.09003867,0.104630314,0.09803811058771746
1,0.51334965,0.34885764,0.37451456709536385
0,0.14647008,0.14128166,0.15028770465930713
0,0.12507859,0.10787906,0.11516024867724492
0,0.09797799,0.09495809,0.07680102551068844
1,0.21905904,0.17161186,0.22711318051465534
0,0.12317668,0.13138433,0.1081302073801079
0,0.1275869,0.10574349,0.08933763982911114
1,0.10342079,0.10507016,0.09535631316447725
0,0.08551506,0.10140404,0.07353046559033845
0,0.06286496,0.060175173,0.048920783323780304
0,0.098253794,0.113608904,0.10847521975228104
0,0.07368483,0.06471186,0.0923068953531554
0,0.115390085,0.19996284,0.13870805810360623
0,0.09233631,0.095317595,0.08816469435379096
0,0.14120401,0.13493837,0.09817931251901353
0,0.11032883,0.088379115,0.15377591693100431
0,0.05536407,0.09422701,0.07926944499026217
0,0.067254834,0.07548232,0.07645564931299745
0,0.06761185,0.07051598,0.13392489659912138
0,0.06317724,0.05154918,0.060624965749807885
0,0.09249806,0.09139679,0.09442237303802978
0,0.15759513,0.104706496,0.14288037004595688
0,0.05131667,0.06972055,0.05241450824887934
0,0.2643178,0.234204,0.2998049873872162
0,0.050300784,0.053721473,0.05021356341235364
0,0.14787889,0.15248223,0.14087855488198653
0,0.05164298,0.04850514,0.04997472074987842
0,0.23896413,0.21164393,0.17841633687216038
0,0.12183254,0.16501053,0.18750795006326149
0,0.19983295,0.1810764,0.15964720022469384
0,0.101800084,0.09278125,0.11207348383857531
0,0.033080634,0.042317692,0.029065388726733234
0,0.17605883,0.18847045,0.17313379563031697
0,0.112289794,0.110747844,0.09301320618439225
0,0.17399585,0.2292226,0.16125906097372886
1,0.18196407,0.22716829,0.1711296186882755
0,0.055235878,0.06351172,0.09282697624902422
1,0.120624416,0.17484622,0.10550888938044808
0,0.13499768,0.11377785,0.11854709147136511
0,0.18666011,0.17296726,0.18102366042330137
0,0.134935,0.14718112,0.19137104097166027
0,0.2020022,0.18708764,0.16457986239422387
0,0.10224265,0.10421515,0.11719548235110086
0,0.08928109,0.06508136,0.1320198386449529
0,0.10778398,0.09469258,0.11386717042378049
0,0.1394832,0.11764483,0.08620307601137418
0,0.10977437,0.086045034,0.07214691132885592
0,0.065966494,0.08812751,0.08254717873219719
0,0.11681627,0.117976375,0.1096021732566665
0,0.15229729,0.17440714,0.19853449564678113
0,0.11493297,0.12996884,0.14781008323789832
1,0.18617542,0.20744073,0.23092508906392192
0,0.11950687,0.1282737,0.09594090344221069
0,0.053847227,0.052568797,0.035054540124252666
0,0.049350165,0.05322509,0.07297854086142165
0,0.034853015,0.032753654,0.0373482939401359
0,0.14901003,0.1400374,0.16118513230062645
0,0.13802555,0.10010663,0.12266138707957831
0,0.18092571,0.13804953,0.15205689355325777
0,0.165401,0.19974455,0.15998020866909263
0,0.13176064,0.114598505,0.15439619311969122
0,0.12594335,0.1615651,0.1504849148781923
0,0.083571166,0.08438876,0.07335219644501169
1,0.08546772,0.07750318,0.1321196369453192
1,0.10030356,0.103400335,0.11839470233795531
0,0.082621664,0.08983288,0.12785962459122438
0,0.11369051,0.117346786,0.09812105309537897
0,0.092228115,0.08615688,0.11389546511184442
0,0.04267388,0.03960997,0.06528389358748317
0,0.10413799,0.09009526,0.07868935052013407
0,0.101565756,0.09214567,0.10654924791360332
0,0.14986005,0.12490456,0.12443046048044563
0,0.08099872,0.07011231,0.07134754968093672
0,0.1812455,0.12942323,0.1308791175565945
0,0.15706567,0.15057115,0.1265708552620684
0,0.09626282,0.1252624,0.10192851459585843
0,0.09649342,0.100997694,0.10107381606349777
0,0.08467293,0.09341411,0.10423829383663412
0,0.069556065,0.072480135,0.09340842162642604
0,0.13101706,0.13044527,0.11532916107320373
0,0.1590437,0.16046248,0.10533778782322684
0,0.18910679,0.18279971,0.1920713214107313
1,0.18489142,0.20929985,0.27578533726013577
0,0.05997172,0.051638052,0.08196789721150617
0,0.046039473,0.04364553,0.05174263740358187
0,0.20607685,0.23007967,0.2761529900555936
0,0.16548567,0.21071056,0.1688185610199443
0,0.22006132,0.2300022,0.2522164495853926
0,0.09517679,0.10217362,0.09141597812593286
0,0.18526782,0.1555183,0.13431656342914314
0,0.15037586,0.13526075,0.17843016856511287
0,0.118616685,0.10461629,0.11630690187022613
0,0.09610257,0.093800984,0.08648797087380991
0,0.04401312,0.046381578,0.047071780816021806
0,0.098365486,0.0736308,0.07860935608294549
0,0.042335726,0.036941778,0.025544771263473164
0,0.05415049,0.060258057,0.05206927333214779
0,0.09953565,0.10992691,0.07709729437514072
1,0.074065454,0.064313814,0.10760009186047333
0,0.08230003,0.091946535,0.08146881225569577
0,0.15003993,0.17190565,0.14537765575343636
0,0.13140723,0.14507113,0.1317608323660207
0,0.10719158,0.07370509,0.10336640734719309
0,0.02344045,0.023913264,0.01994114719696154
0,0.12231715,0.08946736,0.12669073503623485
0,0.11412886,0.13229679,0.15647424454646852
0,0.051223617,0.03969464,0.03742671286721331
0,0.16953537,0.19958614,0.15532374226422763
0,0.09144672,0.101753026,0.054540771579311545
0,0.062185537,0.056639727,0.05471917380418132
0,0.14208375,0.1819379,0.1199437086104356
0,0.05983324,0.06836861,0.06745581412541178
0,0.05863661,0.04881493,0.08184791039928285
0,0.050674386,0.042557824,0.04842370150476895
0,0.0925636,0.08643739,0.05095986168595374
0,0.10961469,0.07334381,0.10274343374582377
0,0.16585821,0.17620228,0.15597499337146853
0,0.15104543,0.14719264,0.10380173572609094
0,0.119238935,0.12433361,0.07569762799326261
0,0.10595533,0.07448203,0.12353140550101914
0,0.029829811,0.025284514,0.042856611370464925
0,0.157569,0.21103391,0.17410940047843798
0,0.078460045,0.07668106,0.05669155146510351
0,0.11386528,0.110544205,0.12010452661162703
0,0.1360176,0.13671924,0.11044541343185837
0,0.11374688,0.13283668,0.19217374099770798
0,0.11999848,0.1111748,0.11040437327231084
0,0.13327901,0.1233845,0.14251753226849143
0,0.06072385,0.06373936,0.07192191190243304
0,0.076919995,0.07215569,0.05734737936170449
0,0.20331816,0.2187675,0.24158435491717176
0,0.07061478,0.06057297,0.06828961434749224
0,0.11521347,0.08411023,0.09352037346872195
1,0.4458746,0.3768451,0.29482876518990403
0,0.09554914,0.098261125,0.0831690882636288
0,0.111208424,0.11460917,0.08798373417104062
0,0.054338567,0.053582177,0.040079451253463655
0,0.10164495,0.116716176,0.1115714079283798
0,0.19047531,0.20995358,0.1349926981962209
0,0.07046832,0.07186092,0.09208602652547399
0,0.14807183,0.14558679,0.11782639249652742
0,0.02494364,0.021239769,0.019010215587167978
0,0.03187185,0.04551727,0.05206277960318072
0,0.13861288,0.12065332,0.13631466961983765
0,0.08037326,0.063233726,0.06679808219385015
0,0.071191944,0.061689984,0.09131228641127608
1,0.11495091,0.085594006,0.14123395802266103
0,0.13125189,0.15674587,0.13927895059024265
0,0.04869593,0.055717852,0.04084850280241781
0,0.20824409,0.19145086,0.16513590672327041
0,0.0655594,0.04462354,0.09541787524778271
0,0.13859212,0.17393966,0.12972403532649115
0,0.04852476,0.05413802,0.054851374717954995
0,0.044880852,0.05124901,0.05494663767464807
0,0.108584814,0.089744404,0.07194019298245072
0,0.13225809,0.114239246,0.191353214078061
0,0.06661569,0.08364367,0.03501026855041386
1,0.1266236,0.1369413,0.1290905471831642
1,0.08410263,0.08368446,0.08363096166704218
0,0.06106465,0.061376456,0.08591610074307347
1,0.19698563,0.20328903,0.18953587645034903
0,0.069115534,0.06000703,0.05465220359818043
1,0.05631784,0.055749763,0.04910264084566894
1,0.13155763,0.11748319,0.1535982156187803
0,0.16599312,0.21000186,0.1442846221771759
1,0.08737375,0.089529924,0.10343723935114137
0,0.1451398,0.13637511,0.16551644850513367
0,0.07800154,0.076393284,0.09347433917675445
0,0.05547235,0.03865448,0.05295413739578431
0,0.2348857,0.22051686,0.18462757216348655
0,0.07879928,0.0685527,0.09298577731839969
0,0.05397853,0.051831543,0.07004159959721061
0,0.056047242,0.05801065,0.07223751552775516
0,0.16688964,0.18582293,0.1919492209466068
0,0.26198506,0.27528927,0.19923276323499953
0,0.06962259,0.08634622,0.098319432986948
0,0.207342,0.1686313,0.16082604662634797
1,0.2931107,0.23644002,0.2662842894184502
1,0.1964347,0.16776365,0.20540561523612313
0,0.12585841,0.12653288,0.11570976302061664
0,0.05407446,0.0521952,0.05290415056485245
0,0.18554242,0.15548897,0.2174592674598605
0,0.07312641,0.063762315,0.061164971132286305
0,0.13219158,0.16346548,0.11229133700047066
1,0.0929029,0.10316872,0.09539587018771781
1,0.12601829,0.14704257,0.1699147745819659
0,0.03208343,0.032251596,0.02199613812260596
0,0.19507296,0.18939002,0.16509412475796115
0,0.19623682,0.20227426,0.21608456734725917
0,0.12968817,0.14187616,0.12486220354612332
0,0.17087689,0.15214738,0.08383800386597542
1,0.1615981,0.18508962,0.1848267088890896
0,0.12113774,0.10301409,0.08263082389706576
0,0.1769977,0.13424465,0.16961835928965316
0,0.031581827,0.03302072,0.03296261002439561
0,0.061964754,0.060175963,0.07046978039068623
0,0.045901462,0.045896877,0.027261835316427563
0,0.039001487,0.043088067,0.04932783520251142
0,0.08434373,0.109061964,0.14796720974117927
0,0.11144838,0.11678957,0.13808234288753915
0,0.06003054,0.074964434,0.08190081303445537
0,0.10670775,0.076866314,0.0944469079843179
0,0.06048345,0.058223706,0.07880293033555508
0,0.084375754,0.09573535,0.11674730292605902
0,0.18809071,0.19233173,0.1571568353174289
1,0.13542277,0.15088367,0.12664339724348483
0,0.08054021,0.09608443,0.10295412457749732
1,0.34736088,0.2988732,0.30215246201102414
1,0.25659025,0.34047097,0.1798064513896065
1,0.12474105,0.14502527,0.1527712917004723
0,0.08080658,0.07858848,0.045087501302117305
0,0.08219716,0.0831744,0.07209813385678956
0,0.09828586,0.08387934,0.09688303635102523
0,0.09427068,0.08528915,0.10466212517334941
0,0.3591497,0.3431391,0.2315712076060999
1,0.16815986,0.14744858,0.14808504962199867
0,0.07835406,0.06974295,0.06574609618853867
0,0.1217816,0.11983097,0.13829845028378118
0,0.08894208,0.0969449,0.11104840569850272
0,0.1524989,0.17579198,0.18043965375784077
0,0.043672197,0.036918983,0.043176632238124256
0,0.06913295,0.06383413,0.08073205941698325
0,0.09045111,0.09052655,0.08600018215969499
0,0.046967246,0.044696383,0.05944839218583005
0,0.026464904,0.03495456,0.026090776991460115
0,0.0727139,0.07545642,0.059652004361203124
0,0.3982438,0.2543499,0.269082522791792
0,0.10141185,0.081447184,0.0976390249087029
1,0.08187979,0.06494379,0.07015030173756776
0,0.06290425,0.07118745,0.06074492251401484
1,0.18452689,0.18594518,0.19162078438390104
1,0.12467898,0.18400133,0.17966708236712373
0,0.13844402,0.14082684,0.11446200571586698
0,0.048233207,0.059029117,0.0342977118575864
0,0.39116827,0.47340417,0.31661349419377904
0,0.084671095,0.07198961,0.10053887857360357
0,0.03543504,0.029222425,0.0450082643025028
0,0.0403083,0.03254978,0.05123887164529824
1,0.10384402,0.14070861,0.128599547009913
0,0.14159103,0.13405094,0.1243232736727708
1,0.43526712,0.5018771,0.352694159629347
0,0.074387275,0.0695914,0.0716293295726371
0,0.06878056,0.07527341,0.06106755821250445
0,0.14531077,0.13584414,0.12572475861705404
0,0.19459715,0.23021166,0.22801808044044442
0,0.078815304,0.07508848,0.037739345768253586
0,0.046369083,0.042417057,0.05394981412944796
0,0.1325343,0.120862305,0.13868698925854142
0,0.28674117,0.26273146,0.24936119764419468
0,0.07117755,0.073800735,0.09833254433391503
0,0.051504936,0.050089385,0.03385394073186298
0,0.06402076,0.06358295,0.051642775357987766
0,0.15439332,0.15742885,0.14219163597531093
0,0.10330945,0.10487203,0.10199002580425444
0,0.080689654,0.08184728,0.09041013229794691
0,0.10598599,0.08410836,0.09480060329244992
0,0.08302121,0.09119281,0.06457639203759344
0,0.090755634,0.08038241,0.10949615040857538
0,0.058003616,0.060203366,0.06212746584578465
1,0.05847362,0.047772374,0.05944499988726083
0,0.1408087,0.15629873,0.17964493813517887
0,0.115697674,0.12780869,0.10491105365232017
0,0.057439677,0.055186074,0.06628602217935227
0,0.15816203,0.112977676,0.2184334616100998
0,0.1311528,0.13031903,0.1261259174768476
0,0.04653593,0.0526299,0.051568260382248265
1,0.3567521,0.3162231,0.3057370221070852
0,0.09621421,0.111127056,0.07505491173537455
0,0.062955394,0.06040928,0.0607861015509637
1,0.14442654,0.12574519,0.14969097536105105
0,0.31243888,0.28378075,0.2863975380448563
0,0.15516858,0.167727,0.1687796086734293
0,0.10499752,0.09157838,0.09590506310955767
0,0.1340279,0.13010013,0.15674890850728268
0,0.1574187,0.15477332,0.1599046486794287
0,0.0919986,0.07860538,0.0952729091036587
0,0.098267086,0.09008551,0.0790869288685254
0,0.046184048,0.04929096,0.05150834421058615
0,0.080800876,0.08128859,0.08631008342665983
0,0.09553973,0.10170677,0.08733077842410082
0,0.07215523,0.07414219,0.07509306417204145
0,0.10911984,0.086077966,0.1184899085911359
0,0.061403368,0.055860877,0.0426192752389334
0,0.047983594,0.060453348,0.06553745372843461
0,0.47255334,0.4434896,0.33097838532600415
0,0.06368388,0.092619754,0.08787703369338819
0,0.1573274,0.12349613,0.11076820581862229
1,0.27849582,0.31158438,0.3233540082356359
0,0.07981416,0.085978046,0.07235627666355025
0,0.10933762,0.08801409,0.12056154651994896
0,0.08078773,0.08774411,0.04619553242453502
0,0.12217408,0.11897169,0.08917023270141188
0,0.20934428,0.22208191,0.19587364010660296
0,0.10393173,0.096622415,0.13946425889323255
0,0.048819557,0.06981599,0.05263493734392841
0,0.12482326,0.115271404,0.1448093107544867
0,0.07415064,0.067465454,0.09664584090758849
0,0.14036034,0.15847036,0.11700698406410981
0,0.09184818,0.076412946,0.09573573945059709
1,0.052958824,0.0406831,0.04930922193678821
1,0.1146128,0.09037997,0.1269599727009974
1,0.25703552,0.27661178,0.20140895507452158
0,0.057220913,0.05884241,0.04157366921993358
0,0.08748861,0.09158236,0.07711339767437984
0,0.062928535,0.05643487,0.06657382395563136
0,0.31846017,0.289749,0.21068086786300003
0,0.064773664,0.059520286,0.06647370218656981
0,0.13738191,0.15797047,0.22736770482208313
0,0.080373965,0.071702875,0.07412941320374747
0,0.045160804,0.0677235,0.0560620398865389
0,0.09812388,0.094951615,0.12015377619668603
0,0.16351052,0.18756862,0.14740846699109936
0,0.05685843,0.05263426,0.05372161922629988
1,0.07157581,0.06487549,0.049176792146359595
0,0.18066221,0.16017525,0.16895174531868173
0,0.16152371,0.16088857,0.1784522004549766
0,0.09478012,0.09144507,0.12117183062207565
0,0.1599423,0.15992738,0.1128757543140409
0,0.177145,0.16631536,0.17794552070244668
0,0.12686193,0.17434709,0.15258359599249646
0,0.07222895,0.056277953,0.04457488685159694
0,0.14274086,0.14655022,0.13613268767657194
0,0.27388018,0.22099431,0.25735956187673853
0,0.047673743,0.040339798,0.02713658770787769
0,0.061184656,0.053649675,0.05525750098772305
0,0.07577951,0.06839893,0.05875096151196402
0,0.09669053,0.084874816,0.12094126458292676
0,0.06500048,0.06417546,0.06467388340909346
0,0.042633105,0.04278609,0.06936549861223543
0,0.319503,0.34585357,0.31892037515353727
1,0.0982523,0.09466198,0.07815164447366474
0,0.073610656,0.056628425,0.07650029815035538
0,0.18437828,0.15328784,0.17156868189639182
0,0.2534906,0.22184661,0.17423899769380358
0,0.09694476,0.08092436,0.0981099857553013
0,0.18448287,0.16993676,0.1565421907130639
1,0.11424689,0.10907767,0.13890253412969203
0,0.069971934,0.08339194,0.056508113294802084
0,0.059200216,0.06795091,0.03184006649523971
0,0.10982583,0.118522525,0.08607121466605998
1,0.074927576,0.06049691,0.06392292742617192
0,0.13227423,0.12822634,0.1458292203561281
0,0.115521915,0.10794609,0.1063700731851792
0,0.1961204,0.20868683,0.1877721986759653
0,0.074379265,0.0869536,0.12186014667644327
0,0.09889209,0.08139994,0.09665741619286634
0,0.089588255,0.10276544,0.07566715347144723
0,0.039940834,0.02918544,0.025870500153917318
0,0.11753652,0.13030039,0.15980382315671396
0,0.1486081,0.14933456,0.1442955539392766
0,0.128549,0.112846404,0.1217976361805714
0,0.15997328,0.19181615,0.22089820491304177
0,0.054805014,0.051081832,0.06023052316410284
0,0.08464071,0.064028956,0.08034616705393721
0,0.32596672,0.3259587,0.24299060337661904
0,0.1074989,0.10085293,0.144714033006423
0,0.045258243,0.04740443,0.03073631162585933
0,0.064237095,0.054494888,0.0924261804588751
0,0.10332525,0.061386846,0.07356503957192088
0,0.055728342,0.047071043,0.02714649939147079
0,0.11970846,0.11345951,0.08442385487073671
1,0.16274665,0.14563291,0.1489870206968082
0,0.12689339,0.1594531,0.14394787313156113
1,0.11024293,0.10797989,0.1480920920820529
0,0.13242178,0.13496226,0.1684275386289463
0,0.16672416,0.2038703,0.12587065157460917
0,0.14255668,0.2015456,0.20472912433886775
0,0.067392364,0.053171925,0.06840974677278547
1,0.172078,0.14557488,0.1608236406119972
0,0.20922965,0.24529892,0.16524906737149953
1,0.40779722,0.37743732,0.3574950572845375
0,0.12047371,0.14105444,0.11089451314920673
0,0.19828801,0.21980974,0.18025204211067555
0,0.14268455,0.14468805,0.11690722323189175
0,0.042666636,0.038561523,0.03199347129880602
0,0.22561577,0.19717741,0.16021571323962114
1,0.1216778,0.12737441,0.16094121206782605
0,0.10200831,0.09179325,0.07818179110654919
1,0.12980124,0.113311894,0.11379219858477704
0,0.059181783,0.07116624,0.05987197660777131
0,0.039581917,0.045412447,0.03903016703175148
0,0.11181607,0.10155383,0.12751193299256458
0,0.14588387,0.12717323,0.13595166217641833
1,0.06379975,0.048628822,0.07795383738304598
0,0.117526576,0.11750507,0.10616485118275519
0,0.044772,0.065876886,0.055400063052591327
0,0.02981754,0.03796614,0.04135698697330428
0,0.13489679,0.14676508,0.13068456007706145
0,0.097237885,0.10185312,0.09713797076469857
0,0.16481514,0.15573183,0.1625909683681338
0,0.037354715,0.03484337,0.04323507100810953
0,0.054487888,0.05620315,0.06463370489059846
1,0.1096542,0.11295813,0.08890679960243503
0,0.110510945,0.11226876,0.12904413111370025
0,0.072023936,0.081713796,0.09881383393694179
0,0.15969671,0.1054867,0.13207495913890707
0,0.08826765,0.08844904,0.08019021529734721
0,0.10830312,0.1051403,0.08669757044689795
0,0.10090793,0.114022255,0.1359743864153958
0,0.18641691,0.25357914,0.1559499083295301
0,0.114095405,0.11597196,0.14080640483005832
0,0.091542125,0.11210299,0.10296754889688885
0,0.08375955,0.08762946,0.08674805820627433
0,0.19301848,0.18643026,0.17650874059404423
1,0.17064294,0.19761845,0.20574506540191498
0,0.12235236,0.15596062,0.20059626907698552
0,0.19884636,0.28289908,0.2079093725710855
0,0.05091646,0.047402818,0.047444992517303906
0,0.051716298,0.04283393,0.044320308007992006
0,0.2160097,0.25095645,0.17518652029515575
0,0.08144034,0.07795858,0.06647265011757895
1,0.10717642,0.10512558,0.0815712872298813
0,0.120818526,0.10717572,0.09650500878891746
0,0.11307489,0.15264164,0.13222040275159921
0,0.1357496,0.1550475,0.15950470273130643
0,0.17377098,0.17009512,0.2047214223823901
1,0.1344234,0.124287136,0.15104561013193962
0,0.1142932,0.12772769,0.0889043976162727
0,0.093415566,0.078107946,0.08470092585694734
0,0.052835923,0.039286528,0.08487707011400697
0,0.03674247,0.036946952,0.0367355341652861
0,0.09723121,0.14913297,0.1436803877771483
0,0.13044812,0.1250175,0.11223064311232456
0,0.055570018,0.057732493,0.07811536939509876
0,0.11798185,0.11867073,0.1408282152543185
0,0.08703435,0.10528478,0.05930938573524597
0,0.08650641,0.0761998,0.06754732973056053
1,0.36291325,0.36547196,0.28866544076418943
0,0.2039109,0.17537212,0.20322003146784817
0,0.11043801,0.107200414,0.07298281410238056
0,0.06698835,0.07083323,0.0649752384333549
0,0.13232306,0.10221856,0.1491312425218343
0,0.13609457,0.12710753,0.14135738401840084
0,0.08024464,0.09595188,0.08119039400833135
0,0.051136803,0.060358584,0.03918118260167714
1,0.07367412,0.0681553,0.10528497449408901
0,0.15160409,0.15215644,0.12315725213200199
0,0.0389497,0.03320028,0.03221747440681741
0,0.058311775,0.062029134,0.10578535269252369
0,0.10316353,0.12656042,0.16455801535897738
0,0.09476686,0.090792134,0.1253491085544078
0,0.072683856,0.05459183,0.04834160159669091
1,0.07360485,0.0600348,0.08226369974735226
0,0.081291124,0.085825615,0.10045396197660902
0,0.06959938,0.07717882,0.09466737803183818
0,0.10345282,0.0964975,0.09652481604553488
0,0.20445514,0.19733468,0.2325710249086835
0,0.12658687,0.111888975,0.10662407094305494
0,0.19450273,0.18747349,0.21989748551176846
0,0.09492932,0.08736158,0.07135738673174837
0,0.042707905,0.042300344,0.04226073206878607
1,0.3556336,0.3228126,0.41480076705458807
1,0.0786744,0.07666628,0.08733368634345362
0,0.13532652,0.13409236,0.1016695553496608
0,0.11178496,0.10251377,0.128829139644575
0,0.14682989,0.14064695,0.1482371564867638
0,0.04681402,0.04575265,0.03989705093347496
1,0.14599606,0.15558694,0.10738602517086501
0,0.101142064,0.0597684,0.09494836986897608
0,0.09345026,0.08558322,0.10332657525698367
0,0.0948179,0.06899591,0.11683137597706635
0,0.0678651,0.047219336,0.06329452673213037
0,0.078752324,0.066223316,0.12322038469775111
0,0.07241674,0.07661183,0.07131434483854325
0,0.13403174,0.09845163,0.13624907959249474
0,0.08668783,0.08523186,0.06316272688070523
0,0.14433849,0.14218971,0.14223879198667938
0,0.10175259,0.10098232,0.07675197886161272
0,0.084307685,0.0767042,0.07782008665883956
0,0.1333829,0.12741357,0.1406331966265391
0,0.110383965,0.1068849,0.10067221695906609
1,0.1599689,0.1856737,0.14003407826142591
0,0.07104937,0.082505815,0.0642747230336951
1,0.3241156,0.28942588,0.3053949961177183
0,0.085827865,0.10109748,0.061344815759026866
0,0.08710293,0.08346472,0.0933765684566918
0,0.071150124,0.09966604,0.09056633251751682
0,0.05741407,0.03936884,0.059185595908245486
0,0.09185604,0.1001001,0.09369440751961793
0,0.051192686,0.05195511,0.05616960611474944
0,0.11208291,0.11349151,0.10596653294374492
0,0.11654768,0.06812934,0.10099250193023164
0,0.07998533,0.07719649,0.04913219410145792
0,0.11582614,0.104269624,0.09589754412774412
0,0.077316344,0.10091879,0.10917483992025112
0,0.1624185,0.13425258,0.1255515058754335
1,0.066018306,0.04638683,0.07063523496005437
0,0.07919608,0.07522119,0.062247089913485716
0,0.21872696,0.23028105,0.17032858218675045
0,0.11340436,0.14850305,0.1244208338927003
0,0.1539905,0.16159128,0.13146837494901625
0,0.045599908,0.044141687,0.06345839219067725
0,0.06738457,0.063102245,0.044603429079367866
0,0.12935661,0.12972629,0.1090207854965332
1,0.21061164,0.30577216,0.1888229492915597
0,0.14314412,0.08702743,0.20015586112069964
1,0.04481892,0.04291984,0.04418864099947069
1,0.08589944,0.08325121,0.0871852267564705
0,0.098064266,0.095179915,0.10300586324245785
0,0.060749754,0.067193694,0.05635141850417192
1,0.067045934,0.0659501,0.06679578833629375
1,0.053955898,0.047830794,0.05750057451016149
0,0.07207109,0.057278045,0.08051493421818376
0,0.11811946,0.12064049,0.16624279434193887
0,0.07044654,0.050729092,0.07774514117713202
0,0.37237084,0.33887482,0.22021422993799183
0,0.19411257,0.2098082,0.1880610088934873
0,0.052144803,0.048133247,0.05280695554078863
0,0.086834215,0.060084876,0.0676549956193373
0,0.18242928,0.17386425,0.16556906986555123
1,0.31838894,0.3975927,0.34156275474838155
0,0.12889262,0.10569992,0.14251215731836336
0,0.05007241,0.041252915,0.0538467719591153
0,0.05707076,0.051773928,0.048508150973354286
0,0.12085002,0.117080174,0.1328496546443856
0,0.21160918,0.19703251,0.21325174225933968
0,0.0812524,0.08512845,0.10360092706700058
0,0.1369357,0.0932789,0.09645717745293575
0,0.16852218,0.12443499,0.1844102762392478
0,0.09518484,0.087507546,0.09715204995041543
1,0.13325524,0.17295377,0.1468529124724203
0,0.14269686,0.13465707,0.1800686075452382
0,0.046039034,0.038980465,0.05712891907873765
1,0.06495998,0.06606747,0.07931420164389667
0,0.031718228,0.0335602,0.030306518141971932
1,0.19464253,0.19824813,0.19924976603708056
0,0.25567067,0.39918342,0.2569160653843761
0,0.12888287,0.11312468,0.12003871424722887
0,0.07345025,0.08224496,0.07443436071847007
0,0.039867267,0.055398036,0.04313913970721718
1,0.22226802,0.2838978,0.2239518438344944
0,0.17947146,0.22306858,0.20309302951438757
0,0.054711055,0.04904526,0.07529010028630057
0,0.12465797,0.10348287,0.10122452924604178
1,0.33321786,0.38830855,0.24035411151801717
0,0.06639285,0.06163568,0.06876972420229166
0,0.081619926,0.111304276,0.09681494109706801
0,0.14080545,0.16621374,0.16212011555173134
0,0.10402005,0.10827785,0.13215902858234357
1,0.05004997,0.048554767,0.04416907251982775
0,0.030459186,0.031867757,0.061337580136928686
0,0.16606942,0.18207529,0.10289140525850783
0,0.051305402,0.050598364,0.04240852095924848
0,0.032196097,0.02738675,0.030118455549744457
0,0.24203183,0.27981496,0.1861768779966146
0,0.094008826,0.07424084,0.0978435738578641
0,0.052279115,0.050441243,0.04310633759241474
0,0.1618202,0.15670228,0.1344525159701442
0,0.07156767,0.06465566,0.11353427120025149
0,0.048853345,0.052821953,0.07936059311074009
0,0.31704748,0.39800292,0.23342410788453022
0,0.17447166,0.16815694,0.19694680030159695
1,0.0639661,0.07213033,0.040053668142369346
0,0.086370975,0.106254645,0.08646015498160511
0,0.15261726,0.14631343,0.15871082066008504
0,0.10455024,0.08877373,0.0988659268814423
1,0.17439364,0.15142526,0.18284926223459122
0,0.09642188,0.105606094,0.16263776646742836
1,0.08623741,0.077328525,0.07571966862689176
1,0.20256627,0.21112245,0.2607793232985381
0,0.07956848,0.0782374,0.10708222290870394
0,0.086091466,0.117316835,0.10380741841299014
1,0.24027674,0.30431113,0.2628477602846593
0,0.056687806,0.046767283,0.05099581535042351
0,0.04035891,0.038617227,0.040088204372243946
0,0.07557621,0.12301622,0.08855090812873181
0,0.43458867,0.33601215,0.33459468229751443
0,0.06371187,0.06454607,0.07484253181357277
0,0.17305887,0.15810812,0.2200035208917599
0,0.080735855,0.07976068,0.10462099261156961
0,0.06433709,0.058590367,0.048993781754641225
0,0.04925812,0.04021332,0.03327673314738192
0,0.053678114,0.07341161,0.05023640347559644
1,0.09662909,0.08666266,0.09762630823141072
0,0.093529485,0.0663382,0.06574981999172276
0,0.08304637,0.07325148,0.07326443113437044
1,0.11903776,0.15212083,0.18228705336532058
0,0.045340918,0.042162497,0.06306090614656526
0,0.15894833,0.16844475,0.12503009577624272
0,0.07177913,0.10651343,0.08214656437580821
0,0.14962843,0.0978538,0.08829329292868564
0,0.21641144,0.25450534,0.1968372916537142
0,0.10885539,0.107165255,0.12858963353377653
0,0.092520796,0.083496094,0.09837345960689292
0,0.067729056,0.0669765,0.08224791715680593
0,0.09612032,0.10483508,0.1430197286631105
0,0.30318317,0.27120987,0.2693357523660399
0,0.081582755,0.06587289,0.10062642799626723
0,0.098633155,0.09876243,0.1143630179460129
1,0.09595436,0.10411205,0.12065179778035377
0,0.07563154,0.10771784,0.1572868202796563
0,0.2602422,0.21706763,0.21333121023584178
0,0.10317466,0.081972376,0.09245534700819773
0,0.09999564,0.13607275,0.13067662719076106
1,0.23662382,0.22275501,0.24598292557949133
0,0.10854399,0.09538102,0.13146792975264424
0,0.03622997,0.03285552,0.03528777455002697
0,0.06665858,0.065478384,0.05704171680167665
0,0.0853489,0.08714391,0.06168385834023149
0,0.11192145,0.10283446,0.07807195240475451
0,0.21621197,0.20943661,0.22865879113829649
0,0.057511147,0.051573314,0.04697915003204677
0,0.12501462,0.10671782,0.12700358960909627
0,0.12199925,0.09610482,0.08259426773232625
0,0.05860514,0.054201946,0.04996394556657929
0,0.048651416,0.058299787,0.06756364904202852
0,0.05217359,0.051057443,0.06621023583960342
0,0.1437273,0.14400876,0.12390864586887089
0,0.21651155,0.15993,0.16044439788443363
0,0.10937097,0.09451618,0.06785886248988687
1,0.115812205,0.1123165,0.14106246735433844
0,0.046751194,0.039525554,0.04287146129442641
0,0.081190966,0.067044355,0.08358357458885797
0,0.054551814,0.06355671,0.051510229713511366
1,0.064793125,0.06175192,0.047403606237906466
0,0.06535811,0.05135026,0.07099555170727555
0,0.050186787,0.045506686,0.039109029319499417
0,0.12872784,0.12001935,0.12583956581394407
0,0.07958318,0.09254684,0.0741567597966568
1,0.1739365,0.17012292,0.2545223410531739
0,0.12743637,0.12723424,0.1032367025130504
0,0.09308383,0.08622129,0.12451041598363115
0,0.06319634,0.051952187,0.0774154415091013
0,0.04247613,0.041043136,0.031129677524924466
0,0.10644375,0.101533584,0.10441605819941167
0,0.07484262,0.06407969,0.06474651529558893
0,0.051281862,0.04852186,0.062430608080114705
0,0.22185008,0.20272794,0.23682187032905938
0,0.069173254,0.059572604,0.07361456322547405
0,0.14341249,0.15838178,0.14990773027823692
0,0.055434838,0.05992519,0.08836611381004783
0,0.064943016,0.07140872,0.05736641067229809
0,0.1223921,0.12071585,0.11354087899635945
0,0.12313236,0.12288166,0.09446305696034688
1,0.10012952,0.078981124,0.09958619007277503
0,0.032711882,0.034522533,0.04355010680218132
0,0.15617865,0.16536541,0.1233479374139741
0,0.09843565,0.109033674,0.13201732650235562
0,0.04824208,0.043260988,0.038128694264280734
0,0.08475464,0.08230943,0.14978181964742787
0,0.09661983,0.10751217,0.10889441515807202
0,0.05380894,0.063810654,0.08246278976814844
0,0.24085085,0.20834777,0.23192945107881494
0,0.1125027,0.09447421,0.09638813122712103
0,0.053626012,0.049450524,0.06099526251946456
0,0.07285108,0.06661821,0.08282578968737377
1,0.09792212,0.08700406,0.07102275616228072
0,0.06395188,0.059535608,0.04184163198780576
0,0.073069245,0.07335897,0.05091499328780988
0,0.09953749,0.09959874,0.07309778862768568
0,0.0311756,0.028327595,0.0327869607168337
0,0.06542914,0.0702828,0.07875400936696969
0,0.27331606,0.23888263,0.26765117169658514
0,0.08969548,0.080817856,0.09131175147117909
0,0.10036214,0.13152303,0.09465294314692305
0,0.10141402,0.097756125,0.1057609118983121
0,0.093592316,0.10331858,0.11501165388849194
0,0.13392708,0.14715041,0.1734745372429449
0,0.043050773,0.024945369,0.04151674696963422
0,0.115310445,0.11257716,0.11264945089545338
0,0.0686248,0.052900016,0.07351799629537484
0,0.21953616,0.16653532,0.23124675176472181
1,0.30310577,0.26059645,0.23315928761097746
0,0.063018315,0.061047968,0.047494459031241026
1,0.11445549,0.117885955,0.18041144098768852
0,0.080818124,0.08266801,0.06381103684369378
1,0.054895446,0.04716702,0.05257117628936655
0,0.20647699,0.20981137,0.24006711082142584
0,0.105442755,0.11997835,0.06968455993980677
0,0.16409151,0.16473597,0.15832996320728773
1,0.05014275,0.059189748,0.06138500065923351
0,0.08684365,0.082438976,0.07010987132430908
0,0.15114367,0.15478504,0.11294292556985398
0,0.17482196,0.16979952,0.1543701943177275
0,0.056283046,0.060055625,0.061558645329566626
0,0.12280816,0.12629022,0.11978281178448216
0,0.09072247,0.071818106,0.09530139218331335
0,0.23807828,0.25639498,0.21061547812006473
0,0.04351373,0.05854292,0.06464092618461863
0,0.19795784,0.20854762,0.2325353371171504
0,0.08140964,0.07797407,0.08022579565562019
0,0.0709943,0.08096147,0.08795631118665002
0,0.13504149,0.11621568,0.13330419720292871
0,0.14272687,0.14682002,0.1342280094436488
1,0.20281531,0.264781,0.23788765794711583
0,0.0879539,0.10038718,0.09293719550074757
1,0.28425577,0.20102409,0.22149111484608394
0,0.10906661,0.13892195,0.12822881213394804
0,0.15437369,0.17717089,0.14540628684048687
0,0.2397906,0.17790294,0.19790855945040622
0,0.09054948,0.08886449,0.10506294236504443
0,0.040474582,0.029305326,0.04913528371500103
0,0.07439136,0.077853166,0.1255479347842857
0,0.05280163,0.069461055,0.05297366829952702
0,0.14461483,0.13263845,0.15490958485238324
0,0.047160774,0.037263595,0.0375318430098684
0,0.16326639,0.12583111,0.18604222573767476
0,0.11079589,0.093212254,0.12264775148001007
0,0.12061325,0.16288513,0.16138999963157424
0,0.08833897,0.10657469,0.0984123623104665
0,0.05486679,0.052773688,0.04170788976079961
0,0.11849277,0.09968876,0.11010787433818234
0,0.072372325,0.068825215,0.07099994254126571
0,0.09286134,0.07189497,0.09818302323431345
1,0.07311166,0.070235,0.06608905772663136
1,0.09236494,0.1525455,0.14471251630931523
0,0.04607226,0.05915883,0.0536770987788195
0,0.13539705,0.14863366,0.14046355697557783
0,0.04689276,0.06604685,0.059345958485826834
0,0.12466954,0.11979019,0.11033286554617927
0,0.09390385,0.06996917,0.093546952487198
0,0.11455668,0.09791856,0.11272969773709354
0,0.07111426,0.06709032,0.058328740654857505
1,0.11155966,0.104097895,0.1444364420990526
0,0.15148917,0.15953225,0.1950270470942679
0,0.07269933,0.08680089,0.10169820474420913
0,0.054147936,0.058167856,0.034702497687547795
0,0.0554552,0.06727739,0.06479456692291523
0,0.05373939,0.054612275,0.05462897779506576
1,0.10334447,0.08351341,0.1716519044691653
0,0.07769276,0.1164143,0.12693708397268227
0,0.16894741,0.16996972,0.1520599674558925
0,0.07184434,0.0736345,0.0576367479986379
0,0.08811233,0.11645154,0.11186432447825269
0,0.07745998,0.076035,0.08417686943829601
0,0.09992228,0.12484492,0.12376377025655004
0,0.09319626,0.061963774,0.09131758869471862
1,0.1589903,0.22160456,0.1635839977539899
0,0.038019907,0.02952132,0.04247507972420397
1,0.05347488,0.04208961,0.05718364230537882
0,0.07850662,0.07029193,0.11080558218175855
0,0.1959543,0.19440596,0.20479812803714842
0,0.04379502,0.03886926,0.0558201480101984
0,0.03706845,0.03190744,0.04008054507799858
0,0.14508167,0.12641883,0.13191518048148024
0,0.045893546,0.06660732,0.04249402381801747
0,0.13883094,0.1334563,0.10544596696661024
0,0.043330483,0.03688874,0.050165524776282784
0,0.067621134,0.06536537,0.07819547570415046
0,0.06388751,0.07052764,0.08357282783795394
0,0.20260647,0.23406598,0.17861769402452693
0,0.11228298,0.10328121,0.1398284659840875
1,0.10824512,0.14465244,0.14712238134524364
0,0.10545586,0.12351791,0.08913811501458506
0,0.10196914,0.10510292,0.11364549337072273
0,0.13193074,0.112902,0.18483528523727508
0,0.040474538,0.03881814,0.03218842473761646
0,0.044839777,0.039459452,0.06797997835493484
0,0.056196615,0.06674547,0.059929173433490524
0,0.12165126,0.10872056,0.12072310954771906
1,0.29044405,0.31764862,0.1545166420276245
0,0.08569803,0.0718655,0.09666383578422404
0,0.082643226,0.082614675,0.07621003783809634
0,0.04274493,0.041167796,0.03741510740576293
0,0.07065879,0.093594134,0.06958713608185185
1,0.23298764,0.17389466,0.2599181671964279
1,0.059347577,0.055630583,0.04888381742234199
0,0.23236747,0.17062871,0.20816005358932885
0,0.074777745,0.059189,0.11925674639098022
0,0.18909569,0.16813138,0.22820492725404054
0,0.16047546,0.1197618,0.1354744382305567
0,0.105545394,0.0910862,0.09683203057665643
0,0.1140045,0.1231127,0.15586525689577008
0,0.121255726,0.12914214,0.1257850837050131
0,0.044241223,0.04821187,0.07737451809010726
1,0.115587465,0.08854038,0.1376380663307023
0,0.18012398,0.20992324,0.16467383450381987
0,0.08215929,0.06925796,0.06929217278145884
1,0.24655797,0.26662663,0.19239601347631094
0,0.11177829,0.093126066,0.08036905845770047
0,0.061827276,0.06788049,0.07249786911752781
0,0.13508952,0.12980379,0.12716587363076595
0,0.06873921,0.049027428,0.07985909531016006
0,0.043685116,0.05144949,0.05280961558129959
0,0.041529324,0.053624224,0.062070167167422356
0,0.067661785,0.0743519,0.04685160892334924
0,0.113186695,0.13624325,0.14675737739982259
0,0.28012636,0.3031851,0.23577472002159275
0,0.20655861,0.16887823,0.23699298228706656
0,0.08054584,0.07091924,0.07791899643335837
0,0.0568532,0.06546461,0.05918997309157823
0,0.072962895,0.066226915,0.041963954920870655
0,0.04618895,0.039914384,0.05900746281786832
0,0.08957535,0.079830006,0.09938860403778413
0,0.1075908,0.11201543,0.12012714128795655
0,0.13177444,0.11733024,0.1340788044543104
0,0.111604825,0.09925966,0.1315305217648903
0,0.13330582,0.11367781,0.1179211989340241
0,0.2403096,0.23113774,0.23007816778530396
0,0.09843692,0.10940933,0.07492829735741992
0,0.06535266,0.07260819,0.08933221714521954
0,0.041704077,0.04592312,0.057995176708851716
0,0.043388404,0.044319335,0.03028159809455865
0,0.178519,0.13679314,0.1796141462667411
0,0.057550438,0.053110145,0.09467990888444802
0,0.07762356,0.08363665,0.10192553215400434
0,0.17997551,0.19775563,0.2022083925522918
0,0.16567421,0.15758672,0.1723975174691587
0,0.10193388,0.078436054,0.1372350788112194
0,0.21556516,0.23346844,0.21887836660333004
0,0.033468317,0.03254566,0.026974617655146832
0,0.084020644,0.0722888,0.09505263500839327
0,0.1344854,0.12534331,0.20384704660051184
1,0.13844915,0.15226795,0.16424562039578147
0,0.10089146,0.10185008,0.10552341879119112
0,0.20835394,0.21750101,0.2393534272506066
0,0.11618092,0.13707419,0.20126365215076997
1,0.07167775,0.08914448,0.10126989548788892
0,0.046779044,0.060312096,0.06168579445198843
0,0.040403865,0.037323814,0.04295367507510704
0,0.13147826,0.116340116,0.1383623826173561
0,0.08022992,0.07505345,0.06905286821138532
0,0.17327772,0.18404208,0.17020714664009906
0,0.03788806,0.0315349,0.040563018108589546
0,0.06284396,0.07978242,0.09667217480058223
0,0.13699113,0.12005333,0.11457613264489136
1,0.11375667,0.1375047,0.1446627844849508
0,0.21508978,0.25447565,0.19544840639917688
0,0.0732435,0.092761025,0.13213738309644113
0,0.12616408,0.10678416,0.108388501587349
0,0.12131931,0.10700545,0.13735560843291314
0,0.13757616,0.17951676,0.11693635736981833
0,0.07942732,0.07263889,0.08872199588212556
0,0.05967229,0.04435983,0.08715996691352297
0,0.09525147,0.071001105,0.10902881219438254
0,0.070094585,0.1086619,0.06497518969128845
0,0.088525265,0.12812993,0.12111255609797889
0,0.09552872,0.1120526,0.12782530005170425
0,0.09224066,0.078744486,0.0834037468055211
0,0.14527553,0.13718483,0.159041656003098
0,0.061375048,0.066078976,0.051462675088607586
0,0.075851716,0.07319481,0.06579208854809149
1,0.19869035,0.17403135,0.16137395421923162
0,0.11793557,0.10004666,0.10398296433610833
1,0.13334177,0.10565584,0.09638201814967017
0,0.085820496,0.07990071,0.0956138671180527
0,0.10296969,0.14401133,0.11813084558075046
0,0.20961936,0.22654364,0.22152983180617983
0,0.060193304,0.051775698,0.040568740129029994
1,0.15875266,0.145742,0.207550462687459
0,0.03168822,0.04041481,0.02934275789333097
0,0.022971675,0.020467555,0.02296230105103847
0,0.08860544,0.13661632,0.11777983608046874
0,0.07598281,0.06677961,0.06326129090290122
1,0.0767086,0.07284489,0.09366684017099146
0,0.102226876,0.097894154,0.09797526978526472
0,0.13535266,0.15017192,0.1595850164792176
0,0.083706826,0.072236195,0.08328965296112228
0,0.06453785,0.061743643,0.06622717782706762
0,0.10662967,0.09904247,0.11260635276868484
0,0.39306936,0.41793215,0.2910034976034942
0,0.11448038,0.08940843,0.0862236935986237
0,0.11135126,0.10892936,0.08021312103600615
0,0.18758446,0.19252154,0.2210815158603726
0,0.18471825,0.15557677,0.14920255818717582
0,0.16169426,0.20199329,0.13700990432602872
0,0.06298963,0.059168976,0.1016017401295787
0,0.07778835,0.07785376,0.09544053205198165
0,0.18817101,0.19885324,0.15521392782697602
0,0.10912274,0.09631681,0.10367719174513103
0,0.050921623,0.04354642,0.04227709072593325
0,0.023127332,0.018877301,0.022398470679905517
0,0.08859822,0.09015824,0.08763366479306983
1,0.07652556,0.06985679,0.0700477570031802
0,0.092762075,0.0909216,0.11169354973999886
0,0.050145242,0.04983283,0.04137893151512081
0,0.19397685,0.22394598,0.1953648435250104
0,0.16760536,0.15723637,0.22416511106229675
0,0.23875992,0.26062226,0.2701018711568405
0,0.049214713,0.050194718,0.04548779602695928
0,0.10244328,0.09622578,0.1229149498400234
0,0.075691104,0.08839403,0.0956537020533609
1,0.33328477,0.2817422,0.32026198508439235
0,0.07999605,0.1071138,0.08252478178056544
0,0.04289639,0.036617782,0.05964815865633944
0,0.21589552,0.22748367,0.21393016051199085
0,0.050157152,0.059588637,0.08910574035374755
0,0.04476543,0.044420827,0.08405106780084301
0,0.18034494,0.16874456,0.156542710212276
0,0.05348071,0.040786278,0.05411282444351184
0,0.13502155,0.13654923,0.15922898475408487
0,0.03838849,0.035176966,0.037832653780741916
0,0.104441546,0.10973213,0.07025070484550609
1,0.2094988,0.23525928,0.25852350062116414
0,0.081436805,0.065479115,0.06520324642119946
0,0.042978875,0.03888354,0.047441426714146105
0,0.16645966,0.13627437,0.1436846074731561
0,0.027894244,0.027418217,0.032144421885047944
1,0.18986298,0.1725497,0.18347567776760532
0,0.06484842,0.09716472,0.06979012869829153
0,0.19465406,0.17402306,0.19986343146550198
0,0.054149438,0.056688663,0.05327192361475613
0,0.17676091,0.15015633,0.18838886034265293
1,0.118942484,0.09878358,0.17180477240102343
0,0.159095,0.19580823,0.1849799421507271
0,0.06171376,0.05062097,0.05297328387864816
1,0.13546371,0.1317518,0.10341537670689048
0,0.13454278,0.1142692,0.12850763411266877
0,0.16191234,0.19087231,0.14936638217935472
0,0.10100994,0.09937901,0.11878134213150221
0,0.2386268,0.16861932,0.21462752935838927
0,0.15101959,0.13768531,0.12688254924370318
0,0.10966813,0.10672585,0.09754952332282654
0,0.096360974,0.08627661,0.10072146633074998
0,0.05343278,0.036999416,0.07422153527331149
0,0.49534687,0.37532985,0.4090996150990173
0,0.09576611,0.087636314,0.0776110693438388
0,0.0727538,0.0774226,0.07050860295610956
0,0.105643585,0.113383606,0.1049385496724108
0,0.07068021,0.04343285,0.046868927706932524
0,0.14441873,0.19037369,0.12042781212365737
0,0.13460715,0.11625619,0.12112079316038517
1,0.3189187,0.3320207,0.2656250667733851
0,0.13680248,0.16420023,0.13776108882981455
0,0.10756043,0.13570566,0.11454608102751569
1,0.18161143,0.23506312,0.1459754256366613
1,0.1711535,0.13171434,0.14316464235913579
0,0.08334495,0.08060093,0.10963199725195524
1,0.12734298,0.17128044,0.16940135042205715
0,0.095358446,0.0724412,0.08622141719869443
0,0.065585695,0.06847708,0.07776417171001489
0,0.10755304,0.090403065,0.1287008110625706
1,0.06658943,0.07079079,0.10561823890174324
1,0.10440155,0.09990839,0.1099906352123203
0,0.22257009,0.24835922,0.12078089952029569
0,0.19531488,0.16041921,0.20855423456766334
0,0.14643848,0.12080569,0.1393943202374708
0,0.2739581,0.21404517,0.2129742541530194
0,0.07764009,0.05218649,0.08917507785033864
0,0.07116951,0.073791355,0.07038047994093184
0,0.1088909,0.09833363,0.1643083689074658
0,0.05978842,0.05427897,0.04595800030221003
0,0.090561084,0.11093585,0.11826335351132017
0,0.06235894,0.05915217,0.05977484150853134
0,0.1250562,0.08898522,0.11279741556153118
0,0.05544433,0.06203843,0.05917370221613252
0,0.054959625,0.040677227,0.041703417271993726
0,0.13879998,0.11375938,0.12332774334534027
0,0.14714733,0.12948138,0.14666272951701517
0,0.07469592,0.07686344,0.07968442858027544
0,0.1397947,0.15509252,0.13436334281761012
0,0.1674077,0.16103356,0.1678480240168293
0,0.04806972,0.04551347,0.05118031857186859
0,0.18287833,0.16809222,0.21767100234939027
0,0.044419643,0.038371913,0.052461967138073384
1,0.22186616,0.25099158,0.18480813090939896
0,0.07260525,0.052970782,0.04422799927049552
0,0.101235636,0.10239285,0.10790082412571855
0,0.08647678,0.089064725,0.11580466969207215
0,0.08674635,0.07541985,0.07736450970731887
0,0.040721573,0.042131636,0.06387840481876626
0,0.26421472,0.3202479,0.24182452383702005
0,0.065285474,0.068114944,0.06835090821876422
0,0.075661235,0.07616493,0.07543994665773097
0,0.08437574,0.1106542,0.08002747408543612
1,0.16888656,0.18427038,0.16566833023106767
0,0.08123523,0.10280082,0.08278002273605913
0,0.057307627,0.067951605,0.057557842784459044
0,0.06661274,0.07162816,0.090219255451765
0,0.09334553,0.09026093,0.07452744252455462
0,0.04852779,0.048790462,0.04534344757477689
0,0.042199254,0.038310852,0.04803025514243544
0,0.08849838,0.08705738,0.057709322325278166
0,0.06260987,0.058594145,0.06518843097439922
1,0.12929878,0.09433221,0.11811301304143727
0,0.06876889,0.074218184,0.07434745922119071
1,0.14106616,0.16243377,0.1726958041506144
1,0.31382552,0.43481845,0.3136440908609307
0,0.04996456,0.048430555,0.04816703210445716
0,0.05122247,0.05399864,0.04908574617358888
1,0.059948295,0.05742139,0.04497829092574222
0,0.055496812,0.05237495,0.05262185151656154
0,0.12771103,0.10799195,0.10102393597619481
0,0.13626046,0.13383995,0.15960105056701515
0,0.21455276,0.17501882,0.25775258356467634
0,0.24315059,0.21225043,0.18477254465741932
0,0.0996398,0.08921429,0.09175694815912291
0,0.3161093,0.3761634,0.27842082465401596
0,0.078280464,0.073868684,0.08504769540143696
0,0.08872761,0.09220067,0.09760878426775295
0,0.08971536,0.09887818,0.12490750798595654
0,0.049611073,0.047325794,0.03954545114068604
0,0.0765242,0.09387239,0.09082522051581214
0,0.09527188,0.1178673,0.0927186839589239
0,0.08444843,0.11332154,0.10019232014753389
0,0.13042727,0.14082758,0.17517874092710115
0,0.059429094,0.07279894,0.07009485357471479
0,0.11137367,0.09716546,0.14812782913069708
0,0.03332263,0.037698682,0.04153366688302169
0,0.116944715,0.13501509,0.13267897015852603
0,0.06486677,0.057451043,0.060247514881765815
0,0.08228035,0.09280241,0.0734197708244704
0,0.1337493,0.11868567,0.11344304198779825
1,0.08777815,0.076372795,0.07984905698741099
1,0.082129665,0.085606165,0.07694128494308262
0,0.33302394,0.3282027,0.341807376247909
0,0.08004219,0.09574879,0.0812853456592509
0,0.1192238,0.10984074,0.09798202901726744
0,0.11604255,0.10360029,0.08970245898176267
0,0.11847623,0.11592367,0.09430505593035289
0,0.08521049,0.08406293,0.0875013930208652
0,0.04096116,0.031006875,0.04597137300560413
0,0.11409652,0.11444443,0.13399346561800526
0,0.11463562,0.08445625,0.12739281303242686
0,0.088628836,0.09349592,0.09305001782488799
0,0.1262019,0.11463761,0.10305899534268242
0,0.11606127,0.118552595,0.1127602219257002
1,0.09874269,0.10124502,0.09228724822847072
0,0.056805395,0.054737695,0.06745725413262786
1,0.22763741,0.19315264,0.18396924347261678
1,0.17796351,0.27118966,0.2546671721063872
0,0.11884865,0.08651578,0.1215203975405737
1,0.15943637,0.12200879,0.1600563755620362
1,0.18788047,0.22626421,0.14164789810535955
0,0.09255763,0.054387398,0.1000247293102982
0,0.058023747,0.07487216,0.06965028806891035
0,0.095355675,0.096166216,0.10545103566615566
0,0.048757605,0.05599769,0.08758464318127027
0,0.12529854,0.12780637,0.11572830780856713
0,0.10586697,0.08848062,0.15462324375350864
0,0.20574212,0.1754403,0.17083667108776981
0,0.033559944,0.029774519,0.01298130239554602
0,0.15004301,0.13321826,0.19026217751279345
0,0.058869362,0.052880984,0.04042281059822341
0,0.10929426,0.14323917,0.13717630630206137
0,0.18531936,0.16552207,0.21143582509631637
0,0.09103637,0.09199828,0.10478265472312051
0,0.12333942,0.10829072,0.09815666247117412
0,0.10420992,0.09374381,0.08967496057496832
0,0.10778288,0.10455924,0.13646888939718368
0,0.23080945,0.25596216,0.22575690995901146
0,0.05266196,0.06856203,0.055197092862140876
0,0.09103961,0.11402256,0.07329430473656035
0,0.25615585,0.20835833,0.20656254264730442
0,0.13864248,0.11876188,0.07403434048650638
0,0.11839714,0.11037225,0.14527374904168958
0,0.05827449,0.056830462,0.070283310299794
0,0.10409075,0.09313366,0.0763508565374725
0,0.12084849,0.12435966,0.14949450484540835
0,0.08815627,0.07833868,0.0836938156876304
0,0.0845524,0.08271228,0.07038947323159042
0,0.08122055,0.08450775,0.0684331503157523
0,0.035232637,0.0364048,0.041425524896524776
0,0.18079868,0.16922313,0.15749745497769108
0,0.10294611,0.045601994,0.09584064823582077
0,0.05245441,0.050127696,0.09493318001580045
0,0.22885443,0.31939885,0.22273674113231487
0,0.077828415,0.09095205,0.10537643263718607
0,0.2197691,0.25366244,0.18094605554719045
0,0.10437092,0.10679103,0.07933651864444907
0,0.102724515,0.11084833,0.10306974710913712
0,0.13575177,0.10937601,0.10843148689730703
0,0.31779006,0.31583774,0.24833634795833892
0,0.07431025,0.07758066,0.06865299714082615
0,0.10262957,0.11318971,0.08834548010350866
0,0.09068589,0.08223523,0.08945002213694635
0,0.11905319,0.10955376,0.09815134394367028
1,0.17759912,0.20474191,0.20028994105717113
0,0.074413806,0.071939446,0.07138382446254454
0,0.048397645,0.05751505,0.040667797155723814
0,0.25299615,0.21606314,0.208579398740544
0,0.13886833,0.1474745,0.12206462877092762
0,0.052784067,0.042160906,0.04577930289823827
0,0.13947324,0.13089173,0.12970004046588526
0,0.19114713,0.20228823,0.18554764983239702
0,0.08733863,0.09511544,0.09879271397783707
0,0.09902713,0.12027361,0.09187254024798158
0,0.12470313,0.13169281,0.12789360098370123
0,0.109470546,0.16681099,0.20914220475951045
0,0.08599062,0.107012466,0.10482297331785148
0,0.076181374,0.084674016,0.07357490983678654
1,0.18822318,0.19229893,0.21262492849324358
0,0.26653528,0.24389237,0.194865057609921
0,0.13650562,0.14877324,0.1251759264649105
0,0.07332964,0.08677637,0.10556114273849854
0,0.073769055,0.07812161,0.054271293355106
0,0.04768967,0.04885705,0.03657502916843507
0,0.13404675,0.13629143,0.12292147787335463
0,0.20151232,0.15189286,0.1823798268808349
0,0.09275928,0.08189994,0.10977346401443058
0,0.060969982,0.05759337,0.042632979594146025
0,0.06356289,0.07367061,0.059912514207624515
0,0.1859859,0.16915816,0.12681891611573756
0,0.048900053,0.050974324,0.08221634446242496
0,0.117903925,0.13041158,0.11539335635607807
0,0.13662553,0.09334077,0.08653674842143791
1,0.15419348,0.14794686,0.17501656530134907
0,0.21938485,0.18415518,0.21892735676646105
0,0.046067405,0.054952223,0.0669515947050068
0,0.08034089,0.07728233,0.08438489635857117
0,0.1373684,0.108623795,0.1141943445926658
1,0.052514497,0.03477095,0.06758876496251501
0,0.06883869,0.07054007,0.06754489961249456
0,0.11287304,0.081683554,0.08637550591144826
0,0.079654835,0.080720305,0.07866362340788775
1,0.1200151,0.13188913,0.14253802396867982
0,0.039318424,0.030942548,0.04370452703265818
1,0.16355148,0.15818253,0.1636411803651029
0,0.36652347,0.30075464,0.3471081125668603
0,0.13687643,0.16026478,0.13383495090064096
0,0.1614621,0.15464301,0.17949201263862538
0,0.06717913,0.069553286,0.06003550358522078
0,0.12292463,0.111719236,0.13870907344098615
0,0.07741321,0.07924539,0.087858330750861
0,0.08213198,0.086119145,0.054128288995363885
0,0.113606334,0.11997886,0.08725006504063536
0,0.21509361,0.19957085,0.17683049069199946
0,0.048991136,0.049025252,0.04458888565551785
0,0.11553665,0.125299,0.10600755129208131
0,0.061406057,0.071533345,0.07476031934791318
0,0.17252687,0.17161843,0.13998158424474938
0,0.1276755,0.16245444,0.1663358249926533
0,0.09665637,0.08861023,0.06534806935121026
0,0.091418855,0.08953062,0.07652307716579944
0,0.057773545,0.0639187,0.06704546344738634
0,0.2208149,0.2261111,0.23122227148175925
0,0.039169293,0.03550881,0.04089328951020145
1,0.2655796,0.28583956,0.27244285873827767
0,0.046011772,0.048392463,0.07431456492098192
0,0.29631227,0.28012663,0.301764356707142
0,0.03557269,0.039004747,0.03800654723990439
0,0.059673198,0.07997353,0.07951329090609698
0,0.06854338,0.06954028,0.05644115411483881
0,0.09938987,0.113659404,0.11595368081306522
0,0.10685276,0.12751822,0.1376476027814162
0,0.21147323,0.18506074,0.17924841205824316
0,0.0832982,0.06861576,0.06701530218653429
0,0.24748982,0.27321073,0.23814902041466948
0,0.17011763,0.1557874,0.16314476291476124
0,0.055782225,0.052004505,0.056925862514292755
0,0.08964716,0.087674975,0.09914711454035394
0,0.12335132,0.12204439,0.09687076686631135
0,0.103139006,0.07215344,0.13478669864812914
1,0.07535236,0.06993434,0.07032734150467033
0,0.21331997,0.24404348,0.2370797112009527
0,0.051599514,0.043916617,0.06357469064634684
0,0.09676145,0.08123418,0.05612242369743217
0,0.092529826,0.0857386,0.11176246631941583
0,0.10701209,0.10333293,0.13100760608748374
0,0.09498929,0.08884113,0.10298684236230855
0,0.09825688,0.109458,0.11865798338176047
1,0.12559858,0.12807323,0.21164249676001826
0,0.07647649,0.06518582,0.0640005765104484
0,0.064110465,0.05100136,0.06931987559285059
0,0.103263065,0.10842425,0.10328535220504999
1,0.117278546,0.09116711,0.15448375343789975
0,0.07230068,0.073627226,0.0740606329399749
0,0.06419225,0.061693404,0.06132096003475597
1,0.10843053,0.11705444,0.11514038988261528
0,0.29086816,0.26674673,0.2309987057213323
0,0.17874466,0.1893319,0.19316344351878698
0,0.1825705,0.20656626,0.13140080965576184
0,0.10579265,0.08484792,0.09259199827222431
0,0.4598778,0.40222523,0.4007911323272442
0,0.034000527,0.03384532,0.03234305729842792
0,0.07681022,0.074764304,0.06943751579950444
0,0.047929797,0.042232137,0.056325275855433635
0,0.09664567,0.10840192,0.10123919122530069
0,0.05784984,0.06975009,0.07257467166543582
0,0.038282007,0.024050234,0.03863570142671444
1,0.064556524,0.07548575,0.0468911143221948
0,0.09770237,0.084354684,0.05581698328207115
0,0.100013345,0.115886725,0.11940775580509772
0,0.027844125,0.023093019,0.04822086126122356
0,0.0980587,0.115749106,0.12058386815213094
0,0.12955035,0.1365139,0.11952103287611014
1,0.04565462,0.04921332,0.04651158277040454
0,0.06376509,0.06300745,0.04876125140274749
0,0.1046478,0.08023739,0.0944631789827095
0,0.092399575,0.081600495,0.11779984390230631
0,0.10644886,0.116060555,0.09273343992604752
0,0.04289028,0.044572957,0.04795869198414455
0,0.19122879,0.23603845,0.2615211112504965
0,0.37884304,0.37037647,0.29066048721419846
0,0.20915817,0.16137171,0.24805573485566473
0,0.14497943,0.18408565,0.12044909007117231
0,0.039163962,0.044617727,0.05544525565781566
0,0.0498181,0.04650998,0.0342155861033471
0,0.042454276,0.052061647,0.0408593422534354
0,0.028329672,0.03164427,0.025105988350267998
0,0.075492516,0.07321078,0.06397083687739932
0,0.13369825,0.10744091,0.11574072301008433
0,0.08969167,0.07164535,0.07445659233872552
0,0.07286599,0.05905135,0.08993249354574337
0,0.034692995,0.024853779,0.03830270815217206
0,0.06239551,0.053305704,0.047157523372648044
0,0.19561945,0.22714755,0.2071130530273415
0,0.15825385,0.15492249,0.13228546232525337
0,0.075885795,0.09467927,0.05186785948069462
0,0.0412133,0.046073813,0.035895789959256276
0,0.08679342,0.06594862,0.07639940028365004
0,0.21090491,0.22633097,0.17365535913791608
0,0.05462685,0.047194973,0.04220528122372658
0,0.07976841,0.06392883,0.06326947359618391
0,0.08175038,0.077656105,0.07450313350465171
0,0.084640026,0.082354605,0.10773008673658445
0,0.28315207,0.18513916,0.18906740138373798
0,0.12431155,0.11502564,0.1252346110558044
0,0.15800776,0.22256352,0.19797665423482042
0,0.108985834,0.0892219,0.08364003255944476
0,0.06652304,0.046283763,0.04268175202007844
0,0.083798245,0.117737755,0.13384476418482308
1,0.22511472,0.25078255,0.16596733663690955
0,0.06879825,0.07724254,0.08158545966370871
0,0.093068145,0.089851536,0.11437402677670302
1,0.13167767,0.17842431,0.13595098829936525
0,0.072445266,0.09827138,0.09626383273079223
0,0.027087022,0.026522884,0.0400918447801306
0,0.08649351,0.11752525,0.08116378986603029
0,0.07062415,0.08091255,0.05542461957635171
0,0.08510885,0.08550939,0.10341764920207044
0,0.09720941,0.0809619,0.09647690578120387
0,0.14877276,0.11911289,0.09951448376086701
0,0.22833073,0.12613598,0.13169163596291353
0,0.07810642,0.051852595,0.07536721467586001
0,0.16350493,0.1802238,0.18039237908819458
0,0.17663161,0.21764153,0.23496268998116865
0,0.08370298,0.08514936,0.0721307741829735
0,0.035173923,0.03479021,0.03357305774784452
1,0.10334891,0.109240025,0.0835720452579367
0,0.07433605,0.08198871,0.05617102747271605
0,0.08213982,0.086368434,0.08122929483151682
0,0.052758962,0.047458872,0.05567340032203994
0,0.1006999,0.1009999,0.117438549761823
0,0.071114026,0.076230615,0.052757395345074315
0,0.121589735,0.16211455,0.1470944436850215
0,0.109176435,0.09176606,0.0947707482253543
1,0.10913894,0.09848687,0.11501908523761976
0,0.11461876,0.12337505,0.11628734653972468
0,0.060912292,0.06351684,0.06254669076050363
0,0.1177449,0.10106944,0.16523653471224717
0,0.051162686,0.045295477,0.048263213589452424
0,0.09777122,0.09285049,0.10402512812657412
0,0.09538762,0.089351535,0.06296617284298839
0,0.059617367,0.076685205,0.05554351135911105
0,0.067153305,0.06359943,0.07716104971926603
0,0.3571324,0.34663135,0.4053816174807978
1,0.06949885,0.08752664,0.06949907534327358
1,0.13328505,0.13863373,0.13104935386251793
0,0.07225635,0.05349936,0.06633935318611313
0,0.10780547,0.10418406,0.0936906738864959
1,0.112068295,0.11919161,0.12481594195703033
0,0.11253141,0.096840695,0.1447201724273175
0,0.121627726,0.14675242,0.09067817491977828
0,0.2246636,0.17673041,0.22379797348154704
0,0.1523608,0.18170644,0.13499786998168134
0,0.12879273,0.15041131,0.16456080433923653
0,0.07428459,0.06752737,0.11671014714752423
0,0.0602573,0.05209089,0.031866999824445526
0,0.15997449,0.15143979,0.2253316247759765
0,0.07864072,0.08155081,0.0651761636279334
0,0.08593378,0.08201652,0.08993331356349374
0,0.15142056,0.12006212,0.1287953905043505
0,0.15622504,0.1547103,0.18081827834390934
0,0.04907134,0.06969282,0.055387932688397534
0,0.12179064,0.105356745,0.14632433219095142
0,0.15422343,0.13182445,0.11748846365685847
0,0.063311055,0.07154228,0.07480056768067186
0,0.054977946,0.057757076,0.10414260406778085
0,0.11637373,0.103106126,0.0964229832772012
0,0.054049645,0.050077736,0.03404752687477817
0,0.056403928,0.056098614,0.05161575069789299
1,0.05893231,0.06548801,0.056057025236984144
0,0.07632123,0.070592865,0.08840867238576147
0,0.18296225,0.17114058,0.1982685221198068
0,0.0742642,0.051840845,0.08221330438237011
0,0.04035353,0.042973083,0.06571846532531957
0,0.14387941,0.14664012,0.12924398340680981
0,0.16695969,0.17850879,0.1927250728777925
1,0.097825535,0.08020354,0.07365861341474733
0,0.1647796,0.15668632,0.15444479938374314
0,0.14260568,0.18002655,0.2050032342358153
0,0.11701008,0.11688539,0.13072233612644965
0,0.07232755,0.1292983,0.12352347389249219
0,0.041303303,0.038458064,0.05165162438372737
0,0.052124575,0.04648552,0.04074879071494677
0,0.20502412,0.22298911,0.25397200055277863
1,0.17892031,0.18067744,0.15587270064645917
0,0.082433544,0.09312467,0.07468144828306247
0,0.061516613,0.06208321,0.04839320841312603
0,0.042326424,0.054749925,0.06292397973125412
0,0.18401788,0.18895781,0.15956719836001845
0,0.106369555,0.0824257,0.08674354375355219
0,0.29266426,0.35955328,0.1879558971925265
0,0.07807156,0.08763234,0.11001577539911762
0,0.08700697,0.076665185,0.09200995080980366
0,0.21129943,0.24902228,0.21197184115763457
0,0.106277324,0.0903969,0.08304636976460898
0,0.07171132,0.08341638,0.06912749173644228
1,0.14327839,0.21691185,0.1983313310035887
0,0.06932089,0.056707315,0.07988440866206166
0,0.085132465,0.089701734,0.0698421001716328
0,0.053476393,0.0763028,0.036659399666272574
0,0.11652279,0.13316165,0.1187885316993814
0,0.23127574,0.27138358,0.21329611180498742
0,0.15477793,0.12601738,0.1521994630792108
0,0.05672247,0.059082452,0.08191971322803959
0,0.074164174,0.07411676,0.08508953472179197
0,0.056893382,0.05152058,0.060012869685347366
1,0.15348344,0.1469849,0.13687715640916007
0,0.09335569,0.09340279,0.06354729661923934
0,0.06752537,0.068535075,0.05226731242489738
0,0.10122793,0.12188308,0.1449320336518906
0,0.0543943,0.047340885,0.04350574385763099
0,0.20923752,0.29759586,0.2006501589989096
0,0.041400813,0.047001205,0.05764783876024752
0,0.20446694,0.23869877,0.23823797718137824
0,0.0989856,0.12492682,0.10229946682222747
0,0.2219986,0.20996304,0.24784428334554118
1,0.044025674,0.06294228,0.08194377126940151
0,0.09782078,0.06997448,0.0688207293115647
0,0.13154957,0.124576576,0.13414968901428434
0,0.088847056,0.08299526,0.07052008729286452
0,0.059173744,0.05593072,0.05429590663294399
0,0.04096205,0.045198634,0.0556618950008778
0,0.07233516,0.057341523,0.09525863519533055
0,0.053022545,0.055718895,0.04238999654425408
1,0.20772098,0.23071271,0.22217527518642974
1,0.064455554,0.071120985,0.04828333767435787
0,0.068776324,0.06279588,0.06151949494800535
0,0.05833545,0.056208868,0.03937782581428936
0,0.043881554,0.04352389,0.04227609942498805
0,0.13680534,0.1345402,0.12909959389532782
0,0.14187905,0.12431654,0.1554809678369745
0,0.156059,0.1305775,0.1887176053543488
0,0.16624084,0.15468414,0.1209108244583727
0,0.07221146,0.08881501,0.09735901945432157
0,0.02754617,0.013675495,0.040665057560442676
0,0.08230635,0.08753902,0.08260072986127999
0,0.041903082,0.041378655,0.04774313457312681
0,0.057962034,0.050620254,0.07744029706683347
0,0.24285775,0.21336089,0.20595150856165342
0,0.09003865,0.06855354,0.10556727786461892
0,0.051068477,0.057589695,0.05069920608324441
0,0.05014216,0.03959033,0.04709451355384174
0,0.12227021,0.123380505,0.08116060701530746
0,0.06536481,0.05882626,0.061421054992898155
0,0.22417217,0.19274989,0.2106012910674489
0,0.0836945,0.08276784,0.05219012421428357
0,0.11682602,0.13511291,0.14383467663032204
0,0.11020121,0.12761521,0.14234798236238283
0,0.05635579,0.041933414,0.04140222061770219
0,0.0557817,0.06954804,0.09631339035201868
0,0.17796168,0.19391422,0.19244227971463437
0,0.100291334,0.08651359,0.08145203820891296
0,0.14953806,0.1531139,0.14080064049278254
0,0.14873017,0.13642217,0.11247704574131578
0,0.08360384,0.10760053,0.08606120976508945
0,0.16889842,0.1913055,0.19969890600693962
0,0.0891158,0.074957654,0.11126002285599566
0,0.060768817,0.052055772,0.03954790687282619
0,0.056545194,0.07063379,0.07096692692410173
1,0.15643123,0.19027457,0.19833748591112707
0,0.058587633,0.056385126,0.06446134976415709
0,0.0850638,0.076294914,0.07006955897379297
0,0.088947624,0.072159775,0.09612819729403553
1,0.12446088,0.10093142,0.11559931713598012
0,0.10085332,0.10705563,0.08683767889200923
0,0.10066439,0.09150733,0.10075781429976856
0,0.06342766,0.07490463,0.05989332419517715
0,0.07066316,0.073300965,0.06192824163221818
0,0.06946555,0.0959312,0.06333755015387492
0,0.10566599,0.1427487,0.12295082891733809
0,0.08484084,0.10430571,0.09582914387642918
0,0.30245575,0.29024088,0.22975842937596147
0,0.1260433,0.1439677,0.11775392748890161
0,0.060623076,0.04601552,0.06831953427079716
0,0.1898625,0.19666123,0.20848626164385242
0,0.052804984,0.052349612,0.03950150832005583
0,0.065872334,0.07121658,0.0924935970583881
0,0.114253536,0.119730145,0.0728810214377016
1,0.0459472,0.05037943,0.05812942334867634
0,0.07944444,0.08084698,0.0852887835901881
0,0.02639945,0.023566842,0.04341865048349656
0,0.04434683,0.039961617,0.05310757433717549
0,0.0834525,0.08499378,0.07700127238404461
0,0.12214455,0.1090121,0.08689660090360252
1,0.52250797,0.505814,0.3690004675954169
0,0.15632352,0.1520215,0.19041834812762926
0,0.15055539,0.17827505,0.12200222660629996
0,0.06998889,0.07724076,0.0728218065140398
0,0.1806714,0.16554084,0.17331572960247962
1,0.06221577,0.055797886,0.04833598727995285
1,0.06223767,0.068245895,0.05345203375602483
1,0.10431791,0.11511565,0.0967017211493049
0,0.16293567,0.1537386,0.11795222357485939
0,0.035505317,0.029058242,0.041794910045259766
0,0.10367418,0.099529706,0.09436750320535979
0,0.11883094,0.11692118,0.10845674343707146
0,0.20112814,0.18755701,0.1379531318711589
1,0.15366024,0.12147402,0.12943850762458042
0,0.035230692,0.030292073,0.05701367232729938
0,0.12685268,0.14401086,0.1300658331292195
0,0.1349729,0.13940763,0.1359566371650275
0,0.13841958,0.1400903,0.1292295237745931
0,0.08906327,0.097463295,0.0704887994147576
0,0.11664459,0.10976619,0.12388020507466604
0,0.062308077,0.054502036,0.05055038626822443
0,0.040756572,0.037399862,0.03693026669078327
0,0.06835627,0.08282332,0.05577232311286301
0,0.16819155,0.14300258,0.12451264458185216
0,0.11926742,0.080878876,0.10300161952992343
0,0.15780467,0.17525172,0.15738151288018418
0,0.053329144,0.052002154,0.03710059193138546
1,0.1272341,0.1448089,0.19473353786101186
0,0.058455653,0.05151408,0.04753087066753074
0,0.09508776,0.117747515,0.14288001874642772
0,0.09035892,0.068147615,0.08835416098615725
0,0.09485533,0.117619835,0.12646438294163195
0,0.09719495,0.13812149,0.14955557306449271
0,0.09453818,0.11371771,0.06813050987254012
1,0.083702035,0.077067286,0.1398008857906771
0,0.103805415,0.14433143,0.09998778509171227
0,0.04430615,0.036939308,0.07221701393305371
0,0.1013208,0.07014456,0.10564431416584824
1,0.15470067,0.167604,0.15969041005357698
0,0.35540318,0.31957573,0.2526204142511962
0,0.100890175,0.12138347,0.09543694679527219
0,0.12315016,0.11852382,0.0974401538654643
0,0.04430591,0.04289529,0.03597426927634243
0,0.07515348,0.07551868,0.0779077746596216
1,0.12098236,0.11453631,0.12542670927885133
0,0.3971214,0.30658713,0.38363303918610847
0,0.272235,0.19300275,0.23793329628042806
0,0.050585564,0.06740202,0.06448104043358899
0,0.10202513,0.106853835,0.12475992243859854
0,0.03592286,0.038114198,0.03843245671164778
0,0.09434563,0.10217504,0.07680258231038257
0,0.06664618,0.061946962,0.09261821310867774
0,0.13134421,0.1450957,0.1106847198489824
0,0.053112615,0.052868277,0.06861838555641461
0,0.056714702,0.06044754,0.07072653905376869
0,0.062155798,0.0526321,0.038754339700183764
0,0.1206469,0.107442394,0.10597787271027242
1,0.20854469,0.17366885,0.18381504967499673
0,0.10219388,0.11866117,0.09162385426680439
0,0.05268179,0.06507347,0.05626383538399794
0,0.15168783,0.16408956,0.19533793395018115
0,0.11500754,0.073794246,0.08203474331935305
1,0.11024822,0.11466157,0.1535635742508377
0,0.09980529,0.10175705,0.09322497178540179
0,0.059958357,0.08234117,0.0404871991046017
0,0.104401596,0.13097268,0.11695620374714566
0,0.105133176,0.08951845,0.11812807774145108
0,0.11467482,0.10355558,0.1244721063461375
1,0.14514905,0.2574823,0.11615553789341923
0,0.074373156,0.07048436,0.0805133478100989
0,0.06662358,0.055794157,0.08637954953720209
0,0.08151388,0.09555657,0.07236132941078818
0,0.12399477,0.11899612,0.149850158232145
0,0.08230079,0.08508969,0.04917039644243676
1,0.1304505,0.1782851,0.13490732717277049
0,0.055327725,0.052122485,0.04328451874934829
0,0.21248679,0.30379525,0.20987768704620682
0,0.2517811,0.21129782,0.2268108411146239
0,0.15938373,0.15438536,0.1328451350539346
0,0.113841236,0.14417166,0.11850130637891156
0,0.05588377,0.04833404,0.029227225416970107
0,0.11093218,0.08261919,0.06847061437873249
0,0.10686762,0.10346098,0.10213261312092721
0,0.115324296,0.06920676,0.1266531657436262
0,0.11885792,0.1087216,0.13930130354240816
0,0.04727314,0.043948103,0.04834913353885492
1,0.07652372,0.07525142,0.05885661704918518
0,0.13618442,0.16004431,0.20645087109447996
0,0.07296045,0.05833591,0.08036528461297988
0,0.089965664,0.10529575,0.11860676468233182
1,0.25080758,0.21633524,0.21321380379910676
0,0.15245965,0.15021929,0.12862444253026215
0,0.15224704,0.16343142,0.19151214238571154
1,0.2690084,0.29902944,0.2744890099872354
0,0.07903798,0.087792486,0.06590577420038862
0,0.06148033,0.05217086,0.04938134284181343
0,0.15081193,0.14817405,0.1270793383490273
1,0.069716856,0.08146565,0.05840530106927771
0,0.1683819,0.18781205,0.1364468269656544
0,0.13272728,0.13470368,0.1353626852407697
0,0.06731516,0.07332603,0.048231753554367186
0,0.07374457,0.0664525,0.09410154646245006
0,0.21054344,0.2333569,0.21434356632561666
0,0.028419392,0.033707384,0.0317975071733405
0,0.04885244,0.03807089,0.04517975683061947
0,0.12293822,0.12587456,0.15205057582129688
0,0.26623163,0.21033578,0.2550698677042155
1,0.17098267,0.21896544,0.17357827214359395
0,0.059174504,0.075957626,0.05423368550843797
0,0.094759926,0.05757189,0.08215870468499906
0,0.08931811,0.08019361,0.12076079330585336
0,0.07438435,0.0666045,0.06478621210348352
0,0.10744348,0.08653244,0.10646113474677792
0,0.23553711,0.23328266,0.188996854838428
1,0.19905871,0.27075937,0.23534880621901388
0,0.14133985,0.09468073,0.11534110471660003
0,0.1187245,0.12216323,0.08530851895728607
0,0.05791709,0.085284986,0.05034512040978505
0,0.06411908,0.06083437,0.08059880749932026
0,0.11365688,0.12040159,0.05807885281672575
0,0.14047319,0.08863633,0.1155063870664515
0,0.09351621,0.09575563,0.07418754188861917
0,0.036425613,0.0267713,0.03886744101698403
0,0.10533841,0.1064665,0.10277609619965411
0,0.07719044,0.069704756,0.06530043109842341
0,0.14583617,0.1320361,0.1456573523168543
0,0.16537696,0.17753851,0.19633070087180565
0,0.11854978,0.12073884,0.1947098032159118
0,0.08059765,0.08101416,0.09094730078627647
0,0.14606619,0.21792217,0.216296145621255
0,0.10133837,0.08037634,0.09345393779476197
0,0.0945456,0.13014174,0.10186648939917528
0,0.04786579,0.048493866,0.03197537273871019
0,0.076324455,0.0908624,0.052205324790582784
0,0.1945127,0.18833275,0.1958786292537193
0,0.02638231,0.024123011,0.03420028180858598
0,0.08177955,0.081672244,0.07326574115615288
0,0.026981728,0.026596365,0.03242874336037519
0,0.057242632,0.054487415,0.05983845577703121
0,0.07144607,0.057940282,0.07719076828090514
0,0.119083315,0.098910116,0.11478917781686358
0,0.028982678,0.03279688,0.031875661346890294
0,0.24769665,0.19621581,0.25594361537826077
0,0.05772089,0.0716528,0.054125664716772506
0,0.053825647,0.05993212,0.047022986420171956
0,0.064689554,0.047435652,0.049993853049964614
1,0.22105305,0.1863016,0.1613419957279764
0,0.05334579,0.06352489,0.051055816946939246
0,0.096315496,0.09435722,0.1153591305107944
0,0.053388577,0.06030086,0.09953112572638083
0,0.14760527,0.13039102,0.14888857198300118
1,0.1031683,0.0836412,0.07389568771986728
0,0.08556657,0.086699456,0.09540773905874893
1,0.13786863,0.1553171,0.14818441165363855
0,0.070934914,0.06771786,0.046968759889451206
0,0.07468393,0.08060455,0.0557456482929265
0,0.11012923,0.09396708,0.0967162783311954
1,0.16351433,0.2326038,0.15700484440901658
0,0.14819863,0.12192611,0.11495378395498156
0,0.1904146,0.20074703,0.17405944983742025
0,0.12393406,0.11291455,0.1349884717318031
0,0.08416024,0.10690174,0.08945045771621887
0,0.09664427,0.09685191,0.13828109443013226
0,0.10247054,0.08692801,0.09305636530331383
0,0.05046452,0.04921111,0.04150872755193562
0,0.20474777,0.18612485,0.1897189676598837
0,0.104199484,0.113686405,0.08565116154801597
0,0.07198023,0.058928397,0.05869017693840694
0,0.069192566,0.08098692,0.06270158144766533
0,0.107530035,0.10335343,0.08787720373827594
0,0.09241116,0.12659526,0.14012757979625218
0,0.08006035,0.068638906,0.07637479175105163
0,0.10091139,0.14068718,0.11389109027195157
0,0.10397337,0.12218694,0.14509999336470883
0,0.056990106,0.048611175,0.0421564572636043
0,0.118294425,0.15053627,0.21044486737425436
1,0.14101659,0.121815,0.12483090704087464
0,0.10493071,0.12368521,0.15772376550295983
0,0.13828517,0.09420915,0.12988087174541355
0,0.069136724,0.07742248,0.0798999304949722
0,0.08637727,0.076677844,0.0793105611266388
0,0.13096954,0.12395019,0.1275655310509374
1,0.14972842,0.20605673,0.2028317609178425
0,0.27118838,0.24103688,0.1819765900714506
0,0.10322408,0.11430047,0.10603385956959065
0,0.07959012,0.06614737,0.06568863057850653
1,0.14786084,0.16245455,0.09538124382613362
0,0.19671161,0.18224837,0.1765770237496856
0,0.08078602,0.0932489,0.08968023184347362
1,0.13586849,0.1369247,0.0986564762845836
0,0.08249174,0.09478238,0.101205348281534
0,0.116098,0.099573605,0.10502306460744798
0,0.111718334,0.0999561,0.16826178216599083
0,0.06540463,0.072972834,0.07746568091146432
0,0.09220786,0.094989516,0.057804283171432
0,0.14364621,0.198635,0.18180007806202267
0,0.10973153,0.13456716,0.15438616245901352
0,0.11125222,0.09459168,0.07641613874339025
0,0.07810505,0.070028804,0.059550284296523495
1,0.15713869,0.1745791,0.12962985427891544
0,0.07954482,0.07012387,0.07374642436807177
0,0.051185995,0.058769856,0.057015046338007566
0,0.056971032,0.058845926,0.056933643396296814
0,0.1425048,0.18617208,0.16839518079838747
0,0.055840913,0.056453396,0.05546350962108434
0,0.13474742,0.1247942,0.12555953291199295
0,0.037417926,0.035054345,0.05028707551164288
0,0.119482525,0.12700596,0.10838011759089557
0,0.18997793,0.14755203,0.12782910981962659
0,0.040005825,0.038762383,0.03960932401457011
0,0.08979303,0.11869053,0.10377319490483039
0,0.12242826,0.11341419,0.16994131810096333
0,0.057458393,0.075187266,0.0903243050611522
0,0.24291827,0.1352034,0.11363146449081657
0,0.3419898,0.3623081,0.3093319899624155
0,0.1292096,0.10425738,0.13099142471349826
0,0.039969973,0.051400594,0.04113495968259981
0,0.14231862,0.123975724,0.13131416272588803
0,0.12097527,0.09735198,0.09263477580898308
0,0.030955728,0.03181182,0.03481901281471907
0,0.039299086,0.033140395,0.034263882853725024
0,0.12515262,0.12900357,0.0999221068996632
0,0.10960413,0.11243927,0.09510505209107269
0,0.16440563,0.17266928,0.17759414516925748
0,0.0760576,0.08458363,0.10592922754809476
0,0.032071475,0.031625498,0.06031527718430102
0,0.25205544,0.19394903,0.1637277556150127
0,0.073951356,0.07070834,0.07290406363587401
0,0.17369811,0.17145318,0.20764005581224906
0,0.035552483,0.04322959,0.03387982763351807
0,0.029547364,0.029043231,0.028758036728437835
1,0.10931041,0.09430252,0.1284477787527447
0,0.05905952,0.05698617,0.046431354491587265
0,0.15622672,0.13876633,0.1379106327063224
0,0.09586953,0.08827281,0.10241447386586182
0,0.036741186,0.03813134,0.027756196793283956
0,0.11736693,0.18510154,0.12467753556493509
0,0.06697412,0.07508436,0.0670484283376185
0,0.11511484,0.10655928,0.11169610264787078
0,0.14710553,0.17196773,0.1898182607411735
0,0.08831507,0.07630054,0.06655277923582881
0,0.041955225,0.044893377,0.055492282059361756
1,0.2961677,0.2813858,0.27618975246904576
0,0.066742286,0.053315382,0.09489705475231204
0,0.055172734,0.053648148,0.047567494290546734
1,0.15778217,0.09497499,0.14688629439455506
0,0.20721558,0.20834662,0.19312783084588364
0,0.065495715,0.058186002,0.06257076769119346
0,0.07294256,0.07471972,0.08744985418361934
0,0.027548725,0.031864997,0.046178539347720926
1,0.065749265,0.06349299,0.07874638716561622
0,0.23867562,0.269169,0.24723968239292646
0,0.17206097,0.16086456,0.1704228561772093
0,0.11977481,0.11575535,0.1265162886780732
0,0.033252228,0.033823587,0.04107404479021487
0,0.16505976,0.17767425,0.15698743073622032
0,0.09454859,0.073433325,0.09373320158094132
1,0.07932836,0.07964468,0.07182045232911885
0,0.061292633,0.06612635,0.06234266065990326
0,0.0991081,0.06375218,0.08806098867293352
0,0.10245482,0.10959835,0.10558304720247119
1,0.26592097,0.19708882,0.2711860224727757
0,0.0874209,0.06916945,0.07835437777642318
0,0.10492522,0.13234423,0.08746733283401256
0,0.1688066,0.20377706,0.21714474962113198
0,0.14622015,0.17112932,0.17452042909428722
0,0.050093062,0.04726644,0.044420400804599434
0,0.057339277,0.05769068,0.04227180912933121
0,0.10860708,0.11344203,0.10636706161196169
0,0.12930247,0.13372618,0.12289957840972011
0,0.1283897,0.120573774,0.14737312473412723
0,0.14302348,0.17670491,0.1047773470838322
0,0.07506835,0.0716868,0.06691757827513609
0,0.08831409,0.07273918,0.08316052196751965
1,0.385232,0.48623446,0.33532185896278255
0,0.21619192,0.21346106,0.2579514323555161
1,0.08045018,0.076445416,0.10032199747449531
0,0.09616617,0.09356137,0.1169811175576351
0,0.07553847,0.068630226,0.08313201774327096
1,0.23305365,0.26973385,0.24838286716679517
0,0.17821902,0.1406563,0.17832982830098681
0,0.044318005,0.044945918,0.05641963433676206
0,0.028368043,0.03374473,0.026293886467195757
0,0.051326618,0.05802075,0.03333881955027359
0,0.07085215,0.069915466,0.06986874467850958
0,0.07320195,0.07699936,0.10242364233977638
0,0.13214944,0.12930723,0.16307605977726078
0,0.093155526,0.051021058,0.09844643181744117
0,0.15790096,0.11984508,0.11545975757908597
0,0.14355381,0.13161798,0.11712625741676119
0,0.2991989,0.27343565,0.24748907218309668
0,0.07659593,0.07427327,0.06608220786152377
0,0.0983836,0.06739797,0.14459506371575603
0,0.14251824,0.15931232,0.24057747583769223
0,0.08651261,0.09167658,0.08749046103108862
0,0.06362377,0.05777074,0.05711748153244803
0,0.05721892,0.055249766,0.05031055006196486
0,0.07150675,0.063221246,0.060081429942587444
0,0.06001835,0.06911261,0.03762623592856176
0,0.049083807,0.06698625,0.07382198466806233
0,0.13357352,0.10527053,0.13840328587751669
0,0.11701355,0.11225272,0.15210965674583793
1,0.23868448,0.2957039,0.2775344043056504
0,0.0765347,0.06452628,0.06366418422575848
0,0.07573434,0.08640245,0.08658916627949423
0,0.11645783,0.12402046,0.12109371437002736
0,0.07848506,0.08376351,0.11194766562122722
0,0.11375534,0.14947878,0.1633906364640227
0,0.23139599,0.25024852,0.18096208772383948
0,0.094950624,0.07950139,0.10530554207338054
0,0.14340593,0.117345914,0.12555071871533963
0,0.12108754,0.096927926,0.09663447327200166
0,0.16179681,0.114801385,0.0985779315508466
1,0.05637944,0.05189117,0.04212944594640732
0,0.06516673,0.05617554,0.07362161949961399
0,0.07801392,0.09022696,0.10244090470749904
0,0.038647845,0.034454875,0.044343973516590286
0,0.12104273,0.13063626,0.11074734409654687
1,0.12256048,0.13291094,0.15208624765377335
0,0.16042557,0.18437256,0.17840832725785818
0,0.09770388,0.10053798,0.09550186844075899
0,0.20393851,0.19853711,0.21917907068944004
1,0.24864689,0.2313116,0.19349361767413267
1,0.113353856,0.13841058,0.07399645367142188
1,0.054882146,0.048624653,0.03642568382394978
0,0.09028078,0.10862355,0.11550914881940083
0,0.2691639,0.24751617,0.27035316559110073
0,0.08125849,0.08775793,0.05830850793178829
0,0.12706417,0.11477505,0.14739608184932063
0,0.04986761,0.036616098,0.03403221606706643
0,0.05771898,0.053250846,0.041668788460058254
0,0.058832124,0.063401215,0.06027158791389305
0,0.13426392,0.16440748,0.16367943730178008
0,0.116596796,0.15237467,0.09873003544298053
0,0.10762511,0.105836056,0.0984278137631892
0,0.10338055,0.10317046,0.12065822189542272
0,0.06227222,0.05925965,0.058953454833215416
0,0.05895496,0.048941653,0.034874372054709044
1,0.09127931,0.109517016,0.08221021624088742
0,0.061654814,0.05688172,0.04274139676387066
0,0.09614499,0.09320555,0.09566979274072057
0,0.033346407,0.02946677,0.04794420356525506
0,0.12682053,0.15133314,0.1367004147758284
1,0.07830715,0.09300105,0.1398411572268548
0,0.05139405,0.043975838,0.050633290410782884
1,0.16425848,0.16641773,0.17780188301783292
1,0.13584346,0.116391435,0.1259038680463425
0,0.27693683,0.2432891,0.21424171564707495
0,0.06419389,0.07590553,0.06481848477323705
0,0.17615911,0.19796422,0.16503950591874006
0,0.08936634,0.07804473,0.08273819404725422
0,0.04843472,0.04345543,0.03941096636857967
0,0.01920158,0.017628718,0.028110484140261568
0,0.08058698,0.093837194,0.06028442564981799
0,0.042241927,0.04094383,0.03553235521090138
0,0.046173997,0.074549444,0.07164868257058332
0,0.0957691,0.101975486,0.06992043460254362
0,0.102082506,0.097414926,0.09539410186915931
0,0.12543015,0.12711567,0.14559042574431902
0,0.12435405,0.11364365,0.12127769944869046
0,0.34156907,0.3694788,0.2835490355294044
0,0.114924304,0.07038731,0.127591245779202
0,0.11204486,0.10699339,0.12690186699232067
0,0.08540112,0.093808524,0.0912414851082617
0,0.120395616,0.08214277,0.08154678576297762
0,0.06023917,0.061441045,0.04896702888567098
1,0.050665304,0.06434464,0.041736391133929754
0,0.096346304,0.09120257,0.1173775835399744
0,0.111371346,0.1249592,0.07959549494671109
0,0.057099376,0.06828443,0.09265757862000953
0,0.091386005,0.0793685,0.09808538793484033
0,0.04476153,0.056889758,0.04611607838337165
0,0.12703612,0.13936026,0.13343489428186503
0,0.07819807,0.07736934,0.08154340803490366
0,0.048083793,0.04693188,0.053595806757375956
0,0.07448085,0.11782624,0.08575019147075902
0,0.05753983,0.058123708,0.1299985930144449
0,0.09973443,0.106828965,0.10246895859870621
0,0.17357525,0.1308949,0.12940914128956216
0,0.09026641,0.10648678,0.15687498231570488
0,0.052416276,0.065017365,0.03896616280652381
0,0.18142387,0.2065838,0.1948156341045944
1,0.10211785,0.10027271,0.11234876843893382
0,0.3741962,0.2733137,0.2598490338433394
0,0.08523993,0.09977172,0.11210989694409154
0,0.03713577,0.032416966,0.04152791295311688
0,0.13778305,0.15058395,0.1477621596084505
0,0.17152816,0.17477207,0.13330016830880748
0,0.05920015,0.059516083,0.046380593333970495
0,0.036168348,0.03406573,0.03495506570281764
0,0.13224491,0.14423671,0.11242567431894673
0,0.07932829,0.08256064,0.13836069018265673
0,0.13703163,0.12717412,0.14203794335182515
0,0.05316373,0.06442151,0.04333960317622453
0,0.09090639,0.07656312,0.06744507185789045
0,0.07515441,0.07094291,0.07274853462806284
0,0.072810955,0.08455434,0.06508603628866368
0,0.04739032,0.046878938,0.039130426895670034
0,0.09249442,0.09509451,0.11294456562019338
0,0.07939786,0.08731491,0.08270141324000659
0,0.07360947,0.06415272,0.06396015407208995
1,0.1621902,0.14344798,0.14975229122217204
1,0.0677463,0.080741644,0.07363253171760532
0,0.036719494,0.025525125,0.046970136622801674
0,0.2088637,0.21547449,0.23278930127001268
0,0.04761709,0.048032705,0.05216087467727304
0,0.04237547,0.04169397,0.037722882345154696
0,0.11756388,0.12990668,0.11174572170789288
0,0.0624474,0.05721237,0.06238080949957864
0,0.113997445,0.12177781,0.1254720335062707
0,0.058091205,0.05960661,0.10847049835360895
0,0.10939326,0.14109704,0.14317317691590936
0,0.10467474,0.105062895,0.0760999436810233
0,0.043763738,0.046266034,0.04074247964561644
0,0.26307338,0.23658574,0.22624320800941636
0,0.09124795,0.06067084,0.0831733676274261
0,0.058107205,0.05363336,0.04055064781234548
0,0.119683,0.083935484,0.07296637002884143
0,0.15306789,0.18391292,0.18428927603687484
0,0.08703794,0.07793282,0.1015376430440826
1,0.118340485,0.107588805,0.07570609483217704
0,0.048528533,0.054559514,0.037326341267455175
0,0.047708567,0.045985606,0.0685490973824945
0,0.084939934,0.067573726,0.0851928101104561
0,0.0524648,0.049942583,0.07163260650664621
0,0.31212687,0.2842103,0.2567123379141952
0,0.08532951,0.07794394,0.060173329620475356
0,0.09079898,0.09289006,0.1091337721885919
0,0.0767694,0.069115125,0.14943706142217983
0,0.11637149,0.11317913,0.07384289432570564
0,0.08456701,0.0843923,0.06868887365836551
0,0.0782647,0.08452582,0.13355672435063856
0,0.06264739,0.058255997,0.053954658827061096
0,0.25702414,0.19594437,0.18711236707265405
0,0.1569884,0.15535083,0.14192882916472624
0,0.056010135,0.053086005,0.04577817461291218
0,0.095459856,0.09604096,0.08377581266238103
0,0.1659454,0.15669405,0.13748095563151191
0,0.078152485,0.11181456,0.07931856606750676
0,0.40021512,0.42008355,0.387833296405518
0,0.08769443,0.07568076,0.0667231510741059
0,0.08407748,0.0808312,0.08336291382474624
0,0.05269463,0.048459493,0.056980158707656714
0,0.073786065,0.0668499,0.07558140444125913
0,0.055647384,0.061397173,0.04822524757308445
0,0.100571916,0.07370666,0.08909177024270767
0,0.06846294,0.08514517,0.06719512031611577
0,0.065354705,0.06366298,0.07522436949141413
0,0.18292041,0.21813552,0.14074888899107701
0,0.06971644,0.08535264,0.0641807372023725
0,0.10474093,0.10680724,0.14377548474252666
0,0.1611317,0.139101,0.13227933250941845
0,0.0498087,0.05000382,0.05582204793008802
0,0.08210776,0.07865162,0.0655631661940119
0,0.0934422,0.07549981,0.08054546069601919
0,0.07071892,0.055404544,0.056100336198802024
0,0.07240759,0.066335544,0.08740441194528582
0,0.114237756,0.10743467,0.16071971207757088
0,0.089851424,0.11943746,0.05775006129883273
0,0.039418906,0.055358667,0.04199685208045123
0,0.0757989,0.08051627,0.0629318226747912
0,0.040201146,0.039477147,0.034534645943257516
0,0.058558065,0.07669472,0.05808487670590558
0,0.054946635,0.067955956,0.06378494609887607
0,0.10245517,0.09421859,0.09604514046267075
0,0.03792976,0.040267464,0.039443225867516106
0,0.2654332,0.20844929,0.19526209164282082
0,0.102428466,0.1077815,0.10480325797429771
0,0.104936145,0.08293797,0.08865529778255078
0,0.09644378,0.100064985,0.09722633308104635
0,0.16513869,0.16823865,0.16347989345180108
0,0.03841394,0.03039743,0.03838185189452563
0,0.39841017,0.27820924,0.2837294639463089
0,0.06492601,0.070061356,0.0794478987995416
0,0.03375748,0.03567836,0.03957730050481046
0,0.084612526,0.092444256,0.09061022439630599
0,0.117293425,0.08785447,0.07709596151765245
0,0.10775761,0.13536823,0.09253771112594664
0,0.08556152,0.08364236,0.09527416641318848
0,0.04437664,0.045378942,0.05030063508175228
1,0.16921213,0.15393569,0.1652009493051024
1,0.14274059,0.13763289,0.18180260541431
0,0.12194708,0.11506499,0.09934130406803794
0,0.5041891,0.43140215,0.40677957249228197
0,0.1690389,0.16917343,0.16407778467137574
0,0.05936989,0.054853857,0.12988167288122762
0,0.11656816,0.09362573,0.1281843410109915
0,0.06731837,0.05228955,0.08593778033796906
0,0.06933969,0.07822263,0.08923824459443945
0,0.065314606,0.052535377,0.04867012630638995
0,0.13034648,0.109609075,0.12331279894993669
0,0.2431612,0.18966545,0.21219600003545952
0,0.041859217,0.058115512,0.05685669299569948
0,0.07781105,0.085003704,0.07006590531353168
0,0.116992824,0.075416915,0.13999645726098134
0,0.14428705,0.15651366,0.12678324222760784
0,0.11597134,0.14019999,0.1604582380251311
0,0.10414806,0.07868021,0.09961527796207159
0,0.054761436,0.05391253,0.08137809595647068
0,0.06973972,0.11295462,0.073939112318889
0,0.23301616,0.2583054,0.20616532341724306
0,0.06366043,0.06309728,0.04684155107292562
0,0.07495491,0.0890601,0.0877987195529247
0,0.05741293,0.054441966,0.04804636960881693
0,0.05798698,0.05179987,0.05641359716255354
0,0.114342496,0.1108347,0.10123162207709933
0,0.16392553,0.107353464,0.16376899666875075
0,0.052913673,0.056520805,0.046048631732954884
0,0.14211757,0.1604585,0.15176261060908175
0,0.045155644,0.053459402,0.07700522995057084
0,0.1049501,0.177044,0.14007771347500764
0,0.045174316,0.05019614,0.05097708590957399
0,0.08409658,0.08147037,0.048836011953924285
0,0.041307673,0.026511474,0.0536808931563003
0,0.20929377,0.22823814,0.16004579458291965
0,0.28987283,0.33430475,0.25681141459442974
0,0.10938755,0.12778202,0.08931451176782425
0,0.06712834,0.042591993,0.04823303718407209
0,0.16324931,0.16904095,0.1542061447167391
0,0.047325246,0.044050112,0.048236405708947466
0,0.076085635,0.070674725,0.06178276267236785
0,0.056212563,0.055002056,0.05403093518371358
0,0.07913284,0.07417543,0.10425310441852276
0,0.06068318,0.051593598,0.05508964156762734
0,0.029293451,0.03521761,0.03628493939896933
1,0.21798734,0.21843709,0.2085093629553097
0,0.12714013,0.09413564,0.136618134112657
0,0.09763009,0.105735466,0.1466465523403354
0,0.084837236,0.069931746,0.08117864945390744
0,0.050675675,0.057507545,0.052226216827721196
0,0.13201572,0.10836538,0.12713465659766368
1,0.078369774,0.080272466,0.0932445519759422
0,0.1134215,0.12112877,0.11439634725474261
0,0.04941188,0.03631654,0.05915347378218633
1,0.09211825,0.07533938,0.07658867603897594
0,0.15461703,0.18367656,0.12415609395368046
0,0.05240453,0.033112455,0.06277675411358873
0,0.042591106,0.045799002,0.06720549528373482
0,0.120207526,0.11353001,0.13413212238187822
0,0.04067332,0.043471,0.05886273905591324
0,0.092279986,0.073610395,0.10175260373359797
1,0.06741816,0.0936104,0.08884386805748083
0,0.13987866,0.15142539,0.1834793549503722
0,0.07036201,0.07520502,0.039612716293723975
0,0.06265013,0.05751588,0.0637616485060262
1,0.23921336,0.29328185,0.22927089864334596
0,0.13745858,0.15603772,0.11577280028224163
0,0.046013836,0.048122637,0.05054855920439536
0,0.039569728,0.04697606,0.04156255170590828
0,0.050678883,0.05344974,0.07587335460853858
0,0.10504797,0.07786054,0.13980878246780026
0,0.146734,0.14936315,0.18817671478430295
0,0.10608093,0.10395465,0.10816708748270915
0,0.1801917,0.20096533,0.2346823431299071
1,0.22799174,0.22536601,0.22659734153019598
0,0.082952894,0.062440734,0.0661516573064742
1,0.09988093,0.09068224,0.07906586677738334
0,0.23761019,0.2743125,0.23420502539675786
0,0.09003201,0.12225017,0.12915034451443122
0,0.110242136,0.094993785,0.10368777305658426
0,0.077945694,0.05987858,0.060182409265143524
1,0.091810025,0.099185206,0.06855756706589197
0,0.08427451,0.061534107,0.08811681645503411
0,0.13198178,0.17325556,0.12958443379725942
0,0.05739682,0.04946511,0.0524224049412888
0,0.066436976,0.06603825,0.051070158892192505
0,0.13374846,0.16482031,0.16145616215708217
0,0.09895683,0.07443575,0.09637200418053478
0,0.091869466,0.09697732,0.09045546125981554
0,0.08728413,0.11096858,0.08478847550890757
0,0.087138064,0.0728555,0.05193598158668386
0,0.07988864,0.074500225,0.0904507725188706
0,0.06436135,0.068682216,0.0621182332763064
0,0.09477917,0.12673983,0.14530478081417222
0,0.24767211,0.15444928,0.19147077987311464
1,0.28008276,0.32543713,0.21885076648385124
0,0.07366729,0.056001205,0.08523445962693192
0,0.038005784,0.03223831,0.023133374464696193
0,0.061586324,0.05260902,0.049058692791803964
0,0.071448535,0.079278104,0.050511831974288726
0,0.0505243,0.08647976,0.055132601498376684
0,0.05892705,0.039547816,0.040207544088892114
0,0.15821397,0.16168046,0.15333434224141973
0,0.11938344,0.18992612,0.12116388475880498
0,0.10655261,0.07380417,0.07968603070017308
0,0.07546304,0.067241654,0.06805441676132461
0,0.11636772,0.11705593,0.11669237854733179
0,0.12502708,0.1119799,0.16191317639789618
0,0.12136889,0.16359237,0.11682137675227512
0,0.1485755,0.15000862,0.13955421733430654
0,0.080717266,0.08369507,0.10627520570505213
0,0.22775756,0.17178316,0.16935809197338936
0,0.08969547,0.05539594,0.09110046144173375
0,0.12914334,0.15063058,0.13240910310772178
0,0.197982,0.20335491,0.14851642403959478
0,0.047440846,0.041210238,0.031170009978120878
0,0.10899193,0.11874437,0.15195990275452956
0,0.07708439,0.07419533,0.10941236452480001
0,0.2715682,0.21962357,0.2509386870286756
0,0.04100379,0.038467884,0.03639572318277463
0,0.08257618,0.088289015,0.08623803779515483
0,0.099660955,0.13112353,0.10995063848271189
0,0.070542805,0.10446911,0.13362419988557606
0,0.03688065,0.032536756,0.034352513819177095
0,0.0641622,0.063963346,0.06995159440477462
0,0.09799944,0.096755415,0.12185868658271579
0,0.10945648,0.11216449,0.1544835244935399
0,0.047306575,0.04449844,0.06613299650834363
0,0.06340469,0.049745254,0.04775198559474346
0,0.07959454,0.07976353,0.0693515723722967
1,0.18340918,0.14034903,0.17864931723316313
0,0.09454979,0.12937474,0.14514164802811771
0,0.08542464,0.08736449,0.12400345195520873
0,0.21122614,0.18883388,0.17610938631603923
0,0.03370743,0.033154693,0.03801562161414776
0,0.13271569,0.111494735,0.11074182586550688
1,0.21368626,0.31936646,0.2916608967722154
0,0.060587905,0.04126002,0.05920841971958192
0,0.2702194,0.2076817,0.21484768048777536
0,0.085333504,0.092255004,0.09486255181106774
0,0.22187942,0.185967,0.19578236110483077
0,0.08326709,0.096062414,0.09663142510164387
0,0.084840365,0.08804129,0.06382682416204594
0,0.13225363,0.13026941,0.13046156301976414
0,0.06568973,0.077129945,0.06072286115448198
0,0.10423875,0.068587735,0.12454591811591946
0,0.050121214,0.04825903,0.06904945678690942
0,0.11830766,0.08063099,0.10956920086030736
0,0.04615959,0.049328163,0.06416306221458058
0,0.103926405,0.09007408,0.09959177047814868
1,0.16395839,0.1312464,0.15191628661103704
0,0.062478162,0.066983104,0.05024636159640784
1,0.31663355,0.40807277,0.28124837238287687
0,0.0879312,0.07745503,0.10291701004474142
0,0.12155745,0.14230281,0.1547173136647085
0,0.07794778,0.07367077,0.05443670600137475
0,0.08483716,0.105806954,0.08025914652738256
0,0.20545523,0.20180513,0.18374864328140805
0,0.07308664,0.07400598,0.08580467165619915
0,0.09213691,0.08611499,0.08472148932656655
0,0.09505713,0.15653893,0.18378709209004612
0,0.06926434,0.06885031,0.06440848596851473
0,0.09849504,0.11595495,0.10277110537540596
0,0.15618238,0.16275334,0.18556311623934216
0,0.1479531,0.13006604,0.13521577389086678
0,0.04810037,0.05314435,0.0544994358575839
0,0.036069382,0.03965587,0.04063340385171913
0,0.048675712,0.053099394,0.05440464744058542
1,0.0740829,0.061221283,0.08607428239743975
0,0.07071101,0.0714617,0.057104496619642085
0,0.2016369,0.18363424,0.21424573268856156
0,0.08850487,0.082616985,0.11352500169649248
0,0.103060655,0.09034379,0.069901370434593
0,0.07679636,0.08839516,0.08180041226597715
1,0.17834003,0.18375109,0.16821132481778076
1,0.41970077,0.32679373,0.3707992149013789
0,0.15303989,0.15016381,0.11464794639057592
0,0.13509108,0.119852,0.1384001228821557
0,0.0940484,0.14428252,0.0910976004220876
1,0.116647206,0.13435161,0.09808997154574209
0,0.07102677,0.081182666,0.12932643393632748
0,0.051653918,0.05981049,0.0578968797310919
0,0.084918536,0.10372992,0.13269896120900593
0,0.036063284,0.03518645,0.03252650913522163
0,0.07290285,0.06714506,0.05705131379012488
1,0.2649213,0.2455609,0.15917577348633732
0,0.19494097,0.15797481,0.20921482418206322
0,0.043875005,0.06800809,0.0730544320218527
0,0.05853638,0.059583858,0.061306285724115867
0,0.20642401,0.26761284,0.2415538320317268
0,0.08833732,0.068066776,0.1290496492452983
0,0.038976207,0.043102708,0.0369425128048701
0,0.0887463,0.13524553,0.12635012088815634
0,0.088193804,0.106408745,0.14263085945450402
0,0.058946025,0.05894987,0.04937950996943262
0,0.06318,0.07183906,0.047168475908410494
0,0.14477517,0.14152831,0.13239456171441
0,0.065396205,0.04207234,0.038233213944421925
0,0.048146624,0.041198026,0.045543486209103715
0,0.0917913,0.08107103,0.10796413906151778
0,0.08474164,0.09462315,0.08513978060527119
0,0.037312426,0.03905944,0.038238019083714214
0,0.12849307,0.091582574,0.12582682831394879
1,0.08939339,0.08679123,0.12944462182437877
0,0.09092479,0.11434591,0.09366428241474146
0,0.07653308,0.068118095,0.10987628905049039
0,0.13885184,0.14441466,0.1796336936008106
0,0.25024456,0.30346152,0.2518330813584091
0,0.10137147,0.12285956,0.10730055000968261
0,0.08738563,0.10981613,0.1071791252136864
0,0.04096754,0.04133361,0.04270775635061755
0,0.23032449,0.16560492,0.23287214412323884
0,0.06091494,0.06753702,0.07393386952975063
0,0.050181147,0.054359496,0.04219315960805036
0,0.05181466,0.046123743,0.06289787505192408
1,0.14763218,0.1274395,0.11809003439824678
1,0.11274136,0.11027385,0.10759972730284018
0,0.08083428,0.06526171,0.09272439347783876
0,0.034626544,0.023501694,0.029111142630394143
0,0.06579235,0.052092552,0.05026238968425461
0,0.09746065,0.17082286,0.10776765057440599
0,0.058812827,0.05362116,0.04507576805724054
0,0.41990405,0.53937536,0.4217597250898376
0,0.07625717,0.07563113,0.10499321876816849
0,0.13123338,0.13165335,0.14380298842522127
0,0.06485644,0.063778214,0.07252696054036023
0,0.105654724,0.102594316,0.10883913156515429
0,0.096769765,0.07524985,0.14119561967568275
1,0.29330444,0.28010723,0.20847665859962514
0,0.30197957,0.29543513,0.23182459676015468
0,0.05251361,0.042013373,0.0620921159316359
0,0.061238267,0.051667415,0.044520664685619216
0,0.15829748,0.23473074,0.2263892335289369
0,0.06397543,0.07098881,0.0564063512005957
0,0.08214492,0.08191751,0.06256657856385721
0,0.0745068,0.06316791,0.08941280934625238
1,0.18945919,0.16528958,0.2502289925420321
0,0.04195904,0.06431248,0.061697297027201954
0,0.13599977,0.14299452,0.1648978598576026
0,0.5616138,0.6616312,0.28441837652010965
0,0.12771516,0.10398868,0.13695562648585416
0,0.04078149,0.04021402,0.04926870225188756
1,0.34096926,0.36270866,0.3227383280278302
0,0.039138578,0.037525985,0.04919331307970416
0,0.10088944,0.078816414,0.0759649105663163
0,0.05544495,0.06924865,0.06038339952214064
0,0.15675066,0.1632212,0.22037846621036228
0,0.03410836,0.039907888,0.052301991758256054
0,0.042776912,0.043771204,0.06501859384968652
0,0.07183104,0.06104861,0.08916485073656906
0,0.070068516,0.069385074,0.06065008485729463
0,0.10406485,0.09674527,0.15701918477873286
0,0.069051795,0.06762137,0.07730586322749702
0,0.052028228,0.05302398,0.05893362172960442
0,0.120155625,0.11033414,0.10801305400076414
0,0.07151144,0.06078135,0.0705920530119063
0,0.09273589,0.08764609,0.09325126033395494
0,0.11517768,0.08793868,0.1389464884534419
0,0.21292034,0.20932034,0.20597403231338718
0,0.0488676,0.04957163,0.05428325842540118
0,0.04982452,0.053579025,0.07795178235759248
0,0.030662648,0.030030372,0.04578740410028135
1,0.053527363,0.06406789,0.09285670910144778
0,0.10081027,0.10703238,0.06533708124810654
0,0.14427462,0.08185096,0.12325804335247137
0,0.06160487,0.07209204,0.07424319834535663
0,0.050147578,0.079323635,0.08586834428686195
0,0.08764115,0.076040916,0.08540722544352329
0,0.06801708,0.07090695,0.05736280219591747
0,0.0798973,0.06678861,0.08820307907219517
0,0.042659353,0.042554725,0.04723469357355749
1,0.039594408,0.04269354,0.056593133309861536
1,0.1259357,0.16010182,0.1507295921521944
0,0.1675491,0.20707767,0.12754337906645216
0,0.11388545,0.07683972,0.13904254541860234
0,0.14626549,0.16651769,0.1420066487284877
0,0.03333755,0.04852762,0.05296604742391936
0,0.042563837,0.049848028,0.038237134641674955
0,0.043862153,0.04923583,0.05130311416317438
0,0.0696852,0.07012414,0.05740384649931683
0,0.109085105,0.13224505,0.09247601207661497
0,0.10355107,0.11410191,0.0786171741497479
0,0.098848164,0.07853087,0.1151587001276798
1,0.14407389,0.15387106,0.13874797978363604
0,0.13738148,0.10164601,0.15796358966752375
0,0.13215455,0.09244344,0.14267635470640247
0,0.06472745,0.05872573,0.04310337969251229
0,0.20960164,0.24233375,0.20206699170640396
0,0.061771497,0.046369635,0.08067143355348556
0,0.082400136,0.073951304,0.11299089010774974
0,0.16511415,0.17997262,0.16548358541379957
0,0.051678512,0.047487404,0.04566878461034698
0,0.06827181,0.072309665,0.055563656191846826
0,0.23074228,0.2124067,0.18818143686494265
0,0.08072871,0.051901445,0.04978484574829178
1,0.31131548,0.29492137,0.24867285927439062
0,0.21531975,0.2495303,0.2574238301449108
0,0.029484525,0.027500676,0.041795030583542225
1,0.13815221,0.14144726,0.1741872299834008
0,0.08570074,0.08061987,0.09226261254354559
0,0.05981618,0.054909457,0.0729106504255873
0,0.070824504,0.05210267,0.06107018888675417
0,0.051811293,0.04543091,0.036944151069141624
0,0.041998282,0.045092713,0.03592276927361743
0,0.06059778,0.0735753,0.0486825801460057
1,0.111095004,0.10667865,0.07748223017171581
0,0.07729054,0.07454898,0.06061802115137458
0,0.262004,0.22440265,0.24671055988125895
0,0.042770293,0.0499087,0.04229499248288524
0,0.04974077,0.032148335,0.06166707335540051
0,0.1629725,0.105207235,0.11968530329229526
1,0.17260931,0.15196936,0.1725016591625861
0,0.053103752,0.05332367,0.04812289385226501
0,0.12445589,0.12112612,0.11739400994223613
0,0.06737906,0.041135695,0.0822359644951585
0,0.038080357,0.037616257,0.03788098711721592
0,0.07312488,0.069992185,0.07627945075679639
1,0.22442447,0.14232738,0.1974614832943456
0,0.051997405,0.052423168,0.051784968802784326
0,0.14938968,0.115931146,0.17856312535013413
0,0.045853693,0.04688321,0.03535020181535813
0,0.051574677,0.037369516,0.04267317736864084
0,0.08475412,0.105230756,0.11176230176946203
1,0.22687885,0.24459575,0.23752725462143626
0,0.050116893,0.034996863,0.07688883291116323
0,0.13016306,0.15569389,0.13575150638132105
0,0.06486524,0.07079603,0.05714493687317708
0,0.044404544,0.039810788,0.031515705708166114
1,0.2597544,0.17721306,0.18781902205949108
0,0.06415116,0.05329703,0.077554373923479
1,0.31178963,0.30585307,0.22824404978999507
0,0.070195064,0.09187179,0.042916068683794786
0,0.051118005,0.055510875,0.05427605828763043
1,0.14604008,0.17741263,0.1727613605951268
0,0.082950845,0.0697243,0.08882676405245947
0,0.033409897,0.031674743,0.03948041203755009
0,0.11092189,0.095547915,0.0738475428072194
0,0.072339594,0.07367962,0.09400703037862278
0,0.1119525,0.10137863,0.12385137559459268
0,0.14086555,0.15588474,0.11879882734553111
0,0.15452883,0.15742782,0.164223754359278
0,0.053443607,0.04380129,0.038100553684941654
0,0.050628956,0.042747896,0.06329723476750221
0,0.086050995,0.07700541,0.1134577200649516
0,0.10343153,0.0752805,0.10244797908342514
0,0.062059972,0.0981347,0.09031036209112908
0,0.0807655,0.06413066,0.10404478867581492
0,0.095575124,0.07684796,0.1236168200577906
0,0.09381961,0.078678496,0.12013960408356246
0,0.19104518,0.19710487,0.19942372096233477
0,0.0470925,0.06381071,0.03904332037983966
0,0.082025,0.08098187,0.08378766397962274
0,0.15594909,0.1451587,0.2040586636113523
0,0.11248421,0.11988998,0.14179476765465301
0,0.2015062,0.22734809,0.1987622864244049
0,0.21304612,0.26646474,0.22370762713644843
0,0.08006453,0.06873454,0.08703530093614749
0,0.08530193,0.10778934,0.0865230734163716
0,0.1845383,0.19308552,0.1684355096422744
0,0.106634595,0.1304748,0.11137233613985117
0,0.18725254,0.17102765,0.14346227367036193
0,0.21417843,0.20494561,0.17033185714928673
0,0.052380998,0.050071772,0.052508411330348045
0,0.05599852,0.063807845,0.03561864987436338
0,0.09408575,0.0890667,0.09185963102059591
0,0.10551384,0.09381022,0.11888978583344217
0,0.06564178,0.05069975,0.05923749399941217
0,0.10573952,0.1589659,0.17454264597735586
0,0.1587181,0.13702337,0.19853919431914652
0,0.0575774,0.048035778,0.04629622375070599
0,0.10013468,0.09562136,0.10218255845583678
0,0.081381954,0.06353348,0.06388375669022782
0,0.08694211,0.11632277,0.08550608223573765
0,0.1018173,0.08297731,0.09437682921253525
0,0.060040742,0.07147953,0.13246454983500094
0,0.051108688,0.06480997,0.0704916020035396
1,0.35790846,0.2676372,0.25485713739540766
0,0.045644373,0.038131427,0.04828010585849214
0,0.17145175,0.16421317,0.20229928703055394
0,0.10802895,0.083101906,0.11771007103728451
0,0.09654954,0.076622054,0.10388747568402307
1,0.29090035,0.2507971,0.28959864571270355
0,0.029539712,0.025022978,0.037150406298117604
0,0.038396243,0.040516473,0.05406647288780984
1,0.15145,0.13493472,0.16451491028550574
0,0.06717505,0.07787321,0.06696161048763301
0,0.09294163,0.084970996,0.07659268952322544
1,0.244047,0.19654003,0.2290546459862102
0,0.12137316,0.09294918,0.17583203810790574
0,0.13310125,0.13800503,0.14320719164046405
0,0.047765,0.046883915,0.03886605954053161
0,0.04442638,0.041673236,0.041320387780438096
0,0.111974545,0.11783109,0.1232547816394236
0,0.087841034,0.07207517,0.06434552962741949
0,0.082430474,0.051049106,0.11226856759459587
0,0.13129516,0.1435729,0.12351815973432172
0,0.13633361,0.21631555,0.14896348059182354
0,0.069262125,0.05852138,0.060917461057745946
0,0.18344308,0.1805923,0.2604643513972586
0,0.055875085,0.051995344,0.049883093208064146
0,0.058378685,0.04644726,0.05191514851386678
0,0.028328141,0.030996826,0.03886749493197115
0,0.0512406,0.041281138,0.04267579972812062
0,0.2695029,0.17924021,0.26348095473265326
0,0.0575197,0.05822111,0.052077645739833804
0,0.14202748,0.11452494,0.15091627441163694
0,0.05147274,0.037687976,0.053309731810921045
1,0.11522245,0.09587532,0.09600556089011557
0,0.091495,0.08753961,0.1107361606131213
0,0.084574714,0.10282633,0.11567240735161549
1,0.27313393,0.25608918,0.22283586470008965
0,0.3106408,0.3113432,0.3089044791062552
0,0.1128841,0.11374417,0.09615447858280568
0,0.0568655,0.061596185,0.05248185913987497
0,0.047153424,0.054334734,0.04313075802362873
0,0.15049528,0.16618066,0.1630325408307136
1,0.09751337,0.08060388,0.09532883972212194
0,0.042898722,0.04044036,0.04960697018341224
0,0.065809764,0.05826388,0.046359917314273746
0,0.09161523,0.08099072,0.07217283308350937
0,0.2524468,0.3345726,0.2657548627653479
0,0.12581138,0.09820732,0.11711325930566438
0,0.09491307,0.12807812,0.10873897183763882
0,0.09620592,0.086645104,0.06288667042383107
0,0.17997399,0.18201104,0.2276346944741365
0,0.1890925,0.14956716,0.13516242472064735
0,0.06896899,0.062630676,0.05095179528167894
0,0.102822475,0.11740484,0.09701082302458632
1,0.08908815,0.07910284,0.06531341003470291
0,0.05417423,0.07516521,0.12587395459751094
0,0.19719857,0.17977552,0.1380046481928515
0,0.07901389,0.065831415,0.09307244867774905
0,0.057142608,0.04774053,0.043835930565257614
0,0.07239103,0.06505936,0.063786362142255
0,0.114172846,0.110966004,0.12341819958541975
0,0.05197831,0.04753755,0.04527607630618702
0,0.05333591,0.076273255,0.0890499230682847
0,0.08911431,0.07525345,0.08191731094937821
0,0.07175178,0.06464456,0.06758807254485437
0,0.078115605,0.07292854,0.06541038930849978
0,0.046663858,0.055674743,0.05166363637334373
1,0.15371999,0.23150404,0.15772893394971532
1,0.040768214,0.048717137,0.05797207106996889
0,0.13771945,0.12742522,0.13855838752111374
0,0.09744,0.11845939,0.12091158060948638
0,0.060770042,0.057013698,0.04644390119602866
0,0.046444386,0.059026964,0.0734907626755753
0,0.09688192,0.079761766,0.07769876002802352
0,0.12943652,0.106865466,0.1598611296169063
0,0.048418876,0.046542503,0.054497177248895905
0,0.066716515,0.048280288,0.10026764297523946
0,0.24467427,0.3167638,0.2717527325746291
0,0.31895489,0.20848764,0.24994253811037048
0,0.051613692,0.05383582,0.04890055411216953
0,0.045565743,0.04270512,0.05733046321540551
1,0.11547764,0.09833742,0.11045159674053352
0,0.04985024,0.04610984,0.03940716896039676
0,0.03118386,0.02991388,0.038346509865114085
0,0.03036904,0.030509112,0.03473907501883667
0,0.076306276,0.081131585,0.0639976289163583
0,0.1332372,0.14545958,0.14297979718104697
0,0.13732278,0.10170674,0.19881231582018483
0,0.06621105,0.062127307,0.06980620327029013
0,0.06490344,0.068164304,0.06933511160150459
0,0.069546916,0.08913326,0.11672910166543973
0,0.08633684,0.08454619,0.0901290248491392
0,0.12624644,0.07524379,0.11208432291753344
0,0.08110023,0.10827454,0.09515356509960078
0,0.098336376,0.12299276,0.11404798963092476
0,0.06399452,0.065071605,0.04287384609373133
0,0.04574573,0.043588236,0.03982236149047647
0,0.10598695,0.103513576,0.08768787524779122
0,0.044948384,0.049140748,0.04270742477159838
0,0.069980115,0.07936647,0.09112925402290926
0,0.118228726,0.1140376,0.10774848843278678
0,0.10858682,0.09438198,0.0940629125885007
0,0.038297098,0.03808712,0.03698081429023364
0,0.027802091,0.017914332,0.030316167715724956
0,0.06496811,0.079945266,0.062146550656034104
0,0.12274697,0.09118149,0.1374674285077801
0,0.17117633,0.19470818,0.1835816090772659
1,0.10001901,0.120323956,0.08356187855382578
1,0.06905152,0.073290154,0.07144340536161159
0,0.0715629,0.05421468,0.05800539062840204
0,0.05906552,0.060994048,0.07854376934353997
0,0.05462904,0.053098038,0.051033544621178775
0,0.10753516,0.1267,0.10452271366448593
0,0.16664948,0.19363692,0.14688168125114262
0,0.08766941,0.06727203,0.12594733383475137
1,0.04673387,0.0417924,0.055938752853369904
0,0.054700267,0.054700118,0.04413832832437193
0,0.18775968,0.25654405,0.16400614118180662
0,0.16862278,0.17287786,0.14996815126849425
0,0.059458602,0.06368586,0.1115806739397281
0,0.07620816,0.09415597,0.0742761733798119
0,0.051587578,0.06699292,0.04775694609836856
0,0.045798812,0.046125926,0.07887191041240493
0,0.07389795,0.056520525,0.06343926055412394
0,0.12842831,0.18834817,0.12704028374618326
0,0.06919246,0.05076141,0.06336382065584745
0,0.043711774,0.028403347,0.06966043027880693
0,0.4675404,0.4059872,0.3331048915910138
0,0.13284348,0.14638,0.1330746144488756
0,0.07033362,0.058735296,0.045264434699857616
0,0.05152762,0.054843735,0.06030504293566446
0,0.19671282,0.20855525,0.1879149395849823
0,0.092027426,0.09860738,0.07226954610902943
0,0.08030489,0.09290837,0.0809231131748398
0,0.045944463,0.035335958,0.049518284632691506
1,0.13455538,0.16868155,0.18528740074479086
0,0.08064335,0.06065545,0.11456725271162592
0,0.059823614,0.062085822,0.08588942392846435
0,0.11762288,0.113259174,0.11402929557340326
0,0.07531177,0.082090385,0.0795115268381382
0,0.32138497,0.21428907,0.2574519569186972
1,0.18140683,0.17247362,0.196366124137698
0,0.13688867,0.13338497,0.14770954591183474
0,0.04527864,0.036367424,0.04834547038834156
0,0.12514828,0.13716352,0.1289796527674364
0,0.07398921,0.07234436,0.06632552296196943
0,0.069499485,0.065356396,0.06389529941781831
0,0.19633323,0.16129258,0.1530626196037424
1,0.078545675,0.110663176,0.11794249298689455
0,0.04204343,0.039598335,0.029516736645283533
0,0.059296805,0.08791864,0.06827947021781067
0,0.12082348,0.13639502,0.14968169139352186
0,0.049277518,0.047016744,0.03817447648312286
0,0.106126204,0.0843308,0.1510605120216609
0,0.22825043,0.16632697,0.1841486424303329
1,0.27185392,0.2610626,0.30277050048499676
0,0.12349664,0.08256634,0.09959259898216546
1,0.11013895,0.11017644,0.12663738204250308
1,0.099578865,0.08038019,0.10212906891318459
0,0.20350187,0.14833888,0.17161925384742308
0,0.11882462,0.14939138,0.1469133780532052
0,0.107980885,0.10520032,0.11602976752240318
0,0.09841494,0.12550002,0.09941649683196623
0,0.080304466,0.09460379,0.09644350420490075
1,0.09429586,0.074057095,0.08364077706655956
0,0.17472439,0.12637416,0.12655618988942324
0,0.047649242,0.03639519,0.04202330834918753
0,0.06963222,0.05899515,0.07005025004408816
0,0.10321999,0.13087033,0.10071810305822726
0,0.051473055,0.056095246,0.06747285117935511
0,0.03674172,0.027199907,0.045643814040977525
0,0.17942205,0.12360062,0.16433785825542807
0,0.073560074,0.06985754,0.06038208025165768
0,0.06209268,0.06588523,0.058191600838991844
0,0.103175536,0.09953184,0.07642635513621128
1,0.121589325,0.16054417,0.14779954380263777
0,0.11235344,0.09729154,0.120298695509125
0,0.09025125,0.10251499,0.11977881385674469
0,0.030956978,0.03483068,0.0282230733043904
0,0.067668594,0.048766684,0.05004324500139608
0,0.12231433,0.12505536,0.15474941139936704
0,0.034415983,0.031506784,0.04281597465578557
0,0.06551526,0.0817726,0.10991250929574399
0,0.038734023,0.035486206,0.04190005023103488
0,0.10412431,0.10712167,0.11889930743544266
1,0.050957534,0.05733196,0.058355828192732405
0,0.07582085,0.073983744,0.07525966079807687
0,0.22932523,0.17039394,0.20522530644217005
0,0.15436243,0.20334595,0.11074992995060293
0,0.0362447,0.034289382,0.03956025182456104
0,0.07245038,0.059833713,0.06192417225352789
0,0.05144465,0.052055303,0.059801888364685196
0,0.06491988,0.06231783,0.07050301600483223
0,0.103647314,0.09824944,0.11378557720180471
0,0.17309847,0.19944885,0.15232287107990472
0,0.08581821,0.11699472,0.09551624947762907
0,0.0385534,0.041459706,0.04747534425265361
0,0.07149493,0.07371479,0.049667453970431374
0,0.081756435,0.04369972,0.07180852409466582
0,0.17254639,0.1666353,0.19756221404913288
0,0.09671398,0.12076095,0.0857815169225351
0,0.03876139,0.039358187,0.05633002990937311
0,0.06769891,0.049430724,0.07289027954998735
1,0.11127051,0.09317156,0.11590222325677471
0,0.08236468,0.07332803,0.1077731378399046
0,0.09650955,0.08986714,0.10743892163075025
0,0.08044413,0.067527175,0.07468358096092202
0,0.10372496,0.09913027,0.08381546326625523
0,0.13656212,0.15894954,0.17843395421399938
0,0.06044874,0.060361885,0.056399510761670824
0,0.157842,0.1705307,0.1832831421986006
0,0.1456179,0.12052908,0.1840569156795795
0,0.10025955,0.09424488,0.08000561461014752
0,0.11426671,0.111134596,0.13225128333007308
0,0.051164944,0.04910284,0.03929361312257353
0,0.14792487,0.18139079,0.15899608819776087
0,0.06011352,0.062852405,0.0751986312396614
0,0.17300363,0.19058593,0.16203832808961796
1,0.19840959,0.15980893,0.1641350545650226
0,0.11826265,0.08867645,0.1407099034651458
0,0.2215794,0.19199277,0.20817161651551208
0,0.1921271,0.1488119,0.15576664146394223
0,0.07706481,0.07259692,0.07554219923796783
1,0.035794437,0.03153672,0.04553113927314094
0,0.12794426,0.119886935,0.15469054182824207
1,0.19317843,0.16094488,0.1780654918060674
0,0.07919513,0.09446072,0.11008775315554509
0,0.18611117,0.24149753,0.17758956572749643
0,0.108933456,0.103797436,0.1304328344005454
0,0.06600986,0.08376846,0.06606743576851576
0,0.038743306,0.039470315,0.04277028453165909
0,0.34823912,0.40261912,0.3656590479596422
0,0.09060604,0.10539023,0.1389264379524278
0,0.09770087,0.09796284,0.17894479333792915
0,0.04264071,0.05829822,0.04161860572174757
0,0.047000412,0.054180685,0.0435273013327462
0,0.21028276,0.22915877,0.17009082810626508
0,0.036898036,0.0395784,0.03610880903356466
0,0.3133435,0.3828929,0.24186297088222292
0,0.047395833,0.045922294,0.03874544277716751
0,0.07782984,0.08224945,0.09702692256708186
0,0.078049526,0.07144099,0.07985389232876229
1,0.071848646,0.08798219,0.06711685312557528
0,0.09642105,0.08442133,0.16243730637713993
0,0.049354773,0.04820642,0.039698078560139995
0,0.042314794,0.051147923,0.0481201284736731
0,0.039679192,0.048706688,0.05705453812905224
1,0.28683102,0.29444283,0.21020040019661154
0,0.07390045,0.05797322,0.0673207146231182
0,0.14195096,0.11487441,0.17727575007956975
0,0.10269663,0.06929178,0.05577505406011278
0,0.09437835,0.07405172,0.07679452842192208
0,0.043404024,0.06733935,0.061246324305343866
0,0.12856156,0.16626489,0.12067319084459141
0,0.066506565,0.06762127,0.07689258891146811
0,0.08358461,0.10815055,0.11475850558601687
1,0.09468962,0.0991968,0.08795330884260649
1,0.16707942,0.15380853,0.21893782707426393
0,0.14333302,0.15124008,0.1607831883205385
0,0.06270438,0.057356797,0.07179950821633552
0,0.052642122,0.043079477,0.05727895632082023
0,0.08825487,0.081182875,0.05541628058719032
0,0.10507274,0.0793795,0.10222784451722182
0,0.19366361,0.283632,0.20700809022068722
0,0.054538745,0.058578063,0.06788098196644618
0,0.036527365,0.04164387,0.052298375531919024
0,0.073072925,0.06112646,0.06884888275372496
0,0.06853754,0.061073355,0.08832097566318645
0,0.040063858,0.045526814,0.041139773921525846
0,0.052662637,0.053051546,0.044393411470257216
0,0.06647513,0.058019135,0.06382788471253195
0,0.07774905,0.10545708,0.09508702616814307
0,0.1679947,0.16091241,0.18628884465593662
0,0.09391123,0.099210754,0.09936746128514037
0,0.095556706,0.09101671,0.09415401228406038
0,0.050964106,0.05243941,0.03920567507161733
0,0.08485913,0.10506317,0.14714292953380292
0,0.075680554,0.06713356,0.0983723152022683
0,0.061672308,0.05687261,0.044541206371831926
1,0.11001774,0.119810484,0.12685398605479206
0,0.089052476,0.090594925,0.09139077408047648
0,0.072087966,0.06858169,0.0628997271432635
0,0.07232144,0.070117675,0.09119548717463861
0,0.05877835,0.0535428,0.05321544151225479
0,0.092988886,0.12927015,0.09797011915880234
0,0.0833937,0.082552575,0.10413100203546924
0,0.08444963,0.08181153,0.0827281478157052
0,0.085925505,0.10389861,0.09300534937165546
0,0.25102052,0.17637467,0.22961805238983982
0,0.048401825,0.04844298,0.05933208209487722
0,0.14054035,0.12370406,0.10841441201535248
0,0.062532656,0.046978932,0.05265145408126241
0,0.25623828,0.32863,0.1885465667706739
0,0.045003142,0.043960247,0.03051149059124077
0,0.47373438,0.452825,0.3241209379386114
0,0.05781101,0.050642066,0.09762240893088993
0,0.09919957,0.12678036,0.1280348276172296
1,0.12461984,0.12025488,0.1281415407957433
0,0.050223757,0.047143206,0.03639686054923438
0,0.03838909,0.05211011,0.04542184880264182
0,0.108832195,0.10697692,0.11114742367322597
0,0.29605082,0.29951197,0.259251891253131
0,0.08179167,0.0661772,0.08700685218264113
0,0.051609743,0.060606144,0.04186809046779514
0,0.067081034,0.07446939,0.07333426987039557
0,0.17152432,0.14193392,0.21354820156596369
0,0.16802655,0.14219943,0.12944295926292254
0,0.07719623,0.06555462,0.05021814773168855
0,0.09534827,0.108033985,0.10882803323621648
0,0.1196689,0.088091515,0.15350475562102953
0,0.047272235,0.098954834,0.051635715061708956
0,0.07820406,0.1126426,0.14554413023274124
0,0.14904949,0.14285836,0.15902269214049403
0,0.110658556,0.110733055,0.12208540311724125
0,0.20055856,0.20414677,0.19787352028241886
0,0.060655802,0.063399516,0.03846921681235788
0,0.048235252,0.043405686,0.0648373272714316
0,0.11335226,0.14093585,0.16208223948823372
0,0.11950153,0.11886058,0.10886861019304109
0,0.054572973,0.06639153,0.04645033200910726
0,0.10031113,0.102572784,0.0904392772285921
0,0.15620059,0.14726187,0.17317305481848475
0,0.13773774,0.1393177,0.12478798382550146
0,0.09638786,0.071943305,0.07077180422044656
0,0.15804166,0.12054893,0.12176322400711534
0,0.07162832,0.07962894,0.07472570201166702
0,0.041114148,0.049822886,0.03134593274374929
0,0.087159745,0.0709214,0.07703585887682954
0,0.046428908,0.039685152,0.04102838387987324
0,0.0539512,0.054349083,0.0543235377864695
0,0.04439183,0.052126195,0.03505701463122039
1,0.06363393,0.056714512,0.051619826494534164
0,0.07560273,0.07414556,0.06632138668012034
0,0.13552122,0.13684262,0.1499671273374455
0,0.05879579,0.055637587,0.066957064870234
0,0.084167495,0.06349929,0.08719019908638846
0,0.11995793,0.11844351,0.10785275001725143
0,0.14216192,0.16539307,0.1418436482832387
0,0.08318831,0.08523034,0.11146153729148865
0,0.05637595,0.07154429,0.06001694262619044
0,0.057949144,0.07750613,0.09327576419401963
0,0.08697303,0.075578265,0.07313298240854507
0,0.07723756,0.09356782,0.08570716827631358
0,0.086475536,0.10315857,0.08003778438484196
0,0.045734342,0.04029755,0.045043963245298684
1,0.058763262,0.064932674,0.09125354860076865
0,0.2838153,0.21121104,0.1743724317972602
0,0.053258978,0.051516015,0.05503429786123771
0,0.09534813,0.06793263,0.0956066030229384
0,0.06760962,0.06805786,0.09480169689010494
0,0.14733487,0.13771048,0.1531765272199987
0,0.13346769,0.11459425,0.1321786909534013
0,0.09856399,0.09170031,0.08703475418671656
0,0.05429753,0.0717066,0.06492840022466609
0,0.060558856,0.07757065,0.050977116738568376
0,0.054834086,0.039020848,0.050129184080546216
1,0.2565741,0.22559029,0.24102020629871704
0,0.11434693,0.07806712,0.11120869650520315
1,0.060715158,0.080030255,0.09385980031676723
0,0.0671733,0.06076968,0.05910360599414727
0,0.061156064,0.05819934,0.04835366010594089
0,0.08396452,0.089276314,0.09896011167262495
0,0.07688059,0.06881255,0.05269829219353943
0,0.05256818,0.044152793,0.03702057405976742
0,0.14771117,0.13281254,0.12403609287909084
0,0.072998405,0.08836607,0.09760646166311296
0,0.18395019,0.24788018,0.22802401319780125
0,0.10392933,0.099107444,0.09234931736760245
0,0.060852982,0.056078494,0.052760982151683324
0,0.12188943,0.10253454,0.13565724990149486
0,0.061873052,0.061065145,0.04920043661085873
0,0.24105966,0.22318342,0.20110956907612942
0,0.1622577,0.14442451,0.17114881582527716
0,0.07604911,0.07549515,0.06347374904883445
0,0.061257895,0.059471294,0.05292138807165802
0,0.15940948,0.16253783,0.19536145371447253
0,0.07449817,0.061573368,0.07248664295186755
0,0.06020049,0.06149856,0.06460490728228215
0,0.069601916,0.06505274,0.06665129945300001
0,0.06782729,0.07640651,0.09813804962660833
0,0.19196545,0.14899842,0.18337357706512944
0,0.072191164,0.063067324,0.05908790795968071
0,0.04425681,0.03318742,0.0364360039759671
0,0.101775624,0.085540086,0.08451832504660449
0,0.13778655,0.19024624,0.13665696849789985
1,0.061661556,0.061775822,0.04778728505208392
1,0.063622326,0.07650381,0.09095640249271111
0,0.08636739,0.14229313,0.17787786302272693
0,0.064789824,0.05883392,0.05356211301908728
0,0.06259071,0.061695043,0.06535862048208009
0,0.2743735,0.37853205,0.2908052815380765
0,0.064325936,0.0651953,0.03884289426276639
0,0.10479191,0.07208129,0.08490126103468643
0,0.14224952,0.12185682,0.1494491321331058
0,0.1521493,0.15748064,0.16550569016886096
0,0.07621504,0.07791347,0.10313852509682804
0,0.07129697,0.08107413,0.06519968393471455
0,0.043718655,0.040150672,0.05841122111166077
0,0.06896452,0.0508871,0.07184925355482637
1,0.044039473,0.054703373,0.062095876336025056
1,0.049173478,0.05274603,0.03839860091818624
0,0.07486875,0.072295815,0.05277498386841405
0,0.04022941,0.043206777,0.04644057494156365
0,0.056482907,0.050908394,0.08784313948708326
0,0.07234806,0.10333559,0.07011354806528644
0,0.24793011,0.27068534,0.2419244995676151
0,0.09311832,0.095142365,0.10686627767005687
0,0.13029356,0.15150683,0.14096744464978203
0,0.09654653,0.1001004,0.09351356071499718
0,0.032472897,0.035948843,0.03414572180544888
0,0.09297747,0.12379391,0.14295500432122893
1,0.35415864,0.24421178,0.2579826518805468
0,0.057727594,0.05300485,0.038515412271889614
0,0.1973268,0.12507376,0.1599721808900144
0,0.032115243,0.0341201,0.0411549985197166
0,0.058294497,0.046646915,0.04653447959174064
0,0.10210067,0.09359148,0.09045353870971608
0,0.055158444,0.058580797,0.04678057501163243
0,0.065273486,0.056370236,0.07413721033042904
0,0.035196118,0.042284023,0.048569038792310275
0,0.13260688,0.15659419,0.20953344392947731
0,0.05775782,0.06264295,0.06300465800404718
0,0.1444927,0.12398635,0.1227582966718271
0,0.04141511,0.043006066,0.03885991683893726
0,0.031431742,0.047425866,0.04428363121291323
0,0.05684475,0.054673623,0.04467479726155983
0,0.10742716,0.098183244,0.07957169741754436
0,0.048327092,0.038661852,0.043455240573438435
0,0.16604698,0.17310032,0.13949381860407387
0,0.05189035,0.050513037,0.03493739560266706
1,0.069930956,0.082822464,0.09420214633294018
0,0.12205404,0.121150024,0.1382612574764993
0,0.038524583,0.04901048,0.037649716062684545
0,0.08346623,0.12691976,0.09508890552281164
0,0.104584664,0.1016709,0.1492221438307632
0,0.1080312,0.09511672,0.07836776979908412
0,0.06977075,0.06378962,0.057546065315955096
0,0.041297268,0.05370355,0.05289256732090467
0,0.0469366,0.04192471,0.043892111707707425
0,0.10350993,0.10672379,0.1162521760296688
0,0.12641585,0.12570928,0.09022135127750837
0,0.06769674,0.06950786,0.07710430304981981
1,0.054788567,0.052568987,0.056968345378003105
0,0.12946688,0.08273347,0.0964141588226622
0,0.071712255,0.060657907,0.08405609542855674
0,0.079264775,0.080555536,0.08073946253976899
0,0.11295654,0.12820314,0.09581996639002652
0,0.06589327,0.086772,0.08646441057891578
0,0.057694286,0.05568596,0.04934945834032841
1,0.045807943,0.039573915,0.04181342066016144
0,0.07932729,0.09236476,0.08709838710835945
0,0.059571765,0.049095638,0.04736527764108383
0,0.11283673,0.11997671,0.15740792837609613
0,0.10886995,0.08373344,0.1328514949418221
0,0.085863784,0.10880191,0.08300248803676336
0,0.09993358,0.120519854,0.11149805287548253
0,0.08025177,0.08014272,0.11725887573719881
0,0.12302017,0.11482341,0.12520944571627016
0,0.12647168,0.17086263,0.23687782162635387
0,0.11472833,0.10908302,0.11081219608275959
0,0.05298901,0.07820627,0.062157600565843345
0,0.05973817,0.046803586,0.08027419473370141
0,0.12916164,0.1594756,0.15783189403792533
0,0.09199784,0.11122208,0.1115963499364055
0,0.037390422,0.04219991,0.046050446698906844
0,0.05132093,0.053525127,0.05274302901379985
0,0.028505793,0.028758544,0.052748284241523516
0,0.080816686,0.10980157,0.1804231900095485
0,0.048233423,0.049499217,0.04149773757899868
0,0.054066606,0.060208518,0.05451644863807167
1,0.13240924,0.14592773,0.12786151189859207
1,0.1376733,0.11603927,0.17015340399874354
0,0.10446372,0.09423587,0.07281536476445544
0,0.12261342,0.1110388,0.118979276834922
0,0.12664728,0.08349482,0.1685293290505181
1,0.40645474,0.38009188,0.31809532007262437
0,0.059095092,0.03780103,0.041630866188261
1,0.07904088,0.08599184,0.07160151266296574
0,0.058669165,0.053694624,0.07630892321212096
0,0.06306534,0.056330413,0.0844256442870685
0,0.23356129,0.20081373,0.19321387727818418
0,0.057083074,0.07322519,0.0700067370333672
1,0.11779181,0.1123305,0.061617740916206164
0,0.18190747,0.1741158,0.13935965275274145
0,0.04549975,0.039855342,0.05369537110260334
1,0.06243309,0.060071435,0.055405429167968964
0,0.15336226,0.15364797,0.16892383310346418
0,0.17960772,0.20742719,0.17129712850478207
0,0.12308368,0.10217669,0.12905524900173646
0,0.03346467,0.032959774,0.03971222497856409
0,0.10701547,0.08682873,0.1308032697791324
1,0.051740505,0.06368689,0.06404046833824716
0,0.09717911,0.075198285,0.1219796969655461
0,0.03849344,0.03388778,0.041088605286834376
0,0.07149958,0.066328704,0.04752533390338774
0,0.14468636,0.11191986,0.0757288909885675
0,0.094877444,0.08934955,0.06124540433085393
0,0.065236226,0.052739635,0.05379082768616652
0,0.044888794,0.058984183,0.0633885753378689
0,0.067487694,0.05252468,0.05528171179178256
1,0.12773748,0.15211111,0.1499584660364212
1,0.221078,0.18050309,0.20463821306963773
1,0.096291,0.09103973,0.10287840248440516
0,0.07463555,0.069245175,0.07103330172924739
0,0.08940517,0.07112893,0.10149832185844855
0,0.08373677,0.06684914,0.08049796538692458
1,0.57752293,0.5363866,0.26552836738897573
0,0.06545402,0.054587133,0.04929663308979227
0,0.064232595,0.06395067,0.07922145114997345
0,0.044429813,0.042641584,0.03750581733381181
0,0.042146884,0.037368443,0.03612192435938497
0,0.023883678,0.023351146,0.044810829761484226
0,0.049810946,0.04181596,0.07225023433021088
0,0.08350456,0.10864443,0.07499880218293246
1,0.075875245,0.08368349,0.06054191080083567
0,0.046210412,0.045524243,0.04648597958646309
0,0.12159719,0.1075086,0.14156275389472042
0,0.04943476,0.04623864,0.057988868435376775
0,0.07769386,0.10243077,0.12100934871617673
0,0.11007684,0.09147887,0.12942494381263775
0,0.043955155,0.048888832,0.03756254830331491
0,0.0387668,0.045755107,0.04399506259125051
0,0.053285796,0.050077066,0.04965796813050873
0,0.09628869,0.082534656,0.07035277673152547
0,0.067567505,0.06859668,0.0732293498589911
0,0.08706453,0.09270625,0.08704196241768494
0,0.030995594,0.035000987,0.034116164211407854
0,0.052500214,0.047182407,0.039573368983820995
0,0.050871175,0.04287227,0.03565437164221684
0,0.033175953,0.04091348,0.044087308700024426
0,0.027545543,0.036749415,0.032764944782039084
0,0.058330018,0.058817167,0.07122319875626268
0,0.09832131,0.118549176,0.1180392779914256
0,0.04683455,0.037247054,0.04257766976367988
0,0.08381289,0.08894025,0.10368319181159208
0,0.13515629,0.12670024,0.15286854698335423
0,0.10663732,0.081054054,0.11557170928825021
0,0.24467677,0.2243152,0.2762115019325514
0,0.07099713,0.0865658,0.04572802637468792
0,0.05200119,0.05129786,0.08174035578732652
0,0.07396037,0.060232375,0.09340827498325455
0,0.16571078,0.1686979,0.2793855275096096
0,0.09078078,0.09564158,0.07795408607447704
0,0.030805431,0.023524852,0.032249137638418794
1,0.09803015,0.11229049,0.08830871746174641
0,0.047021147,0.04079883,0.0514984477857159
0,0.15206456,0.1672119,0.1395910030341549
0,0.13228218,0.10372282,0.17681812531716065
0,0.08339738,0.096193604,0.07922222248549515
0,0.20838529,0.20050508,0.21318135233612964
0,0.07027348,0.10646245,0.07494858541066375
0,0.141034,0.15974674,0.16986059141584925
0,0.04138373,0.027303012,0.0486406581933884
0,0.2456717,0.22458944,0.24197167705438022
0,0.12210239,0.13388795,0.11831280221093123
0,0.092142195,0.099625856,0.09280365005845491
0,0.07047746,0.092908405,0.08340759668849153
0,0.055952076,0.055943962,0.06535398138758108
0,0.07914072,0.06045829,0.10024804767572872
0,0.11373096,0.13331267,0.17213513608990072
0,0.16309611,0.10384157,0.10567272592036106
0,0.11991886,0.1054367,0.10373653656101745
0,0.06277497,0.057341937,0.053843355369502625
0,0.1343675,0.15667027,0.14121999936374716
0,0.09284559,0.10190019,0.07366123055085737
0,0.06039743,0.054147508,0.05049325303610734
0,0.07746414,0.06348958,0.08243457904918414
0,0.07549525,0.06316325,0.07652253798566404
0,0.074142024,0.060556334,0.06957326889931656
0,0.0833985,0.062035706,0.05373508553125155
0,0.106101274,0.09370491,0.08323551906085307
0,0.22979124,0.18171786,0.193587376074165
0,0.10336177,0.07307976,0.10829864741324455
0,0.10447402,0.07801736,0.07062421559610596
0,0.07370923,0.061317496,0.06928890138151583
0,0.12628414,0.110919766,0.11036326300601647
0,0.059341248,0.03757817,0.04644100075946068
0,0.22518606,0.25246736,0.26730225709220734
0,0.060906187,0.07436542,0.07008894219906013
0,0.20566966,0.19294523,0.2088681406955552
0,0.26912093,0.18519954,0.21304976665349812
0,0.056489643,0.060070507,0.0534194256016687
0,0.04776138,0.056403,0.044196281640060675
0,0.119911835,0.10403769,0.10493061459618569
0,0.0549067,0.08629187,0.07010801524600141
0,0.12215181,0.11881369,0.14310836066980698
0,0.07998386,0.0860161,0.09601849187595658
0,0.17258592,0.19220084,0.1192444529108863
0,0.07106128,0.07681876,0.0615159991747818
0,0.16575272,0.12970945,0.1226310724158866
0,0.045914337,0.050944738,0.03864008042337341
1,0.114636585,0.10367933,0.11257492247980959
0,0.10768657,0.12571749,0.12976421355450127
0,0.05710378,0.05134705,0.04347730711689962
0,0.047882818,0.05157869,0.051331037129868445
0,0.0913275,0.09929049,0.13784461129537834
0,0.054561865,0.04959952,0.06090119904554118
0,0.17752823,0.14654888,0.12057381931664514
0,0.14871407,0.13438472,0.11993232531813433
0,0.13801067,0.11483859,0.15550598890675496
0,0.097939625,0.08421447,0.06810607145260818
0,0.092916384,0.08598037,0.13773549858763712
0,0.0598294,0.05571314,0.05566575614383617
0,0.23726851,0.1593921,0.13157690654231285
0,0.051319964,0.058356874,0.054372807299808736
0,0.08000887,0.08209978,0.07827612217846269
0,0.09224484,0.10587234,0.09079527691755829
0,0.061406642,0.058188826,0.06102271209439386
0,0.101950996,0.09794177,0.11201162256999736
0,0.10928513,0.07183722,0.1067304157727283
0,0.05812555,0.049763076,0.07423099915324582
0,0.01860257,0.015645161,0.027188783086015654
0,0.037329577,0.025120504,0.03849393865355884
0,0.05089865,0.04942717,0.043372912362403766
0,0.057031263,0.057568967,0.096323466460565
0,0.08030295,0.07956588,0.09855942589186104
0,0.076381505,0.09032955,0.09582740808930106
0,0.031241754,0.031472705,0.038009940977849946
0,0.043101132,0.06227046,0.05276716178596677
0,0.07699065,0.08561352,0.08420574382283053
0,0.06162911,0.055739645,0.10149090186214016
0,0.10148046,0.10595974,0.1260443122262815
0,0.15223697,0.14382204,0.11890277299145492
0,0.071816385,0.06542076,0.06526944777107523
0,0.07570195,0.07191151,0.05795096984547073
0,0.08077943,0.08174261,0.10130121010711181
0,0.12502149,0.095891714,0.11517645430679678
0,0.0884282,0.07803459,0.09471946605558235
0,0.052061234,0.04097603,0.03692593572218233
0,0.22708581,0.20070891,0.22711824420262397
0,0.05890345,0.063624226,0.05508984689354491
0,0.088495165,0.083322,0.058147125413374315
0,0.13124578,0.16673473,0.18944738467992026
0,0.06852639,0.06347451,0.05640684357562588
0,0.123631455,0.17361736,0.13614161127910163
0,0.046219327,0.046811137,0.04652278612873518
0,0.10469667,0.11459216,0.12457241928071786
0,0.10080823,0.092285775,0.11572645875865208
0,0.14882623,0.18126544,0.23927561747230505
0,0.091118045,0.09494604,0.06028553704058848
0,0.07399042,0.086995445,0.09046632653740752
0,0.05196825,0.049829964,0.04834432242535508
0,0.11913676,0.084918305,0.09096451347521588
0,0.11137358,0.11248448,0.0947379647099183
0,0.07867879,0.10113164,0.0806180082138962
0,0.26928174,0.2841765,0.24195379521240484
0,0.11067627,0.11295924,0.11524566888066648
0,0.10919167,0.11367297,0.14789455635086313
0,0.02906542,0.032312028,0.03339730189718973
0,0.16933112,0.18328921,0.15200767576689383
0,0.28748506,0.23932885,0.2074784800267128
0,0.04755516,0.025053546,0.07344692115205184
0,0.11273608,0.09882881,0.10971720508855777
0,0.05137699,0.0503212,0.05951238398307428
0,0.040015988,0.03873537,0.03451504688272323
0,0.06382766,0.06544622,0.06765919434382475
0,0.11163591,0.13959493,0.14965346995452694
0,0.15059653,0.17515235,0.16618975085348756
1,0.16234964,0.19270441,0.17100577610740664
0,0.09908733,0.121424094,0.05915667283075871
0,0.039950088,0.03715876,0.05329654551941586
0,0.20969692,0.252651,0.189086214209539
0,0.06595135,0.063154094,0.08126524474493983
0,0.17020264,0.17133531,0.15396633206161137
0,0.06291934,0.058323823,0.06829810881577028
0,0.25927234,0.19885466,0.27594832180290657
0,0.096854806,0.09336837,0.12127307299012995
0,0.056479387,0.06148177,0.05264432660990868
1,0.13207276,0.12882604,0.16176860608040786
0,0.08414247,0.074763164,0.10086214345623244
0,0.05695455,0.049106617,0.06595392443204139
0,0.054288913,0.08116292,0.09004204824152615
0,0.25385162,0.2666104,0.3083500270147502
0,0.06102172,0.057167355,0.04355273320274209
0,0.10019984,0.08632737,0.08984610711120554
0,0.046538547,0.073095605,0.07576142405343615
0,0.049404696,0.04727869,0.05930596127042409
1,0.15737022,0.13772741,0.16210649527391635
0,0.04240043,0.046468258,0.05632293141064301
0,0.072644316,0.0688173,0.06163638550700905
0,0.05547696,0.04868671,0.07922839989239118
0,0.081899315,0.07434047,0.08561481300849663
0,0.066602305,0.05173449,0.04929365883633368
0,0.13131298,0.14466207,0.14889463423403046
1,0.16080372,0.16392608,0.14975796563090138
0,0.09672647,0.0749408,0.06610820772320161
0,0.04954615,0.041157488,0.04038902748176321
0,0.22921547,0.19379391,0.19678424549050577
0,0.14631744,0.165622,0.13550194836012117
0,0.16690192,0.16584128,0.2032542407039837
0,0.1311158,0.1315991,0.0945923009984609
0,0.09116029,0.099408664,0.1089390352154413
0,0.13299085,0.11845496,0.11436592738884767
0,0.09081581,0.08178206,0.06861027658381692
0,0.024385296,0.024697104,0.025805025964673396
1,0.0779787,0.083455905,0.059893930092684934
0,0.07942305,0.067873314,0.05450804808090133
0,0.09777505,0.091581665,0.07140106740189178
0,0.10660275,0.12525588,0.10389012411538515
0,0.0935117,0.10276797,0.1598624658712288
0,0.06695818,0.0668888,0.05672757924278205
1,0.0407303,0.045661792,0.034411455434608815
1,0.06754373,0.066350505,0.07263546859908616
0,0.07182704,0.066537715,0.05469344614251963
0,0.12606762,0.15371026,0.17540839421417345
0,0.059428744,0.06698869,0.0538104907117552
1,0.18837193,0.19675153,0.21937965767239553
0,0.16605885,0.23531383,0.18797186149694484
0,0.07925927,0.08059605,0.06558450435647942
0,0.26496336,0.20284943,0.1534915332279491
0,0.07287609,0.06778195,0.05995483754897156
1,0.17293748,0.1482566,0.1861755622770713
0,0.13527843,0.11512831,0.1468688681595112
0,0.25778595,0.20774743,0.2692767437466524
0,0.101723604,0.07436239,0.055551815938237235
0,0.06631028,0.095819905,0.04978287196660852
0,0.09937564,0.10962492,0.1273842495218694
0,0.05190843,0.055337925,0.06521139312493826
0,0.11074637,0.11393336,0.11420652940108361
0,0.09858768,0.086132,0.09464052287248696
0,0.033133153,0.045859806,0.04190389649653957
0,0.056635864,0.07043794,0.05238308058486472
0,0.07237984,0.0784927,0.11178030836012301
0,0.067863144,0.054228704,0.07893601702632978
0,0.16644965,0.18839855,0.16868196938386995
0,0.08208263,0.08766392,0.08208652351832042
0,0.10645283,0.07984267,0.11659194593862143
0,0.0745216,0.079296395,0.06871292266965766
1,0.15169708,0.13084006,0.16894639762073058
0,0.09765897,0.10966731,0.08024508951279934
0,0.11732209,0.13400124,0.14203706906404556
0,0.04472855,0.04314725,0.045567328835495684
0,0.06972654,0.059354763,0.056684412789222635
0,0.07720709,0.08266371,0.061341351878278626
0,0.045800254,0.04776614,0.053947814400361414
0,0.13830662,0.14332947,0.11322353087733154
0,0.037193008,0.038313627,0.04759365888040005
0,0.07366472,0.06172674,0.08474388708373301
0,0.036537334,0.030986141,0.05290987944529388
0,0.08288191,0.0758596,0.06372530830344991
0,0.074677914,0.07558917,0.07453697618678022
0,0.03470581,0.03551264,0.039368453807474744
0,0.050181095,0.047628883,0.06453402703165532
0,0.08064898,0.08428797,0.08637761888159444
0,0.20089926,0.23178846,0.18286752799279746
0,0.12719622,0.10573731,0.1311182188572819
0,0.18164441,0.14272703,0.15134751611437547
0,0.066884145,0.052933488,0.06556747592144892
0,0.16446611,0.17576662,0.15363899682943857
0,0.14361057,0.09311686,0.22219562073275625
0,0.099298276,0.08985803,0.1449701112259934
0,0.078838296,0.06358319,0.06588418469380886
0,0.09171415,0.057802144,0.0594285307810783
0,0.08215699,0.08091247,0.08657603981522106
0,0.107439786,0.10949167,0.09082611488919187
0,0.059199814,0.0825236,0.0374089453246638
0,0.044074044,0.034433965,0.0523939315793031
0,0.055353362,0.050892167,0.07434802444593165
0,0.0768277,0.058808234,0.07803647288725835
0,0.20776956,0.15420036,0.2345905845597827
0,0.07227025,0.06155289,0.06370810912692207
0,0.06543712,0.04703614,0.0764002920776409
0,0.21139099,0.22837947,0.17339533671834936
0,0.11303709,0.11259167,0.14448887579104777
0,0.06434312,0.07671698,0.0506093429746248
0,0.11564399,0.118481286,0.12377529642569012
0,0.09647605,0.09126191,0.0845385063369578
0,0.23705214,0.19745877,0.21074489272395067
0,0.06420414,0.06943559,0.06714800965276278
0,0.092502505,0.0886401,0.10285797814534951
0,0.07801133,0.062817186,0.06150897914239234
0,0.056147885,0.04087285,0.06796152649137942
0,0.06967588,0.0717504,0.0839167577750135
0,0.08636546,0.08944307,0.10602762170056036
0,0.12629369,0.07843919,0.1878275559808604
0,0.20968205,0.13156499,0.12834412841557047
0,0.16648535,0.15486307,0.17026780135254593
0,0.15203,0.09392557,0.11164072564531
0,0.057461634,0.06183877,0.05231370686015206
0,0.06904508,0.08261818,0.06701744150408737
0,0.11083005,0.09421694,0.08921851193723633
0,0.19716166,0.27344728,0.23316857721278872
0,0.084676035,0.07983712,0.07013390609092657
0,0.24345008,0.27799597,0.26173007813972293
0,0.18075885,0.17078948,0.20053056246486217
0,0.3869241,0.34034792,0.15573405288341094
0,0.10677451,0.10973456,0.10819016290022307
0,0.11054179,0.08458751,0.07703497854100094
0,0.17109123,0.17829557,0.1592833522478424
0,0.05571191,0.057850163,0.05879253798780064
0,0.0965465,0.10526677,0.12041876539618852
0,0.08066548,0.07452515,0.07922791547862651
0,0.029306736,0.026208894,0.07279466264756819
0,0.10807935,0.14308482,0.1520044492219452
0,0.09975781,0.15819578,0.0898394535124981
0,0.089923725,0.10206463,0.08986671798976492
0,0.085109405,0.09179601,0.07980840447374285
0,0.03312974,0.03658585,0.04813444715097487
0,0.058394473,0.086332545,0.04783365733995638
0,0.070291825,0.046619736,0.09056700992432593
0,0.098546475,0.12249133,0.13197542510771101
0,0.10860715,0.09634059,0.10524269672497362
0,0.19731171,0.2571183,0.23813054749727877
0,0.0829578,0.08678451,0.09799567643810664
0,0.071445435,0.069525965,0.0716543814868889
1,0.7522703,0.73158216,0.39698088924226116
0,0.10116459,0.07162975,0.10214112293670957
0,0.06796501,0.07022345,0.0512395354117379
0,0.04595847,0.04970885,0.06535920788688501
0,0.06148017,0.06021107,0.05628793568295106
0,0.24655454,0.27581605,0.2780471403953967
0,0.048805762,0.044723213,0.06139812988977857
0,0.056674,0.058338396,0.04604103844848228
0,0.16267376,0.09946599,0.16530793694481707
1,0.05389563,0.045640152,0.05609673103742757
0,0.030831954,0.030503368,0.04382312299371313
0,0.04445366,0.047059324,0.045921997833896236
0,0.058214087,0.054529686,0.04243422680812901
0,0.1705426,0.17493635,0.15146747623738027
0,0.08857662,0.06743318,0.07675738721316958
1,0.1817077,0.19656347,0.18557844381401037
0,0.02966355,0.0381289,0.03953381372672375
0,0.09811517,0.09111441,0.06273999824277542
0,0.10155972,0.126102,0.10030002589072771
0,0.15572461,0.09498001,0.13371680526777283
0,0.0522188,0.052153867,0.06774857358252392
0,0.2087317,0.23053584,0.16708926081870656
0,0.06266705,0.0734424,0.08424875101574934
0,0.18847452,0.17894207,0.24971934438873453
1,0.11064697,0.109526016,0.10281131825761439
0,0.16959222,0.13111396,0.15459155319105924
0,0.07204625,0.06880206,0.06196921070471378
0,0.07224278,0.056812998,0.07716357268878164
0,0.096197076,0.087371595,0.07950010069904978
0,0.083427556,0.10056307,0.09221106928529656
0,0.06218148,0.05296316,0.07151321661847117
0,0.061505433,0.05538571,0.062374694019566815
0,0.04492836,0.052316774,0.060747829461838716
0,0.17362027,0.18042457,0.1554649282484385
0,0.04451931,0.0490803,0.03460952673616406
0,0.15373665,0.18165483,0.16106503440929085
0,0.06489534,0.0706555,0.0580005113012753
0,0.104383156,0.115714796,0.12714914515735898
0,0.21617189,0.21342447,0.1705560267590312
0,0.055572275,0.04457667,0.059009363085926095
0,0.07430502,0.06878465,0.05179334502459308
0,0.06969781,0.07274768,0.06112501790872571
0,0.09634358,0.10156588,0.08457024755081488
0,0.085167564,0.09746776,0.09176993213947167
1,0.41607058,0.4591323,0.3168739210416028
0,0.034363396,0.0466479,0.03819051168508899
0,0.18678494,0.15617026,0.12340184881154939
0,0.12281403,0.116157986,0.07786609992906411
0,0.063754946,0.07459754,0.05110371893663103
0,0.09073983,0.10519745,0.08219776604964577
0,0.06729341,0.06882393,0.07093930888391775
0,0.115193866,0.12579419,0.12773791591373543
0,0.0858134,0.09726315,0.08768380451243228
1,0.07399365,0.07465992,0.06921197305891717
0,0.06348738,0.052291922,0.054926440134044005
0,0.11922588,0.09852015,0.10664042886777168
0,0.17373675,0.15651073,0.21272913250573933
0,0.10046747,0.089588396,0.08869294948074329
0,0.14820133,0.114438556,0.10947963535444145
0,0.16798931,0.19228467,0.18760049856813213
1,0.059081122,0.06681282,0.07777431558189571
0,0.08030209,0.04842285,0.07313932564332516
1,0.14495507,0.15004979,0.15916061480889335
0,0.04903968,0.049998656,0.04386573597590992
0,0.08692712,0.09221228,0.1277445586511835
0,0.16710854,0.1663965,0.14069326326967144
0,0.10780154,0.065272845,0.10778893122148342
0,0.16546978,0.13637806,0.17385030530658613
0,0.06842891,0.06355999,0.06863266646429407
0,0.054849442,0.06315476,0.06994377250504594
0,0.09291438,0.08020566,0.10889796686187517
0,0.19231465,0.18306957,0.16352411942309975
0,0.08601397,0.08338702,0.10899702119789707
1,0.14228563,0.14194436,0.1110400120215808
0,0.0974846,0.111528985,0.12557494706969777
0,0.049441356,0.04086401,0.05455879175918204
0,0.13495238,0.18197906,0.15117134667259288
0,0.10735551,0.100208476,0.15914752377875802
0,0.05865937,0.09880222,0.09674635775866323
0,0.07056928,0.07346466,0.06581506333986092
0,0.0663773,0.06436527,0.04294243367826906
0,0.12362421,0.14232218,0.12894868344349372
1,0.19687958,0.14693876,0.20122387490434873
0,0.09185093,0.08432668,0.09048838284321437
0,0.06321896,0.043335464,0.05234949486029311
0,0.046437502,0.03601799,0.04680535356925392
0,0.08428106,0.08401443,0.07675108663791866
0,0.10071145,0.08949261,0.0855421893475261
0,0.057196468,0.05291438,0.05960360522879995
0,0.099563755,0.121855125,0.1465813145422159
0,0.07098908,0.06594889,0.07498103090639632
0,0.10176843,0.1143042,0.1180325338629216
0,0.07970561,0.11290635,0.1368237523371375
0,0.02529125,0.02321545,0.026343543815569092
0,0.05073824,0.056999475,0.04753717151868347
0,0.08365924,0.094869256,0.08124697217943509
0,0.41469714,0.33329114,0.26874736317658193
0,0.048618425,0.04670863,0.05173032719580443
0,0.033870537,0.030743409,0.03762883062756326
0,0.054943047,0.05211317,0.0440416384592972
0,0.091588825,0.079693414,0.08507312300673078
0,0.039488196,0.04232808,0.044622147799951835
0,0.1039873,0.14829767,0.17854001320848065
1,0.19879584,0.21284409,0.18409094897923856
0,0.053545497,0.06406929,0.05314074527759307
0,0.026603306,0.034889083,0.03210486833015939
0,0.04463832,0.042905062,0.043204938919873336
1,0.06352391,0.06475096,0.042954528721752344
0,0.06067557,0.049613122,0.04174679285419399
0,0.28858107,0.27179256,0.2378929962523217
0,0.069013,0.057476796,0.08322922571499632
0,0.08191834,0.072118536,0.1062140776517615
0,0.11530341,0.07177711,0.09525876655459983
0,0.16705497,0.155821,0.17073629347314678
0,0.07421462,0.07526442,0.07757434214781238
0,0.05095275,0.054383144,0.06234815963843342
0,0.13894528,0.12629254,0.1499074810016599
0,0.08263202,0.09921412,0.07816877016826713
0,0.078256406,0.085057646,0.09438473748864974
0,0.14869171,0.13171835,0.14606797865908236
0,0.114229865,0.18202949,0.1497102794749819
0,0.08369589,0.1083362,0.1991507660896316
1,0.13884018,0.17571181,0.1840380219182998
0,0.16010141,0.18687284,0.19421583643853066
1,0.046149146,0.031926204,0.050360786838261125
0,0.063765265,0.0552257,0.06633627230538204
0,0.100770354,0.079346746,0.08337745270786366
0,0.209044,0.19031478,0.1549816307707405
0,0.081003614,0.06188591,0.09196936789637704
0,0.06341753,0.044150397,0.06456622082777029
0,0.08264931,0.08647271,0.07472030401112582
0,0.05981079,0.05723674,0.06777381129298152
0,0.04107112,0.041662175,0.04563965626201057
0,0.21604216,0.23421276,0.1967825989184593
0,0.08560506,0.08623084,0.09591054491237137
0,0.1236335,0.11749422,0.12844692770222688
0,0.18809445,0.20811583,0.13964382423593139
0,0.123118296,0.174783,0.1453900375076382
0,0.12806316,0.09235124,0.11478799849432766
0,0.13997856,0.13513963,0.12994700955964417
0,0.05416293,0.043252137,0.03731150854969501
0,0.09895214,0.07949039,0.12426727869496348
0,0.24915034,0.14219753,0.1276037677838259
0,0.057795577,0.048921257,0.0404614614589907
0,0.101337306,0.10643441,0.15294467261390177
0,0.3019839,0.2802417,0.2822758997156384
0,0.022247504,0.027352741,0.022874573199344397
0,0.05631211,0.044921372,0.05364749381128917
0,0.09023982,0.11634102,0.09189513030858039
0,0.07800654,0.074005224,0.07296424314598382
0,0.1095046,0.110494845,0.1248320139106822
0,0.11046762,0.09005032,0.0937833721237147
0,0.05712161,0.053089935,0.05781478451051554
0,0.11969011,0.11191362,0.13843758240017678
0,0.15256111,0.12175203,0.1548842722177571
1,0.091297135,0.10992787,0.11773241231570514
0,0.045115415,0.050525308,0.050403700744877926
0,0.08638441,0.10886199,0.07388960072159188
0,0.11786481,0.12174494,0.16587741515641596
0,0.18641654,0.22400308,0.1854971027950801
0,0.08075801,0.08913994,0.08433470308937555
0,0.052097254,0.050157666,0.060149925795333035
0,0.17385001,0.12690726,0.1828241610401798
0,0.10581103,0.07889069,0.11172961777909507
0,0.05429565,0.056094058,0.05343046736378643
0,0.08522526,0.057547566,0.09518397090994632
0,0.04701967,0.056693226,0.05515444709393014
0,0.10848641,0.07029416,0.07270664624846283
0,0.14579372,0.13479294,0.23627962596941213
0,0.11486815,0.10599791,0.11092429632705057
0,0.109802686,0.14002982,0.13754568657778382
1,0.22951749,0.25164717,0.21760796834154023
1,0.22407869,0.25971714,0.2531691203799857
0,0.07663945,0.06823237,0.11085328198313338
0,0.11135251,0.097386986,0.10900962491143673
0,0.24408568,0.21907733,0.19143024635289868
0,0.114084676,0.13914049,0.14268810810894644
0,0.14288081,0.12217819,0.14582776176581402
1,0.24547444,0.22951914,0.18386929752460895
0,0.048496783,0.0585818,0.044917469871368375
0,0.057448205,0.06377884,0.07932268479505357
0,0.03878709,0.05333656,0.0402828113051708
0,0.0759941,0.05990855,0.09748248046180967
0,0.038885918,0.04407708,0.0465478218110198
0,0.07142263,0.077776484,0.06562524906392568
0,0.09623596,0.08077998,0.13565204409415552
0,0.072657734,0.081508815,0.06050544005905168
0,0.121008396,0.13385464,0.1595536727245696
0,0.120198816,0.17326622,0.13569018249896866
0,0.074860215,0.049402095,0.06615273700322047
0,0.12762554,0.11685163,0.11425103141718283
0,0.05242812,0.05867558,0.04160366275308029
0,0.033957757,0.041968122,0.045366158490098465
0,0.15982361,0.13036993,0.22028519680611874
1,0.29859236,0.24083562,0.28263802435560864
0,0.0524532,0.05827619,0.06608897583790535
0,0.09640518,0.081415854,0.17095607358905077
0,0.1266684,0.14300849,0.12267216085670958
0,0.049111333,0.054236263,0.06631189857351368
0,0.10490941,0.13334222,0.08690711517972387
0,0.085745685,0.08418549,0.1030410715680662
0,0.06096202,0.08763019,0.07822648107182642
0,0.19743976,0.24086954,0.2326530472493449
0,0.11442951,0.07282422,0.12281992359883363
0,0.13368025,0.15403327,0.13683311565500728
0,0.028267762,0.0128895305,0.045802908708267406
0,0.028385108,0.02857869,0.0419211467568262
0,0.034963347,0.028790498,0.038462690580547104
0,0.15637206,0.19711995,0.12359534428854627
0,0.079294235,0.074552126,0.06212542089237253
0,0.0699453,0.06711345,0.07618490142435465
0,0.12645797,0.09997241,0.07693656381716348
1,0.19963469,0.2186023,0.1680517175861544
0,0.072718255,0.061829872,0.04522177366800711
0,0.1091788,0.1223395,0.09764289995665432
0,0.07259445,0.0663771,0.043272538441564784
0,0.24726513,0.23111333,0.189496673069399
0,0.24905589,0.23706277,0.215423301929917
0,0.14336133,0.16721494,0.20563053709573043
0,0.07015709,0.07799301,0.1462682267273703
0,0.18649559,0.19146827,0.18666117235180754
0,0.20534536,0.19431335,0.18026350963883575
0,0.070261106,0.059782617,0.10521104515325612
0,0.047817037,0.05239854,0.043215007271682974
0,0.20141147,0.16302341,0.15217719979776254
1,0.18250647,0.17338525,0.1718123122009376
0,0.07101934,0.075235456,0.07641715063655574
0,0.060824588,0.07534808,0.05290103643572852
0,0.06830148,0.07945746,0.052780055344436
0,0.08505313,0.06533184,0.0728697321983229
0,0.114557505,0.10966736,0.14535293646684455
0,0.059148174,0.04852727,0.09839948915594249
0,0.03643306,0.034244657,0.03521356692349765
1,0.097452536,0.0935151,0.09404112929223529
0,0.12785925,0.09742404,0.125630699196265
0,0.04173919,0.039738502,0.050030553885077024
0,0.15029955,0.16077416,0.11492024108922531
0,0.111016154,0.08359951,0.08143864603346998
0,0.10510119,0.11070671,0.1087126376219764
1,0.30234674,0.35755494,0.2821375305533622
0,0.066538915,0.063879095,0.09168118808531352
0,0.062834665,0.049943134,0.04964006204906031
0,0.043657605,0.03832628,0.039399845518529604
1,0.37039873,0.3333716,0.3157256504558705
1,0.122474015,0.10692785,0.13687998872310894
0,0.04301649,0.036513012,0.030873897404976234
0,0.09900754,0.08925367,0.09705552269601346
0,0.07200378,0.08296933,0.07060808978184965
0,0.0611797,0.05915405,0.11761458087050533
0,0.02717585,0.023997257,0.044879350749526536
0,0.07992933,0.060795967,0.08918753913507683
1,0.049668573,0.04281935,0.054337356294774396
0,0.1614255,0.15965669,0.1441460813854149
0,0.06716548,0.06509186,0.04486835397591513
0,0.08748356,0.06919222,0.06717926039479935
0,0.043676578,0.044146586,0.05470500127162439
0,0.087239355,0.10716087,0.0807182025372586
0,0.14751306,0.16622716,0.18294127396345342
0,0.12175562,0.112933956,0.11543322460030878
0,0.08433342,0.07031393,0.1260291111350814
0,0.110713996,0.12269899,0.11724641246843305
1,0.23526603,0.2491459,0.17078848027715252
0,0.06396898,0.059556063,0.0797323503762226
0,0.059032425,0.050791677,0.06548597683546449
0,0.06626731,0.06333914,0.05930911581228215
0,0.05786281,0.04222151,0.03951053264820368
0,0.058202036,0.051709097,0.045104242144871805
0,0.03424362,0.033689,0.018039037034345777
0,0.108904324,0.13288143,0.08985409325051254
0,0.055119652,0.059269603,0.0713552089109038
0,0.10982343,0.10663077,0.12308797494735044
0,0.03140005,0.03488572,0.04336753363525938
1,0.25443602,0.26232287,0.225124370215135
0,0.06390813,0.053266533,0.0736037870335613
0,0.14349814,0.1009831,0.18418210401002647
0,0.18101604,0.16403227,0.17874113890091875
0,0.10727793,0.083703846,0.14441702370992301
0,0.13834451,0.17988159,0.13823776967225895
0,0.06816604,0.07279024,0.07198897633016424
0,0.043820266,0.065041415,0.05217155203358673
0,0.07658226,0.08530738,0.07491493903482994
0,0.13093874,0.11639783,0.11560321335308955
0,0.35848263,0.31563148,0.3131585182847765
0,0.06237249,0.05560722,0.05594808846397207
0,0.05011149,0.06601354,0.05237538062020808
0,0.043271773,0.0447448,0.053301551249629896
0,0.035673358,0.030863702,0.025999972249937556
0,0.09433392,0.04986988,0.09389521553072712
0,0.16397694,0.2111743,0.2017043415148504
0,0.16325694,0.12929797,0.1784675268442522
0,0.23442906,0.18258987,0.18639111520548213
0,0.17124559,0.18937033,0.21779160627667699
1,0.17240545,0.16691418,0.14761421754807322
0,0.108680785,0.08316974,0.08270878386439018
0,0.056811716,0.057327725,0.05329300576959926
0,0.04993585,0.039625227,0.046795805394961296
0,0.062469155,0.05718217,0.05916809426779054
0,0.060859688,0.06597785,0.06007489861863529
0,0.08310862,0.059854478,0.06384284215743634
0,0.071300544,0.0684995,0.06154231156642645
0,0.05032203,0.06536932,0.038071578353902825
0,0.083290175,0.094517484,0.09830219368653124
0,0.07513824,0.07224859,0.05852433080431177
0,0.25795466,0.31422588,0.268729370670308
0,0.035971563,0.031410076,0.040660291450236606
0,0.17427807,0.14165457,0.2381163950629708
0,0.10215974,0.08492036,0.13083335664757031
0,0.06483041,0.06727939,0.06462574788624176
0,0.03504125,0.030734556,0.0409707655005324
1,0.10421493,0.098862395,0.11439132246827263
0,0.15536001,0.16968165,0.19004251404902583
0,0.083545916,0.09325557,0.1052889182470163
0,0.048643295,0.039676666,0.054783287110191696
0,0.2795194,0.21195343,0.19199859134333735
0,0.1180264,0.14031282,0.12161995964404171
0,0.1401277,0.14569198,0.14255707205533458
0,0.10155092,0.1290116,0.17255726598640736
0,0.08590703,0.09681961,0.08968981381985382
0,0.1888339,0.18571322,0.1631656226432005
0,0.0828562,0.08902189,0.11795056726672004
0,0.14611444,0.12613687,0.14511057840706915
0,0.09377509,0.076878004,0.11087792809896029
0,0.11777534,0.10338599,0.11075080880283013
0,0.20715067,0.10119659,0.13952696991644975
0,0.09954874,0.080505274,0.11938911853395323
0,0.09174336,0.05998046,0.144067228740139
0,0.21141388,0.2131197,0.175218124799933
0,0.049560413,0.05086657,0.07757471278216195
0,0.14441022,0.10481998,0.11399809603881231
0,0.04979086,0.04220174,0.047395966223272266
0,0.053150505,0.06472458,0.11340331500848708
0,0.054493815,0.052174777,0.04588895675493278
0,0.1219625,0.13697048,0.1300040167213078
0,0.05472764,0.051553972,0.06544989658119427
0,0.08667247,0.10957492,0.08656445852022143
1,0.100485235,0.0796405,0.11034464544577906
0,0.10901725,0.12866665,0.11036122096683318
0,0.10731538,0.10460287,0.10499248289366982
0,0.05483809,0.03707472,0.0830028881411311
0,0.08241958,0.08553479,0.08208099505623799
0,0.040779896,0.03872252,0.030982032632755344
0,0.06966928,0.051675323,0.04962776092314074
0,0.047890235,0.028600633,0.03354346080717094
0,0.47162917,0.45715111,0.3450715944761164
0,0.06019673,0.07773254,0.05870137419171084
0,0.08865551,0.0986311,0.0985556989358216
0,0.052290287,0.07678998,0.0789128170187673
1,0.41770694,0.28314358,0.3638319054164223
0,0.049634773,0.050403386,0.0651874787637612
0,0.06353941,0.06679378,0.08470275973204902
0,0.03828528,0.03851875,0.04964595530436837
0,0.09661311,0.08865541,0.11401923573568659
0,0.060815968,0.058792733,0.0605942866832539
0,0.024316628,0.030676836,0.03395068772186823
1,0.24358304,0.21906993,0.19802996078730525
0,0.10647468,0.07106628,0.10515421104004932
0,0.06357527,0.05683008,0.08013348605750183
0,0.16888976,0.14228925,0.11712029039953573
0,0.03313844,0.042554647,0.045764148623174655
0,0.042886004,0.041679624,0.04893972082362113
0,0.12363034,0.1500753,0.1392367996065631
1,0.12571956,0.11108086,0.11496842152932836
0,0.085139185,0.06797804,0.089113502283288
0,0.05292828,0.046800908,0.05205912795298235
0,0.04713584,0.060884614,0.1088969130280938
0,0.14051053,0.14188175,0.15324512845990645
0,0.14930181,0.14047396,0.1383838655508927
0,0.07015267,0.062220547,0.0656204456207767
0,0.084712274,0.10966908,0.103108425688471
0,0.08023723,0.08501917,0.07349410957592264
0,0.17419113,0.16898623,0.1509921159640909
0,0.08851757,0.089911446,0.07872287954489605
0,0.037522517,0.0347655,0.03599138990635967
0,0.1768429,0.18227273,0.1830093995438651
0,0.14251557,0.14223382,0.10284580188578084
0,0.0670812,0.057782147,0.13040646163767688
0,0.039863344,0.042732213,0.04875166232404781
0,0.07720506,0.07892987,0.08565746033001385
0,0.15646087,0.19092327,0.1855776351372507
0,0.15914418,0.1597403,0.18848517945425053
0,0.12333359,0.09379278,0.13176444762482628
0,0.086364366,0.07666807,0.057124621462917385
1,0.085404,0.09044502,0.07185447308305146
0,0.08909314,0.093810454,0.0881698259795119
0,0.19061609,0.16709036,0.16214182546022868
0,0.10808782,0.0885989,0.12142336972154096
0,0.43588045,0.40986827,0.4260989035703266
0,0.087919176,0.10938416,0.12154227970209987
0,0.0822215,0.07750308,0.062360877363078084
0,0.051936634,0.060474217,0.04867927238862108
0,0.054978948,0.060776897,0.0850313702043585
0,0.1330985,0.11654172,0.11480495553242537
0,0.04836851,0.055690765,0.04428847494366819
0,0.04887412,0.05170124,0.04973523378498246
0,0.04731526,0.03885145,0.042187147063962926
0,0.18528669,0.2030033,0.24071925537205982
0,0.14709868,0.1432783,0.1873660381467702
0,0.052509256,0.044475507,0.04077221674424923
0,0.071477756,0.055917516,0.05640181494643074
0,0.04015897,0.041218493,0.03982334790715345
0,0.06485789,0.057245214,0.037356563280279316
0,0.0949512,0.108751506,0.09401953148664173
0,0.06314601,0.091971084,0.07387878125986162
0,0.051881928,0.05792904,0.04669352207432553
0,0.101938,0.0979349,0.09573734894386107
0,0.048653647,0.045119606,0.05219057376344761
0,0.055775445,0.063684665,0.054607095834086766
0,0.05061613,0.040538196,0.049331720683022766
1,0.0345696,0.032355446,0.05015682268245137
0,0.07078355,0.07717489,0.0723666145497
0,0.094470315,0.097653024,0.07630355485938257
0,0.06359871,0.051356312,0.08403693227946754
0,0.063613065,0.053866774,0.07889445770112828
0,0.17647034,0.19446419,0.16181034043931214
0,0.10382789,0.11993791,0.1181316135888425
0,0.0804278,0.105163954,0.08245751687582313
0,0.08306247,0.06562837,0.09239457092457984
0,0.049244378,0.03899602,0.036124210008528106
0,0.06479659,0.05729833,0.04865270228394865
0,0.078232214,0.081432186,0.09410198241486596
0,0.13429324,0.13298555,0.1008832890069021
0,0.038793348,0.038410906,0.040182057288847356
0,0.13470742,0.09732325,0.13343809352226285
0,0.051721152,0.055923503,0.04329193101125286
0,0.20396037,0.15042421,0.1784952713343384
1,0.30305523,0.3788954,0.3292192443736195
0,0.09370781,0.08715599,0.09647649124779992
1,0.09491584,0.10789876,0.1354324572731001
0,0.05583861,0.06264629,0.06111026191471996
0,0.17765664,0.17658849,0.14248113235937407
0,0.13898051,0.10786404,0.10989153726377911
0,0.054429617,0.050937947,0.053513930787495334
0,0.042119496,0.031088328,0.04290694177747214
0,0.057000842,0.06601071,0.044305319534887734
0,0.118232965,0.10954748,0.10401133358091345
0,0.047222372,0.03998628,0.04895932413560932
0,0.08008608,0.09275664,0.07527151531382435
0,0.09349633,0.10493232,0.10746332874435738
0,0.21493596,0.15897736,0.19152833386645635
0,0.063881464,0.055157103,0.04767279246281684
0,0.08981632,0.09459583,0.08707138845342101
0,0.06858661,0.052873973,0.06456930358906028
0,0.058064427,0.067914486,0.09701940096852264
0,0.1800945,0.21500823,0.17411668621712068
0,0.18541422,0.20079106,0.16115324810427012
1,0.07662995,0.08445307,0.08006989138526151
0,0.039588537,0.03627642,0.04775570719671438
0,0.073839284,0.09557143,0.07750530290218023
0,0.15555544,0.15376559,0.14138739531934924
0,0.09511008,0.10410879,0.09931618865315564
0,0.067140654,0.04977495,0.08524648540247673
0,0.14584543,0.13800514,0.13548752151069976
0,0.069376335,0.04636294,0.06817308900431807
0,0.08609081,0.11035535,0.07417695006644474
0,0.05576977,0.054510724,0.06268271370444801
0,0.043938097,0.048694935,0.05781073518582361
0,0.031644795,0.03166018,0.03927090236299018
0,0.13779931,0.140513,0.15170632389483382
0,0.06035017,0.055961534,0.04504039089315932
1,0.2025981,0.17261267,0.1964712570729824
0,0.098462924,0.1095583,0.08390531521598699
0,0.075461775,0.10537949,0.1177822798639686
0,0.09263618,0.0943447,0.0762964606353597
1,0.16213651,0.10258263,0.08800077743752927
0,0.07792294,0.07617076,0.10009515538902161
1,0.081636384,0.09709999,0.07035448770842835
0,0.035830922,0.033531595,0.032808125950796414
0,0.0890483,0.07422387,0.06961332589859183
1,0.049296286,0.056137573,0.03958511237079533
0,0.09919152,0.10495843,0.08932082983871367
0,0.08261245,0.10595147,0.07872328458266734
0,0.05965393,0.047456235,0.056264652582091144
0,0.048987515,0.03861023,0.04059099240166427
0,0.041917585,0.053276416,0.06374483069870314
0,0.13504992,0.15070194,0.1655118315065581
0,0.10375619,0.10518446,0.07444388790216568
0,0.19436334,0.21102268,0.23465540282654748
0,0.08352177,0.070452616,0.07161016672328431
0,0.06432155,0.07118529,0.08958947389553934
0,0.100111715,0.09130475,0.08824471454868442
0,0.116441116,0.07433242,0.09001138583273557
0,0.06405114,0.063903496,0.05496141049905207
0,0.057136673,0.06323038,0.04132340972385161
0,0.05330383,0.069732755,0.05581247657064466
0,0.059077166,0.061297305,0.06417551417087185
0,0.09356345,0.10943014,0.10366740085276147
0,0.04358008,0.0466412,0.04971893155044902
0,0.109320536,0.0968013,0.12056209885334664
0,0.045169875,0.038670227,0.06325576280328413
0,0.09705117,0.071353026,0.1507607644049764
0,0.084401414,0.065396875,0.09721450915032465
0,0.09010019,0.08303747,0.0750062773011092
0,0.058795974,0.047417365,0.06166962356615428
1,0.11798913,0.08921645,0.17192757309375878
1,0.49748123,0.4929051,0.39334952413377056
0,0.057659827,0.05914381,0.059598134990288605
0,0.052910306,0.07039073,0.06683479221781354
1,0.17562129,0.108962364,0.19903171078334156
0,0.08409282,0.08314645,0.07732546510654821
0,0.13455106,0.18422417,0.11168602989304763
1,0.18790907,0.16894254,0.1724021677398226
0,0.05419266,0.059863254,0.04837448693651627
0,0.13562357,0.14807664,0.14852571741602572
1,0.10312377,0.12491872,0.13194754818251672
1,0.11552889,0.14480548,0.1627856135854369
0,0.059577517,0.056326535,0.05711413558428843
0,0.07189308,0.10458114,0.0757840333260203
0,0.028931597,0.023572352,0.03561894500316112
0,0.04676499,0.060182054,0.04915401155267243
0,0.13826913,0.20950733,0.1621283629012446
0,0.049235534,0.06726706,0.09081060466471329
0,0.10225405,0.08711131,0.10958974524304976
0,0.054623924,0.0540652,0.08603819731890448
0,0.09625382,0.07607722,0.1167446941340751
0,0.2771398,0.29140612,0.25912541493679925
0,0.13632496,0.117445506,0.15214117676874486
0,0.08730706,0.06021281,0.11307216850981523
0,0.058049276,0.066039234,0.061986081739078894
0,0.04173329,0.05629159,0.07741045667904557
0,0.021647418,0.020482522,0.029106064250366402
0,0.17232232,0.21012203,0.1926604269163424
0,0.15128675,0.18229644,0.20191947318764786
0,0.07922477,0.07640444,0.12565187640768594
0,0.15297775,0.14025238,0.14772659122844922
0,0.039552245,0.046208292,0.046812152430025136
0,0.18633093,0.23378083,0.1988392365210877
0,0.04968398,0.052121747,0.06604738370939363
0,0.2569091,0.2253764,0.30221895616386085
0,0.18477385,0.15743515,0.16157524344772387
0,0.10208783,0.19330443,0.0996537773255837
0,0.08823455,0.084725864,0.0685975726153153
1,0.3068884,0.27347094,0.2875256308294901
1,0.14075111,0.17015037,0.17520260401335858
0,0.064096235,0.06599556,0.07726113126560546
0,0.25943217,0.21954791,0.23543825929374182
0,0.08251429,0.06643496,0.06813177324289854
0,0.058744986,0.058559656,0.05255921779432913
0,0.06848323,0.05745201,0.07960112424685038
0,0.116961695,0.12149351,0.1078541993654943
1,0.07628403,0.06229188,0.05160230909469638
0,0.17974964,0.1882657,0.16273436688868506
0,0.069713846,0.09026701,0.08395476342897391
0,0.06444809,0.04716166,0.06805921355273278
0,0.2000686,0.18696664,0.15754362730917074
0,0.047297195,0.052407335,0.059527688038297534
0,0.12656856,0.09337199,0.1513620060784255
0,0.09745888,0.07721517,0.08095512645819966
0,0.11732198,0.12424273,0.11544521767687145
0,0.08345102,0.05940028,0.07809888993663193
0,0.20808914,0.2326123,0.2091440879471775
0,0.17704363,0.14954238,0.21061272763056405
0,0.13006637,0.18466365,0.1380415347656193
0,0.07146415,0.06530598,0.0669786086856576
0,0.13967174,0.16566145,0.19341882336800684
1,0.109996974,0.094748124,0.10995674206297627
0,0.11706385,0.103781134,0.19490933272821578
0,0.06492615,0.043008186,0.07248020647019766
0,0.05536458,0.051067658,0.061350478817537975
1,0.13699022,0.14386064,0.11761284899767184
0,0.19527872,0.20051847,0.15695529791848867
0,0.075010195,0.0586404,0.055339690816301405
0,0.09500653,0.07450817,0.10069350016871421
0,0.05885372,0.059936594,0.05797627747312578
0,0.18061295,0.18561709,0.18399368176448794
0,0.053421967,0.050587796,0.03708149811612063
0,0.06583237,0.07088989,0.06721019227989353
0,0.040903497,0.050671395,0.026641622372044017
1,0.16998625,0.14490123,0.1696756598258494
0,0.0835041,0.08051285,0.09612059892207105
0,0.072421044,0.06297645,0.08416623044639031
0,0.04298771,0.044162273,0.04058640656835989
0,0.084552586,0.0840492,0.07717367100183678
0,0.08902393,0.07905862,0.1006100193308023
0,0.10489924,0.082547374,0.08060842650495637
0,0.06478694,0.07582691,0.08199003582175886
0,0.09535664,0.096217,0.10373903925524801
0,0.15631203,0.12543571,0.13406395758012302
0,0.073004834,0.08158822,0.10329243721179605
0,0.1712933,0.1462487,0.20239501276787866
0,0.08603376,0.06777872,0.0844444312801411
0,0.078025855,0.071993545,0.07698885316064218
0,0.057594065,0.046482224,0.06139163367795887
0,0.12798361,0.079198815,0.19981707570370266
1,0.42200887,0.4012801,0.3432663775774887
0,0.088983685,0.08608441,0.09934307575092195
0,0.031218974,0.028438535,0.04914774802897346
0,0.12544413,0.11286579,0.12566674776432699
1,0.02076596,0.024269903,0.04166686534603542
0,0.055581447,0.05091401,0.0669475913071367
0,0.11771003,0.14149264,0.1237068844805313
0,0.07604219,0.058471404,0.05957644195858301
0,0.19704692,0.23437329,0.21345347650868973
0,0.07135802,0.06663826,0.06883027786400303
1,0.27919254,0.26860747,0.3548678329285731
0,0.33057445,0.31779993,0.3074203127852813
0,0.03522921,0.036029376,0.03966287079813333
0,0.12404507,0.10947554,0.1243577914981523
0,0.104806066,0.1054957,0.10941179728234325
0,0.16495416,0.12125647,0.16782506193979124
0,0.06308805,0.084119946,0.08017992847441024
0,0.06882571,0.06463086,0.08882689108721033
0,0.15633933,0.17586452,0.18601998829140948
1,0.09250504,0.0979765,0.12543229614594054
0,0.036508072,0.036323342,0.04167746486043418
0,0.282595,0.2487012,0.20340873731472123
0,0.11583933,0.11031098,0.12308789690517483
0,0.10179609,0.103071526,0.11511141161920035
0,0.09291038,0.1160294,0.10247472353543903
0,0.17218204,0.16608582,0.1762545543401358
0,0.06573138,0.050530583,0.06373442869753045
0,0.104274064,0.09443011,0.0950977893706027
0,0.0855771,0.05757354,0.06732124127945097
0,0.16053732,0.15067454,0.09785578635719007
0,0.17204587,0.16442315,0.16813667506018984
0,0.020730162,0.023360625,0.021069874024436382
0,0.05113751,0.037101727,0.0394828908663568
0,0.077732965,0.064961,0.08545301292723122
0,0.20338857,0.24788012,0.15281582479924333
0,0.07783115,0.07290765,0.07551298198183665
0,0.06781421,0.07388898,0.06594761568387236
0,0.14790739,0.11313067,0.136252864476264
0,0.044548202,0.04310535,0.04516786967692823
0,0.06740893,0.09418104,0.11232183133211801
0,0.0770084,0.07817448,0.06348080585269
0,0.1676869,0.17873262,0.1645466342331455
0,0.095898986,0.12199175,0.09620230573186514
0,0.16046584,0.16933149,0.17006647339247527
0,0.13306645,0.13031293,0.13363180621506293
0,0.10698121,0.0953238,0.10733658660109448
0,0.120838575,0.116966225,0.09661635100802843
0,0.03277877,0.028062137,0.03759034560427334
0,0.114408866,0.13982514,0.11109975028844471
0,0.084361,0.085445434,0.08558346663871465
0,0.098116934,0.101310015,0.15670182038353087
1,0.15214604,0.15928917,0.15686671387017045
0,0.025145829,0.030822279,0.02835402579299683
0,0.06858926,0.039748903,0.04962123669898411
0,0.08203787,0.081189044,0.12188318706161351
0,0.037649494,0.040479407,0.03290317737788919
0,0.11422571,0.08529544,0.12761432601964998
0,0.11031028,0.11268746,0.09528741907774872
0,0.2813937,0.23023403,0.21739191186935816
0,0.23062171,0.18252175,0.19095844290370298
1,0.16317838,0.17866658,0.14641679367342236
1,0.10258775,0.09227722,0.1346016782097904
0,0.07863173,0.09403252,0.061788342863822725
0,0.078437865,0.09158502,0.08106937418760699
0,0.06633392,0.058788057,0.07375961382006659
0,0.07541041,0.06807516,0.056927132753849606
0,0.10017119,0.12985043,0.16117553650345232
0,0.08831463,0.08782493,0.06511600048318629
0,0.07371287,0.0782726,0.09697005986481445
0,0.1257992,0.12331366,0.12443763614105623
0,0.06159725,0.038641784,0.05347760823698434
0,0.15687795,0.16414598,0.1282016696619285
0,0.15619136,0.16322155,0.16733359649706758
1,0.0772681,0.07064677,0.12997204450753178
0,0.05222261,0.046283755,0.06869867835188656
1,0.13458544,0.17124201,0.1661775145166674
1,0.31889266,0.2857957,0.23635997112580692
0,0.06353404,0.05838611,0.05552171184763637
0,0.1441553,0.095973946,0.13178561590864163
0,0.057883855,0.07020929,0.08162312307159388
0,0.09637638,0.09466119,0.12722804242676491
0,0.062753536,0.077217154,0.059242661907103575
0,0.09157348,0.085666224,0.10181148616154656
0,0.115450904,0.10409071,0.12036936796445456
0,0.12702098,0.17787027,0.17967132385450266
0,0.07770561,0.0968963,0.07251985635357884
0,0.09052622,0.09518517,0.07312640633071377
0,0.11407356,0.105527475,0.10760180431981624
0,0.045607753,0.03955996,0.031100719926859456
0,0.1830443,0.1866322,0.16334262348138112
1,0.06874953,0.06615244,0.12931276087200272
0,0.16489752,0.2529388,0.2079634157697619
1,0.15774313,0.23261705,0.19175820392424714
0,0.22632702,0.14826877,0.22088358149956347
0,0.11084164,0.10352739,0.12070797645308827
0,0.13142785,0.11678243,0.16428637209971397
0,0.03886024,0.029401094,0.034233332369380975
0,0.11072862,0.13867538,0.12426688708855214
0,0.079167746,0.08057975,0.08773737433812591
0,0.100427754,0.08303912,0.12552340971240866
0,0.066090986,0.066041514,0.0876410518735223
0,0.12731028,0.11456562,0.15324542005333505
0,0.19033498,0.23167288,0.17303038718462582
0,0.13158117,0.13473709,0.12732018306547815
0,0.06474734,0.06395823,0.08576381899932649
0,0.029527454,0.03846576,0.04729377493306392
0,0.13785474,0.1532846,0.1573560582767208
0,0.08791834,0.08795069,0.07561705181587118
0,0.03916156,0.039307043,0.05210439766112635
1,0.16990325,0.18888645,0.20274749563902233
0,0.13808149,0.113904834,0.16763867097632346
0,0.09092424,0.10860915,0.08851885569070558
0,0.05286668,0.07300641,0.047671792710625945
0,0.16584845,0.15480058,0.18697605486842137
0,0.34099308,0.31215402,0.23724064291188132
0,0.11185341,0.10469991,0.12853534685656404
0,0.1637293,0.15891533,0.1652185240503372
0,0.07693386,0.05255861,0.05127860726282413
0,0.057802323,0.04851603,0.057291652666393696
0,0.059116364,0.058101956,0.04552850144883832
0,0.08814987,0.1221975,0.11796715068944168
1,0.07296877,0.07698884,0.08982610182797589
0,0.11686514,0.12645195,0.12451224549222455
0,0.09166975,0.13521366,0.1408854828973928
0,0.17374183,0.2214426,0.1992060295512505
0,0.09820585,0.096037805,0.13555547465942575
0,0.070311286,0.06929861,0.07914536918851149
0,0.03514702,0.031712834,0.04120877788523015
0,0.2077638,0.16694148,0.18362577405150815
0,0.068838865,0.07203608,0.08566381254787606
0,0.10166526,0.083414085,0.08531630006425292
0,0.13940933,0.14108607,0.11427893946453058
0,0.08660453,0.06915994,0.06836316808541686
0,0.09134489,0.098973796,0.0788445106229961
0,0.1361399,0.097333975,0.13618792843339048
0,0.048196007,0.05091079,0.039874623117368974
0,0.0713239,0.063485384,0.0692585399902265
0,0.055196427,0.050713614,0.08915238421986132
1,0.07804428,0.09408643,0.10405679885250423
1,0.09008316,0.1057126,0.11795754346363291
0,0.07416781,0.08171959,0.05611971374632522
0,0.18220073,0.15914433,0.14776778387205836
0,0.038119853,0.027543187,0.041373463650825046
0,0.21126421,0.19714203,0.1637545960272427
0,0.10681547,0.118244804,0.12167852184232474
0,0.07797675,0.06251207,0.07802019349959151
0,0.17084213,0.1963886,0.21760381480935345
1,0.2500058,0.35970333,0.2458343680160383
0,0.09513922,0.06388574,0.08633484386123108
1,0.120357364,0.15741119,0.14293516495224984
0,0.054082792,0.06904412,0.04979503044333934
0,0.113665454,0.08964136,0.07307056405022708
0,0.060948256,0.054852042,0.1070397594781187
0,0.04443369,0.06471466,0.06552965790565939
1,0.23928657,0.13198228,0.1712936539290385
1,0.43633285,0.43175417,0.35683498320499146
0,0.14201517,0.106064744,0.12642631959033152
0,0.15693805,0.13973059,0.1168343912214772
1,0.093857385,0.11267073,0.09787894623764455
1,0.08543524,0.091193795,0.08651738678843864
1,0.19489989,0.1795624,0.20427712388476812
0,0.041690547,0.03922739,0.025848920812997604
0,0.16977136,0.18858992,0.11382994704216406
0,0.056590926,0.05643021,0.04008107821635193
1,0.14755568,0.13392356,0.12724940386030337
0,0.05395797,0.03798079,0.06159454314308982
0,0.25141403,0.1846176,0.28704361476597295
0,0.045592945,0.05227204,0.04191793241745314
0,0.032217383,0.03512892,0.021044525118699302
0,0.20332085,0.23699959,0.18067147881376994
0,0.11599917,0.13481128,0.1410610279188122
0,0.021907847,0.023039555,0.0311990732216469
0,0.07074495,0.079012156,0.05560167901050927
0,0.032265693,0.029482335,0.02457985791354964
0,0.05078121,0.051284816,0.07074108968561693
0,0.12891173,0.14583227,0.12495545262983242
0,0.088782266,0.10968437,0.07238155073471908
0,0.09280887,0.07515491,0.07909754561018253
0,0.04392581,0.04433282,0.0563279932717906
0,0.07366157,0.037507113,0.04261508151314538
0,0.10622528,0.09688914,0.11740314168802786
0,0.17352098,0.16296703,0.1572074400282952
0,0.10109071,0.09147293,0.1031684577377123
1,0.1362649,0.12371354,0.12442598947619034
0,0.045313828,0.044502657,0.04914598894224974
0,0.2499842,0.25093216,0.3006353484410208
0,0.1326333,0.11707297,0.11639527872506737
0,0.16283795,0.20843585,0.1431009238570275
0,0.13169716,0.21389166,0.15020377591743564
0,0.1128745,0.12207085,0.1292942803810317
1,0.14407614,0.1551377,0.15411096428570573
0,0.21189219,0.18579508,0.20600278064288227
0,0.52536094,0.41770732,0.41282346569689626
0,0.05871993,0.045364223,0.0440095713074927
0,0.07246857,0.07623376,0.08574205200764093
0,0.10604915,0.11654815,0.10783666840690924
0,0.11275998,0.161513,0.15882935552559654
0,0.09735524,0.08574062,0.0955526893818162
0,0.070079096,0.07771492,0.0742327313108867
0,0.091492034,0.09292734,0.08540658413406194
0,0.11081072,0.09089945,0.09281691225272086
0,0.095019326,0.09742904,0.12022872213788474
0,0.059371434,0.072017945,0.06896169882588617
0,0.077159315,0.05729127,0.06354506690091416
0,0.14418826,0.17676622,0.13099119877922752
0,0.08422758,0.089911744,0.07435741030022933
0,0.083972745,0.06363059,0.08681671055386044
0,0.3022029,0.20964536,0.247561474431978
0,0.16172576,0.17499855,0.15821929623491043
0,0.071146205,0.07278463,0.060245584989330005
0,0.09555697,0.105956756,0.09741060716575363
0,0.15005729,0.12997726,0.18622887256643866
0,0.17407207,0.23913819,0.20279110596047448
0,0.35764796,0.40777147,0.3700794996345983
0,0.05811157,0.052399214,0.07668129418485538
0,0.05303636,0.050948773,0.05807497692426723
0,0.05533565,0.08294029,0.04501658581868709
0,0.060277488,0.055980735,0.06120641387770214
0,0.12417316,0.12018652,0.12281640363453988
1,0.1006251,0.08519248,0.10644155087626021
0,0.05402525,0.042259004,0.06243348552779461
0,0.13645422,0.10312053,0.12756321523629724
0,0.09646568,0.089533105,0.09196361923263818
1,0.30766734,0.30851665,0.2715495982312086
0,0.06298206,0.06373481,0.07448933021075839
1,0.15092616,0.22031231,0.1622119156652384
0,0.040964037,0.05720817,0.05450431944817164
0,0.14680833,0.14872617,0.16023592036266002
0,0.13426857,0.14614016,0.10987602497693445
0,0.06711158,0.060617957,0.05470534267181928
0,0.056664094,0.04483759,0.037944319678590764
1,0.49221328,0.48050174,0.43771291687709285
0,0.1284389,0.115051925,0.1369948058286288
0,0.11350393,0.11134249,0.10594316755988616
0,0.19355622,0.14545663,0.18546970239100036
0,0.084007286,0.089876615,0.08211088692944599
0,0.18385434,0.22464205,0.21745609253789402
0,0.16312782,0.11958013,0.14370414876773496
0,0.027057488,0.026456162,0.03252850615168757
0,0.1046011,0.10588868,0.11870107785825464
0,0.09949257,0.10886451,0.10017210461831001
0,0.09526496,0.10447539,0.07479324647438315
1,0.16150974,0.13481018,0.19065208874036374
0,0.15880857,0.18332534,0.1903427456206848
0,0.03232961,0.032466643,0.03145248041965908
0,0.03987029,0.033601373,0.045554411949381216
1,0.10021626,0.09325938,0.11798322277579737
0,0.24517103,0.29275706,0.2246179990803881
1,0.3705106,0.32557607,0.3989347862057998
0,0.06037204,0.057564426,0.044853580421595034
0,0.115102746,0.07735235,0.12812560112261653
0,0.2886098,0.32637882,0.4071288120706407
0,0.15030609,0.10023985,0.13187819835660294
0,0.051732205,0.04515331,0.05705739152142754
0,0.11878382,0.12879321,0.12640305452728362
0,0.06782019,0.06855462,0.05922763483638318
0,0.08537763,0.07928955,0.0660049855799578
0,0.28685752,0.28189698,0.326968029171411
1,0.15401958,0.13334936,0.21125931412008517
0,0.037289426,0.03332806,0.04299807566111346
0,0.043986324,0.036901634,0.049175842003348694
0,0.15869275,0.17905849,0.20279505397571443
0,0.09255115,0.08468725,0.07733563506955998
0,0.11881711,0.124785334,0.1616203637143494
0,0.11678991,0.11804821,0.11666325006360335
0,0.12652352,0.108792886,0.16548909451500565
0,0.1920339,0.19384602,0.20851187526808218
0,0.11723217,0.15395074,0.13375035050192802
0,0.1020695,0.087379016,0.10128633559231465
0,0.12198466,0.11252344,0.09539697443027242
0,0.13427027,0.13400203,0.17158479854705813
0,0.07359713,0.08618553,0.058335143311223116
0,0.36922354,0.34485972,0.28344056686436203
0,0.12026035,0.11915659,0.12214067661212241
0,0.044080716,0.041339576,0.03464387213543269
0,0.24711287,0.2460865,0.21722904082882608
0,0.072972916,0.07008444,0.07967066817295039
0,0.0357918,0.037827015,0.03122044881926736
0,0.07084454,0.06727259,0.1125032200291608
0,0.1263258,0.11750158,0.10878023545120136
0,0.101097636,0.1180581,0.11646093538129533
0,0.056757968,0.063362606,0.07601159750098847
0,0.05412844,0.057226792,0.08667038022256028
0,0.08499515,0.09539358,0.09031987087165629
0,0.102139555,0.091678314,0.14726382191582202
0,0.07873746,0.0818298,0.11368329760110583
0,0.068740204,0.07269451,0.052162072902864114
0,0.088259205,0.086877786,0.12054995643332608
0,0.17195193,0.14245927,0.15653642150774466
0,0.13044429,0.1061826,0.13204558641603242
0,0.040717468,0.04455007,0.06306405239245597
0,0.045963325,0.03604382,0.05244401790070051
1,0.074923664,0.113171495,0.08929370478069237
0,0.0988491,0.1495513,0.11315767870844119
0,0.033471394,0.03660034,0.02776112239378327
0,0.06214227,0.057863113,0.043753685531999174
0,0.057596166,0.05525019,0.04928532606732796
0,0.17013593,0.1833355,0.17285641950104522
0,0.16068308,0.1451162,0.14692637048314183
0,0.06160552,0.0642892,0.0733991232241865
0,0.18016627,0.23641725,0.24300878478197926
1,0.047460515,0.039652135,0.05212423073521936
0,0.048728887,0.041835718,0.0720094633710825
0,0.11491031,0.1436939,0.12842923362395145
0,0.10742735,0.106788866,0.08747852995393189
0,0.050619684,0.04825385,0.04372572376009351
0,0.06638838,0.07691382,0.1045103814905757
0,0.052725572,0.044382595,0.039304297443661936
1,0.14662433,0.16383664,0.1414625545904008
0,0.050099146,0.052718997,0.040528437344815205
1,0.07404155,0.07658838,0.08074499510506081
0,0.23700072,0.16516317,0.15127766491131608
0,0.035966992,0.04342041,0.05309132645375999
1,0.3819968,0.3966502,0.36326024009282354
1,0.22203663,0.19762222,0.23348668619187396
0,0.070301,0.07569049,0.09569639267482655
0,0.03943702,0.035656154,0.03482424828390995
0,0.15117314,0.12663814,0.13489339537769846
1,0.24025272,0.29505703,0.19001173634196164
1,0.1225071,0.112699285,0.10910757893893315
0,0.058457557,0.063676745,0.04565663192129452
0,0.08456837,0.07561757,0.05825546973543592
0,0.08513497,0.06665569,0.1004554444671201
0,0.06804658,0.070679255,0.0571139330794416
0,0.087945625,0.09044438,0.09135232665042041
0,0.11843686,0.10739498,0.11733145145995781
0,0.03831355,0.037922766,0.05486035353017085
0,0.106849596,0.10758959,0.1402873375099346
0,0.06744978,0.052442335,0.08439444539402428
0,0.14204583,0.16989884,0.17637983071170626
1,0.112799205,0.17954181,0.12583934040984032
0,0.09176695,0.07804829,0.08275111533442547
0,0.03964747,0.041558795,0.04527931335559371
1,0.18094787,0.1341468,0.15741462657007324
0,0.08783622,0.081548415,0.0767946802746989
0,0.06688227,0.054474592,0.04421584643772342
1,0.06251857,0.08375398,0.07027581241570169
1,0.17553663,0.23680316,0.1759586556735129
0,0.15234613,0.11752925,0.1055300779520231
0,0.086238965,0.08189919,0.06452480587295518
0,0.100778885,0.13706733,0.1418438446738547
0,0.10478851,0.11135799,0.11328607541244078
0,0.047250092,0.040510163,0.03940398736732501
1,0.05632638,0.0743856,0.05339515816749195
0,0.32203248,0.22537367,0.2949822915434538
0,0.2536565,0.16172276,0.15699653525196902
0,0.14229877,0.12823151,0.14526527673977857
0,0.18947817,0.17981377,0.17308397596268627
0,0.10213,0.063446894,0.07559156468464155
0,0.075010546,0.114647135,0.0960687674424535
0,0.090873666,0.103216246,0.09383290409395183
0,0.060808823,0.0476809,0.07792738011330591
0,0.1460231,0.154815,0.17522352951076137
0,0.0821863,0.11811371,0.1067484689371617
1,0.113915354,0.15686664,0.11562948693586886
0,0.09370973,0.11380781,0.11334134324602678
1,0.23871665,0.3710177,0.24721742984408474
0,0.12279379,0.11751445,0.12061200047330374
0,0.058117002,0.07954142,0.06386877138103113
0,0.18411127,0.1796395,0.16005081647881161
0,0.27663508,0.24546652,0.2953001299046918
0,0.10404923,0.0975571,0.131658127314953
0,0.15110466,0.18842949,0.20829248624276528
0,0.08252172,0.067031235,0.09503259102216936
0,0.12231562,0.117222525,0.12564182502721477
0,0.12428672,0.10588884,0.11381900504880225
0,0.34985104,0.40208077,0.33797765698744014
0,0.14699787,0.1732897,0.18991559024389834
0,0.0721593,0.07143131,0.08044130524525586
0,0.09123088,0.078739315,0.1117298391478334
1,0.36653262,0.37377346,0.3460027046964925
0,0.08002382,0.07990389,0.10148375328183742
1,0.08495619,0.07512258,0.11384431086230105
0,0.08064106,0.079253614,0.0784819772770519
0,0.14110729,0.13430594,0.1753700257325933
0,0.09669767,0.1256251,0.13035146411580376
0,0.07911015,0.112123616,0.1652616600265941
0,0.09663415,0.10584754,0.08532832261760687
0,0.11523639,0.09198079,0.13331340561186447
0,0.12567134,0.21223132,0.142937382172795
0,0.072628245,0.05974129,0.0833399609382921
0,0.11896918,0.13246533,0.1847610009652029
0,0.08728096,0.12603678,0.1043071854775409
0,0.12882307,0.12733315,0.10156354678617228
0,0.13712728,0.110333845,0.1310945135292522
0,0.10753874,0.11578433,0.15145768087955683
0,0.098341554,0.091738485,0.11889817000978053
0,0.124303386,0.1585695,0.16076724011964225
0,0.124692425,0.13149938,0.12777452778360399
1,0.0785434,0.06986703,0.07024359412826396
0,0.10919183,0.08853921,0.15161835831247028
0,0.04251173,0.040712968,0.046657205112096985
0,0.14784528,0.1338743,0.14833056218973806
0,0.038637456,0.031684067,0.04975219545435495
0,0.14008129,0.1774027,0.1393544910704256
1,0.34985095,0.33162415,0.3474562314744622
0,0.19033022,0.1965242,0.18163539567331605
0,0.09433317,0.089411594,0.11145737889457948
0,0.08379472,0.057075147,0.09420376723351925
1,0.40238664,0.4363956,0.35197213922861725
0,0.14880863,0.13277349,0.1969154623685791
0,0.08908512,0.09654276,0.08084070331317662
0,0.20474355,0.20264806,0.14847921993539556
0,0.08595944,0.10356844,0.09809254990203167
0,0.12456568,0.10314939,0.09334037450990075
0,0.1091261,0.084737584,0.11061940310048925
0,0.1876842,0.15973072,0.15942307473270234
0,0.04288972,0.04813502,0.06140008322387746
1,0.06103523,0.08471124,0.06710349659616191
0,0.050277553,0.041974306,0.04423827056935969
0,0.1362549,0.13006853,0.11618323508764963
0,0.062536076,0.04102383,0.06311951441146983
0,0.16175072,0.1289391,0.18020841610566093
0,0.12766723,0.13998431,0.08869253944834858
0,0.1312215,0.1395688,0.11954863479658381
0,0.12340448,0.14089388,0.1393160140126399
0,0.10975975,0.1156123,0.1457393897211967
0,0.050191388,0.04929594,0.08582023549298179
0,0.061328854,0.046348985,0.11155779717317263
0,0.40045637,0.310986,0.3302028918606053
0,0.09814409,0.08207502,0.14339396191396384
0,0.08969997,0.10379238,0.08769263252928929
0,0.06194015,0.06419,0.11977793413849054
0,0.056080174,0.08102923,0.08941230666671751
0,0.06989305,0.07872218,0.06716997218778276
0,0.08483329,0.07443251,0.09059701604857255
0,0.07089566,0.059885927,0.05391101348566011
0,0.06233895,0.059886858,0.049347510758402484
1,0.5455612,0.50837857,0.40480752056880914
0,0.20430712,0.17559755,0.19725016869164883
0,0.16796535,0.14318891,0.19744796098759199
0,0.079321355,0.08082032,0.10328538540412678
0,0.0550035,0.061231975,0.04954924258746411
0,0.096837014,0.10958853,0.10295409022967722
0,0.10410647,0.10488674,0.10586973106856154
0,0.051590096,0.0616371,0.05218386738669175
0,0.07216718,0.07783867,0.09254689524983173
0,0.035802614,0.038125683,0.047031230369713975
0,0.04969105,0.08206612,0.046080364575758315
0,0.06495348,0.083317906,0.057609609785406087
1,0.091232635,0.07079896,0.06281438274006208
0,0.04467676,0.054318555,0.049286588271045755
0,0.27693495,0.27308306,0.29919097996459865
0,0.12998411,0.13828504,0.15176024982620687
0,0.10648656,0.105059795,0.13475421050378975
0,0.08308143,0.056297153,0.05612896410102003
0,0.119114295,0.11468439,0.10015351980965337
0,0.042695507,0.043121334,0.05554040993817244
0,0.045073528,0.037497956,0.051479501904836016
0,0.106640406,0.09099397,0.11540680398619185
0,0.109367944,0.08531371,0.1254302519191817
1,0.39918375,0.39556256,0.4009363859063558
0,0.060056347,0.077822566,0.09745704842223264
0,0.04013948,0.031795394,0.08616651437967995
0,0.16458882,0.14135952,0.14928354688704137
0,0.057344567,0.07557367,0.05401772537096588
0,0.06807334,0.07864955,0.07645134704513712
0,0.12742873,0.093323275,0.11630916671459308
1,0.13632147,0.10810258,0.10268197887316255
0,0.08696875,0.10545606,0.11431369823631624
0,0.13705866,0.14240366,0.14255355288895527
0,0.037457854,0.040686995,0.03960494106010691
0,0.059013378,0.085826434,0.07083355739583332
0,0.15264934,0.109183684,0.08456791178809023
0,0.06757231,0.054687805,0.07687926996509989
0,0.105054714,0.08041573,0.09837952154669632
0,0.06829667,0.06059166,0.07900534139365903
0,0.08791419,0.08549575,0.07815111055819517
0,0.082833834,0.08005727,0.092779739730933
0,0.21048638,0.08842439,0.1442202679850665
0,0.07633525,0.07090939,0.038159885292513344
0,0.09015816,0.118573345,0.11751089797989633
0,0.05178487,0.060983136,0.055663257628222974
0,0.042278353,0.039723188,0.03238629214654339
0,0.08743972,0.090081505,0.06613270235635699
0,0.11692622,0.11483746,0.15798329712792697
0,0.1677971,0.13354339,0.14128014609874845
0,0.23170938,0.2326178,0.21801048120811126
0,0.08543205,0.10942951,0.06735321013973908
0,0.103336364,0.0881072,0.08583743723660664
0,0.08990345,0.08192675,0.07092525492422545
0,0.08456526,0.07034865,0.07348717000317014
1,0.079499274,0.0708941,0.0748396473827656
1,0.4799501,0.42233863,0.4617114328269158
0,0.05562276,0.054659266,0.0788195286610387
0,0.052694358,0.056560498,0.07199850957584976
0,0.08186683,0.08322006,0.13282374450681417
0,0.079929136,0.07895603,0.06813022618235293
1,0.14416191,0.15792166,0.14142019617268275
0,0.08315944,0.0932337,0.13985562288293923
1,0.2354349,0.23686436,0.2292547381612132
0,0.041660488,0.051627196,0.03905040514019738
1,0.22054745,0.1395177,0.19667799402704988
0,0.043407645,0.04408197,0.048748840828919164
0,0.16580379,0.17532755,0.17350754545920596
0,0.16600606,0.1625904,0.1591679092560705
0,0.061163306,0.043115146,0.05426291503373774
0,0.13467418,0.14183578,0.16914803826643307
0,0.12373661,0.1334681,0.11787222498441988
0,0.08095383,0.08676291,0.12845456266102573
0,0.075001776,0.10357307,0.08325448034076874
0,0.042621978,0.043189786,0.03442153676959907
0,0.06673868,0.06241444,0.06870826167757452
0,0.10501563,0.07617386,0.09192130731323529
0,0.110228926,0.07999005,0.0674314037211827
0,0.078290254,0.080774195,0.09001608129644101
0,0.11680511,0.12777652,0.1545086507136959
0,0.25431237,0.19292961,0.2356011161904658
0,0.30028743,0.35937002,0.36179899639083807
0,0.08838349,0.08168509,0.06714444811723615
0,0.20772775,0.13266371,0.1626028970962532
0,0.21811561,0.19364282,0.23283114648566253
0,0.045938976,0.048858818,0.05414215451770979
0,0.056834053,0.061318986,0.05430369971408736
0,0.27896693,0.30934075,0.2875928274392868
0,0.10266559,0.09004809,0.07231979057244178
0,0.12702025,0.1513645,0.13245497131671027
0,0.09958975,0.09713812,0.08779234491305758
0,0.039598342,0.053670157,0.05083075531989105
0,0.11118899,0.10126025,0.13770331431764365
0,0.033930257,0.023065543,0.03214052297467999
0,0.11928327,0.14541222,0.11189743698332559
0,0.13170533,0.11259064,0.11587162537808725
0,0.05000509,0.047753695,0.07701479598600884
0,0.07773617,0.0824683,0.06475729490157257
0,0.07961033,0.08240556,0.08036907881545881
0,0.057557628,0.04780975,0.041295050292483815
0,0.28150815,0.24850263,0.21797753603824357
0,0.079054885,0.07523062,0.11079098382035027
0,0.13956255,0.12037588,0.10364982736830618
0,0.06571625,0.05964839,0.04622003851210205
1,0.07994209,0.064141475,0.07280446407637862
0,0.08746008,0.07013735,0.08552754804581555
0,0.1409746,0.14661257,0.11071996127672107
0,0.07265055,0.0852363,0.071147960956868
0,0.1190976,0.12859078,0.13811026732740764
0,0.038665857,0.051126763,0.07698674331127961
0,0.05433281,0.059470095,0.07059469171191146
1,0.13537633,0.12038109,0.13103727240640584
0,0.043923706,0.0435969,0.04202120930627558
1,0.14246981,0.12258146,0.1292579093445229
0,0.08570326,0.066198505,0.04769163166856145
0,0.083372004,0.07705209,0.07837186754937002
0,0.04360574,0.05370349,0.04446590311296046
0,0.16347237,0.13713415,0.14313852261594198
0,0.09223111,0.07225475,0.11143221410368508
0,0.12721308,0.1585006,0.16801192054188238
0,0.09453534,0.06578774,0.08002269711564523
0,0.0994785,0.103425026,0.08654305937748759
0,0.074372254,0.06664063,0.06167727020728096
0,0.07868135,0.05036993,0.05856057189196437
0,0.09661161,0.075487316,0.08589314461627937
0,0.055305008,0.054258965,0.05097207236416708
0,0.08928522,0.085854225,0.08874021931916681
0,0.02829597,0.029351432,0.03542431880503774
0,0.039492413,0.041467343,0.044498471780488796
0,0.19037867,0.13165194,0.18003434313866534
0,0.12580182,0.11221399,0.12561568716441412
0,0.073203176,0.07565617,0.08127525974721979
0,0.15061375,0.16100706,0.12656399140118413
0,0.13288298,0.12777072,0.09355038743858216
0,0.038782127,0.042573407,0.042969714141857504
0,0.1810171,0.14661743,0.14478467464301356
0,0.11849184,0.106674284,0.10362930844547664
0,0.13838755,0.12811123,0.1297534930780522
0,0.15923488,0.11833509,0.16197979099384835
0,0.07074479,0.060603105,0.08914454109689193
0,0.0625479,0.06611564,0.07124150693493661
0,0.13433674,0.16203804,0.16380802650156798
0,0.077015676,0.076061845,0.10769166640651671
0,0.1193182,0.121649064,0.11162744716529734
0,0.05839224,0.06271368,0.04570821068135311
0,0.041811127,0.053753357,0.0525372247979239
0,0.0878793,0.09522547,0.08740045862702686
0,0.197746,0.19150455,0.2299379816369494
1,0.1612804,0.22359087,0.2104657334885163
0,0.079935834,0.055832755,0.09079127988946996
0,0.11396827,0.13983801,0.13248861799437842
0,0.063000314,0.07115402,0.06494512150055226
0,0.11566277,0.06870676,0.1407041678223555
1,0.06104558,0.061268024,0.0492662367020371
0,0.066302516,0.065525055,0.061144116751004375
0,0.08625496,0.08875336,0.11998052697530663
0,0.06849243,0.06850111,0.09831126951990145
0,0.14977111,0.12685604,0.12110747831378223
0,0.046109136,0.036998563,0.0345156658761132
0,0.063670106,0.05845862,0.06266741756801354
0,0.06289664,0.06365088,0.09647071230703874
0,0.057559434,0.051975913,0.06630424843646382
0,0.055078626,0.0514224,0.058441482352746765
0,0.046311,0.04716837,0.0529031148492444
1,0.06284987,0.062086284,0.07998608568775069
0,0.044997223,0.026288927,0.08994781367993579
0,0.072314054,0.05592747,0.09437930876748576
0,0.11396812,0.10953576,0.13137905250974358
0,0.1326217,0.18435566,0.2172531835601206
0,0.108498484,0.114441015,0.09077876570278125
0,0.066619605,0.07808786,0.06295503151137673
1,0.22622946,0.31898347,0.2743949796452085
0,0.12980656,0.09904984,0.1600361825693189
0,0.025285855,0.028388279,0.02846339014342625
0,0.07831011,0.09016209,0.08934431675236029
0,0.05479388,0.051756468,0.04983967290593248
0,0.042024802,0.039194334,0.05037696487005232
0,0.070791736,0.051417243,0.07293037486756739
1,0.051210593,0.042568013,0.04979943354498585
0,0.03852404,0.029656332,0.034457155198291727
0,0.07355062,0.10266014,0.13122781296039485
0,0.051390763,0.055692043,0.054399277714285973
0,0.11737664,0.14938228,0.1438601741428815
0,0.09090665,0.098175764,0.055300640192164595
0,0.08056779,0.0394746,0.05410022541273847
1,0.05534214,0.056637313,0.04547335851106601
0,0.07268156,0.06935705,0.08546526075935819
0,0.12241751,0.11343764,0.0929664687909171
0,0.12005307,0.11736979,0.1262165859878023
0,0.11204723,0.10112451,0.13395078234115584
0,0.11239181,0.12213507,0.10025246692334548
0,0.046777193,0.037391547,0.04561612871824312
0,0.16316618,0.18101259,0.21022542771477412
0,0.08001097,0.094520114,0.0665738009451497
1,0.048351184,0.050391074,0.051040728635505246
0,0.08409328,0.0905874,0.09398727931566128
0,0.10343371,0.08110331,0.12160840932301936
0,0.1295769,0.13422553,0.11288817675100564
0,0.22029889,0.18477961,0.20498749749958947
0,0.036921304,0.039184496,0.03573328726882349
0,0.07042475,0.07515395,0.06325763720721728
0,0.091225676,0.082552984,0.08631820444742577
0,0.11605064,0.14183164,0.1402480984255063
0,0.11921291,0.13697559,0.1395023627043266
0,0.061044257,0.059816387,0.08184476285505235
0,0.060127813,0.06892112,0.07784078139440964
0,0.08315188,0.077864714,0.0748791183338391
0,0.054321013,0.03911238,0.06820977323416032
0,0.08775486,0.10883502,0.0752221576739815
1,0.07111761,0.06617564,0.07542616658860982
0,0.076756306,0.10237762,0.07326106602501696
1,0.16443026,0.21565717,0.09437041043223023
0,0.076774165,0.064385355,0.07557417719556615
0,0.060885053,0.08491273,0.09507152053114322
0,0.08109295,0.08948624,0.09607313015139628
0,0.0650445,0.05635029,0.05684800878704884
0,0.060302928,0.05732677,0.06361092651270546
1,0.1468904,0.12006025,0.13665396351003298
0,0.0931646,0.09250828,0.08007262586807166
0,0.14207806,0.19864446,0.1730288706749896
1,0.16273253,0.18761975,0.18097937004982903
0,0.04901079,0.07046668,0.05420166642593755
0,0.11858533,0.11057098,0.11086330988308311
0,0.054904718,0.055860363,0.041033065672271045
0,0.07041092,0.06193195,0.051383222247010946
0,0.17061883,0.17373346,0.15212514441486116
0,0.05992142,0.045469254,0.034388949115225345
0,0.052944716,0.053205952,0.0350006552893955
0,0.05978986,0.04948873,0.05071492347479897
0,0.04761961,0.039387945,0.030241831488435813
1,0.19171819,0.19498675,0.2279107785756836
0,0.0694603,0.07969985,0.05807709936580126
0,0.15142924,0.1266786,0.11323137731226289
1,0.11219049,0.12674691,0.11809863547542175
0,0.059049223,0.059472907,0.1114655742003782
0,0.17637128,0.16172215,0.1709853990352695
0,0.11477609,0.11499516,0.13013712042902006
0,0.10601219,0.10620818,0.1085350725316153
0,0.03758305,0.033381063,0.05389967739063926
0,0.3100407,0.26042372,0.25135351292154956
0,0.023391284,0.036224566,0.03832961511697725
0,0.14242381,0.13592862,0.12756287464571037
0,0.09755761,0.08588679,0.10315533329452209
0,0.15124582,0.18257426,0.14571224986799725
0,0.062080916,0.07423545,0.07402979344777944
0,0.11121894,0.09840878,0.12966622276568118
0,0.059228413,0.064225316,0.07752326103685793
0,0.030194942,0.026466781,0.04679597289323163
0,0.073077016,0.06879802,0.058256579593842
0,0.07709795,0.08632417,0.12579078951736136
0,0.25204694,0.1787927,0.2122906942371871
0,0.09793408,0.08186787,0.0762737467982609
0,0.11745269,0.13050686,0.11367421629523175
0,0.27474913,0.19329901,0.2333968544149308
1,0.12618542,0.124927595,0.12208541714935617
0,0.03730815,0.033123434,0.033737126052518156
1,0.14333107,0.18175073,0.2595938642709173
1,0.25222564,0.23953441,0.22845124167631564
0,0.056381967,0.05204231,0.05604348278030572
0,0.056451555,0.048254233,0.054155336171574066
0,0.022530818,0.032394774,0.04537155041764731
0,0.10518906,0.13706292,0.15340773348019643
0,0.070199735,0.059356377,0.06704878001264791
0,0.097918525,0.124355644,0.11753962487801606
0,0.112519935,0.14331026,0.13032168910731654
0,0.07572166,0.09719583,0.1044835469951028
0,0.0762149,0.048547164,0.05433719695844369
0,0.06334716,0.070893206,0.0634390863626427
0,0.114513405,0.13127226,0.14661869821249837
0,0.12370937,0.13758485,0.11949275983947977
0,0.12773933,0.17164375,0.12671852424781882
0,0.08361454,0.08746701,0.07675495072361618
0,0.11624674,0.14354104,0.10693224556576632
1,0.14518557,0.11787947,0.12443835423943608
0,0.06259601,0.05946845,0.04656445263734296
0,0.18852003,0.18130046,0.20165829044927105
0,0.1009886,0.103024006,0.1112876493334302
0,0.2063769,0.25051588,0.21170891887962415
0,0.19077179,0.18346466,0.18965494556380408
0,0.10974339,0.09709773,0.15043499534325433
0,0.08721781,0.080078125,0.12434164639230269
0,0.064222276,0.102486834,0.07707746866050709
0,0.080216944,0.040135257,0.12772475382177698
1,0.08611625,0.07351208,0.06263025078361548
0,0.16263027,0.1397171,0.16094541302840407
0,0.05636483,0.068385884,0.06565765611258441
0,0.17273584,0.15851532,0.15901564419902303
0,0.110873975,0.104002066,0.1129939211992906
0,0.03223327,0.03808044,0.05450285141321828
0,0.09797263,0.10686649,0.08519173363743565
0,0.18916672,0.18808466,0.1497473665682162
0,0.074516825,0.045842197,0.07302007335969775
0,0.04467152,0.04015056,0.034864792590617755
1,0.21451691,0.24942681,0.3466257922595174
0,0.12771896,0.15132421,0.15232947848367578
0,0.10949556,0.12494605,0.146476493377206
0,0.06434804,0.044751074,0.057386605001598326
0,0.13415214,0.15237734,0.1767596733920146
1,0.2772819,0.19531327,0.3101173063000264
0,0.068711415,0.055937175,0.05738709575236151
0,0.050091363,0.04746142,0.058636381438835684
1,0.047815997,0.05106419,0.05309451118050944
0,0.06526771,0.05613288,0.06894032281358863
0,0.09578825,0.09103978,0.09767726502274476
1,0.14741424,0.1802303,0.2997096030862872
0,0.08823607,0.079091154,0.09225502824086008
0,0.23887827,0.25519505,0.29091951315919873
0,0.06803694,0.08253303,0.0716194619932621
0,0.06751869,0.06808645,0.04698692981356677
0,0.07810909,0.05289012,0.04170216392860932
0,0.07556599,0.059367985,0.0704154173598639
0,0.051787667,0.050813235,0.05490689760528195
0,0.07579599,0.104493625,0.06593460211821923
0,0.083844386,0.09469556,0.08662054350347727
0,0.072253056,0.065852374,0.06686002193200546
0,0.071011975,0.07615406,0.07731026882114436
0,0.08066276,0.07508335,0.05876717441313877
0,0.071970575,0.068131596,0.08737832235876852
0,0.12480005,0.11606513,0.10523602016884136
0,0.07195183,0.093941905,0.09942555185729252
0,0.16169968,0.18293735,0.16787501922829332
0,0.09315419,0.08062388,0.08680528353427877
0,0.12516342,0.13728032,0.1639826745891809
0,0.07987215,0.096163206,0.0783854719406419
0,0.07782973,0.0664624,0.06389697617251025
0,0.049664937,0.04354768,0.03820108804709337
0,0.09015822,0.09122801,0.06264876134566204
0,0.05068244,0.050083626,0.041584089107073924
0,0.08948799,0.09162958,0.08470346319634071
0,0.092446335,0.08606871,0.08914096752542924
0,0.19018091,0.18608463,0.2128380084968764
0,0.10727283,0.13242675,0.1817566801627607
1,0.11229001,0.11693878,0.1869191998201348
1,0.04718537,0.04731223,0.03135062516069776
0,0.103969865,0.07084967,0.10356072889638072
0,0.06821873,0.06461786,0.06619981351619442
0,0.12625314,0.10608744,0.12365605444511837
0,0.07752294,0.07693542,0.08740933006504989
0,0.05822583,0.05149032,0.06646903419195939
1,0.13877927,0.14322777,0.14790646529457727
0,0.16090861,0.15199503,0.15530757421956173
0,0.11790992,0.113591075,0.14478966203393348
0,0.059984494,0.05696442,0.08279228005463662
0,0.08729253,0.07831636,0.06560258217516522
1,0.15672404,0.15919097,0.19105768756294145
0,0.022400664,0.02206571,0.02445455626842041
0,0.052026123,0.05899191,0.052249738747518405
0,0.05298809,0.038353696,0.07344544151993021
0,0.06970608,0.06852121,0.08664007841196497
0,0.0629059,0.054177307,0.05317395598868364
0,0.104335696,0.10119375,0.08804659865897536
1,0.1063113,0.08795088,0.12897482641687819
1,0.3723899,0.33460096,0.31909616266436813
0,0.35637686,0.35813215,0.3263074420224122
0,0.1125887,0.11805268,0.09496546395352667
0,0.074042074,0.070311345,0.05911225307946038
1,0.121005245,0.10951322,0.10806921459650866
0,0.08276092,0.07634582,0.07864400268718831
0,0.05826178,0.05400203,0.08045326569964757
0,0.16587771,0.22185361,0.23066091932033453
0,0.092515126,0.09318939,0.1001536116732749
0,0.06694503,0.05113668,0.05736673659245152
1,0.07948106,0.09079058,0.06665740617696489
0,0.06614196,0.06716007,0.07111364615024947
0,0.07400973,0.09695371,0.09793669534650051
0,0.028103199,0.058385663,0.07236518558921343
0,0.30013767,0.27156046,0.2465933181023424
1,0.113403596,0.124415405,0.12886183457207523
0,0.1608712,0.17645398,0.21484498931734516
0,0.050255556,0.047443714,0.08325862654705259
0,0.079930186,0.08835237,0.07259059898971972
0,0.08774312,0.08844771,0.06861651356935503
0,0.09179637,0.07417586,0.056301175011941075
0,0.24169442,0.17792775,0.2093103122785751
0,0.13411444,0.1292148,0.1428316999618132
0,0.04505952,0.034433164,0.057878071027099014
1,0.22589666,0.17858441,0.19980585835444586
1,0.13464707,0.14962733,0.16806490940839225
0,0.2631694,0.2344791,0.21064427921971907
0,0.07052389,0.065382436,0.06673602481776761
0,0.06583948,0.05382845,0.06037967208720538
0,0.049477212,0.058659762,0.049799346257601795
0,0.06958057,0.05785721,0.06822984705649093
0,0.07300689,0.08087533,0.09448550319116218
0,0.13418192,0.11530925,0.17695148948718603
0,0.057135645,0.05706225,0.056009402359278815
0,0.055896197,0.054191314,0.03892575637815619
0,0.08145608,0.082490474,0.07706660588763176
1,0.16756463,0.1663953,0.23018739307175137
0,0.0585686,0.07824755,0.09412094164646902
0,0.03590619,0.042118777,0.05232401443485607
0,0.14315537,0.17358685,0.14484197825697254
0,0.06952982,0.058744155,0.0798460651896876
0,0.04561307,0.0436278,0.0439527360745022
0,0.13184796,0.1850784,0.14549069040335882
1,0.09985746,0.06163713,0.04636570080541945
0,0.03888864,0.03863966,0.04584163525708554
0,0.096422836,0.11265774,0.12864626690469305
0,0.09640327,0.08429592,0.15062684487572392
0,0.08799338,0.063854866,0.08440575728503794
0,0.07893499,0.07752241,0.06102169279609337
1,0.21480826,0.18201582,0.2301496600311485
1,0.25583658,0.27321684,0.25423397150632077
0,0.03641128,0.034938093,0.049816162362358044
1,0.31584015,0.3512087,0.36627086790089414
1,0.10409747,0.092162505,0.1288878313325868
0,0.22166052,0.21597148,0.21214651513647245
0,0.16268465,0.21136725,0.18048319875169977
0,0.10313019,0.077361174,0.09631537872930805
0,0.10471054,0.08741045,0.09129101487049414
0,0.049921364,0.058747414,0.04689897944548182
0,0.21942358,0.2170737,0.19669294140573737
0,0.22662234,0.1782868,0.2311822413618168
0,0.09546826,0.081645094,0.14851328617329673
0,0.05551375,0.050126515,0.0722118448929524
0,0.096613385,0.08200816,0.083569856453508
0,0.14430852,0.13563657,0.17207038070983288
0,0.07443834,0.09083446,0.06677970797707113
1,0.1466901,0.13991985,0.20276168998748842
0,0.07211476,0.04253758,0.06698584547922178
0,0.05279995,0.04632744,0.060803669168231336
0,0.053123422,0.07932293,0.05961678037200119
0,0.06299302,0.04595934,0.04235289609750603
0,0.055638075,0.06052919,0.04800709751341591
0,0.05897945,0.048471145,0.05490802919615548
0,0.1430104,0.16441812,0.13986006767880121
0,0.048800994,0.05202544,0.052637573442710764
1,0.17433272,0.23818338,0.10897443735010125
0,0.08266595,0.082857236,0.08236694954586664
0,0.20942757,0.13189884,0.1847513475638607
1,0.07351968,0.06387134,0.09261926241396455
0,0.06309061,0.060323007,0.09555647027147107
0,0.092365816,0.099794984,0.08710957431067595
0,0.0719568,0.071064994,0.052745452918869555
0,0.06299646,0.055688646,0.06797459157826745
0,0.048022937,0.03895617,0.04888724270614572
0,0.05100842,0.046532486,0.07208903798861348
0,0.10038311,0.14098294,0.12286720373269934
0,0.0521231,0.053248983,0.04807535680426528
0,0.42829582,0.478986,0.268196552296501
0,0.09129622,0.07778337,0.08343110635321929
0,0.08682045,0.0891307,0.10744371996886411
0,0.12735602,0.110742345,0.11947399900746701
0,0.112044446,0.13695508,0.1036568354644068
0,0.24715908,0.2433226,0.19146415504407618
1,0.48183075,0.41255313,0.4329058207365876
0,0.09082749,0.09924911,0.12206125716054272
0,0.1382621,0.1373339,0.12466328017968606
0,0.047120433,0.058851335,0.0567104276702964
0,0.0693953,0.06809608,0.07100304171053226
0,0.08240001,0.092443116,0.06296027731001819
0,0.10941878,0.09934458,0.11720819101807511
0,0.04358876,0.052037917,0.05541542499649731
0,0.031371262,0.05160787,0.04899582306607272
1,0.18240681,0.19012514,0.16475026688275332
0,0.2780242,0.23666519,0.23778388848968499
0,0.041420914,0.03788644,0.03842499408390705
0,0.22412054,0.2419595,0.13543871556894557
0,0.062885605,0.06445698,0.05899229317151766
0,0.047787897,0.03765008,0.031125001698464466
1,0.50015956,0.47948733,0.4483773377763922
0,0.12110878,0.1621809,0.14212129967120996
1,0.3161151,0.27679807,0.36074212600590305
0,0.22115889,0.17781968,0.2513786879052929
0,0.13054103,0.09139305,0.09665349730104023
0,0.0713142,0.05152855,0.06343570225299235
0,0.072360426,0.076379925,0.06939123914665493
0,0.14479989,0.114498414,0.1302544645811187
0,0.12714891,0.14705153,0.13505486654173007
0,0.17370214,0.15041071,0.16777347033631018
0,0.1208559,0.12603006,0.16043352650279352
0,0.08838961,0.086449966,0.09664175357282873
0,0.15921803,0.18797365,0.1658319965504839
0,0.07427128,0.06899398,0.08603394841586555
0,0.023479307,0.020941796,0.03418762308950686
0,0.055818275,0.07140984,0.08959445951086142
0,0.045108214,0.04403941,0.039389918583639535
0,0.09871038,0.11846231,0.13793541985137586
0,0.03611532,0.0283711,0.05427109236763724
0,0.043640424,0.049732905,0.050555406762544414
0,0.13582245,0.11670047,0.12393227858117802
0,0.123870015,0.15617739,0.12284794968134731
0,0.11562958,0.10838692,0.12124787017752635
0,0.060603876,0.068313845,0.07391566426337175
1,0.10731557,0.091871515,0.07934694431287939
0,0.050661627,0.047130913,0.045919411684195624
0,0.052131314,0.046962414,0.03404559045456513
0,0.07876531,0.093459025,0.05860107101618663
0,0.037640966,0.035686187,0.03553889849652906
0,0.11024581,0.11875449,0.10173697928433675
0,0.06556486,0.064876705,0.09503415188247592
0,0.02739445,0.037086926,0.030561776934393044
0,0.120717324,0.10881823,0.14905753413314873
1,0.16155331,0.15408957,0.12039395381856105
0,0.137357,0.10839333,0.13508030378505168
0,0.1192535,0.16057423,0.16303467099708194
0,0.0747026,0.07702954,0.058931275442356344
1,0.04605093,0.052870676,0.049919189492341115
0,0.06768017,0.06617058,0.07626956295454004
0,0.09375645,0.09520846,0.06866468764587821
0,0.10255582,0.105118185,0.1170137293963823
0,0.062420037,0.06497513,0.03713898859180147
1,0.3225842,0.34990466,0.3958175783249592
0,0.07848727,0.09305636,0.10344640130919441
0,0.07182097,0.075584024,0.07712007825385442
0,0.09656978,0.084882945,0.12739899223844006
0,0.040722076,0.047998503,0.05270725408211264
1,0.07576879,0.07806081,0.08511576160882575
0,0.123610996,0.08145298,0.11593492174744481
0,0.04389351,0.059105847,0.08467403087581225
0,0.13454428,0.1603577,0.1637820714676623
0,0.22931588,0.20653225,0.15135289235420069
0,0.041233543,0.04020446,0.052524598595329604
1,0.062896706,0.041644897,0.05896041959401643
0,0.2151039,0.2509483,0.2152309194286093
1,0.111259446,0.10684072,0.1465211601155572
0,0.16684447,0.18583745,0.17776438763001043
0,0.07712204,0.07289725,0.08433015211027498
0,0.077229716,0.08370381,0.09076333917109707
0,0.060513612,0.049623128,0.062216470108295
0,0.062746644,0.07154664,0.08243596295493437
0,0.15832448,0.19398534,0.15510184245613365
0,0.23788197,0.21936755,0.22755306143464812
0,0.1662894,0.16174363,0.20206115550504722
0,0.100405805,0.05718562,0.08324793220048451
0,0.25019315,0.21424682,0.2707524444476452
0,0.07935168,0.10200604,0.1284609723284895
0,0.1156652,0.13960008,0.13374252134504092
1,0.12852956,0.1306031,0.0948527134853223
0,0.0981603,0.10377419,0.15011956428762735
1,0.07474565,0.048513696,0.08049172794726425
1,0.18010403,0.17318897,0.13265689821632987
0,0.09591456,0.15080905,0.12132953949302185
0,0.07836704,0.14730212,0.11592418081906514
0,0.089012936,0.10598298,0.11767970805467826
0,0.13008006,0.22795503,0.11290653213732525
0,0.19352275,0.16880593,0.17264427634907362
0,0.21484707,0.2377726,0.23164096077596924
0,0.10783871,0.07255141,0.08777641542638763
1,0.13271333,0.19124508,0.204795725174104
0,0.038400665,0.03920456,0.02937899879754154
0,0.03901397,0.04016582,0.04019066758411045
0,0.03909059,0.033221602,0.027908152622962742
0,0.06445475,0.050284088,0.04404820362459079
0,0.04515513,0.041010935,0.03439106093968649
0,0.48498937,0.57594526,0.3876778654620807
0,0.12617806,0.12799391,0.12990343529318926
0,0.04035784,0.041162305,0.037325464263796446
0,0.10767479,0.11049428,0.10933540209866169
0,0.10731458,0.10688533,0.11086217509793744
1,0.33712655,0.39113632,0.29542010417888553
0,0.11734485,0.13486226,0.13074620292959624
0,0.07548979,0.0826028,0.0998394128905263
0,0.1254251,0.102662675,0.1494642252628929
1,0.20045076,0.18283717,0.14911205711537087
0,0.058071356,0.062712006,0.06614965986641558
0,0.14527236,0.14907084,0.18215731690304074
1,0.08522619,0.08530785,0.10943992400656878
1,0.10368703,0.10260937,0.13948410531768268
0,0.20198698,0.20536435,0.16674544206882486
0,0.05962738,0.08029488,0.1048348768399826
0,0.09722564,0.10835619,0.09777829889807882
1,0.39021567,0.33230826,0.33958203718780255
0,0.05852439,0.048186313,0.03867191115783971
0,0.061186295,0.05248621,0.06295686950951085
1,0.19922122,0.19632696,0.16181480337937923
0,0.062615655,0.07822829,0.06528354491687137
0,0.024685236,0.0210148,0.03230487791660571
1,0.17693774,0.14987497,0.16765997937944213
0,0.06050195,0.055248693,0.035286276380033246
0,0.03682877,0.032333426,0.04048714772875484
0,0.06768492,0.094732955,0.09232484006640708
0,0.06419748,0.055200443,0.050793782346646464
0,0.19834773,0.20963095,0.18331390252843202
0,0.09101058,0.15903668,0.10582704535491338
1,0.058978133,0.047711223,0.04546389739478705
0,0.04438894,0.06330083,0.06335837990393642
0,0.026397275,0.024437398,0.026935966389311373
0,0.25209445,0.26486486,0.22569692574388708
1,0.20927843,0.16102213,0.13236802602310904
0,0.13602465,0.1533803,0.16672681227529562
0,0.17570814,0.15086845,0.17848020607869253
0,0.19192807,0.24993272,0.23116884734416013
0,0.047132533,0.041627042,0.05438675909524936
0,0.08083837,0.08708445,0.10188816749775027
0,0.090578444,0.08050309,0.09457054383912712
0,0.07042801,0.081809096,0.07636237832503688
1,0.19818312,0.18747431,0.16528424747752282
0,0.11854233,0.08461263,0.07135944643759502
0,0.043987066,0.056304146,0.04776105973574567
0,0.053534698,0.051249597,0.06355676268484987
0,0.09007703,0.07226744,0.10203226324732541
0,0.0691551,0.071829714,0.09060298959672397
0,0.057694662,0.057621703,0.059050113165332055
0,0.151395,0.1013355,0.16928223036180043
1,0.17305636,0.16725107,0.144166893018097
0,0.12531856,0.14667852,0.11176788243731811
0,0.08256747,0.12826392,0.14794783026641545
0,0.10238432,0.09447576,0.10640168628540653
0,0.28705117,0.20848596,0.27740339081424836
0,0.14405903,0.13396479,0.15201081910783376
0,0.054689445,0.061800893,0.0570067720014312
0,0.048274714,0.07475372,0.08461190765338508
0,0.100869045,0.10910248,0.08550145755621248
0,0.09364661,0.087608345,0.06923088773805275
0,0.10482148,0.10245953,0.1012125803706562
0,0.056736503,0.051855512,0.04647884794198485
0,0.13906077,0.17706208,0.14329700260680522
0,0.075966544,0.07995439,0.0821736960743318
0,0.19997351,0.16498612,0.1755261493644486
0,0.14214155,0.10607957,0.17848646531429918
0,0.094851226,0.130253,0.08878846793480129
0,0.066981,0.071936585,0.05985298367027485
0,0.11781678,0.13084479,0.14575067279492857
0,0.10581981,0.11415086,0.10046292306620952
0,0.05727019,0.052164543,0.05765819342928674
0,0.06722824,0.06185527,0.042413250135275755
0,0.09187028,0.094163686,0.07404891898719253
1,0.1130537,0.09481197,0.11838618464681065
0,0.07697373,0.072164804,0.0675972118200556
0,0.08602373,0.070787326,0.0793520210512596
0,0.041463297,0.0318639,0.029126692147322195
0,0.11098569,0.109540835,0.08692817983699198
0,0.34279367,0.36937103,0.3859866911828936
1,0.10162614,0.08716162,0.13150489064020424
0,0.11688843,0.1234134,0.08600389198340526
0,0.06805167,0.060193274,0.045960081113693214
0,0.10852647,0.15256168,0.177097582446761
0,0.050347693,0.048661336,0.0340118078224652
0,0.04562053,0.041246638,0.05533221110814544
0,0.28627717,0.2734171,0.2646343055690543
0,0.1333104,0.16067399,0.1258248675154458
0,0.10651099,0.08014833,0.13824562035885418
0,0.16778307,0.15943564,0.17932360825247035
0,0.09953982,0.11211047,0.08980688269118002
0,0.042892817,0.035100587,0.04830726322634809
0,0.18271348,0.15248874,0.16004443964384202
0,0.12360287,0.09239054,0.11337570520227758
0,0.04906745,0.043418538,0.05739739544174873
0,0.10379016,0.10590108,0.05956316216875386
0,0.11969152,0.09997455,0.09319164204065376
0,0.07449991,0.06711148,0.0629625376400366
0,0.12920064,0.13009553,0.14181845805077464
1,0.28893203,0.19036177,0.26514299127883
1,0.21597755,0.26963425,0.25314282379209335
0,0.090381086,0.07191567,0.105008427453378
0,0.06726032,0.061426885,0.04500960215756295
0,0.12288548,0.1435428,0.12622076329375032
0,0.08932146,0.058372516,0.08133252035553791
0,0.24432814,0.24275675,0.19556844126695447
0,0.07380376,0.055598367,0.05886336850086214
0,0.13158889,0.12042222,0.12250157522671884
0,0.28348327,0.34379214,0.28331752694408324
0,0.07197932,0.060148727,0.09307143181046519
0,0.12497918,0.12546894,0.11303500398402165
1,0.09638438,0.11855379,0.14064455008180093
0,0.107370645,0.10466889,0.114646273412457
0,0.07954587,0.080866225,0.09573729032616098
0,0.06645737,0.07402217,0.05391791624681598
0,0.052583985,0.05896582,0.053128489522235554
0,0.10783622,0.07763703,0.09408194642914042
1,0.29521102,0.26009345,0.38720146853971144
0,0.078511484,0.09844564,0.10149574578566238
1,0.10936221,0.09803667,0.10852372472841329
0,0.17582351,0.1874211,0.1781059324588595
0,0.04894821,0.040987797,0.054279089268932025
0,0.14987516,0.10888609,0.10749592098707883
0,0.15879282,0.1438111,0.12372412605847014
0,0.035639223,0.032546047,0.030214849604420793
1,0.14700817,0.16814137,0.17577070991244842
0,0.042624183,0.047340468,0.05054706915041024
0,0.12190875,0.091166966,0.11257658707403011
0,0.100460194,0.111835584,0.10630126455196104
0,0.071494736,0.09524525,0.0763446976648996
1,0.10344532,0.1176883,0.13242735028700756
0,0.2052604,0.15469831,0.19978914915992146
0,0.077532865,0.0764439,0.08320809171473974
0,0.38496834,0.37654945,0.3536672132124189
1,0.17516324,0.15426311,0.23657201549647988
0,0.08939089,0.078158915,0.06449150727058885
1,0.051656984,0.06493243,0.06636179313495225
0,0.07148736,0.08079452,0.07452650605368413
0,0.11763563,0.1364903,0.12192874061199908
0,0.06610801,0.06496727,0.05357744993102171
0,0.122600645,0.12423565,0.12053938282483523
0,0.10042172,0.09297677,0.1210571206318273
0,0.11767599,0.10573598,0.11033872687056678
0,0.120076254,0.107179075,0.10850674580883356
1,0.14109337,0.14103854,0.18046320504087562
0,0.13727908,0.16437057,0.14603816710423548
0,0.16146332,0.20586276,0.1684489800589082
0,0.107470036,0.09183428,0.08475104208421644
0,0.11328104,0.108395465,0.11720149635208521
0,0.11365919,0.11449628,0.10746897995043611
0,0.06395885,0.057325356,0.060674896850081976
1,0.1199952,0.10383383,0.15139595344470536
0,0.07823357,0.066140644,0.10096433647180593
0,0.09828568,0.09823662,0.11206046565456249
0,0.066955395,0.0632288,0.05415900566218961
0,0.11478433,0.10922822,0.15203661266514973
0,0.072843336,0.07168581,0.050143189615864586
0,0.06811242,0.06497715,0.06137117788167284
0,0.34296343,0.30327308,0.3237594220416739
0,0.12948354,0.12858535,0.16759791495860277
0,0.05925579,0.057159614,0.048566756514910964
0,0.33116528,0.3655743,0.3303871677732724
0,0.06961634,0.070844196,0.06212281400810281
0,0.19862889,0.20416644,0.19486890443838592
1,0.06576393,0.08745185,0.04174672206377371
0,0.077835925,0.10241056,0.09730215504500561
0,0.05862045,0.054224942,0.052724319413826104
0,0.11884192,0.103453904,0.12119826118338586
0,0.064112425,0.06046418,0.08282846906126327
0,0.24952315,0.25579095,0.21433389702949368
0,0.08886706,0.08288205,0.08589905827627693
0,0.081468575,0.08205416,0.0713046730026703
0,0.13578968,0.15284212,0.14200407852568872
0,0.16346386,0.20409063,0.17733538084631215
0,0.062230606,0.06212361,0.08334402081829598
0,0.22704372,0.23254766,0.2420513046880378
0,0.057638135,0.054871786,0.08689914496603049
0,0.044494327,0.055905882,0.05149907561028514
0,0.19466557,0.19178241,0.22882676166536892
0,0.12011447,0.13171378,0.13570140745842496
0,0.09744331,0.108203076,0.09966211220590125
0,0.07260096,0.06275696,0.08316986080528976
0,0.10255753,0.1417175,0.09973780353156121
0,0.20212598,0.23680635,0.17867409558229677
1,0.06812014,0.07247481,0.043538662242809445
0,0.124345,0.110253856,0.10814951831579496
0,0.08679031,0.092152946,0.07013789337156724
0,0.13936241,0.10653715,0.12403724269881047
0,0.15786256,0.1382041,0.1371169044717578
1,0.063056074,0.04712041,0.04335008684171698
0,0.091778815,0.09996003,0.09355369187264193
1,0.22933629,0.27594537,0.19557157255930044
0,0.07773582,0.09678901,0.09121844059025201
0,0.06833107,0.055305272,0.06884505095992974
0,0.10267837,0.119687095,0.11473589521038863
0,0.066591516,0.05229545,0.05546820371232583
0,0.11472463,0.11194852,0.09757172710906907
1,0.11642135,0.11475848,0.08970388058735966
0,0.078941174,0.075255774,0.056744164129442866
0,0.07178059,0.07919252,0.10223606236774913
0,0.25439715,0.15778716,0.24613470245217917
0,0.111620046,0.0874312,0.14380062956075615
0,0.048731197,0.04088809,0.059801417063099764
0,0.072565414,0.059279762,0.06325997123620179
0,0.083561085,0.08809711,0.08290207870655134
0,0.043176103,0.03932724,0.041591778814420124
0,0.114037156,0.11917902,0.15652673516523188
0,0.23342557,0.24181353,0.23357472090259454
0,0.06132834,0.05355647,0.05574197470765098
0,0.072624244,0.06839912,0.0661295697762823
0,0.21683323,0.21148483,0.18273466504789032
0,0.11639962,0.103749186,0.1206579885505001
0,0.13006744,0.15463768,0.15348179849996288
1,0.0734975,0.08667658,0.1308564803896347
1,0.15806451,0.13690534,0.1348195600191569
0,0.0916093,0.08862252,0.06839019945063517
1,0.19138223,0.1356586,0.09202385390115772
1,0.11364997,0.08888132,0.10108480130192007
0,0.14104795,0.15902586,0.1367380746024706
1,0.058929477,0.065785185,0.06831411000662635
0,0.07990677,0.09699868,0.09202327357478289
0,0.10042028,0.1186755,0.0735131615588213
0,0.2796332,0.255257,0.24032638412716095
0,0.20773867,0.21510498,0.23276408979685242
0,0.26024222,0.23881792,0.26440636838401255
1,0.30985627,0.3770729,0.26014024503715333
0,0.025672663,0.031641513,0.03390482297018362
1,0.124001056,0.09879252,0.15927729454839124
0,0.095875576,0.12357883,0.10087550050305603
0,0.10675915,0.13112856,0.11226486542520372
0,0.09409101,0.10614977,0.10785516795187308
1,0.121257804,0.1475017,0.09127438136658356
1,0.31481236,0.33025077,0.34664527557379404
0,0.13965055,0.14484401,0.13738209453743128
0,0.10292704,0.13141146,0.11016133596528048
0,0.10880491,0.10236257,0.1288020960547534
0,0.09981283,0.09495779,0.13081481615353058
0,0.07275997,0.075501785,0.05545846165912055
0,0.06539178,0.064538024,0.07230233676998309
0,0.058072206,0.05624747,0.10247564730920447
0,0.04844164,0.04471718,0.03863418792903852
0,0.05731497,0.0937939,0.07434091851906197
0,0.047891323,0.04591749,0.07226131101885785
0,0.064952366,0.05235783,0.06311511397682686
1,0.074157365,0.09439639,0.12828661532715607
0,0.068528585,0.094096296,0.059727840538081056
0,0.06435895,0.070666306,0.06726281898777264
1,0.1789329,0.15180686,0.15322656894515438
0,0.048323095,0.041309483,0.043631811639089406
1,0.10614952,0.061594866,0.0901619482057787
0,0.08197737,0.07675667,0.048941928710177225
0,0.11430385,0.11036491,0.11754716718834322
0,0.14725778,0.14495869,0.13061444226527513
0,0.12047997,0.11706033,0.13630649532011377
0,0.1466868,0.121859655,0.12342349709331979
0,0.13371678,0.11063212,0.1288055859134849
0,0.09874651,0.09603012,0.10310184319837729
0,0.39514554,0.37698007,0.3803138931141832
0,0.07981158,0.07806744,0.07751038475159086
0,0.28119057,0.24110056,0.2764092778187276
0,0.106260665,0.09405345,0.10943819246582845
0,0.059666462,0.055006538,0.03961709168371259
0,0.024431743,0.0227393,0.03130233216657903
0,0.19478178,0.20234542,0.23063544685738716
0,0.096412055,0.11082933,0.12354903513248555
0,0.049379792,0.0344414,0.044126482980879206
0,0.073106155,0.083535105,0.07169921649898857
0,0.08777925,0.05900682,0.08436176950057302
0,0.093121715,0.08640964,0.08533607180694568
0,0.07680888,0.07685187,0.0898253268146547
0,0.09037726,0.08657987,0.11794913273246543
0,0.05597802,0.049038567,0.061072552943313624
0,0.17778958,0.17881207,0.202303032934014
0,0.03115276,0.03321422,0.04231883718478528
0,0.0893304,0.07530396,0.0798364948976355
0,0.06319916,0.056841824,0.059612648376479865
0,0.13145196,0.17644417,0.15042407779625738
0,0.12683307,0.124160185,0.1152669719892893
0,0.16818826,0.13368662,0.12104991584104653
0,0.08462124,0.0868978,0.08642048510181802
0,0.16256912,0.14693855,0.17901241263285592
0,0.121404245,0.1659034,0.10524103968095663
0,0.12688097,0.113696665,0.14299700754634148
0,0.089163244,0.079366714,0.16735762341559393
0,0.07304651,0.04480251,0.06591988474766908
0,0.097824864,0.071136914,0.09133253421331806
0,0.12744044,0.1195257,0.12003319036788831
0,0.09350758,0.102927305,0.07564139492383609
0,0.18746637,0.20763487,0.13939771164574855
0,0.1692701,0.19504485,0.13311704238997707
1,0.08993143,0.07423084,0.09925115560661417
0,0.21366514,0.23004077,0.25009667849596195
0,0.11441892,0.100040644,0.08248634689038117
0,0.15899466,0.15587397,0.13956190245694744
0,0.17458601,0.1616308,0.15901982318203317
0,0.054433312,0.061315212,0.07731342711111495
1,0.11630274,0.10003157,0.12415329634009592
0,0.07036384,0.05153885,0.06826038843846763
0,0.03479341,0.03270378,0.030686986009895164
0,0.14381266,0.16646202,0.11940348623603733
0,0.03913235,0.04050039,0.048640898370755976
0,0.072455935,0.06046974,0.07345489665185884
0,0.047003437,0.033434,0.0591040936070448
1,0.05933405,0.051243283,0.05683667136407415
0,0.06689932,0.08442679,0.06033011616302528
0,0.06711148,0.06687647,0.07315196761374008
1,0.13352707,0.17419238,0.0877677852723459
0,0.062217817,0.06513999,0.057232426563642365
0,0.062102627,0.053365845,0.07141264422448747
1,0.08291356,0.08175933,0.11633196249858777
0,0.18866752,0.1810538,0.18295995219744438
0,0.028348675,0.029198008,0.026208557508397377
0,0.13943005,0.13077793,0.14469409684539805
0,0.18314302,0.16094866,0.1612795876219288
0,0.17354794,0.17851974,0.14707970819556404
1,0.08352114,0.09898304,0.06649752699648726
0,0.09964464,0.08233697,0.12672648217353585
0,0.12596947,0.11387643,0.09922467114354422
0,0.08003054,0.08460728,0.05996816933951574
1,0.061252434,0.06674959,0.058728991140103735
1,0.25120643,0.2794099,0.27575516420334467
0,0.1346511,0.16865154,0.16067955381937107
0,0.08248109,0.09624761,0.10694585428182819
0,0.09718689,0.09029476,0.07660802055187858
0,0.30158764,0.2402203,0.19833884796091839
0,0.07400848,0.08177171,0.09773534864479268
0,0.09661615,0.09139246,0.07638582042935425
0,0.052272134,0.059553068,0.061180130828459384
0,0.14042935,0.15185787,0.1681628630740146
0,0.2192053,0.21456721,0.14959079137306142
0,0.075778596,0.08679076,0.036167592382789826
0,0.061689403,0.05991441,0.06710441651163801
0,0.14424896,0.12632804,0.12357922666894304
0,0.090040766,0.087353006,0.06656808370734654
1,0.074536055,0.10163557,0.11563004809387378
0,0.057252906,0.05596792,0.07813179024779546
0,0.09688982,0.09476349,0.08378049824766888
0,0.12439866,0.1175873,0.09947560167932938
0,0.16261066,0.140533,0.1215523374982874
0,0.062214494,0.071349725,0.07669714287955463
0,0.044859722,0.047622357,0.058501073021159096
0,0.16368154,0.16413455,0.13004558037569028
0,0.09615413,0.07925743,0.07022950942339379
0,0.09177606,0.093250856,0.07505392538838865
0,0.063488744,0.075783856,0.07264403830760911
0,0.06904435,0.06952786,0.07751703837705412
0,0.07745768,0.07427464,0.05635979716067598
0,0.095520996,0.11111695,0.07915925553102791
0,0.24213298,0.25771645,0.2526802263478621
0,0.079605035,0.059035078,0.04567214859944878
0,0.08466079,0.07536725,0.11633053357192914
0,0.109695226,0.115503445,0.12820241737773644
0,0.119010605,0.10470147,0.10757088566053026
0,0.079600476,0.095681936,0.06240505417793964
0,0.07383178,0.069702685,0.055986493556806814
0,0.11081644,0.12452063,0.10306055901816147
0,0.2648093,0.23559238,0.1779359800314574
0,0.043149006,0.042031463,0.024950725648214562
0,0.07356679,0.062030964,0.09089493349563448
0,0.23345818,0.23555304,0.20975681598632023
0,0.09766845,0.120916605,0.11900830611150606
0,0.037198447,0.029513905,0.03232338569377619
1,0.14244385,0.12871343,0.16700609724043716
0,0.13186419,0.09582133,0.11310835691479464
0,0.2854076,0.2671833,0.27285982836212025
0,0.05039823,0.049941983,0.07168466690192339
0,0.18537901,0.2944849,0.21110983029223948
0,0.102453604,0.11836843,0.13141666080559958
0,0.09934443,0.08053758,0.09132568597322878
0,0.13972664,0.1517832,0.12618684808143574
0,0.06854955,0.06904714,0.0881271446840623
0,0.07146684,0.0686421,0.06060951568670087
0,0.12432091,0.15012565,0.12005814216626949
0,0.043324236,0.044644464,0.035415533636057275
0,0.05402459,0.049694948,0.06395074175156941
0,0.13743508,0.13809983,0.11525848092408104
1,0.37718695,0.28628507,0.21514248981796066
0,0.17250495,0.17956182,0.14151328621588982
0,0.08579063,0.077692516,0.07909494776979596
1,0.11247947,0.0937878,0.0912725312372937
0,0.11613046,0.1102471,0.14789969943935435
0,0.068576925,0.0759945,0.056895852779315685
0,0.21266133,0.20187044,0.1994709773220804
0,0.16047335,0.09756088,0.17749271432087582
0,0.060799442,0.051298007,0.07730909238103313
1,0.123342715,0.07202945,0.15267324599288787
0,0.23935173,0.24546023,0.1720645418759159
0,0.08882222,0.08238115,0.0828754603501037
0,0.07832512,0.08243852,0.07073859572096332
0,0.085493386,0.090698235,0.07069834601942074
0,0.06789032,0.06629223,0.06243997588086631
0,0.08563646,0.07361469,0.056477499189273195
0,0.065858796,0.059862167,0.07734302611339997
0,0.14845219,0.12356625,0.19104662803222897
0,0.15756348,0.18199757,0.1649499873815804
0,0.08457132,0.07778319,0.1251245464956755
0,0.11579755,0.09640942,0.10571211889357324
0,0.06995645,0.0631064,0.06084113964032514
0,0.058981027,0.057359282,0.05989518682678951
0,0.054314878,0.055408876,0.05011717368746713
0,0.113056384,0.093688145,0.09591024858443778
0,0.12478671,0.10128601,0.17968948535452045
0,0.061660305,0.0643112,0.049021206868772906
0,0.1022708,0.12941918,0.09495519698099891
0,0.075696945,0.061297294,0.09464958463923803
0,0.07740587,0.06072122,0.08861131643799634
0,0.13329194,0.11852886,0.11829247541788027
0,0.059718955,0.07028068,0.07415952707062295
0,0.13665146,0.17493503,0.19182497424575531
0,0.12890223,0.14977968,0.11190480429435824
0,0.09345869,0.08850535,0.09058103727475024
0,0.08570296,0.09039182,0.08659873267286274
0,0.1587032,0.10835407,0.1714952108269249
0,0.06610369,0.080889,0.050554625795214365
0,0.064523645,0.0568243,0.05278631398066385
0,0.051126547,0.04077321,0.05962933631289861
1,0.080224596,0.10226099,0.08535491440955606
0,0.052859887,0.049265154,0.043556069841556855
0,0.10046023,0.095409796,0.08101000936128364
0,0.097973034,0.097074516,0.08101497126314985
0,0.14877787,0.12692142,0.09737871385624688
0,0.16536593,0.15572987,0.1823132028801869
0,0.31058785,0.258827,0.29865945784940434
0,0.13056256,0.110192426,0.1141563408246686
0,0.136441,0.13327368,0.13099138951878425
1,0.18751317,0.27146575,0.23671188002128507
1,0.23861404,0.25831208,0.27742830454700784
0,0.10215764,0.09903741,0.10286750733330279
0,0.12918213,0.13471095,0.0933216693100448
1,0.08742116,0.08282103,0.0654586502202866
0,0.073219046,0.07942071,0.051322653376922586
0,0.06826092,0.06933799,0.057224036839438795
0,0.08372615,0.071881495,0.07657845086677878
0,0.05285601,0.07229326,0.06223370984468172
0,0.09984216,0.113636054,0.10799184556634778
0,0.03638429,0.03408557,0.032628433732911286
0,0.04353294,0.04185724,0.04996858094348905
0,0.060081307,0.054485034,0.0624037862092742
0,0.049943227,0.04885348,0.046425699555087366
0,0.03337793,0.031711046,0.04934164474806535
1,0.13880272,0.1372463,0.15747207024005955
0,0.063970365,0.07554487,0.06642098974442878
0,0.04823962,0.055172734,0.04572543604871349
0,0.04632722,0.040761463,0.03962802336146856
1,0.14298846,0.15766695,0.1959350017375617
0,0.0364303,0.040187288,0.034488221871328745
0,0.22101484,0.24652141,0.3093771485457254
1,0.12138387,0.10800486,0.1113721692525126
0,0.099210225,0.08790369,0.07867677579769142
1,0.10014665,0.15872574,0.1389612355440176
0,0.08954255,0.099593185,0.11023743452619321
0,0.04928982,0.055631053,0.06358488209018157
0,0.14892733,0.15038876,0.1892655261887848
0,0.101002,0.06860599,0.06511967965352534
0,0.10516754,0.13735951,0.140976418857703
0,0.51546973,0.57280767,0.2968147339614913
0,0.103832126,0.09619663,0.09907650509095382
0,0.07494475,0.08710716,0.08103381871354164
0,0.03758387,0.03330649,0.03969814610406783
0,0.054148618,0.056881778,0.03927533777129723
0,0.16181289,0.15005392,0.14361707580287633
0,0.10594524,0.13563392,0.06764644905529961
0,0.056266367,0.04988494,0.06741889125442213
0,0.05976304,0.07383082,0.07701144662564545
0,0.06693547,0.070213065,0.06756915853390853
0,0.076406926,0.07666831,0.0906163962068802
0,0.081303105,0.09420516,0.07304785809835808
0,0.1121382,0.12884903,0.10708691476731659
1,0.44409603,0.4711183,0.4200359967536975
0,0.05926509,0.07888563,0.07762406847345274
0,0.06650914,0.057610437,0.049826156685172235
0,0.07517401,0.06417395,0.0647940970133532
0,0.14345774,0.15665129,0.10931448724809098
0,0.16489403,0.13531154,0.17416184758042685
0,0.0785376,0.096675955,0.06261832521858093
0,0.094894074,0.0939326,0.057580760302578034
0,0.10963156,0.15198006,0.15417009999434342
0,0.04770218,0.05898611,0.07467213987428485
0,0.05796802,0.07765872,0.13452450436684973
0,0.111703694,0.12182757,0.1298307795492313
0,0.19618143,0.18119073,0.17453754336869842
1,0.20788918,0.19949062,0.20382507224307223
0,0.21054068,0.20277686,0.22531369773906276
0,0.07100951,0.06930676,0.07810520701424908
1,0.23525041,0.23062143,0.25514024444912625
0,0.04021644,0.039760053,0.0440172717228753
0,0.044878818,0.044655405,0.04376140319662941
0,0.13093373,0.11349348,0.09693308845299874
0,0.03485429,0.031055775,0.03883773702562092
1,0.09836733,0.08704888,0.1203908578341445
0,0.0759602,0.07701134,0.07185477709871443
0,0.42841458,0.27818277,0.34954292952588545
0,0.1653672,0.13704172,0.1611472143876758
0,0.069342524,0.06512122,0.047817007183291016
0,0.2497719,0.21525489,0.1973363155612841
0,0.066882014,0.06020327,0.06751048380697024
0,0.096473016,0.08529475,0.11896821629798314
0,0.04445399,0.04395177,0.04727164038850906
0,0.054233637,0.04996613,0.06170846027849478
0,0.07341611,0.07642303,0.06906967681069076
1,0.054711547,0.060206726,0.07801036739076297
1,0.07194579,0.09524336,0.14704484077189198
0,0.14465128,0.13055561,0.13953080946390795
0,0.27951488,0.28161734,0.2531637807359911
1,0.07057714,0.07403949,0.043314184426704136
0,0.14371915,0.17901778,0.16438045892387304
0,0.20270972,0.18774238,0.16737758731510533
0,0.04062409,0.040621463,0.032318553760459015
0,0.119036935,0.13640502,0.12016603179730383
0,0.081709124,0.064442426,0.06863190506277375
1,0.27624726,0.2435702,0.21066624910883064
0,0.072913185,0.077816024,0.07636130010061089
0,0.050026316,0.043834943,0.034713732649864236
0,0.0609769,0.052439645,0.07284140838288271
0,0.12181079,0.10527939,0.1168626533530173
0,0.16786653,0.18255557,0.15766319924359404
0,0.08780255,0.08505281,0.08175541464150456
0,0.08498948,0.09197024,0.08892272639891118
0,0.04926834,0.034740955,0.05426142527752932
0,0.055467494,0.0679525,0.07481863665972852
0,0.0694602,0.05646079,0.055802380973593156
0,0.07402941,0.08743376,0.0657060150574358
0,0.25154257,0.21796097,0.17294054496352657
1,0.15361561,0.17358913,0.16690850070456667
0,0.07806928,0.07314806,0.08500857480158792
0,0.15138724,0.13938552,0.08592939457733502
1,0.2834678,0.1923671,0.2811098106969067
0,0.120044954,0.09863519,0.12791912520460785
1,0.1809091,0.16585635,0.2111466877560319
0,0.056119222,0.055097044,0.046714619013931855
0,0.051341534,0.046862677,0.05600063377115939
0,0.08145641,0.08514743,0.1166693014646618
0,0.08049229,0.07980605,0.0731142948850788
0,0.05050704,0.051278077,0.07707000075845497
0,0.083625115,0.06947151,0.05804828346973325
0,0.074162535,0.09791212,0.11770383174747567
0,0.054297015,0.05550689,0.08768383210582888
0,0.09426332,0.10906009,0.1274005256331196
0,0.1006944,0.09395021,0.11709162688113162
0,0.1017242,0.09134503,0.12937460578628218
0,0.065962695,0.0751479,0.07251662131838688
0,0.07239485,0.0840181,0.08324049560409712
0,0.2987755,0.30210698,0.3247166209943158
0,0.06370518,0.08098086,0.07186864874949297
0,0.04881548,0.0633038,0.05248299209446741
0,0.07519626,0.075329944,0.05261911430428451
0,0.123396575,0.118267946,0.11040907753638719
0,0.24221016,0.25014272,0.2532866826194035
0,0.13203575,0.12518838,0.11158180241414212
0,0.06763259,0.05937111,0.10674300554590178
0,0.024241127,0.025421394,0.026735269798933394
0,0.06377321,0.09022078,0.0742578368657041
0,0.07068837,0.05347453,0.09981135992847474
0,0.09803445,0.12544097,0.1477480269956724
1,0.0834616,0.098829105,0.09013327610363436
0,0.123939,0.114866376,0.1224495619081281
0,0.02594375,0.025733862,0.033956206312901416
0,0.17925042,0.22938943,0.2520450039772174
0,0.083761245,0.066775836,0.08848834769097724
0,0.06340225,0.061034594,0.10287693341458344
0,0.0708312,0.094487086,0.07128720484434602
1,0.08765257,0.10361254,0.09380485363156778
0,0.093845256,0.10218592,0.08367145710984965
0,0.145762,0.12891184,0.10229331013300781
0,0.07159727,0.06729792,0.07831024522408453
1,0.09551836,0.09400795,0.17004812996328406
0,0.0931666,0.06750062,0.10451492303982653
0,0.12796295,0.116398536,0.11261330669204303
0,0.081980094,0.09283733,0.06381857396308313
0,0.09228448,0.093533404,0.08001681906310075
0,0.1522466,0.16850291,0.15074142634777543
0,0.104039386,0.07645205,0.09822274833580759
0,0.08752047,0.11217159,0.08235196011840705
0,0.084520385,0.08703442,0.08458327594904318
1,0.13627525,0.105913065,0.11048167141283174
0,0.11495104,0.10928168,0.1423442144732479
0,0.08133842,0.04637826,0.0667152912833799
0,0.08135043,0.10011831,0.08211289354021747
0,0.15741462,0.12531935,0.1339506013673422
0,0.1621888,0.12647468,0.15100515627133987
1,0.08768957,0.09391531,0.06259406690397268
0,0.06603884,0.05582564,0.06346970486542715
0,0.033455368,0.035725813,0.04923867055133942
0,0.06312427,0.074910276,0.09540554953216372
0,0.118089296,0.0900284,0.1261216037765906
0,0.0528745,0.046919893,0.04468470971174497
0,0.05891335,0.050955866,0.05568724316830731
0,0.047386598,0.040833555,0.03648575736294641
0,0.19483638,0.16656017,0.21089840643198526
0,0.08828376,0.08412506,0.07880533350365977
0,0.11054596,0.07831745,0.10826252651913679
1,0.19284497,0.2001979,0.22098361453501414
1,0.5699198,0.50702745,0.5162185869898427
0,0.07361562,0.054393526,0.07409175098664804
0,0.04051576,0.04116164,0.041069586531693604
0,0.08455958,0.06872226,0.10442428280701851
0,0.088217214,0.07843698,0.08573613691103789
0,0.053764652,0.06780745,0.0679247085167873
1,0.051976454,0.046956956,0.053425724355590516
0,0.07597794,0.075556375,0.07064136674979811
0,0.12934063,0.13020626,0.14169443162491055
0,0.25415704,0.18455778,0.19344804361938425
0,0.11388987,0.10400361,0.08194513603989707
0,0.046767775,0.032277822,0.03989821361285622
0,0.08554277,0.06585426,0.09026384172283522
0,0.2925834,0.33634353,0.2494792294567136
0,0.10986952,0.10134792,0.10677734919715438
0,0.072871305,0.06727809,0.10380919220818323
0,0.07543413,0.06793112,0.09412259904685318
0,0.07204061,0.0627126,0.0621231160022282
0,0.42113084,0.41611883,0.22390792965248313
1,0.43017328,0.44900703,0.3861102274919994
1,0.09019356,0.102808625,0.11416126165269269
0,0.14834231,0.13909401,0.1490578264690634
0,0.17874832,0.12981117,0.16266323909171557
0,0.051074106,0.03668414,0.04835687876090259
0,0.054122113,0.05949127,0.0805069262562288
0,0.098928265,0.110905804,0.08664772667079786
0,0.08177776,0.08336428,0.06742001629118749
0,0.14177036,0.11927922,0.11717442997544868
0,0.119449995,0.123064905,0.12179326554278433
0,0.09148589,0.06475398,0.06722575989261098
0,0.06522201,0.05955045,0.08671814049759048
0,0.074548684,0.06416104,0.07079597674709559
0,0.13968524,0.19998366,0.20462791652544957
0,0.13801585,0.124443814,0.12063165035337019
0,0.102780215,0.07716013,0.09275590496906001
0,0.10148548,0.10189731,0.1528565110142752
0,0.14757691,0.19293113,0.19865344711102073
0,0.116034485,0.05727761,0.11257622976560054
0,0.11155054,0.09802168,0.09645859481378999
1,0.039227072,0.040601935,0.04340900889221747
0,0.041739337,0.044653147,0.04292575813717459
1,0.15529907,0.13442154,0.1452521740579048
0,0.2271834,0.18760441,0.1957989937648484
1,0.111792445,0.09123659,0.11735947636597821
0,0.21356757,0.23775929,0.20704657265160079
0,0.1679138,0.15669501,0.16077882868727178
1,0.09731573,0.09426414,0.10057004925346276
0,0.15813415,0.122197226,0.12030866887739769
0,0.20696975,0.22798857,0.23527869499633083
0,0.07311397,0.050681192,0.07123234400377068
0,0.05938305,0.041894134,0.06872077096642386
0,0.21408209,0.25499085,0.23052811617714158
0,0.13740239,0.14958377,0.1287132783935904
1,0.09559683,0.10260716,0.1012224087084738
0,0.051850203,0.0550758,0.04205506545557344
0,0.116934374,0.101279214,0.09258449654973971
0,0.068760626,0.07394715,0.0947874133951892
0,0.07880731,0.085285746,0.09450426645894106
0,0.068945214,0.06427189,0.07314555956542232
1,0.32308474,0.29949293,0.2801034504312058
0,0.03535634,0.034982592,0.05006809997558702
1,0.30344918,0.29776484,0.23649126060074413
0,0.05797607,0.07068099,0.0624488119493657
0,0.06700986,0.06075394,0.05538233799410673
0,0.06675172,0.08130514,0.10241260043651032
1,0.054280587,0.062489823,0.05531584483787822
0,0.11324663,0.15374376,0.1520118964919968
1,0.42708617,0.38926533,0.3495703123007026
1,0.06602593,0.08083429,0.09374302470049965
0,0.15369861,0.13900442,0.1373897031309904
0,0.049057573,0.05437548,0.06137687224894196
0,0.10692126,0.089658625,0.07659727242521767
1,0.23424672,0.26614228,0.19515646437052836
0,0.12944804,0.1299842,0.18329187818345424
1,0.26821288,0.24335203,0.22663355148369607
0,0.1472326,0.179366,0.1831011020025638
0,0.05550594,0.054765187,0.05251063194328297
0,0.13989227,0.18158108,0.12185882409004767
0,0.13443162,0.15283523,0.1544179784452578
1,0.12249508,0.10798992,0.12131416451040375
1,0.09878864,0.09077334,0.10625460911592695
0,0.1602513,0.21238372,0.16735972354718104
0,0.098022275,0.101773426,0.11434967159050087
0,0.1330349,0.16134264,0.125418171626543
0,0.05556713,0.04822166,0.05963263087731331
1,0.10638184,0.10547694,0.14928512036349117
0,0.38341823,0.36727923,0.28046745577300314
0,0.060060248,0.06665124,0.06470527253505358
0,0.03801995,0.043982074,0.04364710581636783
0,0.08477221,0.08563474,0.10485742398510509
0,0.14561714,0.12113057,0.16781289509745095
0,0.04669444,0.05612084,0.06414990852708563
0,0.17408702,0.15352884,0.15462298897666818
0,0.06761224,0.05134801,0.0688905415871268
0,0.058867466,0.055154033,0.06934740414541571
0,0.1773842,0.14017701,0.21189773105636192
0,0.06827834,0.05695533,0.05872897718587831
0,0.16090202,0.13214527,0.17006193915299125
0,0.06810517,0.07725977,0.07257233763677971
0,0.11550911,0.10285988,0.1020616916225285
0,0.11795791,0.12034761,0.17539654795103124
0,0.06848573,0.055568133,0.055801770735657445
1,0.1108411,0.116783924,0.0883950100758958
0,0.034174692,0.037789013,0.03618180545816525
1,0.07824865,0.08240651,0.086124741188685
0,0.15186372,0.117901,0.1203622483123585
1,0.08897773,0.120771214,0.1532663286356232
0,0.15718089,0.13451304,0.15117660281087195
1,0.10868328,0.12784863,0.08416973419636746
0,0.055427335,0.068529576,0.06777743517331601
0,0.40882882,0.43779227,0.42438634181060225
0,0.38136262,0.39472565,0.29679188263798884
0,0.0952031,0.090167664,0.08952724853796905
0,0.1660344,0.19966038,0.15817369151836452
0,0.0487169,0.051290154,0.059350969548916124
0,0.07461382,0.079599656,0.05146187770430796
0,0.086542,0.10055885,0.1215048079475121
0,0.05754524,0.05464378,0.061662635532559504
1,0.22691877,0.2613856,0.1863928103664881
0,0.08789781,0.09037105,0.10463108336530402
1,0.29935127,0.30782434,0.20316313571437325
0,0.060359508,0.048323154,0.07791620024961303
0,0.066097,0.07169673,0.06145959163032843
0,0.2833172,0.2522812,0.22602442783659338
0,0.05883013,0.083846055,0.06275219428991655
0,0.11704751,0.116115436,0.14224027103487116
0,0.3527322,0.38691598,0.3609221452718255
0,0.14640424,0.122059405,0.14057658622680622
1,0.1681916,0.1134106,0.20052101176184398
1,0.09901842,0.103083774,0.12865169178767183
0,0.04594944,0.039929766,0.03562062613198905
0,0.066856146,0.05456243,0.054441779851684434
0,0.0889968,0.08940795,0.05691378115187724
0,0.060230445,0.04906984,0.055379307688487804
0,0.079777345,0.07422439,0.07473935336467244
0,0.060306367,0.04287342,0.048194775928952924
1,0.120035626,0.1310658,0.14212714465603007
0,0.06185538,0.06137088,0.07930242098268266
0,0.13306949,0.116313115,0.14302864829045658
0,0.19315259,0.2928769,0.22828967817893925
0,0.13734666,0.17798033,0.15878157950174424
0,0.105859354,0.10360949,0.09425173386030933
0,0.048208877,0.040929884,0.07356523249960223
0,0.067410916,0.09913685,0.08514838398647176
0,0.27627656,0.3440872,0.23517557608069756
0,0.0628252,0.04629707,0.05133081096482511
0,0.07396192,0.07359445,0.08395813901143874
0,0.05197995,0.0674269,0.0699904343133164
0,0.17126454,0.14630799,0.1599453341621473
0,0.16041057,0.16483878,0.15749424457706232
0,0.06533716,0.0975617,0.08696913589985653
0,0.10006163,0.09096494,0.11088990496994512
1,0.09869704,0.092774756,0.0834975231606634
0,0.10053304,0.086553074,0.0834507633958553
1,0.3662069,0.32037035,0.2967146936003756
0,0.07020866,0.07217742,0.08914049416158909
0,0.04953763,0.045873746,0.04941803370074986
0,0.11200799,0.1358139,0.15554857888579388
0,0.052933645,0.059313,0.05636168030386194
0,0.22964454,0.2688664,0.2006944725137269
0,0.15499127,0.16332874,0.19864200054471073
0,0.048572864,0.05164286,0.044416631443863916
0,0.02819634,0.03469344,0.04509691150919641
0,0.11694783,0.15062387,0.14246584598270756
0,0.1392961,0.13840684,0.1433477749704411
1,0.11885718,0.1301809,0.08887389636615681
0,0.15047228,0.10393347,0.10957117923968882
0,0.09392077,0.10282752,0.11180339455758082
0,0.11534992,0.1370436,0.14273606352802892
1,0.14262906,0.11758153,0.14407356630101345
0,0.11122812,0.15974726,0.10722057028781544
0,0.079389095,0.06439929,0.04782974822322979
0,0.04341025,0.04196079,0.04028328193934483
0,0.10872463,0.11707862,0.08042721043958787
0,0.13942534,0.10510314,0.14904520957324874
1,0.31432354,0.46197018,0.3614764993206297
0,0.07611477,0.07732691,0.1363273205940495
0,0.07575193,0.086681016,0.08348832392143984
0,0.049360227,0.04991008,0.07366170408534425
0,0.12716545,0.14156398,0.10197285115073582
0,0.1292404,0.11399803,0.08000664649820945
0,0.06214065,0.06373177,0.06918041911638545
1,0.114751674,0.13407043,0.11927189755645105
0,0.21133512,0.13443337,0.16146337773576308
0,0.1423896,0.147129,0.18094321281713951
0,0.028166866,0.03675825,0.02860853069251447
0,0.08462906,0.08402088,0.0885027435304292
0,0.050174866,0.051684543,0.0438617983885672
0,0.13811213,0.16609968,0.13907560829592264
0,0.048174933,0.039453182,0.04070754591827474
0,0.045022033,0.03374223,0.06773717388355117
0,0.120519355,0.10674098,0.14613045221396476
0,0.08383146,0.07037081,0.054072659167750364
0,0.061463237,0.083786115,0.07535518156330406
0,0.16254315,0.14936145,0.16077596764582508
0,0.09682142,0.12704234,0.12431562449702936
0,0.050832443,0.04996304,0.03973315184983232
0,0.14115192,0.15615827,0.13181467441797529
0,0.052238908,0.10120496,0.09658363453838202
1,0.16121751,0.15968616,0.19863267867386547
0,0.06521742,0.05253252,0.07094258263793517
0,0.08600113,0.09527656,0.09868516183753498
0,0.062996626,0.06550608,0.058257890259316936
0,0.105916135,0.103857905,0.09776936296684466
0,0.09672513,0.106542505,0.09839916073939212
0,0.06497006,0.06708273,0.04998785441597457
0,0.028355835,0.022987297,0.06705036166149968
0,0.046865936,0.039142113,0.05525356550106649
0,0.18739589,0.17899272,0.17551361501442603
0,0.07413631,0.074355446,0.08335748809792408
0,0.10871132,0.092067875,0.10522949314534187
1,0.11638677,0.0962431,0.11758171577803475
0,0.03458316,0.023711093,0.036372452787879934
0,0.07989509,0.06745552,0.062241988768052106
1,0.21353263,0.1840958,0.1858914298357895
0,0.08945699,0.077085026,0.10871959260670877
0,0.13157682,0.1518295,0.1388630380231586
0,0.15528062,0.1738571,0.2163972484038869
0,0.06907936,0.055857655,0.08944058095791757
0,0.08962924,0.08109638,0.07508237634664697
1,0.16316935,0.11803183,0.2051383515004299
0,0.058639213,0.05998318,0.052834991052293064
0,0.13749683,0.17278904,0.1876733507608146
0,0.09978643,0.08343432,0.10337057010858243
1,0.16134189,0.14338623,0.14018509322223918
0,0.03928815,0.034216233,0.036106531083948075
1,0.13312869,0.14760269,0.13393575332876426
0,0.09478535,0.0936612,0.10222049152016315
0,0.15920182,0.13067554,0.15871092628440076
0,0.071137965,0.06708792,0.06149079678763498
0,0.1840045,0.16914183,0.20392811806632713
0,0.10086044,0.08556238,0.16480930170147956
0,0.07810585,0.101236686,0.08570593746665052
0,0.060547184,0.0650169,0.07987573921112177
0,0.11899141,0.12589791,0.09534131927047756
0,0.05683277,0.059309497,0.05437286237990135
0,0.046291113,0.033830386,0.041538396853004075
0,0.10461837,0.09621707,0.10609687863477557
0,0.033782214,0.035766434,0.03685973628417579
0,0.05301633,0.057226878,0.058125685608892246
0,0.071018375,0.06679272,0.06470712281515055
0,0.1053805,0.09775774,0.08551512004373829
0,0.10451628,0.104294635,0.10911240124922889
0,0.07132193,0.07599555,0.0629066300357874
0,0.09251225,0.110431544,0.1540088276867451
0,0.12697537,0.09445611,0.1576460730021505
0,0.10457024,0.09048401,0.0808712454031952
0,0.04456038,0.041556798,0.04111100034292409
0,0.06627377,0.072745815,0.0615548138688952
0,0.18590204,0.19787486,0.15655008462494863
0,0.10414073,0.101519525,0.16769833219691851
0,0.13907872,0.20068547,0.17631992357111262
0,0.063698515,0.05826099,0.04467959326088459
0,0.098284535,0.089147,0.05804219772702004
0,0.08906571,0.09003502,0.06702072295198998
0,0.145301,0.13014437,0.11004108341039369
0,0.07239307,0.06639429,0.07164826461035485
1,0.15006411,0.15225832,0.1417782729936047
0,0.08612899,0.10006843,0.10135129049741234
0,0.06207432,0.055642746,0.05626015966675267
0,0.09048634,0.09908582,0.09484276263467814
0,0.1033681,0.1417906,0.10545537962073594
0,0.11286732,0.10074495,0.14451629523982773
0,0.08549739,0.08750916,0.05808310686999991
0,0.08107805,0.07036878,0.07050270353656592
0,0.093137056,0.11161236,0.0932782961420557
0,0.25385538,0.31189847,0.20740854928960975
0,0.1241989,0.10858611,0.11206549298170163
0,0.08136825,0.08791157,0.07065643942646584
0,0.11536022,0.092667446,0.08482678923256937
0,0.1449795,0.124195084,0.09555217897907689
0,0.053769466,0.04646702,0.0623636907062891
0,0.13171351,0.15255462,0.1377741288420174
0,0.094569065,0.08181549,0.08505938052115064
0,0.07336483,0.06571846,0.07021837512911207
0,0.09391474,0.10568306,0.09497684485211065
0,0.07498873,0.082804,0.08272735431074081
0,0.15636897,0.14484559,0.16300845642426184
0,0.039763324,0.041382656,0.04372073092082414
0,0.052939408,0.04569376,0.0449119494993708
0,0.13335808,0.1529339,0.12448462794610746
0,0.12460287,0.11373294,0.08920992878367381
1,0.04568602,0.036214624,0.04209961036243004
0,0.13416725,0.11750636,0.12181307058121088
0,0.067599334,0.06307412,0.08019850257970645
0,0.07437351,0.084303945,0.1237705023689216
0,0.08056191,0.13986667,0.09036168516976137
0,0.037651338,0.035210952,0.038646919075314916
0,0.057204705,0.06297355,0.06291396711138403
0,0.113067105,0.099207245,0.12737677876992715
0,0.11482747,0.1331025,0.07945663656408483
0,0.10786399,0.11590053,0.08895744332592476
0,0.06530852,0.05095952,0.05540056029956978
0,0.06944169,0.07479637,0.06655309006203049
0,0.038252342,0.040148616,0.048766101701000576
0,0.08115025,0.07859534,0.08593433284432746
0,0.3805842,0.27238303,0.3126726351480225
0,0.10063232,0.11702902,0.10013705969582004
0,0.11821809,0.11578552,0.08813607374066562
0,0.26909912,0.28895465,0.24350018696329653
0,0.07939948,0.063486405,0.11904410805065659
0,0.06583163,0.06554107,0.07513395330941142
0,0.070116006,0.050681088,0.079536473990365
0,0.033611972,0.034811616,0.033219521266919974
0,0.0783932,0.066929795,0.05164438445600342
0,0.043903403,0.034612767,0.04433559617626211
0,0.11053295,0.115674384,0.10402802898620558
0,0.06870989,0.085622475,0.06037299124452767
0,0.059153873,0.042965658,0.06337596693929022
0,0.043836642,0.051263835,0.04144142176849312
0,0.10066506,0.09702527,0.0979167969785843
0,0.22268921,0.21334371,0.1622161099721576
0,0.039399575,0.037408307,0.030708416900828057
0,0.19995145,0.18575075,0.18081784353849154
0,0.14002325,0.111649364,0.11894934272201993
0,0.26670995,0.24447984,0.205911806197431
0,0.04241417,0.03496464,0.04543460960472011
0,0.046992853,0.04803361,0.03481137692151775
0,0.15811962,0.2083404,0.16052345249165764
0,0.21890666,0.29356423,0.2519983129319193
0,0.104728855,0.107950024,0.11253250871823949
0,0.0960918,0.10083534,0.07149354985540654
0,0.08699283,0.08277126,0.09840756136895419
1,0.070330344,0.088137254,0.09104786664238687
1,0.08782453,0.09031664,0.09240241848478178
0,0.11414645,0.09668616,0.0980572502857279
0,0.08820945,0.08171807,0.09139851983258158
1,0.088322654,0.06646078,0.0875554380046569
0,0.06268093,0.07787963,0.08680524688581578
0,0.10757309,0.07987108,0.05189479822196794
0,0.054210525,0.06357043,0.05424925096653325
0,0.38527277,0.3894982,0.2981456418027294
0,0.071877204,0.06964573,0.06233818722702289
0,0.07762945,0.066745944,0.0941362381816932
1,0.10503873,0.115788035,0.08583932727290437
0,0.06858032,0.07368998,0.07524308275895833
0,0.121814124,0.07752238,0.10584190300757232
0,0.09676662,0.08788842,0.08165125027576021
0,0.13929637,0.12761089,0.1889259832226691
0,0.0817287,0.07866804,0.058965966876064396
0,0.09749929,0.09583974,0.11329849352517643
0,0.13570872,0.158222,0.13166185704649078
0,0.1345433,0.12878172,0.14348704854595423
0,0.059422676,0.059047867,0.05176348903077202
0,0.087375596,0.08134181,0.0958738058886913
1,0.0859775,0.08105307,0.1308007425751609
0,0.10670212,0.11376151,0.10700671095422308
0,0.06431859,0.070424706,0.051942072731524
1,0.06423304,0.04921947,0.09723656433310805
0,0.03764569,0.03511551,0.03107879047757614
0,0.1859848,0.16329654,0.18611995759568725
0,0.07108867,0.080357015,0.0801594738166015
0,0.13002715,0.13490504,0.10774098987905427
0,0.07364001,0.06521493,0.07303816682531142
0,0.1391193,0.14037769,0.13112492807899245
0,0.07235398,0.06500674,0.08026770380549074
0,0.067068815,0.08412048,0.07123849269944989
0,0.08475052,0.08862789,0.07459937036554555
0,0.08726005,0.08777317,0.10063760729833851
0,0.050989285,0.04694791,0.06067777124391183
0,0.08815288,0.102467485,0.09559626408534208
0,0.11252822,0.108811155,0.12309675655085552
0,0.080698475,0.06237861,0.08472800710235864
0,0.13124985,0.14919364,0.1507641121167268
0,0.13309808,0.17153649,0.15526973387709453
0,0.11714175,0.12408869,0.11565277222831043
0,0.060847133,0.053393856,0.06018681523766991
0,0.07083784,0.056155454,0.04828507357942087
0,0.07708832,0.09209528,0.10139841552755749
0,0.10782335,0.10948953,0.09135975677727788
0,0.124140225,0.111996025,0.10172130098394833
0,0.072662584,0.057265177,0.11667543153390923
0,0.084246576,0.098499015,0.08275294916750858
0,0.03873459,0.03146409,0.03492154126612645
0,0.08135655,0.075766854,0.10748076411563477
0,0.15363,0.18516724,0.19001354531755923
0,0.09640738,0.096204944,0.11525715115105913
0,0.08727272,0.13230091,0.09270773946277192
0,0.0636707,0.066856384,0.07891607569881448
0,0.10077587,0.066269785,0.07460766956289025
0,0.10147783,0.110014506,0.09853182546780927
0,0.095774926,0.10805241,0.09524081514670676
0,0.09181273,0.104756646,0.10871797923497416
0,0.07019883,0.06294238,0.04468403628189125
0,0.14269114,0.10916279,0.13492155666380656
1,0.3337695,0.31419724,0.3039298082523982
0,0.07469225,0.066167265,0.05223704004318206
0,0.05479511,0.073908836,0.057412849048048935
0,0.11414561,0.09394928,0.106100808435955
1,0.1379614,0.14532429,0.14368285513884246
1,0.10588275,0.13792878,0.08169636835282043
0,0.0525685,0.07942613,0.08017668670507971
1,0.08000975,0.074329525,0.08026787096172346
0,0.059476573,0.06066803,0.05143293574090411
0,0.0956947,0.092210025,0.0807592917812529
1,0.17860867,0.19017087,0.16672546581135148
0,0.21728387,0.18578589,0.15568749747034216
0,0.055613704,0.065454796,0.054461172746210006
0,0.113410376,0.08709125,0.1146734770964707
0,0.03937619,0.04380159,0.03278334133466006
0,0.06963714,0.067072876,0.06991727730583339
0,0.061029356,0.0589896,0.04524644339329515
1,0.080189824,0.07990208,0.06398857171078706
1,0.12731689,0.14513367,0.1495256097503376
0,0.106599465,0.11159112,0.08906716389912643
0,0.13824795,0.12712868,0.1519438742166481
0,0.06358918,0.069672726,0.05037186163501378
0,0.13252825,0.11017799,0.12369459310973167
0,0.07745261,0.109589145,0.07706447120246074
0,0.07486758,0.07268247,0.07104891208557755
0,0.07868764,0.09117716,0.06430053297616713
0,0.1055348,0.09547184,0.11249313564976646
0,0.064448066,0.054772023,0.05985578633267204
0,0.07139836,0.070128106,0.0874432294733169
0,0.16855809,0.13079831,0.11654595691938996
0,0.087694526,0.081759624,0.09360331153973854
0,0.33174375,0.33481842,0.3326283810450325
0,0.10180904,0.09540005,0.09763259019412651
0,0.1075288,0.10235091,0.1199067104819555
0,0.15694183,0.13871665,0.14677032820155822
1,0.16553427,0.16485044,0.20646001173596337
0,0.053240925,0.048373505,0.033391027142351
0,0.15558726,0.1545926,0.14903472918865537
0,0.13289651,0.15112455,0.16690550063255655
0,0.08239159,0.07297333,0.06018852641451661
0,0.106811844,0.12076936,0.11930241663160275
0,0.06355384,0.06094348,0.06160848483578408
0,0.10482879,0.08778827,0.09052186546922504
0,0.058018036,0.05952872,0.05742717965480586
0,0.08850879,0.10814942,0.09414327778996891
0,0.08546462,0.080575265,0.08474127799491235
0,0.13664475,0.1556642,0.2107120525806607
0,0.03341632,0.028195655,0.03498266118234127
0,0.08470805,0.09268523,0.09188978090989026
0,0.12636124,0.10657002,0.11655130841416311
0,0.05895422,0.05840577,0.05715069174190888
0,0.032213807,0.03762417,0.030102353439005202
0,0.097614154,0.08869337,0.14063200744228185
0,0.071286954,0.06634541,0.059827664871108
0,0.062529996,0.060261283,0.04231183413311158
0,0.14625807,0.17053445,0.18912990918563224
0,0.04783114,0.04355926,0.0529171799587282
0,0.13601986,0.14732434,0.1786344328042273
0,0.14321414,0.107563995,0.16322405097937914
0,0.06234104,0.04685838,0.07328179540536502
0,0.054727063,0.055288557,0.03735239708987692
0,0.07130799,0.07091174,0.06038282792080038
0,0.15122288,0.15814297,0.205812331421667
0,0.075076245,0.07143737,0.06685061429580814
0,0.09936861,0.1459916,0.13139552688091588
1,0.064716004,0.078324124,0.06922261280062984
0,0.033756487,0.031627636,0.0410364201365789
0,0.12825777,0.14960049,0.13010314136228585
1,0.11023021,0.13949813,0.14201145428532494
1,0.08475917,0.104250476,0.08982880387792551
0,0.13313523,0.16980478,0.16027233868050508
0,0.23007697,0.22042564,0.19734936525940697
0,0.19909847,0.20869146,0.17613241149496486
0,0.07735013,0.06889554,0.07330948307516313
0,0.0531222,0.044109385,0.04083496711666876
0,0.038603384,0.04030045,0.07184387559862598
0,0.07565757,0.070316955,0.07806060777445883
0,0.07096221,0.06863602,0.04519081016668961
0,0.0920778,0.08301162,0.0856530562423914
0,0.17731464,0.23104103,0.1470189628275913
0,0.13054103,0.14659728,0.11752508808980418
0,0.14304826,0.11370397,0.1412503165840088
0,0.15366888,0.13340561,0.1482708761614329
0,0.08355086,0.087557785,0.09882503630028153
0,0.11942007,0.109987594,0.10587419002037914
1,0.24468693,0.24909528,0.170103127593488
0,0.19967698,0.20187677,0.11888240856792767
0,0.142176,0.100503385,0.13248405143543618
0,0.102110244,0.09311819,0.11971034345401917
0,0.056338444,0.057023957,0.04539658184473016
0,0.034352668,0.040757902,0.03405200301645279
0,0.09260977,0.101009354,0.10125631941825963
0,0.080265336,0.06461744,0.049122998863680926
0,0.03638492,0.0320861,0.033423891192936914
0,0.05322436,0.068944804,0.06728945179609036
0,0.11232949,0.1112067,0.10955802501455023
1,0.13366862,0.1114906,0.14262661643120625
0,0.058509845,0.04511865,0.06335819572236762
0,0.09110536,0.05951715,0.09031315870661663
1,0.10881632,0.082624085,0.10096342623804053
0,0.08716819,0.082963176,0.06971842073455564
1,0.0483155,0.03261219,0.03317257843937835
1,0.04110625,0.04205024,0.029860038021938175
0,0.15231095,0.16472094,0.22986459214708846
0,0.08875147,0.08048242,0.0900509675411932
0,0.05331854,0.03975005,0.07711084631956236
0,0.14252916,0.14037071,0.12609006797293495
0,0.13651642,0.1261548,0.13009017377500323
1,0.16851632,0.18197004,0.19972314222432538
0,0.09701622,0.09717849,0.12930752748911606
0,0.08796634,0.062675595,0.07442327716258265
0,0.11278102,0.09450274,0.11749133161818703
0,0.29649755,0.2717279,0.28753355286188453
0,0.13183728,0.14421225,0.14611209601025682
0,0.038517408,0.032448187,0.04783481245232974
0,0.07114298,0.0678915,0.0649199121527364
0,0.04441535,0.06811148,0.06317211041622188
0,0.14711942,0.18068542,0.1691920171010904
0,0.080272995,0.077398755,0.059962316548427104
0,0.074292116,0.09834054,0.0518857866651807
0,0.05490639,0.06664202,0.061429153347056224
0,0.09764885,0.11417996,0.09311942929077122
0,0.11020561,0.110556625,0.10634913696020339
0,0.04513551,0.043045666,0.048969368403114145
0,0.17948599,0.17687114,0.16760169354874974
0,0.054898463,0.060797468,0.058952193844486654
0,0.23160534,0.23289868,0.2550157725966932
0,0.10915898,0.10637302,0.11925836925953313
0,0.09615129,0.12602635,0.10025138964651344
0,0.06420183,0.047677208,0.04943430980369501
0,0.07534538,0.066512525,0.08137016544211224
0,0.13497236,0.10410807,0.13802135083300698
0,0.04280745,0.04195524,0.04271552758718307
0,0.060899846,0.06298586,0.06389204510138032
0,0.050953895,0.04763241,0.05161127847203191
0,0.076224856,0.07786182,0.08181604292003757
0,0.093487374,0.071419455,0.058748320880818106
0,0.06455443,0.08526341,0.09057913040253254
0,0.1143854,0.11862466,0.11952109638295731
1,0.2127561,0.2512245,0.22484094186070544
0,0.041643925,0.038626015,0.036610606452654314
0,0.05929297,0.044302538,0.07045912901416933
0,0.035018105,0.038346406,0.034447467413839944
0,0.05847278,0.04008368,0.054799944623860154
0,0.09739331,0.0841192,0.08224199140054665
0,0.09219428,0.09699459,0.0813681973978942
0,0.052536316,0.042075455,0.03669920074354136
0,0.137286,0.15886228,0.09770672123375375
0,0.11509337,0.11227871,0.10766665037213022
0,0.08077425,0.07520356,0.11042347757764788
0,0.16164695,0.23083204,0.24300743835625704
0,0.059751272,0.06764414,0.09431945878955536
0,0.14708447,0.10926521,0.10896076146612088
0,0.03355747,0.039340504,0.036732056267782275
0,0.07627862,0.047995042,0.039430271596194194
0,0.083660245,0.08464431,0.11175946737234965
0,0.05948356,0.06516893,0.059151732102265875
1,0.059615888,0.07339695,0.0955604239724857
0,0.059073746,0.03744001,0.04155105572994438
0,0.12585647,0.13960202,0.12709640365702501
0,0.0633735,0.04796492,0.04325425523499501
0,0.049098797,0.04554535,0.058660267663504094
0,0.098515704,0.05954197,0.08745382432707975
0,0.05883202,0.046000797,0.07448356595587886
0,0.12622814,0.12729226,0.1360628165490294
0,0.12690252,0.14497164,0.11863540189537426
0,0.17443189,0.1746061,0.15961211043940232
0,0.09333423,0.08582721,0.0886646308079274
0,0.09830928,0.08402092,0.10779168250351893
0,0.12572518,0.12962793,0.11946927341032432
0,0.066375084,0.059578966,0.08644613150767173
0,0.04275577,0.04214717,0.03431383664541253
0,0.09821597,0.094097264,0.06121324194850562
0,0.17613271,0.15862188,0.09658182453488247
0,0.054669023,0.051551476,0.07572091031597916
0,0.047489505,0.040148735,0.04002573302860143
0,0.05310872,0.059366353,0.049958680360976664
1,0.11326468,0.12550919,0.09513128871693803
0,0.04247646,0.039859027,0.045929965278155065
0,0.13179643,0.10536474,0.12259988567661086
0,0.026558906,0.030771289,0.031134015099884386
0,0.15000592,0.1545949,0.1612075082909782
0,0.08324342,0.055335507,0.0645749133501696
0,0.20062785,0.23122734,0.16436506147942437
0,0.05457975,0.065096006,0.04648971261280257
0,0.09571017,0.09019959,0.09025644969267217
0,0.12791783,0.0833013,0.12592561203312896
0,0.092446975,0.09469483,0.11648731604046222
0,0.10562638,0.10489751,0.07773725517123105
0,0.084116146,0.092497535,0.08003604395032303
0,0.07417316,0.064043894,0.07965964597905528
0,0.061166953,0.06921209,0.054012311179448345
0,0.06555306,0.07590106,0.08689925501108399
1,0.15689045,0.17446698,0.17965455380658418
0,0.07222695,0.06004129,0.0904042285473127
0,0.0521166,0.055077706,0.04929878480391801
0,0.057385627,0.054147556,0.046774560978030226
0,0.37638256,0.26650515,0.24498850972158065
0,0.14494248,0.12230659,0.12723249776545262
0,0.060800903,0.053113226,0.05741278232914313
1,0.065945596,0.06909037,0.0764359858844779
0,0.18078573,0.24817087,0.19908593994157714
0,0.11102411,0.09114688,0.11017324175765152
0,0.0900278,0.10025064,0.07892877466728301
0,0.09731979,0.09132287,0.08754295750815534
0,0.081003636,0.06800622,0.08426818340562048
1,0.06885391,0.061200254,0.07843879560373578
0,0.07090089,0.057403464,0.06422552460762294
0,0.05783964,0.066990286,0.08464262539388916
0,0.065547876,0.08080672,0.09085507390561738
0,0.061197624,0.06079744,0.05677822033441236
0,0.17926265,0.18022497,0.21069062782276385
0,0.09743725,0.07747937,0.11873387726268905
1,0.2919792,0.30568293,0.23193165031149932
0,0.15258676,0.18581201,0.16090483213283105
0,0.053569876,0.084242664,0.09920668957243887
1,0.13220336,0.14400007,0.10353000008470037
0,0.076518096,0.08391214,0.0891388509471809
0,0.102460444,0.10427982,0.09328448139873215
0,0.04549442,0.052145276,0.05908608614851265
0,0.043914914,0.04203303,0.04091998022120848
0,0.1541391,0.17168754,0.15099420052476764
0,0.10924648,0.09068381,0.10547623773456545
0,0.06984937,0.08613971,0.11210711811352207
0,0.08279008,0.06602316,0.08512754654820832
0,0.08038032,0.10326081,0.12772027870136232
1,0.18605064,0.16585493,0.22153759894285174
1,0.09990157,0.09549618,0.08870504991165207
1,0.109823,0.12344466,0.10567754440862742
0,0.13751262,0.097406976,0.10664889531322191
0,0.11087826,0.10077383,0.0994949007518104
0,0.07388821,0.07146224,0.06556830559200291
1,0.08096642,0.06290943,0.12410025915224232
0,0.08731348,0.06500702,0.05049842539675117
1,0.15127946,0.1850755,0.13433176229826735
0,0.10435261,0.1318836,0.12433648791924813
0,0.090455204,0.10609208,0.07280012485638424
0,0.17331193,0.158455,0.19708614750339232
1,0.16286676,0.16813286,0.1513611695494501
1,0.25487256,0.25947207,0.32323633646325084
0,0.058024254,0.053488243,0.08869709274573805
0,0.09462162,0.08674153,0.07084424289538413
0,0.20841941,0.21495873,0.1825653031482639
0,0.14540526,0.17839317,0.1399138391468237
0,0.11553249,0.10733911,0.08740309906346927
0,0.21158683,0.22411647,0.19691631580659963
0,0.066576704,0.07218904,0.06572259276108776
0,0.093061954,0.08880766,0.07792483214387869
0,0.15033011,0.14256273,0.1063399973791249
0,0.11089868,0.08579255,0.1146830560253343
1,0.08498226,0.075454436,0.09110361922066461
0,0.038092446,0.0517226,0.06285052964898478
0,0.121039994,0.12333919,0.11990415839351949
0,0.14115596,0.12509015,0.12004939133952645
0,0.1531761,0.18965973,0.18591452460392732
0,0.14967154,0.12091212,0.11685594170692272
0,0.09279149,0.11068432,0.10933163269293504
0,0.09204503,0.08858261,0.08068764219604899
0,0.083761044,0.082976624,0.06068719341375292
0,0.1002592,0.11790828,0.12057495326280562
0,0.061481256,0.066876836,0.0508020245885769
0,0.03967447,0.027450183,0.04280746649317223
0,0.07329185,0.08437253,0.11295791008585
0,0.100580074,0.08937079,0.0997555715183251
0,0.15375178,0.20755069,0.13638467959966463
0,0.068213195,0.07038433,0.05596729835209086
0,0.07558394,0.059014075,0.05752976202314179
0,0.056227528,0.04977582,0.10185208576333643
0,0.08598481,0.07455168,0.05081763508364315
0,0.081271306,0.067530654,0.10806197581050205
0,0.07814006,0.073469445,0.08246538712067006
0,0.09619612,0.09393411,0.09699865331701381
1,0.06026793,0.07447703,0.06922854888668371
1,0.19059102,0.1698435,0.15474280688322442
0,0.2648229,0.25903532,0.25868304908463097
0,0.05016203,0.04437194,0.036690943858231406
0,0.03443381,0.03216532,0.029727916045464597
0,0.057529334,0.062296268,0.06714683998409984
0,0.069905825,0.06674857,0.06935942890712347
1,0.24775682,0.26183644,0.2965166094683924
0,0.11296691,0.083216265,0.12872137708454115
0,0.06718797,0.06369254,0.05011380277475931
0,0.094366804,0.116883226,0.1363334947942381
0,0.059392035,0.053267796,0.05142413122352056
0,0.06915907,0.07410254,0.07267006431696343
0,0.09706003,0.114504725,0.11183732320365254
0,0.044583112,0.04639146,0.04487319045957636
0,0.06933391,0.06369459,0.08223065078120169
0,0.05295326,0.057805598,0.04547984950458448
0,0.08267938,0.06585756,0.09967432123439346
0,0.1049071,0.104344405,0.12843745809791904
0,0.116189875,0.107702374,0.08883687069978394
0,0.060947746,0.06910606,0.06369995001718919
0,0.040320273,0.03513653,0.04365308670220698
0,0.07047952,0.062321283,0.09841401386926643
0,0.11393813,0.09569681,0.0900378640472531
0,0.06977137,0.084466204,0.08505961632842338
1,0.060081914,0.06867546,0.09381816541421154
0,0.057464834,0.075513005,0.07255497569959615
0,0.11382324,0.13819534,0.10986801110076402
0,0.1843305,0.17912644,0.21082314729509383
0,0.09016166,0.08325315,0.09003701953558278
0,0.06311279,0.059576206,0.048370701794031024
0,0.034657322,0.03946456,0.04581122454954797
0,0.063888706,0.060503375,0.08152508576347536
0,0.044027146,0.047476146,0.052138696758608764
0,0.1859865,0.19181617,0.192279191350234
0,0.045726277,0.060080152,0.061690911933085714
0,0.060640197,0.057131693,0.06973458229513776
1,0.1876032,0.2080431,0.21567621786322333
0,0.060131315,0.052005574,0.06825948418276584
0,0.05964126,0.048367172,0.045124071753316286
0,0.052859243,0.057871442,0.04421094109710273
0,0.07828558,0.0783476,0.10559529388477172
0,0.11477235,0.0872332,0.10034226785430383
0,0.06549716,0.06195897,0.05012052479735012
0,0.10430872,0.08473248,0.10502290662705793
0,0.11372208,0.12006166,0.14892547299174422
0,0.15849006,0.13414134,0.14905069503687182
0,0.15329397,0.16882403,0.14290935401431967
0,0.12784567,0.13101998,0.11409325175455529
0,0.046563573,0.04228491,0.051491005161876234
0,0.062210906,0.053853687,0.056057655701944265
1,0.06879163,0.046701018,0.08120836868139841
0,0.11039852,0.13043173,0.10821376036683528
0,0.05623249,0.051289897,0.04862413570292957
0,0.028881643,0.023774749,0.031841392455976066
0,0.11999601,0.10192773,0.11167783325093708
0,0.09672475,0.11431639,0.10085856720441969
0,0.110873155,0.13593234,0.1473119334566736
0,0.32550383,0.2686607,0.20554529290298
0,0.03622545,0.051434726,0.05690934058365278
0,0.12793174,0.1236484,0.1293104428848503
1,0.11760972,0.07301213,0.13791181542230632
0,0.06105984,0.0453494,0.039217466804215284
0,0.10644881,0.11016707,0.10032951510964151
0,0.02366218,0.019234277,0.016533866546152447
0,0.11320023,0.107677035,0.11019352958783105
0,0.17939216,0.2274742,0.2140132422479739
0,0.06298201,0.0589923,0.08071176488590931
0,0.106822066,0.088075124,0.0704234822443901
0,0.09906306,0.09052961,0.11218510079101833
0,0.03032141,0.030978218,0.038299126392612445
0,0.114181526,0.09967427,0.0867654913144208
0,0.17559609,0.21099812,0.18550543878562295
0,0.11285941,0.14699382,0.15012523528072086
0,0.07066251,0.05724092,0.08882955908234458
0,0.112315625,0.14331503,0.10417693051478304
0,0.15969226,0.1541647,0.16153755524462163
0,0.038799163,0.033395234,0.03392460610761593
0,0.12809746,0.21541537,0.16502956888522935
0,0.18805708,0.19119154,0.21554278297899662
0,0.07050953,0.076815106,0.09986832659844863
0,0.2083147,0.20374312,0.20895426236847978
0,0.10516989,0.11665408,0.12677991673473787
0,0.07064744,0.06801915,0.08111148369405971
0,0.08267526,0.08991303,0.10268318887018273
0,0.060876817,0.082670905,0.06973603242695875
0,0.07885454,0.0905006,0.06250487994925745
0,0.053609874,0.05458845,0.04457317610669131
0,0.11886792,0.21035746,0.17107621782793378
0,0.06893026,0.08162913,0.07499872973758914
0,0.12208889,0.12134166,0.12601462457641754
0,0.049562287,0.05053883,0.045355750873401046
0,0.045297198,0.037211694,0.02779904079776318
0,0.052269544,0.050589927,0.03532300676424462
0,0.03579107,0.03229012,0.03470980806765633
1,0.13006555,0.11605033,0.11025583327620078
0,0.045965113,0.037410412,0.053118063291484684
0,0.08248975,0.074988894,0.04909674206112221
0,0.052058972,0.042533997,0.03909547383319974
0,0.10304072,0.092140235,0.07186640683250914
0,0.13241962,0.13412772,0.10813503292922488
1,0.2982331,0.27702513,0.2654951611311347
0,0.062451683,0.066819,0.05857426634216469
0,0.09806982,0.09415356,0.07411239546217654
0,0.3663849,0.3819409,0.3649060243443298
0,0.0944888,0.080316976,0.08860848966261707
0,0.14178537,0.16726784,0.11192042185097305
0,0.035192326,0.035278536,0.02787493410457873
0,0.1830476,0.18223749,0.15442793646853054
0,0.12945858,0.1347715,0.13133801130480022
0,0.0688021,0.07027559,0.07545324168003414
0,0.13897921,0.15141174,0.15927637292227317
0,0.15907402,0.17094643,0.21589004522729144
0,0.08264595,0.07385531,0.08647052768031228
0,0.12268551,0.089996114,0.11814416544182382
0,0.13811578,0.12719369,0.10408809080310394
0,0.12469318,0.110497445,0.10109710113366036
0,0.04109462,0.0377542,0.03546381516176435
0,0.035151478,0.035453834,0.05283580269799596
0,0.069279246,0.061202683,0.06109229088773343
0,0.064507805,0.074538685,0.06075414539030696
0,0.05909279,0.04945116,0.04504550851749333
0,0.11898559,0.14931597,0.14581248948365827
0,0.1233612,0.12641895,0.09193321576974108
1,0.16103537,0.14445327,0.1649067611109321
0,0.12767103,0.115452744,0.11547090729979179
0,0.09094008,0.08576219,0.08791536566016145
0,0.044887956,0.03936931,0.05160766091994622
0,0.159712,0.1447754,0.16399462475355445
0,0.03233863,0.028577095,0.032225447663905116
0,0.07872529,0.09796501,0.08486685583351386
1,0.15213063,0.12492736,0.15128137403780373
0,0.06649665,0.058485303,0.09820153655901713
0,0.06299754,0.06427535,0.0680715237731555
0,0.07952948,0.077597894,0.06088047530318533
0,0.032954205,0.03999296,0.024275703484853486
0,0.046938267,0.043860514,0.050395418960272345
1,0.14188433,0.11666044,0.13442908613671015
0,0.1475761,0.12561612,0.1033885888424815
1,0.09368311,0.110744536,0.108313354698688
0,0.049541444,0.046472616,0.04197595019015321
0,0.0837682,0.06484062,0.06888457195941035
0,0.110258594,0.13900425,0.0933152251263471
0,0.07802385,0.092797436,0.06779208884488279
0,0.1224797,0.11430247,0.10902724458848148
1,0.11697737,0.10698148,0.1363977933287811
0,0.05831321,0.07575372,0.05502098389440094
0,0.07418008,0.08314069,0.11281392219881428
0,0.0812074,0.05962079,0.04616226765883539
0,0.1365987,0.12539294,0.156736275114768
0,0.12974682,0.0812558,0.142716944475991
0,0.11156787,0.07920549,0.09427935846628965
0,0.046566717,0.04384318,0.046741036337883096
0,0.11909277,0.10352902,0.11986207998842315
1,0.13754787,0.13172662,0.11800048381169884
0,0.13275878,0.12850668,0.11370967130406306
0,0.06307251,0.051817838,0.06943391218679608
0,0.061627477,0.050639994,0.06078547905874608
0,0.075612366,0.09702257,0.07815439381823888
1,0.26025927,0.30537364,0.1873865215669185
0,0.068132564,0.09404698,0.08361014474652229
0,0.11981375,0.1150785,0.11948983449114761
0,0.24699314,0.19591168,0.174781578140998
0,0.2807967,0.20325033,0.2185090851669402
0,0.1417575,0.15946025,0.13287001965726672
0,0.14177404,0.11775868,0.14776140544668062
0,0.056471433,0.055428497,0.06412288400790946
0,0.41018206,0.36581743,0.3407050374116738
0,0.049261272,0.04496796,0.03989976290781008
0,0.18744498,0.14523928,0.1940321131753008
0,0.1104433,0.10300216,0.09865825438358883
0,0.040928226,0.041036822,0.029665831884430026
0,0.11891448,0.11344553,0.09160552397690279
1,0.11404247,0.079330616,0.07961996271572057
1,0.11632189,0.11152705,0.10862438616031585
0,0.14990284,0.119141065,0.16681349416345476
0,0.15495853,0.14927435,0.1775704986505399
1,0.077200375,0.06685601,0.05681271510778645
0,0.06320845,0.060928993,0.0685592376414393
0,0.059439607,0.061203446,0.06180879279685307
0,0.07286506,0.04935287,0.06943784367711407
0,0.16969636,0.13320628,0.15868049518811264
0,0.067591436,0.06927527,0.08574303695484091
0,0.10049699,0.08389704,0.09323019617273992
0,0.08308622,0.09687485,0.13596965340053407
0,0.08634444,0.07002531,0.069135589947941
0,0.053982373,0.052827537,0.04791082748930631
0,0.24299332,0.24773768,0.21679544330538927
0,0.084475756,0.07530311,0.090143556784961
0,0.06045366,0.046361506,0.06431516300215422
1,0.37980166,0.29901603,0.3059084045723182
0,0.2230877,0.15136603,0.17094337452230307
0,0.07398645,0.076224476,0.07571109827410971
0,0.1325438,0.14364882,0.133475229252121
0,0.08420598,0.098925225,0.08532393887085281
1,0.18496196,0.17724971,0.1375017157507051
1,0.08364259,0.073452294,0.09712421845156073
0,0.07401264,0.07592844,0.07645456682943512
0,0.11948926,0.14099747,0.1463388352142334
0,0.06266648,0.06932008,0.06054158760834181
1,0.13863714,0.09495923,0.13436190749762136
0,0.27686897,0.20929293,0.21626361226296925
0,0.07564093,0.07308633,0.06660437134437691
0,0.49414003,0.5173662,0.3402640467790096
0,0.10748863,0.091163665,0.09617736591747558
0,0.112438776,0.09655981,0.10789854071718903
0,0.044538196,0.046901453,0.054659967249789415
0,0.048902303,0.042866398,0.06422014300763428
0,0.096167415,0.10081154,0.11237877125878078
0,0.06769152,0.057603065,0.05968109931370528
1,0.100143775,0.09907839,0.08103547502981266
0,0.10188149,0.091602996,0.13260642241747655
0,0.1073307,0.08630851,0.07852977626978472
0,0.11464676,0.08154573,0.12714012094944563
0,0.2649576,0.28819668,0.19975733278939703
0,0.22823556,0.14877781,0.1387842024090237
0,0.1865491,0.19182242,0.17433271572766065
0,0.14287587,0.13882929,0.11564811277050148
1,0.17797661,0.15633756,0.18758126908953252
0,0.06823721,0.07738586,0.11860950313799128
0,0.34194192,0.32889375,0.3374990754596589
1,0.18786015,0.13380104,0.1435314773829841
0,0.18065195,0.22387914,0.23054189698207792
0,0.18525933,0.1597384,0.26079381624968545
0,0.13631539,0.18833962,0.1158840018469474
0,0.184111,0.22395645,0.2064431802848138
0,0.15665357,0.10185462,0.10962122697499943
0,0.10087417,0.08182326,0.09261566390521407
0,0.06880187,0.06615947,0.08058961044159993
0,0.13023178,0.14235318,0.12929136722392387
0,0.08555695,0.07398895,0.09445185191512027
1,0.20232111,0.26720658,0.19400599536720378
0,0.08134133,0.08490179,0.04419010868341412
0,0.22692722,0.25483537,0.22202673817807161
0,0.07202123,0.056842502,0.05272324807643856
0,0.13579808,0.10683822,0.11014986381788665
0,0.09107251,0.06424636,0.0637660426987853
0,0.063285634,0.086716734,0.0513631941865798
0,0.099861115,0.13014594,0.09195806275583561
0,0.15414254,0.15792398,0.1241301426680231
0,0.22456188,0.30398387,0.18401046276117536
0,0.24984536,0.24123976,0.2043308524009969
1,0.056336623,0.059522055,0.06537739050311644
0,0.24828686,0.25752312,0.24681659346601853
0,0.07034534,0.06507842,0.09330942604650577
0,0.056176268,0.044517048,0.043726555795097724
0,0.109048136,0.14812115,0.12548174987738434
1,0.13958545,0.1574263,0.13827759257767955
0,0.07117599,0.059030898,0.0814349136345237
0,0.11903916,0.13780484,0.1281350869016161
0,0.0973039,0.11137654,0.09587597736077544
0,0.173928,0.16996521,0.13549215321491326
0,0.06431262,0.06133323,0.04865566643396252
0,0.20969087,0.2091747,0.18384259449021337
0,0.041570514,0.04465939,0.04386759485020808
0,0.07518121,0.059364107,0.06552118166243372
0,0.42890376,0.45261505,0.3109885615730189
0,0.13833125,0.12760025,0.15047481734561316
0,0.08756135,0.10427121,0.1010792832706962
0,0.10508838,0.10817543,0.10452296871516256
1,0.2680019,0.25593582,0.2377911343487032
0,0.06259236,0.093104035,0.06558753780526767
0,0.19380733,0.18958965,0.16210649619189585
0,0.037300542,0.049733456,0.04479179247520397
0,0.07857324,0.067322,0.06679563233839882
0,0.060643762,0.082138814,0.07177298694351437
0,0.122409135,0.14470984,0.15700549636830644
0,0.081139185,0.08866967,0.09045806274640063
0,0.1301088,0.1331323,0.11737302175281697
0,0.14124687,0.13900672,0.1434118907880994
0,0.057808742,0.05028139,0.08336371870550194
0,0.08685658,0.086723216,0.07439446218200418
0,0.13074446,0.13798212,0.10944116487618856
0,0.17347448,0.21099444,0.15619510210184775
0,0.07688716,0.07192356,0.06994307953341872
1,0.13447186,0.12203054,0.1257427552903978
1,0.21573727,0.2168637,0.2078767912570583
0,0.23358487,0.28135675,0.25073815186154585
1,0.09834099,0.111915104,0.09474472802206153
1,0.06986404,0.086736135,0.09408318457098568
1,0.31729427,0.3358324,0.3944898469573132
0,0.11575091,0.12085076,0.08443145084438639
1,0.08708893,0.09123044,0.12181249504230299
0,0.17336291,0.21353874,0.18471650515222768
0,0.0788263,0.08979094,0.11145977716451061
0,0.07946512,0.099485785,0.11785029152826869
1,0.09138349,0.115609325,0.0700774563466806
0,0.053187918,0.0356584,0.07538493757252072
1,0.13789123,0.13179882,0.12792995248113753
0,0.09855276,0.10744633,0.13186563163161263
1,0.15563501,0.14197573,0.09692818029723951
0,0.10117171,0.0976736,0.09159759635453141
0,0.31046864,0.40916112,0.3223289320883591
0,0.103051096,0.09797742,0.06724372266865618
0,0.085411765,0.06873051,0.06302034460597232
1,0.0829349,0.088202104,0.10259217507970532
0,0.054788135,0.045032874,0.04073192208549261
0,0.16876632,0.2145695,0.15702068196448726
1,0.073652975,0.083175294,0.09423877044946144
0,0.11491434,0.11274328,0.09798741948040657
0,0.07260517,0.10018752,0.1021466384185323
0,0.26160315,0.20185427,0.19747378413362313
0,0.066265434,0.062354352,0.05718356425084152
0,0.07836411,0.07142306,0.0769534256933017
0,0.06269594,0.06935918,0.057286171942915305
0,0.06914579,0.050616443,0.060872090535988105
0,0.23410656,0.27778077,0.21268636962792262
0,0.0470411,0.048281956,0.07719366017277156
0,0.046934728,0.0552537,0.05798279634436266
1,0.123084106,0.1300233,0.13870573061659303
0,0.05575207,0.058615528,0.05934505323278601
1,0.17983644,0.15100308,0.16472560572683062
0,0.0516367,0.072655335,0.07302495600244359
0,0.021584885,0.027632602,0.02305907630601753
0,0.16667119,0.17117408,0.14396201428153926
1,0.09796025,0.088377036,0.10148968071768798
0,0.10136397,0.090922646,0.094978792014192
0,0.1244152,0.13393769,0.13498559966972049
1,0.06434115,0.061243318,0.053008740544715174
0,0.11706999,0.14479369,0.12221487963435083
0,0.08916702,0.09571106,0.11409143010272473
0,0.092835456,0.08446314,0.08650160767253531
0,0.048792172,0.050257433,0.06666366030957901
0,0.09515683,0.087258324,0.10003292840381484
0,0.062224504,0.054323,0.05219399274123175
0,0.05854603,0.07160429,0.08317090433618549
1,0.21772254,0.21844146,0.22266350823854109
0,0.045491498,0.042228363,0.03560140542369394
0,0.14981666,0.1460032,0.10495586000069072
1,0.056936033,0.06219914,0.04080557916034116
0,0.104899205,0.09749704,0.0943028323007948
0,0.058686167,0.05552447,0.06980711387664168
1,0.20508596,0.19890639,0.14812926383518166
1,0.1536927,0.15519118,0.17543367935808413
0,0.31186587,0.3167261,0.3121138828939586
0,0.1455191,0.16326192,0.1338136737061383
0,0.16322853,0.16111003,0.15379689109125352
0,0.08836081,0.08423667,0.07460975099075655
0,0.08057793,0.08166184,0.06426758283030894
0,0.07704435,0.06731831,0.04155488623240849
0,0.14956516,0.15385531,0.13664555359076075
0,0.16824824,0.1423807,0.17341507364136038
1,0.066238545,0.05221494,0.052358307839076065
0,0.1780428,0.16423696,0.15438116354516895
0,0.07949571,0.08818977,0.08791738938028879
0,0.055642534,0.05459658,0.06046435573084883
0,0.15337777,0.13611487,0.13789223468962794
0,0.045116153,0.043891188,0.04564998501987932
0,0.13799834,0.124653555,0.1193159637416703
0,0.09468667,0.09274609,0.11246391090523439
0,0.077265605,0.09358669,0.058314075783511665
1,0.14420427,0.12356294,0.14833917651766776
0,0.09531657,0.076082334,0.07716226488880629
0,0.5148355,0.3716964,0.46343151601332283
0,0.12270472,0.124672614,0.15100846233238413
0,0.17333609,0.21068712,0.19576160369011625
0,0.1339741,0.090429984,0.10941421618137886
0,0.066885605,0.07368492,0.052849011751635665
0,0.1288904,0.15552932,0.13257922035561004
0,0.11227428,0.093382426,0.08824118307975087
0,0.10425286,0.07798571,0.10472434067611731
0,0.16871443,0.1841271,0.22103796052830665
0,0.08829723,0.07812644,0.1052772059163518
0,0.07041047,0.064774506,0.06779560324134536
0,0.12053426,0.11878769,0.10504403552608724
0,0.10498031,0.15083252,0.12363914662384373
0,0.12317353,0.11853639,0.11928556977368299
0,0.12168982,0.120740354,0.16641740209131148
0,0.23297058,0.24248305,0.20480241700171684
0,0.08689802,0.08330725,0.0878655010881411
0,0.08354356,0.06863175,0.08683887897892044
0,0.07344769,0.06437746,0.07369727555850611
0,0.080681816,0.06996801,0.08210190428536109
0,0.08479742,0.0936827,0.08824488945711546
0,0.063272305,0.053989924,0.05218265684544692
0,0.25793368,0.32157904,0.2610351444265055
0,0.10153186,0.11226979,0.10652595317809038
0,0.061476815,0.063208565,0.048867706103578316
0,0.054270845,0.055822525,0.05181985267362789
0,0.12918815,0.09595256,0.12887761933606723
0,0.15619296,0.16451648,0.17123946679950922
0,0.07338624,0.067578755,0.11930272188615507
0,0.05083374,0.045396183,0.05034090254291919
0,0.22587702,0.2369151,0.27018450104302477
0,0.0519169,0.045710996,0.045447949766249635
0,0.114649594,0.0837283,0.16061550121340684
0,0.1708548,0.15096492,0.14254214273435184
0,0.1673773,0.17635745,0.22018764612512418
1,0.086820774,0.08153038,0.07475825629530843
0,0.13741052,0.13341007,0.11529940475815467
0,0.06759393,0.0683907,0.06192884368873028
0,0.17648731,0.16397472,0.1287539600984328
0,0.1262519,0.14384234,0.11059195927919312
0,0.1892779,0.15652578,0.18849441699316052
0,0.14061075,0.13094418,0.1481933876366142
0,0.15022792,0.1883804,0.17449351159551799
0,0.059141997,0.06802623,0.110178358438605
0,0.09809575,0.090606846,0.10575419348711232
0,0.055280015,0.055528406,0.04665892389088165
0,0.09263592,0.10410634,0.10680229954144825
0,0.21524446,0.22187366,0.17201442593333716
0,0.15822777,0.17633893,0.1740531885183014
1,0.10510424,0.08744047,0.09681080052012843
0,0.19095954,0.25779125,0.2544574394949017
0,0.17312,0.27473593,0.26145818841062557
0,0.07964573,0.09227905,0.08244424536424685
0,0.0431354,0.03358632,0.03133129459775888
0,0.107719794,0.10228846,0.08871839622707914
0,0.04474628,0.03533181,0.04195839478309963
0,0.10380527,0.12579659,0.1182865684762094
0,0.080044985,0.080709904,0.068940486380239
0,0.055937175,0.105773054,0.07627261348533558
0,0.17109446,0.16754514,0.1520044190966384
0,0.09684092,0.15102777,0.1376868909868401
1,0.11090601,0.12563221,0.13800481144153925
0,0.11316099,0.12316456,0.10300308948390599
0,0.17384934,0.1231494,0.1571780850501256
1,0.13039878,0.12353594,0.13938557565059517
0,0.08265272,0.07970917,0.07274785772053281
1,0.10012284,0.076858826,0.09283792542644162
0,0.09137997,0.09354578,0.096415304285942
0,0.09308227,0.088653915,0.1132427559144905
0,0.06390041,0.07137145,0.06550102849219318
1,0.1783837,0.18172394,0.1703746514474772
1,0.24790959,0.26301625,0.2579171747278999
0,0.12204497,0.11050443,0.11820938284310971
0,0.1636365,0.15532495,0.13623870488345577
0,0.10284309,0.12440957,0.11024511822121914
0,0.06179734,0.06467042,0.05898933157561017
1,0.3392522,0.28446287,0.3174855441700191
0,0.13972658,0.09132808,0.10741655909777147
0,0.085106045,0.08404435,0.11745836311747898
0,0.2310312,0.24343176,0.25172978706860666
0,0.1509037,0.13818944,0.16057195739661337
0,0.106619336,0.13202782,0.10582934070115621
0,0.13077846,0.13526903,0.14381014403389136
0,0.08310408,0.083354115,0.07776593830983212
0,0.07513519,0.082512654,0.1514547167311767
0,0.041078404,0.038885936,0.0694555507553476
0,0.28310412,0.19126472,0.18446524553337723
0,0.08593678,0.077339955,0.09589052224999685
0,0.168794,0.17967439,0.11143183390900814
1,0.22851197,0.23610802,0.2528593150096626
0,0.116217874,0.15512192,0.19950724160907157
0,0.07092662,0.08554784,0.079004905770522
0,0.041148487,0.034616735,0.042429195870021426
0,0.13958195,0.15436327,0.15170998410137074
0,0.12501766,0.11841035,0.10224657598499037
0,0.077316515,0.07082839,0.11120139350668541
1,0.17009735,0.16059366,0.15257372564915989
0,0.08051061,0.06549472,0.06019249655684964
0,0.07718142,0.058914457,0.07468140736468143
0,0.45395574,0.4837414,0.3603988823285446
0,0.05239932,0.05598848,0.04921224761964877
0,0.3239052,0.34346473,0.1685356140241772
0,0.12860787,0.13357562,0.14064508269103962
0,0.24361043,0.25178424,0.215446782427377
0,0.06796788,0.065152675,0.06596001160792707
0,0.07304254,0.06889097,0.06868580818881424
0,0.058352027,0.060178988,0.06741377955631356
0,0.079469204,0.06492276,0.06779909134417343
0,0.13079175,0.08678933,0.12479644555861485
0,0.17021073,0.18665364,0.14134909827678296
0,0.10288316,0.13330637,0.1376011975333599
0,0.09502486,0.08951686,0.10562818392768838
0,0.043734234,0.045467235,0.05927514377301767
0,0.079789035,0.08017024,0.07485662013139392
0,0.080467656,0.09092925,0.10132280914828887
0,0.101700395,0.12253605,0.11814788916544257
0,0.12448553,0.11875311,0.1279341530344039
0,0.071497045,0.07074489,0.06784639765057991
0,0.16001163,0.1854197,0.1623241412140697
1,0.055847034,0.06381842,0.07506937767454033
0,0.04749905,0.058844775,0.06963709788459949
0,0.111282945,0.09310353,0.10669513338633282
0,0.025035093,0.028310318,0.05607731764293559
0,0.085161254,0.07377606,0.0739645301132908
0,0.11614171,0.11752945,0.10925564487497558
0,0.09789176,0.09040298,0.07542238724689382
0,0.10146829,0.13688588,0.09696156697318023
0,0.08957323,0.10677524,0.07166967358756866
0,0.11248647,0.11529151,0.1252706075691356
0,0.07634564,0.09670943,0.0785419384253699
0,0.042679187,0.0428023,0.05132898378161709
0,0.07941489,0.0798361,0.07170674725592013
1,0.101151474,0.09653402,0.14328572461412306
0,0.06079653,0.063055985,0.060446274897077754
0,0.17571633,0.14808165,0.19878484006631741
0,0.067629315,0.0520845,0.04486680685663332
0,0.2234091,0.19605276,0.18339705799374578
0,0.08714275,0.10137291,0.12277014139893123
0,0.13892896,0.13365778,0.12008025821830026
0,0.0878396,0.09459734,0.06969859669786688
0,0.47449496,0.44491032,0.3591794911798918
0,0.14826223,0.14344475,0.12408970439898384
0,0.11992374,0.11002217,0.0804031005173439
0,0.10445401,0.07513585,0.10661494392943129
1,0.19329028,0.18844032,0.16390915898890326
0,0.09341187,0.11656504,0.10759027341254031
0,0.19839633,0.16488433,0.17067638871282992
1,0.059397325,0.10487671,0.0925565781694232
0,0.039092224,0.055784676,0.03706322743547595
0,0.06766517,0.059148006,0.05425121086824683
0,0.08930482,0.087876186,0.10541930465499687
0,0.088486545,0.121762894,0.08924651321677328
0,0.04565196,0.04074454,0.059487661894411355
0,0.19099222,0.17182712,0.1245404747691481
0,0.2376966,0.21028845,0.20541421339005142
1,0.14363523,0.12867248,0.1145602801478956
1,0.25799784,0.23333204,0.23250730529726074
0,0.1326039,0.14163895,0.1268945620887383
0,0.060776502,0.04777168,0.06264417384290105
0,0.11628069,0.081375755,0.09789322967486197
0,0.063261084,0.057104904,0.07071061496770054
1,0.22152063,0.2503615,0.17553262107778314
0,0.11438288,0.12528968,0.09379438880688706
0,0.07802587,0.0826243,0.06677291966759498
1,0.08705528,0.09341932,0.07001867464986941
0,0.1924508,0.1555871,0.15452387989773272
0,0.09252863,0.08213366,0.08450759425463132
0,0.079844475,0.08654648,0.0650546505733931
0,0.09144321,0.09519694,0.10329037633638785
0,0.14011763,0.10051422,0.11118704993423212
0,0.20293313,0.18423098,0.19181694081027145
0,0.122511566,0.12243109,0.11973375531552813
0,0.047664773,0.047637377,0.04537756330474813
1,0.16987997,0.25249165,0.1586292491972993
0,0.08188171,0.104431875,0.0553407241077858
0,0.2017713,0.17141546,0.18246352270266158
0,0.077853315,0.07774536,0.07589566691719105
0,0.090799615,0.10136986,0.09694273309432366
0,0.08628413,0.110554844,0.11173142080214085
0,0.08242094,0.07053874,0.07979799272835718
0,0.18184558,0.21360655,0.17324656452135698
0,0.09023475,0.103624724,0.07837371423265346
0,0.12344428,0.12155193,0.160779193988056
1,0.6824256,0.6511737,0.39983279129372656
1,0.11269761,0.11680966,0.10713654387723057
0,0.039972402,0.039714284,0.0370745009463914
1,0.32347673,0.27935907,0.24189384519336019
0,0.09575748,0.06845751,0.12605601943976907
1,0.15528464,0.17266263,0.1479416427217442
0,0.19772187,0.18340321,0.14550371000045523
0,0.13770238,0.15351547,0.12948676850736277
0,0.19382627,0.15980157,0.13038181869657917
0,0.10137299,0.09132301,0.10305440628782335
0,0.106077835,0.1139112,0.10510643491570543
1,0.1429446,0.1405507,0.1672274625707803
0,0.060747292,0.051852793,0.05009484415222283
0,0.22913234,0.23707539,0.20492574828349605
0,0.07331621,0.085602954,0.08997110156051041
0,0.05045386,0.05361995,0.05566908001613882
0,0.13502875,0.14885017,0.1439620829260719
0,0.07798921,0.10534863,0.07321491789763113
0,0.048446905,0.05887754,0.06030178228732901
0,0.09368365,0.10123738,0.13019883283974384
0,0.10374435,0.117288545,0.11239609489258454
0,0.41132504,0.38632166,0.3593904016867077
0,0.049891338,0.050522827,0.0515515360805858
1,0.20654747,0.22478819,0.25240180959841735
0,0.1193923,0.096167244,0.10590201332203161
0,0.07761455,0.07788475,0.07441992926683999
0,0.10006153,0.0810324,0.12912302311688648
0,0.07747358,0.08253231,0.061055831144963525
0,0.039454736,0.043630224,0.03037347692559965
0,0.044174947,0.03715963,0.03956766282980816
0,0.06572536,0.0754954,0.05567206519496959
0,0.11206444,0.12396151,0.13852194624522704
0,0.052980673,0.060793754,0.08401720778675384
0,0.22305067,0.17961924,0.2138465840706451
1,0.14173716,0.14536434,0.12603410356511324
0,0.051853076,0.06326866,0.04714651194354112
0,0.09666556,0.066309854,0.1101793642687034
0,0.05878612,0.058695704,0.061084599346157085
0,0.07506237,0.0712679,0.04422942969706661
0,0.051272348,0.055015948,0.04823347832635187
0,0.065657176,0.07205677,0.047036794705582356
0,0.10818939,0.11828346,0.08882038528271922
0,0.18547626,0.19231069,0.16174097592571687
1,0.092504956,0.07985689,0.09114598664342934
0,0.04515485,0.03605578,0.051202929433377196
0,0.057399042,0.064125314,0.069951667861163
0,0.16071852,0.20865667,0.16219085671544106
0,0.093674906,0.106511265,0.0924798636497355
0,0.12189637,0.11307499,0.11558108718736387
0,0.0735548,0.06368313,0.0761609742622571
0,0.057438344,0.05747441,0.061224510871512774
0,0.04123244,0.029564861,0.02955662815813377
0,0.07956765,0.08098734,0.06032301931520846
0,0.08733402,0.08951595,0.08806672038138606
0,0.09439013,0.17859155,0.11241853745735922
0,0.078139335,0.07758158,0.06884778669666708
0,0.11885833,0.117476,0.15083190324761683
0,0.119508915,0.11674601,0.1389598646233199
1,0.07141107,0.07240979,0.0645518037896082
0,0.05069909,0.0408977,0.059368294735906914
1,0.22598316,0.27688646,0.15421928922939313
0,0.048729774,0.036281385,0.03835686600192815
0,0.06926151,0.054669615,0.055980165271559953
0,0.14669003,0.11572233,0.1170774278343751
0,0.08141751,0.06619917,0.08786764318136533
0,0.07757247,0.0817326,0.0910513976635823
1,0.18437639,0.20027469,0.22050290544861897
0,0.061793458,0.056637656,0.07393123970291013
0,0.063890085,0.07108187,0.09383898126843236
0,0.08613864,0.08823847,0.06719415035061554
0,0.13161144,0.10446768,0.11699715176731648
0,0.08272868,0.08052376,0.05559085819509923
0,0.121671475,0.12447489,0.14092352394934707
0,0.12241254,0.14660133,0.13969627354729947
0,0.15539676,0.16909495,0.13777475251939134
0,0.36603388,0.2842546,0.21965426299287294
0,0.06850838,0.08692565,0.05226373406030677
0,0.10021323,0.08476265,0.10337987955115516
0,0.2030911,0.21307072,0.21183900782360351
0,0.06473527,0.06364207,0.07028387574571564
1,0.22678985,0.23273805,0.2285999669201867
0,0.042485062,0.02670748,0.037710792079856795
0,0.098027006,0.087229066,0.11990322702375038
0,0.14309539,0.15435465,0.16187588416031706
0,0.13390818,0.1323643,0.12358098986091944
0,0.09738403,0.104033075,0.09914415313691297
0,0.10893394,0.11039968,0.0800276831677609
0,0.052738365,0.039254427,0.046938243818618934
0,0.25993273,0.2605425,0.31571820354365654
1,0.058617365,0.06623066,0.05755813355802927
0,0.08545128,0.08586564,0.08080738222778686
0,0.06490646,0.071679674,0.05605052476297111
0,0.18629314,0.19906515,0.23566094571973384
0,0.13504614,0.14442238,0.12678044917079018
0,0.21528125,0.18130141,0.1407687092189776
1,0.44657,0.38934964,0.3242305792307522
0,0.14955351,0.2004893,0.18575885303612508
0,0.08889725,0.073441654,0.10392934540353342
0,0.088914886,0.09562633,0.09856279582692665
0,0.08186132,0.06362988,0.098726750436489
0,0.1066933,0.07785789,0.11880441804387346
0,0.1648602,0.14099878,0.155091978715562
0,0.1698763,0.12963338,0.1429684586541452
0,0.07530507,0.090336405,0.07058532422222301
1,0.12586413,0.121174134,0.10571483497065798
0,0.08388839,0.14309703,0.12648128943534226
0,0.07845961,0.06898333,0.07710827286850104
0,0.17089836,0.1885334,0.1688041194181041
0,0.18817441,0.20464899,0.23069613916321297
0,0.1196986,0.10068343,0.12145062393074527
0,0.08832911,0.068744175,0.0647274697196303
0,0.07810676,0.06330821,0.0621372455846252
0,0.15119727,0.1299543,0.14000443562007678
0,0.09816688,0.105496824,0.10728131948293859
0,0.19101945,0.17424892,0.21738435622645966
0,0.082980074,0.064727165,0.10264227900925729
0,0.0633049,0.041356504,0.09719758195450338
0,0.08033848,0.06911759,0.06334974065138799
0,0.11898405,0.12257032,0.11722417477535522
0,0.06677117,0.08898699,0.06893745055536778
1,0.31467274,0.28960586,0.27687699931249643
0,0.13032173,0.25411388,0.1596797710875508
0,0.36808684,0.45255294,0.3913616811946832
0,0.07817293,0.08303765,0.1273315349300217
0,0.11249208,0.07797944,0.1477713158429064
0,0.05735817,0.052230563,0.05654435616788209
0,0.12746838,0.1406154,0.1483599517285984
0,0.12829891,0.1236687,0.11686016339551746
0,0.1008471,0.09966806,0.14187855052188383
0,0.047845833,0.060881462,0.0403768227113172
0,0.15695594,0.14268056,0.16153727161956669
0,0.02990384,0.02473546,0.051654609899556315
0,0.062694065,0.08162703,0.07673522111920236
0,0.12755154,0.13001855,0.09296466956042573
0,0.11677407,0.1236281,0.16821138020275558
0,0.05080991,0.046333697,0.050257020194650046
0,0.14224422,0.17107973,0.13579174731105695
0,0.16214053,0.1373084,0.15363775724843387
0,0.09890804,0.090526395,0.11559399006355175
1,0.04591,0.05687373,0.06329847778057063
0,0.10025572,0.06896558,0.10638591002923674
0,0.07828107,0.07348226,0.10211396995711891
0,0.121687494,0.13961504,0.11138354737567692
0,0.109052874,0.10773439,0.10755571814304286
0,0.1942826,0.11705519,0.1663098678130999
1,0.22035037,0.22086602,0.17864995172878603
1,0.21274447,0.2585978,0.24369038204677929
0,0.052756704,0.040951826,0.04007460283318764
0,0.16655554,0.17809704,0.17485058301385506
0,0.20686632,0.24782732,0.2305180959625644
0,0.048967782,0.0454358,0.027951099873925817
0,0.07432785,0.07150091,0.07963229726533012
0,0.03804923,0.043187108,0.05272114901813691
0,0.059508055,0.046826705,0.04563226171225813
0,0.06467575,0.044424944,0.07265557390121546
0,0.20419873,0.16832809,0.1733659019758418
0,0.07000601,0.067497954,0.06033805126339715
1,0.27850935,0.32298845,0.3082661460973625
0,0.08311809,0.084090635,0.06511266347056531
0,0.16440438,0.15879776,0.11840234851160639
0,0.16584195,0.1906985,0.18257706681250893
0,0.16290425,0.16450886,0.1507544540235639
0,0.06809118,0.07053504,0.04986927008726081
0,0.25900638,0.2769139,0.22615538505561575
0,0.073124476,0.055266216,0.0823450738513018
0,0.15599787,0.13293642,0.17035544652019355
0,0.045104764,0.050688464,0.05784932313026127
0,0.11799877,0.12839928,0.1606786827442536
0,0.085939996,0.12527873,0.13771534780719832
0,0.0764871,0.07339455,0.08236419870894456
0,0.12607577,0.12878504,0.07357748350595521
0,0.10921278,0.1057455,0.09581428089894276
0,0.07990077,0.0726483,0.07834104514221224
0,0.073288046,0.06589235,0.07288177486442986
0,0.0982162,0.0927244,0.09387349161626618
0,0.16805546,0.14845544,0.13371687573434812
0,0.09046054,0.071658574,0.10053590339096824
0,0.0729539,0.08137035,0.09380524738698284
0,0.10122667,0.18156417,0.11284624031683937
0,0.12140732,0.12523156,0.10751094080889889
0,0.1005876,0.103002705,0.1005883140874875
0,0.08464172,0.067279786,0.08062145048968625
0,0.06609064,0.09518897,0.06893272586221076
0,0.045446184,0.053200636,0.05159457059000799
1,0.28522167,0.25410315,0.2473081412469804
0,0.059444312,0.06296237,0.04351749308623312
0,0.064982444,0.08432541,0.10650674819212039
1,0.13835014,0.12404492,0.12207246287500537
0,0.09132645,0.093790546,0.09374426713219343
0,0.060375452,0.064384595,0.07814344108501767
0,0.04631399,0.04700255,0.06827218299842935
0,0.06462168,0.06492503,0.08647644347779011
0,0.20704171,0.27773932,0.19045097392288643
0,0.15296544,0.19195119,0.23461234002127834
0,0.13178878,0.14753756,0.1391046584442007
0,0.10803403,0.10163508,0.07378069207098525
0,0.16759676,0.1984261,0.15862064318320881
0,0.08018177,0.12626354,0.12230477956431561
0,0.049230628,0.038391262,0.05800378151562238
0,0.114529654,0.09656493,0.09781177070821362
0,0.09945533,0.10902635,0.10327049056492837
0,0.16624342,0.14089139,0.1446359736199254
0,0.17936307,0.19156817,0.21191166805437792
0,0.06556593,0.083156675,0.053198935832786565
0,0.04593366,0.05616201,0.052286256721234894
0,0.09213131,0.11326342,0.08003555010629465
0,0.13439636,0.11883731,0.11731279401461603
1,0.10492224,0.101820886,0.11399664977065178
1,0.23987123,0.2601774,0.23934174375036157
0,0.09624003,0.089533105,0.09248482320530457
0,0.0683763,0.056339916,0.06387166847633516
0,0.08433511,0.08483285,0.08091506167698027
0,0.16643842,0.111246064,0.16964043388597244
1,0.4850077,0.47628847,0.4239598263643262
0,0.13699879,0.14471178,0.15648438963248903
0,0.13186234,0.14873162,0.1389075183377218
0,0.06871512,0.0714059,0.05585289939264525
0,0.09308624,0.11564621,0.05698896986572549
0,0.18500587,0.10357289,0.09380672311666324
0,0.11417152,0.101013795,0.12141304051333898
0,0.15811355,0.18020856,0.1636672637578523
0,0.1261487,0.12472283,0.1033828503432037
0,0.12126637,0.12666455,0.12674560566183204
0,0.07218845,0.07456415,0.08869776545103382
0,0.11124646,0.10775706,0.062486442434410254
0,0.1712891,0.15267007,0.14552257254128223
0,0.15653817,0.19254962,0.1739273597251105
0,0.09358495,0.092911184,0.1051191880926841
0,0.103240505,0.08226001,0.12587643118553146
0,0.06361484,0.058306005,0.07629429070895538
0,0.31622925,0.35252172,0.2817858124128694
1,0.26981264,0.31666017,0.3542966172606189
0,0.25083396,0.24086984,0.25098068914335564
0,0.13450108,0.13909686,0.13307215833252323
0,0.14059432,0.15097675,0.1429260933510022
0,0.34528303,0.49019352,0.22311752587655878
0,0.074237026,0.049847245,0.1065474004703984
0,0.07946931,0.09463872,0.1107383087482386
0,0.18186934,0.1634217,0.1450930118658266
0,0.117539346,0.09110196,0.10459075439556935
0,0.043766066,0.040212795,0.05706396376299614
0,0.08895702,0.08722485,0.06966776199867428
1,0.09162599,0.09379556,0.09192097148287914
0,0.13216889,0.11552109,0.1483946905763824
0,0.05632878,0.050110992,0.03670552613377854
0,0.066151835,0.07695363,0.055258664690685085
0,0.046832047,0.040127352,0.04316435564500376
0,0.14044285,0.13123411,0.15417495698039205
0,0.065762535,0.0658263,0.07618161790570532
0,0.06304869,0.05500871,0.06660235972450446
0,0.08711753,0.1311935,0.09661392948191654
0,0.08850959,0.07212752,0.07609698826597447
0,0.2410409,0.18838619,0.21926839987795135
1,0.08317211,0.075579606,0.07780618711615513
0,0.065510616,0.068968855,0.0773339501119081
0,0.124200895,0.13332175,0.1337595827753938
0,0.09184556,0.11009487,0.1369144989605475
1,0.05541293,0.04537609,0.05040892351053106
1,0.26385033,0.26262,0.19435385235266747
0,0.0710006,0.0847191,0.07104238651942196
0,0.0774447,0.0961979,0.07499342874744616
0,0.097938314,0.12979491,0.13000539021348176
0,0.12976037,0.089530215,0.13903054010906057
0,0.048628427,0.044185326,0.05059245608405831
0,0.12949894,0.15193827,0.16310496768685456
0,0.2802226,0.29105946,0.18721931142563425
1,0.09020634,0.13447693,0.1651458699127881
0,0.44555834,0.45560947,0.3524086201054653
1,0.066790596,0.07474226,0.08116876495305475
0,0.048505776,0.055272173,0.05445985191280911
0,0.12214728,0.099051006,0.0743861188128846
0,0.0847762,0.07738345,0.05421119904911014
0,0.14805561,0.10759881,0.1442771302722016
0,0.05111551,0.038344078,0.04570839391311412
0,0.054472018,0.06300247,0.061572282546373994
0,0.04955527,0.03849951,0.03483263763409392
1,0.6931567,0.5180007,0.4330062135831734
0,0.06290365,0.061940495,0.04330410696384873
0,0.11084735,0.10269549,0.10320155243539869
0,0.09962066,0.086195186,0.1152905573724636
0,0.16323784,0.17133905,0.20461031356691384
0,0.15143229,0.13282947,0.09073319921953826
0,0.16064298,0.1420081,0.15771690441182143
0,0.1037602,0.13167384,0.1321174094249747
0,0.07426264,0.08241149,0.07262884029084218
0,0.116892785,0.12441193,0.10790222116436023
0,0.045110036,0.049615186,0.03979920289825462
0,0.16740301,0.14841029,0.14977253959286593
0,0.07203858,0.07805469,0.06119643282015146
0,0.08782567,0.06468214,0.08011035178482918
1,0.17121823,0.16691028,0.17022788827390026
0,0.051021196,0.045274463,0.053883041223804586
0,0.055541225,0.06596795,0.04634441586890113
0,0.08346271,0.07131965,0.0644620520686571
0,0.047675032,0.03874577,0.05265518838578493
0,0.11193101,0.101167396,0.09558727096012419
0,0.113723665,0.11012365,0.12442724123626524
0,0.052030172,0.06519235,0.05031051295014492
0,0.061924487,0.05314435,0.0794280397507275
0,0.13786228,0.13315788,0.16075651994720525
0,0.17730945,0.1390472,0.15885256123554956
0,0.051697575,0.061321367,0.09007377748800502
0,0.09466104,0.09062703,0.08315945343676917
0,0.033847325,0.047712523,0.056401484108999096
0,0.07444823,0.08761618,0.1706589504952545
0,0.11999409,0.13078944,0.12382097107370241
0,0.096223876,0.08211874,0.05557473431262791
1,0.49399477,0.5235534,0.40838938978278577
0,0.05633689,0.05792493,0.06015842674645477
0,0.2135003,0.19126207,0.20712699386007255
0,0.046615314,0.04089642,0.04687407191819739
0,0.07368686,0.07829072,0.0698038810593758
0,0.040299576,0.044625707,0.04440669711284624
0,0.09363967,0.11170947,0.12660389759223786
1,0.09339496,0.09988794,0.11061778438587241
0,0.07968149,0.07674275,0.09644441816132253
0,0.044288762,0.048351757,0.05976441428948138
0,0.2919537,0.28152806,0.2807951956237944
0,0.07923052,0.07704787,0.1096504478796855
0,0.18393584,0.17000082,0.15698615655007725
0,0.10889961,0.09142251,0.11145783127401203
0,0.0841931,0.1031075,0.1244913943402171
1,0.21711329,0.22377872,0.19931992817760785
0,0.06870685,0.05977131,0.07402066310316262
0,0.1459206,0.14136842,0.18461796290207683
0,0.09945727,0.08596497,0.06962978941717714
0,0.10947066,0.105775714,0.10540296142366705
0,0.15074681,0.14865062,0.1629894586893068
0,0.09050076,0.086264506,0.08575294360315419
0,0.61372995,0.51661944,0.4559354484740429
0,0.1711207,0.13871256,0.1717211538783484
0,0.09171453,0.092018895,0.10450101783864255
0,0.0924008,0.074014716,0.0848377070992446
1,0.22958523,0.24638867,0.15393899649248244
0,0.11692365,0.1191347,0.12771764488115797
0,0.10204675,0.107369244,0.1119261868887023
0,0.10458247,0.08752468,0.11713088103014546
0,0.15557519,0.18986294,0.13003548587015434
0,0.02907663,0.019294728,0.03444802620488195
0,0.045768786,0.053861346,0.03802838804526252
0,0.08897466,0.08371551,0.07722204075973596
0,0.05575639,0.051720425,0.06412513648831951
0,0.12118377,0.14888947,0.14016270392271807
1,0.31372276,0.26085007,0.3535839760235205
0,0.12327872,0.12987602,0.10687770342859915
0,0.21068372,0.2594636,0.2908224243202313
0,0.18417165,0.14603195,0.1665314539113395
0,0.093464546,0.08102965,0.11308147528237797
0,0.09757316,0.08112103,0.10140937977962962
0,0.11395665,0.13083349,0.13511814852969337
0,0.11634409,0.09342811,0.12713606273483613
0,0.4254198,0.39330167,0.4314044847759082
0,0.0962411,0.07985579,0.0766434746720246
0,0.09818915,0.097939014,0.09124461272938021
0,0.055007596,0.046424363,0.061561094693519176
0,0.2578913,0.2497604,0.239297484008226
0,0.179137,0.21672463,0.2022408374357822
0,0.1690274,0.16599017,0.22550186101393976
0,0.11518405,0.11558369,0.06707539639006203
0,0.074515365,0.068725355,0.08094152960794
0,0.117432036,0.10952644,0.10096080335304321
0,0.046471342,0.039659664,0.02747994987788269
1,0.13381283,0.14770672,0.1191271079727938
0,0.2526513,0.2637409,0.21242917896145252
0,0.055240706,0.04529587,0.057815896166463494
1,0.40672433,0.39162078,0.3584753154599014
0,0.06229335,0.053940155,0.06616827061207423
0,0.06103649,0.043683045,0.06565138309741754
0,0.13760208,0.10466043,0.12591294757101731
0,0.07150096,0.065643504,0.06275345974904965
0,0.09895472,0.07623888,0.08326236421152733
0,0.04098016,0.042530444,0.06512544584989795
0,0.08840247,0.124601476,0.12214124072924572
0,0.08339544,0.08146718,0.08435380177404023
0,0.06344074,0.04512724,0.08111849892761885
1,0.054019947,0.055257108,0.06948468017529792
0,0.13495447,0.10883858,0.1486573971725084
0,0.054720957,0.056757778,0.04351389673600524
0,0.09024626,0.08955246,0.10535938796064982
0,0.3157828,0.32411966,0.2679245187181132
0,0.117786415,0.1494144,0.10158153426711403
0,0.05180603,0.054776836,0.08904958406354713
0,0.1390227,0.1284898,0.1161730594765203
0,0.037635777,0.034025785,0.027462140106465957
0,0.069487154,0.052984655,0.07175199670877441
0,0.06875822,0.08070515,0.06215650942615336
0,0.03282954,0.020952465,0.03080030494931416
0,0.12165836,0.11038115,0.12426390862315725
1,0.045545425,0.045532312,0.0711758902430336
1,0.06867856,0.077599324,0.07534863914568586
0,0.072703816,0.09989038,0.11088986009409332
0,0.21453139,0.22929768,0.16550523806579115
0,0.10633806,0.10508812,0.0980155811789386
0,0.07966181,0.07337158,0.10044825482464566
0,0.09270376,0.08401883,0.06980525729048132
0,0.13561036,0.14401868,0.15232484776058072
0,0.42727134,0.44168696,0.3943454673756908
1,0.2894104,0.33958074,0.20104376339287836
0,0.123285994,0.123833425,0.14163273992066122
1,0.08615899,0.09586562,0.14258959380102998
0,0.08607438,0.08582777,0.09931064305382732
0,0.06306685,0.0644468,0.09434582686818135
0,0.12395851,0.13206616,0.1284374078797215
0,0.04652364,0.04499966,0.043344900627013454
0,0.15415652,0.11132794,0.11070350659184026
0,0.113676816,0.107284,0.12758300529025313
1,0.08549228,0.07888471,0.07873089097634411
0,0.08985589,0.081740044,0.08550184725667831
0,0.094936326,0.10506678,0.08674630044722627
0,0.10924244,0.06825981,0.10147613645132492
0,0.06010184,0.051307626,0.05018310474262138
0,0.16143867,0.14495051,0.1273022652651494
1,0.4084719,0.39487347,0.3883873204914899
1,0.24909571,0.20105882,0.20022566596569605
0,0.12335108,0.1616499,0.13067306400224968
0,0.120886326,0.09996938,0.08365399931895774
0,0.12978545,0.13073029,0.15496915899609912
0,0.052819975,0.05689588,0.0783835934045422
0,0.047889676,0.043638483,0.03593014538226723
0,0.07170083,0.0633485,0.06188261569181509
0,0.09861224,0.11801298,0.08688472331689541
0,0.046106838,0.04529543,0.04232631124542003
1,0.07667911,0.06339792,0.08356732810692553
0,0.1101745,0.07838411,0.09465252759131262
0,0.089121625,0.07005583,0.07050979482819363
0,0.068103656,0.072435714,0.07605252842001646
0,0.05925893,0.060068056,0.08313882097546375
0,0.10614955,0.10033781,0.10867717623535035
0,0.03876378,0.036900178,0.026751312515454095
0,0.085064024,0.0937539,0.09738376627661344
0,0.15027083,0.18586455,0.17773779288341796
0,0.050002765,0.049686898,0.04176643078901441
0,0.054785553,0.05463515,0.07202015034633644
0,0.12985778,0.116081856,0.13494643397240239
0,0.025919812,0.024677023,0.018525169410912
1,0.085449286,0.074432686,0.0684073080708664
1,0.105739415,0.12055233,0.11546270547443054
0,0.048498698,0.041908816,0.04004869162615422
0,0.117569104,0.09174007,0.08537580163407191
0,0.0666112,0.052809965,0.06715941306219758
0,0.07916481,0.05597355,0.050274296155552546
0,0.100470215,0.10926437,0.08734081122493559
0,0.10105605,0.12108416,0.1245281867530921
0,0.10685222,0.10664362,0.09675156500072216
0,0.079003155,0.08304017,0.08834202323042424
0,0.24190444,0.25047517,0.2449009079690704
0,0.27584177,0.22309859,0.23144463196395856
0,0.100218974,0.099663,0.11998936685941083
0,0.082832016,0.12592028,0.11134588445498875
0,0.08484518,0.07916182,0.09294086435981852
0,0.12360836,0.13662097,0.11952616114464218
0,0.13762283,0.14203711,0.1534868930497107
0,0.10184319,0.10023778,0.17015743642617492
0,0.123646066,0.13124646,0.145559674064118
1,0.22820094,0.27311525,0.24216829374455434
0,0.073851034,0.07702696,0.08009137824554442
1,0.12920403,0.13069089,0.1627823662218145
1,0.12325772,0.11432534,0.15166192893175603
0,0.19202486,0.1522303,0.21011149591357825
0,0.1021542,0.08863026,0.10758891294716115
0,0.08635056,0.09625398,0.07845763514745586
0,0.057480194,0.06164019,0.048156318454776456
0,0.06570654,0.0643464,0.08607781146442085
0,0.074679725,0.080075905,0.10444326888290038
0,0.039841063,0.04465515,0.054705454734922034
0,0.08612676,0.09345377,0.1015507778520352
0,0.109648526,0.115339875,0.18651915437680724
0,0.107935965,0.117873475,0.08837419164997255
0,0.06457435,0.066688314,0.0761711936742931
0,0.08402874,0.06698449,0.10875749497698638
1,0.10023557,0.081050664,0.07117223050949344
0,0.09402994,0.0896658,0.11596982484350798
0,0.05430131,0.04918436,0.06290643203288623
0,0.23341961,0.26792607,0.23410545082527226
0,0.10282957,0.11104609,0.09341288327711304
0,0.08524447,0.10522984,0.08913294686118864
1,0.13376021,0.16179685,0.18644561664711404
0,0.1128926,0.083089,0.08870392075654428
0,0.11652366,0.09955783,0.09254993971036844
0,0.09614671,0.094930135,0.06531943566924675
0,0.15247451,0.24205525,0.2043962953145297
0,0.10267846,0.10813833,0.11767005149855443
0,0.21056627,0.2264344,0.2726561191359712
0,0.047696386,0.030435652,0.055861267005505456
0,0.041737076,0.04082548,0.04061872466917787
0,0.16976036,0.1099104,0.2510547825758139
0,0.18803781,0.18689717,0.17481069677134087
0,0.0740602,0.068546414,0.06049522000573741
0,0.10418359,0.10411296,0.10600358972392566
1,0.08646475,0.08227607,0.07122731872245128
0,0.08124018,0.07325086,0.09929974853237494
0,0.19420318,0.12792416,0.1838043234656659
0,0.12537266,0.14284842,0.11566634523481605
0,0.05429799,0.04320307,0.04876152807309203
0,0.11449213,0.1428921,0.15720076732138374
1,0.13225323,0.09818891,0.13748444992045689
0,0.2289526,0.13571744,0.2234724518386869
0,0.1258793,0.12668648,0.14856330649537278
0,0.056251585,0.055978723,0.08509497565185228
0,0.15905944,0.17096831,0.13229344390812814
0,0.12025765,0.10949214,0.11443904190867243
0,0.15288255,0.1455877,0.12459063733868463
0,0.09241517,0.09221288,0.08933715110776287
0,0.1374142,0.115996204,0.1642890422156881
0,0.08415618,0.079675406,0.08784424696768141
0,0.16298592,0.12627882,0.11820352628275868
0,0.083533466,0.06445781,0.09497303339726934
0,0.0991176,0.10795104,0.08067897234972767
0,0.12882918,0.13149674,0.14597490082953957
0,0.08540744,0.10275104,0.07387305195666233
0,0.09508025,0.08858421,0.11071731749531506
0,0.05842323,0.05386493,0.052427706916651266
0,0.060807798,0.04323801,0.05639063000116673
0,0.11068214,0.12717904,0.11896516259122851
0,0.077393696,0.08525499,0.0909830900151104
0,0.10620681,0.08008657,0.09369985690520272
1,0.115613006,0.10836485,0.10025282043425764
0,0.04627402,0.052517224,0.052018488831562806
0,0.19199169,0.1381895,0.24020720873338822
1,0.14503284,0.15161677,0.13948216725909393
0,0.08343785,0.09660261,0.09581782952845884
0,0.203819,0.2809295,0.23603197719929397
0,0.10836699,0.09282572,0.12785043579365235
0,0.04973778,0.04589327,0.09449699576303403
0,0.08071526,0.09367305,0.0865522506492144
0,0.13719013,0.13125156,0.09393815777815201
0,0.085385084,0.06882224,0.07681569874317214
0,0.09884333,0.13884673,0.14648694353878203
1,0.084276594,0.08112298,0.07932360610640217
0,0.08086213,0.07609065,0.08760219474539335
0,0.06124482,0.044722512,0.06724616839847164
0,0.07698389,0.06292206,0.06531285146644518
0,0.3579212,0.4258292,0.3782428595641789
0,0.078851216,0.095108725,0.10012486861222776
0,0.1015333,0.100990415,0.11171626031148721
0,0.13566412,0.12538998,0.16704512538427754
0,0.06442965,0.06771346,0.050657990691046685
0,0.08348374,0.09055975,0.12314249999854113
0,0.09139148,0.09359075,0.07655859555668905
0,0.07795567,0.076860934,0.08292989101817537
0,0.10943688,0.09200025,0.07592254460476956
0,0.10120713,0.096762076,0.1064392269267344
0,0.100151055,0.09957198,0.11793144203261618
0,0.11533903,0.11687855,0.1285131820633722
1,0.13923383,0.15406021,0.13098281129290756
0,0.18116921,0.20481864,0.1670116335156645
0,0.07741371,0.076939635,0.09424568890548088
1,0.082550004,0.08259353,0.07741478527349963
0,0.102878556,0.104823984,0.11881820261577664
0,0.13414899,0.18380474,0.117313079918338
0,0.09886741,0.100574814,0.07150099882587152
0,0.06520582,0.07305642,0.044680016387314274
0,0.04316028,0.04228126,0.04472069137023366
0,0.14989527,0.14788672,0.11784876331653024
0,0.11098172,0.12064113,0.1049075677356984
0,0.10528878,0.09269795,0.11248016799658936
0,0.09886121,0.08599602,0.09272391677251703
0,0.046728145,0.061071903,0.06227589367716068
0,0.09512352,0.095119916,0.11098872259265986
0,0.041126724,0.03569514,0.041022850733227055
1,0.118723266,0.1466736,0.12147674893590937
0,0.10624065,0.07787372,0.12107678050741269
0,0.06883097,0.07124552,0.0720313300213577
0,0.21098274,0.1567482,0.22703114505401936
0,0.07895114,0.056906097,0.08033187732984598
1,0.39626452,0.264489,0.2956927203791383
0,0.075502135,0.0580449,0.061986709481675784
0,0.07347289,0.099415705,0.08798530635015224
1,0.5679652,0.57107186,0.4206980820597611
0,0.13740519,0.11550547,0.13498299133702266
0,0.082839064,0.056985572,0.07135563490705595
0,0.05565018,0.06782538,0.05115780639591088
0,0.104413345,0.07736348,0.09188730320015955
0,0.037131082,0.036809538,0.045500493691260496
0,0.034992695,0.036638517,0.03309951583994117
0,0.39153728,0.45865467,0.4217475119343021
0,0.09238356,0.07984092,0.07148573905060497
0,0.0960541,0.08747177,0.1025206458516516
0,0.09587594,0.08305307,0.06784647830927802
0,0.15481901,0.1555082,0.14431160748497668
1,0.094039835,0.089915,0.0818255840453783
0,0.14547662,0.144714,0.15129529680640025
0,0.0818346,0.09460442,0.0608713950064734
0,0.062157653,0.08898009,0.05647884270975358
0,0.07574203,0.06343973,0.07178597172792954
0,0.031938285,0.026368381,0.03831122395743484
0,0.09137492,0.1069012,0.09113583724605852
0,0.118074186,0.11245945,0.10425542508845834
1,0.17139761,0.2472586,0.20601381662197985
0,0.046575252,0.05160663,0.06478027035077213
0,0.05440794,0.08231597,0.06245520036626277
1,0.18530893,0.138966,0.14831116306759634
0,0.18093073,0.15691939,0.15901785218929462
0,0.10660978,0.09379045,0.08899624233510026
0,0.07979132,0.08240282,0.09177768486705433
0,0.05112061,0.043509454,0.037015074837446954
0,0.26333717,0.30568248,0.19501612679643143
0,0.057509754,0.06118591,0.07307728648325826
0,0.15042381,0.1758548,0.17260554970800882
0,0.06880994,0.0732125,0.0662061986429195
0,0.09041996,0.1207196,0.09005884735743014
0,0.13125685,0.1181384,0.14307792416461892
0,0.1712004,0.19891532,0.18072718542619162
0,0.12787089,0.10199875,0.11273946654942964
0,0.075653486,0.065534,0.07997007682915201
0,0.0951849,0.08150598,0.08562925804035779
0,0.029673805,0.03607963,0.04614410026900197
0,0.15664864,0.15486185,0.15103263734679193
0,0.2800663,0.3049021,0.25961500500193496
0,0.0774574,0.07603489,0.05324711005809428
0,0.08963932,0.08598228,0.09860727588515036
0,0.17087562,0.17664872,0.16491017550422937
0,0.06379047,0.069196776,0.0385111557859221
1,0.17675604,0.20186281,0.19404903973224627
0,0.25829637,0.2756112,0.20197387646054743
0,0.1223647,0.11922438,0.17214867595400304
0,0.18626095,0.18830003,0.18076486829615676
0,0.06327991,0.04987457,0.04421213358112037
0,0.05912665,0.060521826,0.06820976313394174
0,0.12592159,0.14576197,0.11895029112042187
0,0.16955863,0.17066002,0.15592217286975632
1,0.0669432,0.061619356,0.07871996404533053
0,0.06419778,0.05996261,0.0803653210528003
0,0.250901,0.3287737,0.227978065626568
1,0.10690388,0.13003667,0.11590741564442426
1,0.064463906,0.06400367,0.07377015975666308
0,0.13485663,0.107113756,0.12056806350715905
1,0.29784912,0.17572169,0.2132351488932981
0,0.06022847,0.05768437,0.051425673328964736
0,0.3038484,0.3472356,0.2583095923417377
0,0.1542033,0.1388043,0.1293007204996803
0,0.15340671,0.14240646,0.14129389411512616
0,0.067747936,0.05349395,0.048965081835067786
0,0.20975384,0.2546753,0.21167512697626356
0,0.06430489,0.0563884,0.08341148044663242
0,0.06481926,0.077154934,0.07611991943851946
1,0.1290954,0.13921879,0.12832625030310796
0,0.050815187,0.050519865,0.045481215665496386
0,0.05832719,0.06397883,0.09136047067683281
0,0.13868465,0.16779348,0.16518171515791497
0,0.122145146,0.11777432,0.1518208700409723
0,0.10925665,0.122463204,0.09300185399717574
0,0.021882318,0.026317747,0.028064634508913874
0,0.07199404,0.06743559,0.0641932487518169
0,0.057177406,0.06568884,0.04732918114957252
0,0.13144079,0.100496784,0.1344820778716134
0,0.1429823,0.14022365,0.13852176631590032
0,0.07211581,0.08629302,0.12644561576517432
0,0.06434222,0.044771664,0.05316040585811529
0,0.036054887,0.04025221,0.04351292538736037
1,0.18735625,0.1756523,0.1964008160471897
1,0.21419312,0.2479912,0.22729665196784796
0,0.046576787,0.06284631,0.03486908967316992
0,0.06900047,0.06267549,0.06157152333996979
1,0.15820025,0.19103397,0.168768253554899
0,0.08412763,0.07815424,0.08321972585532958
0,0.08360868,0.084607184,0.0953276729469191
0,0.06077761,0.063405424,0.06445761927751822
0,0.14021565,0.11166389,0.09670070634031967
0,0.14963071,0.13169558,0.1504101588977563
0,0.08195107,0.06773949,0.07810708917969972
0,0.07714502,0.08502666,0.1192138042766449
0,0.06947106,0.07443744,0.11114085696839225
0,0.056097593,0.05200017,0.044504102825430325
0,0.060000725,0.060105152,0.0524636477352326
0,0.07725145,0.09313074,0.06376709193221858
0,0.19573188,0.20888267,0.17871691251909674
0,0.18702449,0.3133629,0.16452397461058654
0,0.11281781,0.116784446,0.07910526933641146
0,0.19724214,0.16544984,0.15842186013480927
1,0.03211402,0.03700556,0.03567433751627312
0,0.10180671,0.12332667,0.14914425260145037
0,0.1283008,0.12292348,0.10387066188567773
0,0.09711225,0.07858698,0.08377327920917518
0,0.151336,0.15265943,0.17838320014505302
0,0.13577174,0.14076635,0.14297643172102295
1,0.060297586,0.06703305,0.053905186160644394
0,0.06876387,0.061854266,0.06125019924494998
0,0.11559639,0.12515353,0.1458959687735494
0,0.1386795,0.1412735,0.13220944552969308
0,0.14645047,0.14810011,0.15436041119363358
0,0.059446886,0.04457265,0.04812749142197016
0,0.13249859,0.14639275,0.14484627597093816
0,0.08970855,0.10071553,0.10290887550059664
0,0.05847698,0.05112135,0.05070166138861897
0,0.15076979,0.142481,0.17528953994066757
0,0.11356718,0.12615016,0.123356766728621
0,0.1287189,0.14775166,0.11591493041716687
0,0.12209107,0.11244732,0.10727480366669366
0,0.11748532,0.0786937,0.1195099685822316
0,0.058835227,0.06492702,0.07847834998554293
0,0.1031353,0.10142267,0.07846279313902463
0,0.15914825,0.117063165,0.10874501762779651
0,0.16540049,0.18311353,0.17123984951541155
0,0.06915715,0.08172008,0.13928377839634712
0,0.07087832,0.05912913,0.04727339922833229
0,0.091166236,0.08133816,0.10361673195768112
0,0.12011418,0.21653171,0.132051032440698
0,0.11752609,0.12996301,0.0995918831444722
0,0.08397112,0.07605412,0.09046186679555909
0,0.08521724,0.09098202,0.09814305691673791
0,0.06517915,0.07734783,0.07961080108225703
1,0.1118851,0.13766615,0.12359311003830799
0,0.11035655,0.13705935,0.09950121475761739
0,0.31068695,0.33672285,0.28209583778408776
0,0.12202685,0.09336454,0.1228629366546606
0,0.10476049,0.09602955,0.07988496054688526
0,0.09429041,0.06190338,0.08527539259571296
0,0.06084325,0.04477757,0.06588075084989736
0,0.17375356,0.12894431,0.1779701499452484
0,0.11827244,0.11620002,0.09956214999460787
0,0.23278901,0.19496332,0.19443199688009022
0,0.15636179,0.14737733,0.15481158565267755
0,0.058365624,0.07245773,0.09851466214077612
0,0.13415085,0.123271674,0.129399304760961
0,0.082184106,0.074435286,0.07911827296014406
0,0.09825094,0.07300992,0.12679853974616553
0,0.031078149,0.037520785,0.03251000199206659
0,0.06589087,0.050208937,0.06040884196001704
0,0.102722645,0.15180187,0.10976975344427459
0,0.04582778,0.04308033,0.06842622928335493
0,0.19357543,0.20347317,0.2396032631474759
0,0.036986906,0.0318464,0.04723120222374231
1,0.22485943,0.23886657,0.25730724747525757
1,0.103946455,0.09155523,0.10725272485101901
0,0.098839484,0.09094513,0.12390792121141837
0,0.11653929,0.10063443,0.1270964119180726
1,0.07923573,0.09397822,0.11529709185816796
0,0.1512215,0.1730231,0.13696633755505214
1,0.15112717,0.13885792,0.13915648130884606
0,0.063960224,0.05306288,0.07449437342424363
0,0.109888494,0.12884472,0.14201885927175498
0,0.1723775,0.14435521,0.17679231879974294
0,0.099366724,0.08623792,0.09445179633458561
0,0.054849602,0.045506727,0.0635670244446554
0,0.17830107,0.23695359,0.2676805921503309
1,0.26877162,0.23833407,0.26597344801097417
1,0.111040846,0.13798095,0.1373577003748844
0,0.1045303,0.113645166,0.09699212762403844
0,0.106954716,0.13058102,0.11011098087306963
0,0.038910933,0.037473984,0.03342644219047928
0,0.08045526,0.06973094,0.06693004550920345
0,0.06830452,0.065239556,0.06502742788605312
0,0.056540668,0.041337565,0.05645257890917503
0,0.15331368,0.12441667,0.15748499027690177
0,0.18114945,0.1950787,0.15670835222045237
1,0.08208286,0.09138036,0.0867745867352535
0,0.15489438,0.16371801,0.12427954982824571
0,0.09119541,0.09621235,0.08895182618543868
0,0.13307144,0.10937404,0.15781666202586536
0,0.08135448,0.07934056,0.06885781879680589
0,0.043876242,0.036962207,0.03697553467506944
0,0.0793216,0.06836175,0.07685375517358212
0,0.10027951,0.13769121,0.1250871274373648
0,0.23668022,0.22800122,0.17608483699666377
0,0.0834022,0.1064431,0.10701589357386594
0,0.108925045,0.13869968,0.10042098741282476
1,0.09034352,0.0929183,0.07304426195891724
0,0.050362423,0.054831278,0.0724851934471465
0,0.23127623,0.2187209,0.1799775099906699
0,0.067792624,0.060837284,0.04758159323114735
0,0.076490484,0.068927616,0.05114747278645135
0,0.07186631,0.097368345,0.06735134128912204
0,0.042740524,0.04003298,0.04347394605822645
0,0.1003367,0.12541817,0.10299316683757236
0,0.12660976,0.12735243,0.13390219799144742
0,0.0738611,0.05201809,0.05016235952367293
0,0.09139543,0.09360534,0.10823081832780078
0,0.088793226,0.07255541,0.07781232281233179
0,0.12777343,0.1346882,0.1402695700391951
0,0.23525746,0.23151866,0.21390838892836248
1,0.08936907,0.10241071,0.08226503362460551
0,0.16655047,0.104620904,0.16411464464089065
0,0.07883842,0.061162855,0.1073830205017973
0,0.166124,0.13062108,0.14212935467912097
0,0.09279506,0.08193912,0.09700820108482279
0,0.16209583,0.17029232,0.16389550753843227
1,0.11230569,0.11084726,0.09939711116798484
0,0.13212764,0.15095271,0.13661221712198166
0,0.14425595,0.13969152,0.10749775292810616
0,0.22636688,0.17311631,0.22591705748114305
0,0.21659495,0.2353603,0.20587372158027004
1,0.12783176,0.12612095,0.12580346071057935
0,0.08718566,0.112897396,0.10357289594510984
0,0.057630543,0.063814215,0.06295672633020252
0,0.08424869,0.09396062,0.07493098744410943
0,0.05771619,0.05015564,0.05323770939839416
0,0.058554556,0.059959304,0.07490719286572999
1,0.15022343,0.15034564,0.15925032199231276
0,0.14199123,0.14348999,0.1431505516575991
0,0.101013124,0.0915764,0.10022336940977548
0,0.065935165,0.07435079,0.0934638792448144
0,0.04950597,0.044598836,0.0433686738347316
0,0.22125082,0.23112118,0.22464666362241933
0,0.37900674,0.4505303,0.3704549778244266
0,0.074057996,0.075971715,0.0525982255685599
1,0.27246958,0.2042453,0.2824751736816863
0,0.0813101,0.08043332,0.06286332767763872
0,0.16906959,0.15963161,0.14341600457102333
0,0.08890403,0.0825662,0.08881331149647054
0,0.04478649,0.037076045,0.04150463758918912
0,0.10159297,0.085647985,0.07883662704238556
0,0.09914877,0.105350204,0.11742570959390274
0,0.08235185,0.08759966,0.09226412330552869
1,0.12353515,0.12383666,0.10836260179707438
0,0.14950709,0.12376885,0.10917179056803954
0,0.17052755,0.1634131,0.14667351645276805
0,0.14548548,0.16465496,0.19346519061942616
1,0.09778403,0.10930773,0.125286872154984
1,0.15509033,0.1694137,0.16417507046332286
0,0.08831833,0.10212845,0.10497757431750518
0,0.06725845,0.06597741,0.0725724104689302
0,0.1568098,0.12865467,0.16374226339663175
0,0.07664915,0.09872884,0.09753205803809233
1,0.15267771,0.14974324,0.169813816066932
1,0.092275225,0.088500485,0.09101382138923896
0,0.077180944,0.08846351,0.03707234699703172
0,0.100782,0.07214078,0.08188014753562908
0,0.06683488,0.057071205,0.08974790997579117
0,0.025548618,0.033359542,0.03242936686887313
1,0.22249174,0.22461888,0.22016108905879306
0,0.046439625,0.051467348,0.05303809054213796
0,0.048056893,0.04834178,0.04276079431913435
0,0.073868,0.049485918,0.07184618272286303
0,0.037093066,0.04125581,0.06885629557793436
0,0.13090803,0.1130914,0.1116989130162734
0,0.0442138,0.053069104,0.04003816553261569
0,0.29263633,0.21045862,0.24494326624752247
1,0.09322397,0.08061889,0.09142749254341281
1,0.061251104,0.06923007,0.07990411070843932
0,0.053563397,0.04285731,0.04017897565424823
0,0.0536424,0.05316871,0.0490138447429014
0,0.062457755,0.07550996,0.06129129509177642
0,0.08278165,0.035418157,0.07799072207072881
0,0.19842184,0.25869596,0.1881448950170114
1,0.4708063,0.30718616,0.394695420884773
0,0.093290955,0.15231395,0.10910646011776921
0,0.049725413,0.042310927,0.06281045392284781
0,0.1266492,0.089816034,0.096055053507216
0,0.13227409,0.10143877,0.10489546029337636
0,0.13613173,0.13218576,0.17045140179808738
0,0.10578728,0.104980804,0.13856551359163916
0,0.057216,0.071862936,0.058239688610997785
0,0.0832666,0.085987754,0.11580683480204332
0,0.089104556,0.08054498,0.09826833483698359
0,0.38610715,0.3412531,0.2770736293148334
0,0.21795197,0.20886093,0.25448253892172384
1,0.43931347,0.4663246,0.36235551244690845
0,0.3140307,0.21340999,0.2427549002185768
0,0.19551285,0.18249093,0.2038442011117713
0,0.22594559,0.19885898,0.16645421783359146
0,0.1608998,0.14211573,0.14912083707376478
0,0.06477609,0.058238897,0.044489004249133664
0,0.16428967,0.14969848,0.1295408714760233
0,0.051649436,0.043184526,0.03544590710355869
0,0.08966576,0.092923395,0.06320733667091998
0,0.12101686,0.12810008,0.1151880732860829
1,0.10740867,0.10896516,0.0806333250064564
0,0.17797863,0.15393622,0.14004318543540806
0,0.06398995,0.06288589,0.03911333194124654
0,0.12060341,0.125601,0.11595544315781425
0,0.08767677,0.05973286,0.08241198598605178
0,0.044842277,0.03945759,0.040148289950012746
0,0.094056666,0.13106678,0.08546284733554287
0,0.06666156,0.07493313,0.10257535161804805
0,0.038150717,0.03465879,0.02623670216272262
0,0.0899964,0.09696965,0.09812619313332328
0,0.5644585,0.66722625,0.4263564487968494
1,0.3889298,0.34717056,0.25511807700003813
0,0.04744048,0.051734716,0.049261491290438546
0,0.10473454,0.102715045,0.0788952354158485
0,0.10766115,0.08578098,0.11783097209622764
1,0.13204214,0.14890912,0.13511129112524642
0,0.065805614,0.057374794,0.05275651299938949
0,0.072111756,0.07847908,0.07805680129698768
0,0.051386114,0.04830078,0.04342812440869347
0,0.086033106,0.04931154,0.07895574005211381
0,0.08517457,0.046275157,0.062123792199519634
0,0.24961597,0.20973676,0.209396213308969
0,0.11935653,0.09574342,0.14137551495542297
1,0.07797976,0.07347633,0.08590897605864724
0,0.06009668,0.059603445,0.07073751021869966
1,0.09252754,0.13798656,0.1115530510574519
0,0.08466907,0.07651655,0.08853720192400868
1,0.37944555,0.40924078,0.3783109484556443
1,0.11068362,0.13091114,0.13112653127180068
1,0.15651391,0.116136216,0.12376003077402462
0,0.16922699,0.17517596,0.1603322439199508
0,0.062328972,0.06706807,0.07944736916932159
0,0.11553337,0.11346708,0.14728966513593758
0,0.1896976,0.14570989,0.18095066680151886
0,0.130378,0.11568622,0.1660856155227346
0,0.13195588,0.09925905,0.12574679696598248
0,0.13460538,0.19627069,0.1525507109790394
0,0.06224562,0.07096836,0.04603545689363337
0,0.53005433,0.6305869,0.4745125550413736
0,0.04087059,0.04559806,0.0626777354314724
0,0.04713647,0.04170686,0.03108314892418783
1,0.06246006,0.067102626,0.05955021417971951
0,0.10125663,0.101928756,0.10929246361136422
0,0.07618987,0.0627618,0.08003125480904907
0,0.10721782,0.12171662,0.11521942173696367
0,0.09883532,0.11005084,0.12389192289972985
0,0.07940004,0.07593379,0.09038865874185073
0,0.103963174,0.12696168,0.10424492198435693
0,0.07362923,0.056101233,0.06837184358413462
0,0.04842205,0.045501675,0.06849458859231343
0,0.36219928,0.31554607,0.2673683869250907
0,0.15305918,0.2227034,0.20760232221526587
0,0.083366826,0.06892286,0.06637114323925658
0,0.13728106,0.15664618,0.1533844474317018
0,0.07318479,0.0741374,0.06043731546368194
0,0.11647635,0.10767787,0.09313949443730746
0,0.077501684,0.091095954,0.07772594572331491
0,0.27450213,0.27525595,0.22513886474552197
0,0.24198586,0.27278247,0.1692971069333575
1,0.315355,0.3192935,0.3136072425112597
0,0.15591735,0.15098277,0.14886975453136703
0,0.13976596,0.12548448,0.16704594181663313
0,0.04380056,0.043680374,0.04212499860351808
0,0.06253234,0.05570674,0.0492384116113913
0,0.14236087,0.1546124,0.12143074103118345
0,0.12168232,0.1085201,0.09296044865637451
0,0.52300537,0.4278008,0.3296879391472058
1,0.14311463,0.11572275,0.10683067724168697
0,0.08704359,0.07737765,0.053135474681174445
0,0.070250414,0.06806625,0.09636401361434296
0,0.050966736,0.07731418,0.06566975254432642
1,0.20047723,0.23178129,0.23005652606515856
0,0.08907656,0.08640693,0.09292731398492844
1,0.06891042,0.041748617,0.07258995508180663
0,0.08161956,0.08209031,0.07584110108555589
0,0.11219886,0.08683493,0.10664967298662009
0,0.054336093,0.053473808,0.04057305562983805
0,0.09160718,0.07314742,0.07360583439530541
0,0.12473906,0.11135508,0.09964216719861335
1,0.11423958,0.09240936,0.10893036061204611
0,0.07123824,0.0816755,0.09902829715347777
1,0.06885913,0.0679253,0.06255107495391873
0,0.094477415,0.10285105,0.10784929670074753
0,0.079823405,0.087607205,0.06909362288009903
0,0.15138659,0.15743493,0.13810340696883547
0,0.117352076,0.11571179,0.11337907327233453
0,0.15342273,0.15552667,0.1296721042452123
0,0.14428467,0.12702228,0.12281720561146399
0,0.0790085,0.062131025,0.0861607499329721
0,0.14687644,0.15695629,0.13656994893641147
0,0.30818063,0.22284254,0.21495406389457877
0,0.07852527,0.06660778,0.09339556836393642
0,0.17935304,0.11690749,0.2029942368118933
0,0.056712646,0.07327184,0.05169151357431217
0,0.15878831,0.1372584,0.14511049381075533
0,0.080156244,0.12363808,0.08940736155845924
0,0.059788182,0.06778184,0.061819116725176225
0,0.43945122,0.39519197,0.36514803338644664
0,0.14414741,0.1621572,0.11344437231906031
0,0.050166402,0.0570619,0.04406229703590442
0,0.09044193,0.1112411,0.11082124122569392
0,0.15629233,0.19260159,0.1165624405828893
0,0.12483672,0.12398519,0.135426479041844
0,0.10711067,0.12637408,0.11326291529752021
0,0.07809778,0.07186413,0.06832339375578259
0,0.050816074,0.06592793,0.07234049229904413
0,0.12971841,0.12567125,0.10786400732243023
0,0.10641414,0.106971934,0.11840771004157709
0,0.15026999,0.19867586,0.13695234638784032
0,0.19261542,0.1974163,0.16858484572953283
0,0.1480484,0.15584895,0.14382168499564688
0,0.10132712,0.103921495,0.11371891883194267
0,0.25663483,0.4077558,0.3229853773436593
0,0.13579857,0.10941283,0.09950016225474456
0,0.09614833,0.094478086,0.10073702254658783
0,0.15308903,0.138936,0.11428433002108052
0,0.10361593,0.08952658,0.1252051919170938
1,0.0760079,0.10070042,0.09689624458909497
0,0.06338521,0.07395559,0.08921281059811993
0,0.10730577,0.10215767,0.09105896801291224
0,0.10304426,0.1177413,0.14216579687534617
0,0.087606005,0.07529187,0.1142677215195707
0,0.0663514,0.05595018,0.07565250566254138
0,0.0629084,0.05997979,0.08437942951950489
0,0.073733374,0.07439587,0.0782181123267621
0,0.10477009,0.10988465,0.1047329804861522
0,0.036541454,0.046813,0.0743107852390228
0,0.13203946,0.17132972,0.133138793733128
0,0.0555966,0.05738314,0.058070290535609824
0,0.10767876,0.08397211,0.11295381277434358
0,0.087094836,0.07211912,0.08200008520474329
0,0.059714917,0.052287765,0.05176206709500032
0,0.09134177,0.09793002,0.10003533598748494
0,0.060208704,0.059619002,0.06213932651725267
0,0.07853855,0.06859561,0.07457201352965974
0,0.10393994,0.08821942,0.12896876886042813
0,0.0629576,0.06179782,0.06371344846119519
0,0.064656705,0.07343861,0.05464777543405142
0,0.089009844,0.075501986,0.12076697094296925
0,0.118446626,0.1188673,0.11570456528468787
1,0.11078336,0.11402629,0.13643378425551955
0,0.1563696,0.16349982,0.14310064107831194
0,0.06722681,0.0326582,0.07478547284192677
0,0.3961666,0.33040157,0.26701709291052456
0,0.04620551,0.05548222,0.039451894706477496
0,0.19367065,0.1504011,0.19417058661833153
0,0.20320489,0.20771332,0.20719856674325401
0,0.05614192,0.06094494,0.04235078880493694
0,0.07362805,0.07279979,0.10606854442085283
0,0.11398938,0.09730701,0.10351370372152038
0,0.18165544,0.18030731,0.1683185261230841
0,0.07413762,0.063841924,0.07018621634702868
0,0.18237716,0.20256387,0.1734854238883905
0,0.07636168,0.07007719,0.09467529654462477
0,0.16522257,0.16630937,0.14477460702833642
0,0.06135083,0.079092,0.09722677710828649
0,0.10592862,0.11125736,0.10475651060249078
0,0.2948218,0.33657914,0.2801657091278633
0,0.060689516,0.07794804,0.07686537122084679
0,0.0549693,0.06158515,0.03762143110815418
0,0.06913775,0.07511073,0.044373370237298836
0,0.050878357,0.04444762,0.04508380478393526
0,0.11660711,0.1306722,0.13739800768707278
0,0.10815416,0.12872215,0.13065886150045397
0,0.077931456,0.083692655,0.07876617497277727
0,0.0632106,0.0558083,0.07029405439017793
0,0.08609702,0.079894625,0.10471911160697558
0,0.23518492,0.18784723,0.2157430232092425
1,0.12507191,0.11086822,0.0884643449487846
0,0.10206284,0.071118414,0.11123560559127114
1,0.041302755,0.031428795,0.044479546583890264
1,0.11375556,0.1033294,0.10564001467345432
0,0.08649782,0.09208601,0.08442659306938638
0,0.07004503,0.06679048,0.07057590328411163
0,0.1333312,0.19202018,0.15375997671030328
0,0.11579185,0.12194477,0.15344475637695004
0,0.0473664,0.047257345,0.05783415611030294
0,0.16455026,0.18076128,0.17605743434803536
0,0.046764556,0.056637775,0.07916849512448176
0,0.12919618,0.14831138,0.11764886818198633
1,0.30812436,0.34048682,0.2694742092525746
0,0.03528357,0.031164834,0.02749668058063333
0,0.056931045,0.05056991,0.03748406106062878
0,0.1132982,0.12577042,0.12159118082810251
1,0.055459622,0.06440693,0.078708180248789
0,0.04668633,0.062436517,0.04123973011888775
0,0.11644475,0.060669474,0.11120167045931162
0,0.15471628,0.15450123,0.13903781265760107
1,0.036662485,0.049971562,0.05082088268623343
0,0.07751778,0.06981247,0.09255108922970384
1,0.07697037,0.0707758,0.0736365058905757
1,0.13762486,0.1662363,0.16620233490835018
0,0.0554192,0.062805995,0.0679409713062647
0,0.12488382,0.11792021,0.1368389311034308
1,0.2324356,0.19326559,0.16370986071657906
0,0.10155448,0.14012508,0.1541658816408688
0,0.06236085,0.065470524,0.06514780902894747
0,0.09738907,0.09394932,0.11075410943660441
0,0.12531365,0.12234181,0.08949310454291684
0,0.0471897,0.051092632,0.03903467793361383
0,0.13957986,0.14210178,0.13450720165233512
0,0.21887353,0.18819875,0.24882186503386203
0,0.11381814,0.14383012,0.14113565902222092
0,0.08345202,0.0610392,0.06140237294494911
0,0.0326856,0.027779281,0.01544895011694152
0,0.10092865,0.098479375,0.13058984376398503
0,0.11855459,0.1316163,0.12366414563194099
1,0.114511415,0.08065745,0.09331325280008536
0,0.17955297,0.17303486,0.16282350414055974
0,0.079314895,0.08423206,0.0789863758932818
0,0.04143914,0.03733761,0.07089760989029369
0,0.13381048,0.12635265,0.11774528428398201
1,0.1435537,0.12529056,0.1580725109062911
1,0.06347948,0.07850855,0.09341519169752746
0,0.10129765,0.12020332,0.0769977379144778
0,0.16646954,0.16235234,0.15399282372999298
0,0.093547456,0.08552286,0.10028039688131202
0,0.17203304,0.22280975,0.23070896570903318
0,0.28518698,0.23833255,0.2021607821976936
0,0.045185577,0.04348277,0.07095549817096032
0,0.04061994,0.040102378,0.0482056297829998
0,0.19601801,0.24297832,0.16056159658303384
0,0.08104239,0.0651617,0.07091220015942815
0,0.18465954,0.15312411,0.1355593940549492
0,0.29978323,0.367561,0.301189275447358
0,0.102814056,0.10991527,0.09157594367838844
0,0.2102125,0.21508722,0.19576846935326825
0,0.08702883,0.08252184,0.08072230977172713
0,0.15237424,0.124601446,0.1264795830077661
0,0.11927697,0.11241092,0.09649980066835778
1,0.090028696,0.1067283,0.14545459046994846
0,0.19233146,0.16634011,0.19007219502763983
0,0.08926656,0.083728276,0.14490897278929454
0,0.100424625,0.129526,0.0794064724412458
0,0.060081467,0.07700966,0.05725070170139333
0,0.054350097,0.057125498,0.03807634841916616
0,0.034365676,0.03971383,0.028915235023912807
0,0.124409914,0.1567234,0.14386432334080715
0,0.17966312,0.1561792,0.16462000989045783
0,0.20637427,0.1440538,0.1896356497377353
0,0.05069226,0.05081635,0.043717903051907404
0,0.10604548,0.10842889,0.1677405669314525
1,0.47634646,0.49821135,0.4350464399632957
1,0.150068,0.17046359,0.12212231526326263
0,0.14402783,0.15377147,0.1349924031785021
0,0.12278008,0.102242954,0.1333399018959938
0,0.22233349,0.13752475,0.18641847078522422
0,0.09797982,0.07396744,0.08744045645546371
0,0.082305364,0.0931947,0.08180100639902228
0,0.059095778,0.05930346,0.08511647214041825
0,0.45893568,0.43386132,0.32786764407787533
0,0.18129206,0.18107453,0.16143720030887998
0,0.08187264,0.07954411,0.09921432669127908
0,0.06417441,0.06044899,0.07782415072787384
0,0.07419447,0.061322212,0.05105328483786118
0,0.085335955,0.09612562,0.10340806913435875
0,0.11362394,0.12068714,0.07586597931657445
0,0.13584077,0.10746451,0.12338222105904231
0,0.06824326,0.07595387,0.07900332891965996
0,0.14959776,0.13058785,0.12578613564593608
1,0.23841375,0.2374064,0.24247892318007885
0,0.17153463,0.21505088,0.26496197182522047
0,0.042151082,0.03767679,0.0382488298189356
0,0.043406498,0.05429949,0.057561653783090944
0,0.05456948,0.058897913,0.0702064402969967
0,0.105026715,0.08978311,0.12238596732284006
0,0.08297225,0.074189305,0.06779993562222099
0,0.052366123,0.06429416,0.04677060302799986
0,0.13542992,0.12249579,0.18967402659701454
0,0.08479755,0.1190871,0.09881567002235976
0,0.068546765,0.08729562,0.07369888382757389
0,0.06632885,0.06537862,0.08507037196173109
1,0.10036431,0.084186964,0.09473834584415042
0,0.08237227,0.08525415,0.06011517564180973
0,0.07268476,0.07321266,0.07708928089010547
0,0.15531772,0.18957098,0.16353674566513043
0,0.06780385,0.053198054,0.06535760568902008
0,0.36308166,0.28216007,0.3084834397226198
0,0.116433926,0.10601592,0.09576417756123372
1,0.111678876,0.08825487,0.14703051288955907
0,0.101144075,0.08243271,0.09575691147402161
0,0.12002832,0.108406715,0.09640296760749946
0,0.09858701,0.090034455,0.13044818053256882
0,0.13859776,0.121730946,0.12419556959075176
0,0.08563038,0.0754835,0.06670672252673633
0,0.11013795,0.12276027,0.09902048438723593
0,0.056661077,0.056219496,0.05120646498896928
0,0.054425728,0.051442333,0.04290525491011499
1,0.10189088,0.09393308,0.09657919738075155
0,0.042388767,0.038614225,0.046703582744657746
0,0.042361416,0.041037995,0.04056076463221124
0,0.10340736,0.101775035,0.0898577854442021
0,0.109632395,0.095516235,0.0774440306397786
1,0.44240937,0.36827666,0.35803598945724546
0,0.122618064,0.11160029,0.13838600755660255
0,0.14095241,0.17028326,0.18290849087062064
0,0.08502681,0.09210853,0.12384291335111756
0,0.14991395,0.14186475,0.18033698588855718
0,0.088061236,0.08194213,0.09827268436345674
0,0.10175412,0.09064752,0.11685966416153139
0,0.1266504,0.124935746,0.10701751083126274
0,0.20952658,0.20713034,0.16334616226544957
0,0.19570467,0.21382962,0.1858708085908873
0,0.14735752,0.15257996,0.16712036203611594
0,0.10430235,0.07689009,0.10897003713248396
0,0.08153797,0.06981985,0.09341440120235789
1,0.103051774,0.094095685,0.1285216595307659
0,0.0725737,0.08043852,0.08437604227188976
0,0.09091461,0.09529463,0.11931426560452929
0,0.18531002,0.1771387,0.1750231647858035
0,0.18493931,0.22126581,0.17367475517086028
0,0.09904452,0.099931076,0.10343378515095003
1,0.13432585,0.13862203,0.13566620758458192
0,0.041479893,0.04031375,0.06919550643665764
0,0.050439954,0.05771998,0.054669772755711006
0,0.13499081,0.11614211,0.13836364032637796
0,0.10150729,0.14088307,0.09146924287189885
0,0.074680336,0.12570211,0.05423182055574808
0,0.08658554,0.119074285,0.09766188741650084
1,0.26667824,0.34253275,0.23744502608082582
1,0.24557666,0.35523552,0.1876360797556172
1,0.12069704,0.12035272,0.11482151120001975
0,0.05340678,0.06043043,0.08107770422238139
0,0.056745995,0.06192206,0.043435622348108216
0,0.07413863,0.06364655,0.06232495118389803
0,0.10040044,0.078795575,0.07376828838225291
0,0.14711027,0.11670082,0.13027492940788893
0,0.07966868,0.07812022,0.08715030186045701
0,0.12207615,0.12694754,0.12550997098523753
0,0.11089165,0.107599296,0.1346225715749319
0,0.128293,0.13381068,0.15683308936089838
0,0.09015057,0.121014684,0.11705306967079258
0,0.09013023,0.09029605,0.0878834160029843
1,0.111339636,0.110116094,0.0967636098375818
0,0.104993716,0.12122483,0.13835448372278064
1,0.19265857,0.21003617,0.18527998276586086
0,0.088395335,0.06824003,0.09715445099997652
0,0.07440953,0.069951035,0.06613435158019842
0,0.1188797,0.11367408,0.1454504461732564
0,0.09928712,0.115935296,0.10384444681085363
0,0.1322348,0.157455,0.17750362309146306
0,0.14022578,0.12302142,0.12156066012999986
0,0.09552036,0.081587344,0.09343777941818983
0,0.18312332,0.17223153,0.17179341059916173
0,0.1208778,0.1256596,0.11334973143344823
0,0.13775611,0.151666,0.11638607714759518
0,0.051092736,0.055532895,0.09752141846819852
0,0.097089164,0.10153854,0.13479538649832343
0,0.07643261,0.095457554,0.0917471452943352
0,0.069471866,0.04776822,0.056293442867603606
0,0.117655165,0.12909691,0.11875470676815779
0,0.11756911,0.12658662,0.158636107245982
0,0.028138524,0.041510064,0.04142431332298834
0,0.06879723,0.06632113,0.09461798365651722
0,0.18215805,0.2551552,0.2371066824642829
0,0.09642122,0.08979043,0.08521134438412974
0,0.1870878,0.19393665,0.16846009304177906
0,0.08732148,0.09537265,0.1311647048454282
0,0.070295185,0.0625377,0.07164901340316789
0,0.072344474,0.11429868,0.09148359220745846
0,0.12450265,0.106539465,0.09903755101468
0,0.180259,0.16775198,0.1582634502883195
0,0.096425116,0.07823694,0.08504881024339217
1,0.059050884,0.054971058,0.06430351658563323
1,0.24214321,0.20179658,0.23290194420937452
0,0.124934055,0.10784554,0.16264402266083205
0,0.16915682,0.16451426,0.15395230738324192
0,0.057281125,0.054308854,0.06521041089362414
0,0.13801433,0.09890313,0.1741571473710811
0,0.116712846,0.12778962,0.15381913423041907
0,0.058349103,0.06697963,0.06806172373211361
0,0.11321421,0.09952714,0.07943724215684282
0,0.068095595,0.058421653,0.08804517654542596
0,0.15448163,0.13143724,0.13608431124367923
0,0.1295618,0.126058,0.14340286418408124
0,0.10502342,0.12867536,0.12667853971011558
0,0.079858415,0.0913597,0.12499298338471912
0,0.057555158,0.05215054,0.06335210879807181
1,0.060008544,0.076041505,0.08669755477708505
0,0.13309933,0.10711254,0.11300790238206347
0,0.35072118,0.38903773,0.40297983512107105
1,0.12150288,0.11940753,0.15244459782661318
0,0.06061084,0.066493124,0.07140455203637643
0,0.22693172,0.23278193,0.1828565143635562
0,0.09879761,0.122767776,0.08626925936107341
0,0.05559123,0.055962536,0.06251423439730736
0,0.04004384,0.05860101,0.046654275824379046
0,0.12574802,0.10883813,0.14323054152008138
0,0.08926876,0.092994034,0.09517102612046532
0,0.10132467,0.08460344,0.1007587675970219
0,0.07487828,0.07548826,0.06701143907219605
0,0.09005589,0.11009837,0.08229322732961973
0,0.031608723,0.040172905,0.04227675688218889
0,0.09358274,0.08372678,0.10070708038852495
0,0.08283001,0.08267335,0.07474742414746297
0,0.24464132,0.30262664,0.2624153126260027
0,0.13411362,0.11833922,0.10506070723653349
1,0.28864384,0.27100125,0.3160323063563398
0,0.058784064,0.05186581,0.04069828101586759
1,0.13642056,0.09992209,0.14806635639022836
0,0.07168661,0.06962465,0.07067516456484897
0,0.075966485,0.08002884,0.08114908691994019
0,0.074967794,0.08293565,0.06570349275755183
0,0.10599509,0.09773592,0.17356259166274812
0,0.11809642,0.12427208,0.11258570621196763
0,0.070541665,0.07083272,0.08428818374281223
0,0.18338901,0.17142987,0.17629510176993568
1,0.22940436,0.17396069,0.17228647854905044
0,0.2429806,0.23538126,0.2097734087277243
0,0.05025867,0.05846837,0.07477810167358011
0,0.0696034,0.07868717,0.06656030032357149
0,0.063851655,0.075534716,0.0731771336337866
0,0.046543244,0.042639676,0.045051745911963814
0,0.15567262,0.11544043,0.13913158049719263
0,0.12283882,0.17285888,0.1509735521694182
0,0.12900901,0.11585295,0.09763907713968716
1,0.05273518,0.05230518,0.05635071773734049
0,0.053803153,0.048490316,0.035879578210152814
1,0.4542792,0.39759722,0.2920715150598625
0,0.112224676,0.099349976,0.13272384128887163
1,0.1766134,0.14943285,0.12098455860437207
0,0.07398732,0.06854135,0.061821762800960425
0,0.13683502,0.115198836,0.11230924632773116
0,0.13998786,0.16885963,0.14349861512171191
0,0.2363003,0.17753708,0.21293746392815185
0,0.055313792,0.05633916,0.06904509025995366
0,0.035963576,0.029068993,0.050200320670634055
0,0.09460492,0.075292654,0.09991938757084287
0,0.10513927,0.1057382,0.08471453619306284
0,0.112135075,0.12721977,0.10848363123382784
0,0.16717473,0.22148,0.20656788474638185
1,0.32227373,0.3095095,0.26433426236384816
0,0.109339595,0.114627585,0.14249773284858067
0,0.07965595,0.083362,0.08019691096122751
0,0.04384121,0.048557892,0.06709307069087081
0,0.033979535,0.05140557,0.04630431352716265
0,0.049627703,0.061297465,0.0644286513136853
0,0.0777176,0.068973355,0.08739860857267245
0,0.15465061,0.117817014,0.11826143276140165
0,0.10900273,0.1355721,0.15074077319301646
0,0.13722181,0.14058381,0.12970259785791913
0,0.07723755,0.07348863,0.04779426029352293
1,0.13945621,0.13865079,0.13966437959784025
0,0.36842945,0.2708729,0.2643302577692371
1,0.08887926,0.125808,0.11627507481415053
0,0.1334114,0.12745772,0.12276631140389815
0,0.17968313,0.2612349,0.18543286187096691
1,0.07238324,0.10078849,0.0734458924796237
0,0.023863247,0.017646331,0.03380319623582014
0,0.08339675,0.08293942,0.06377848003203485
1,0.28181124,0.24892618,0.276262906418461
0,0.15417844,0.1556186,0.14040320173717605
0,0.18468373,0.13785487,0.10798047182485564
0,0.049060233,0.05862937,0.06496960185512939
0,0.18628159,0.1575709,0.19497357617120717
0,0.17105441,0.15883775,0.1701256004554864
0,0.090016134,0.09929925,0.09824861052055824
0,0.039068192,0.036833964,0.04396886869953289
0,0.07837923,0.06953494,0.06820952326877955
0,0.16084562,0.17064877,0.15469928728721777
0,0.20230454,0.20764165,0.18313136437305008
0,0.052589174,0.054689273,0.04601143057306593
0,0.13803248,0.14393029,0.11787964340821483
0,0.1900353,0.16338898,0.19451654369294696
0,0.09550534,0.09274987,0.1211641325669678
0,0.128739,0.11400448,0.1377474687468742
1,0.11408251,0.14552724,0.18604607420578134
0,0.23085862,0.30885488,0.2226387880771746
0,0.118811026,0.13245408,0.10157191895485622
1,0.1282068,0.17519993,0.13759017518884142
1,0.09447579,0.11299843,0.10532441696218263
0,0.10076303,0.14378019,0.15068747940397845
0,0.09005364,0.10187353,0.12044913990732846
0,0.15823701,0.18661927,0.16169668987880859
0,0.08470329,0.13761419,0.10947875858625392
0,0.10109887,0.100687206,0.08342048718965783
0,0.071040496,0.08371076,0.05577465908325353
0,0.15900049,0.12237413,0.13817766889189148
0,0.100482315,0.10249202,0.09127841737767711
0,0.10260064,0.12418386,0.12580545795245096
0,0.08656542,0.07774399,0.07196557899565498
0,0.08992369,0.09554727,0.095811488493982
0,0.30345413,0.30967605,0.31010443824152767
0,0.073523656,0.06962048,0.05986885556352824
0,0.058829825,0.04968577,0.06065711464956527
0,0.06329513,0.056098886,0.060267781799138075
0,0.17332365,0.20413528,0.25721660729961954
1,0.14343299,0.20172085,0.1471846699318794
0,0.054083668,0.06633541,0.05251212973501902
0,0.05602481,0.05937267,0.08170367704196023
0,0.15115,0.19057608,0.16543289910350364
1,0.12550884,0.1366918,0.12561746303563903
0,0.058347482,0.04537568,0.04692443761819654
0,0.06523917,0.070984535,0.05987300804462495
0,0.10814487,0.13449673,0.11244510577293385
1,0.11740952,0.11342927,0.1159286388760711
0,0.1629599,0.1428404,0.1637556873393016
0,0.1254834,0.12635842,0.11800072892660494
0,0.067492485,0.08302963,0.06799549632631612
0,0.1247101,0.10209407,0.12650161116250985
0,0.26733592,0.28424495,0.2397663417447151
0,0.058719628,0.06940749,0.049459777180367676
0,0.21747456,0.17263624,0.12206600891169907
0,0.071131095,0.086531,0.07861858572408771
0,0.15775725,0.1852916,0.15230533778597774
0,0.036713682,0.033710286,0.04279708596649058
1,0.33881646,0.36909175,0.3789477038112752
0,0.07776916,0.069810346,0.08077309365763276
0,0.09270971,0.076965965,0.0964453556801075
0,0.24447095,0.24721572,0.22816182020323617
0,0.09602626,0.10539324,0.10222196451086979
0,0.29759333,0.2707263,0.259454375798259
0,0.10215875,0.1007785,0.1114143792744572
0,0.120879225,0.11553414,0.13466066235934862
0,0.058827594,0.046511795,0.04495670941427921
0,0.14385305,0.15273878,0.14618329076535497
0,0.12020135,0.098444834,0.14155255918655058
0,0.15328597,0.20173714,0.19407970804139765
0,0.3400337,0.28081578,0.2908269215862266
0,0.11969649,0.11473663,0.12108304013155921
0,0.071193926,0.07349755,0.058012954872252796
0,0.12846045,0.09961055,0.10476146343645361
0,0.057268392,0.053653814,0.05760065929224001
0,0.17490457,0.14195548,0.1255631644208497
0,0.25743404,0.1920177,0.14897936805128736
0,0.06488076,0.083121486,0.09317615527032938
0,0.067102194,0.043140393,0.05856532370611028
0,0.06686916,0.08193626,0.06759678215534583
0,0.092847146,0.09912582,0.08945800102969625
0,0.22218116,0.15016349,0.15596709032369785
0,0.09558448,0.099475875,0.10738139359717254
0,0.07601996,0.07019276,0.09879810646758218
0,0.22105916,0.18842165,0.19142428029925743
0,0.043393858,0.039290894,0.04454407086718345
0,0.044267453,0.036760516,0.05068134009670791
0,0.13129959,0.12881711,0.11722101701483996
0,0.13898297,0.17911609,0.19510526746699017
0,0.14489499,0.11483122,0.15096726537392044
0,0.10965018,0.10372341,0.095829548023215
0,0.12063313,0.119847104,0.11559681777673088
0,0.10603935,0.0862761,0.10617987012001323
0,0.117468186,0.11737172,0.13447530244872072
0,0.09991881,0.08801781,0.10689556155677471
0,0.03974481,0.04364145,0.030762949291818654
0,0.075257115,0.0729435,0.054541421254658266
0,0.13155837,0.09539826,0.14028223426670033
0,0.061574325,0.068909034,0.07811272998767035
0,0.08154237,0.087131105,0.07307260172151696
0,0.11462626,0.12741223,0.1608215274494531
0,0.075408034,0.077279665,0.09253829567979951
0,0.16754925,0.16725244,0.17903281673122157
0,0.13614129,0.12276602,0.11521032081489446
0,0.16880055,0.1521212,0.1816132188401598
0,0.07266992,0.06538416,0.07557170244943417
0,0.13014099,0.120111026,0.12821702251012848
0,0.11651475,0.158259,0.14933000258768994
0,0.100905396,0.096553326,0.09196628554115134
0,0.14245024,0.11899143,0.1502976758908381
0,0.057733264,0.054948702,0.04582165286219935
0,0.11028402,0.112225,0.1330086396489818
0,0.09721553,0.10567964,0.07733183883752465
0,0.19359529,0.27166384,0.21007044429370844
0,0.08793996,0.075019695,0.06291136888177092
0,0.116713695,0.11260017,0.13067002184888984
0,0.12000893,0.14581294,0.23164708439647996
0,0.098087676,0.10504987,0.09652287606864249
0,0.086271666,0.08663137,0.10211112131443993
1,0.07645481,0.078213476,0.08545542276018132
0,0.1327649,0.13377613,0.18190890256848602
0,0.111069486,0.124631464,0.11268191795855181
0,0.06062931,0.07540647,0.06922264679888655
0,0.15921755,0.16286755,0.13240501869972726
0,0.08457394,0.070254326,0.0780797297890349
0,0.08963589,0.093140036,0.123308603039903
0,0.10814279,0.13222644,0.14914825762586037
0,0.09806549,0.08877923,0.10431178008084079
0,0.13077517,0.11065943,0.11853803850695772
0,0.10334801,0.111677155,0.12082790897847641
0,0.06455103,0.0482937,0.07979887387220871
0,0.14159378,0.12989232,0.10255122814051541
0,0.104776904,0.098197624,0.09131543594382587
1,0.116178475,0.1266148,0.12261560598967866
1,0.22212483,0.23092562,0.21429132588305605
0,0.1689393,0.29077035,0.199747112850018
0,0.17220698,0.16094993,0.12588978164615275
0,0.23878357,0.18926412,0.1781839993787355
1,0.084459625,0.08152199,0.07551622497733357
0,0.07491403,0.06368914,0.08417282844239424
0,0.078539394,0.08301326,0.08571798587545147
0,0.14566487,0.14269929,0.22895375440811155
0,0.25098386,0.18113919,0.18165118498482144
0,0.10159188,0.09056884,0.13992057849702946
1,0.23833147,0.22099742,0.18681191429508423
0,0.06420348,0.06575322,0.10350161542077754
0,0.1514353,0.16909716,0.16469873412684152
0,0.06067087,0.061269507,0.04467532102572693
0,0.11100916,0.091782816,0.08875119827987257
0,0.21908168,0.20744523,0.173138819068868
0,0.14655818,0.16485626,0.19368968258791835
0,0.124253616,0.15685086,0.14401245919845784
0,0.09356398,0.07794696,0.09452009522516501
1,0.06946427,0.062482793,0.06251867140720338
0,0.0722832,0.071204334,0.0650067632534363
1,0.17133258,0.16846804,0.17127718964495084
0,0.048672576,0.041966118,0.04313651224727401
0,0.28300217,0.33050886,0.26961043918746547
0,0.090094656,0.07579299,0.08320735890420856
1,0.14281411,0.15729357,0.1639022511294091
0,0.10798198,0.10599362,0.11035337015560524
0,0.047030356,0.037268896,0.044407390016088795
1,0.08037248,0.09226221,0.07277722155776162
0,0.05581452,0.05658847,0.042354786277605624
0,0.033085607,0.029945098,0.03586089327241575
0,0.28901008,0.35341156,0.3606288467685854
0,0.08939429,0.09680421,0.10525540484019565
0,0.06537992,0.060035173,0.0381450410146003
0,0.11998099,0.117116176,0.0767618960274542
0,0.2182977,0.22517698,0.20702670429090958
0,0.06674484,0.07946542,0.08635635272962236
0,0.07531872,0.07533733,0.07057598878680012
1,0.05050836,0.053220768,0.04530715029503631
0,0.056553677,0.059230946,0.08118451397780202
0,0.043459076,0.03650269,0.056338548769977646
0,0.10815137,0.14566182,0.12749532570696478
0,0.04486056,0.040065795,0.06153095994535335
0,0.06938223,0.056732304,0.09643707035104583
0,0.06668775,0.07476587,0.04610522386343491
0,0.06599275,0.056836788,0.042190735732511926
0,0.119639,0.11032247,0.13628354851154761
1,0.6515224,0.5577978,0.3822082322451675
1,0.110325,0.12996347,0.10184505779857222
0,0.15282153,0.11528426,0.10408434119474483
0,0.07930226,0.082425445,0.0658226495007226
0,0.1255463,0.11321027,0.09266540655310568
0,0.2878259,0.24566832,0.24509330955672362
0,0.19565918,0.19659463,0.18413890262524196
0,0.16531418,0.14090176,0.14369991023481102
0,0.13664737,0.12881444,0.16609196079503807
0,0.15366012,0.14226139,0.14095707296205526
0,0.09181726,0.0649532,0.06563320104474377
0,0.12803741,0.12843683,0.13210205954662707
1,0.12468233,0.13950537,0.11329995489382387
0,0.07744119,0.08300923,0.05689698308260315
0,0.072154574,0.055871163,0.05709780336706738
0,0.10137313,0.16080794,0.14694067697401003
0,0.120791495,0.18492202,0.22237562621766122
0,0.0908698,0.10303545,0.12516956791932893
0,0.14422789,0.15372051,0.1695330056262409
0,0.060362533,0.04812467,0.06252836959230215
0,0.18038906,0.13854107,0.1874497695555718
0,0.12132439,0.12247675,0.1329066549959501
0,0.07126339,0.0782427,0.07654389636908572
0,0.15268667,0.10302273,0.13018307169718873
0,0.062284958,0.06386578,0.04424150329456728
0,0.12713084,0.104357086,0.10729188902480247
0,0.1023328,0.11767972,0.15594315391185753
0,0.1006978,0.104171716,0.08100234121939803
0,0.12721688,0.116812184,0.08312455237882242
0,0.08413486,0.06972128,0.06308112147989431
0,0.071895115,0.057220258,0.05175939551500259
0,0.110844426,0.104775004,0.11367109779145398
0,0.075616434,0.06875876,0.06729721132305502
0,0.085373126,0.07698892,0.13233835765937493
1,0.1161498,0.13853629,0.17039084225326573
1,0.07347422,0.08041048,0.05512583246430335
0,0.20003119,0.13925731,0.17846499106374072
0,0.14302318,0.14787427,0.1479181943834411
0,0.1024058,0.12711537,0.07112020548410815
0,0.075037844,0.058522247,0.06984845765606337
0,0.030232007,0.02916356,0.027254064484906484
0,0.21559238,0.18472984,0.19369578050622935
1,0.11615519,0.117550716,0.08459983577751364
0,0.12179585,0.115973756,0.14151305822575927
0,0.06913226,0.06728359,0.07501559134912172
0,0.07976353,0.06440831,0.059808404514539865
0,0.1256424,0.113364056,0.10011411634286076
0,0.080024906,0.06470636,0.07131991329159766
0,0.13134483,0.11348422,0.10777910649208565
0,0.08048441,0.11003389,0.06388198229355405
0,0.20210296,0.23333059,0.18768912262060597
0,0.107207626,0.12946725,0.14048825392412112
0,0.03428059,0.030027017,0.04008170619601685
0,0.16371857,0.18663713,0.13656414119974536
1,0.10302242,0.12781249,0.1129029891125171
1,0.12880762,0.13272694,0.15105369704530294
1,0.18190703,0.15758598,0.22301853680776218
0,0.061665576,0.051097486,0.07419752425964816
0,0.15409203,0.12038218,0.17008917508347848
0,0.14301102,0.15304747,0.12850897026512087
0,0.14282295,0.13638951,0.09372486532940466
1,0.08046415,0.08883692,0.06830257308749589
0,0.116736576,0.099835925,0.1331073064718634
0,0.30080035,0.27920374,0.25446739878802577
0,0.10497098,0.090519756,0.10885319209475183
0,0.11824746,0.11495809,0.10228758794369419
0,0.0855499,0.10435189,0.08418029758699619
0,0.031497397,0.026784174,0.019587410418168232
0,0.07678837,0.069445096,0.062275376589952344
1,0.20622334,0.18460482,0.23248751455958033
0,0.16575524,0.1678302,0.21688181291695113
0,0.3943009,0.36390573,0.33280185097664583
0,0.26432225,0.19470951,0.27035755057486965
0,0.07553773,0.06310985,0.07539780195815647
0,0.13728835,0.13969049,0.13069398727469414
0,0.20215349,0.2592322,0.21868585633241652
0,0.117030874,0.10209511,0.14702860396393427
0,0.27131742,0.3336341,0.3051050975701509
0,0.048186183,0.058306776,0.07629640386207925
1,0.20728503,0.19761485,0.14317495689529816
0,0.07594781,0.11515591,0.08682525376299825
0,0.11857623,0.13449648,0.12030474426534152
0,0.06423399,0.06690653,0.05465874154163138
0,0.15814696,0.18043676,0.17420918747097075
0,0.17554577,0.17740098,0.15627159875126462
0,0.081511505,0.10915902,0.11362957888151773
1,0.10026553,0.11491927,0.12809971432270376
0,0.21590285,0.23483145,0.20901760222352755
0,0.11525782,0.09783267,0.1451446457784023
0,0.03409476,0.030987002,0.04884590395323997
0,0.07123996,0.06882652,0.08408100469754928
1,0.13390723,0.14195126,0.13353903534701855
0,0.2042558,0.2313822,0.165171977530857
0,0.22288285,0.25627092,0.23396960651129126
0,0.097534925,0.09067792,0.08247008671138487
0,0.09416506,0.086227395,0.09611736069910619
0,0.116352245,0.094866365,0.1416234804301421
0,0.0877632,0.09471742,0.0706723956070034
0,0.23237316,0.21568063,0.19022345182890638
0,0.11868176,0.09306724,0.10000010869479534
0,0.09002365,0.05872913,0.0730580875210632
0,0.06415404,0.05229237,0.05524688261249167
0,0.069121905,0.07982443,0.07782174508021886
1,0.31832933,0.30627963,0.2945257396355497
0,0.058000162,0.058714952,0.06820281397390196
0,0.033134673,0.03517423,0.03856255154387752
0,0.048392735,0.046267804,0.04349327447207539
0,0.08763265,0.08916169,0.081762000348708
0,0.12583931,0.100882515,0.09764079621551368
0,0.14327978,0.16746557,0.12220850567686155
0,0.07079431,0.075489774,0.061394484632171
0,0.0612279,0.06416575,0.10578509891794695
0,0.1626576,0.15515189,0.1695099590512312
0,0.17315522,0.14851277,0.16315973412252618
0,0.11999494,0.14307772,0.14148863943067105
0,0.06831755,0.06775674,0.06676748586374077
0,0.074347146,0.07501587,0.05755768478144535
0,0.08406381,0.080315,0.10708164201226282
0,0.17306107,0.12560545,0.1554199699888204
0,0.041321356,0.058028866,0.039330610086435173
0,0.03287295,0.027702644,0.03391639522337658
1,0.042175706,0.04682713,0.04890001298025946
0,0.073429324,0.057695817,0.05805097674586736
0,0.07760231,0.076706424,0.08846292674321782
0,0.08476803,0.086571716,0.08011342821508662
0,0.072033115,0.073012635,0.07375883442849261
0,0.06849708,0.069546215,0.050384202927461604
0,0.09252082,0.1000589,0.10233571830099904
0,0.12967448,0.11719314,0.12001898281879707
0,0.0647917,0.0769801,0.08263681900853188
0,0.035110664,0.0390885,0.03669654680998769
1,0.068840794,0.07606018,0.0753520674735329
1,0.15629426,0.14463872,0.13057169030209007
0,0.059836246,0.057922095,0.06228367808424267
0,0.07044885,0.061368547,0.12074616782063301
0,0.15320571,0.17197289,0.1458587722189958
0,0.051564135,0.05378498,0.04373548399822449
0,0.053699207,0.053239785,0.039668998571476995
0,0.044303317,0.038915846,0.026698779858062426
0,0.22780839,0.20485814,0.26604318038681657
0,0.117151044,0.11654258,0.09446544968586461
0,0.06644015,0.08901848,0.07651521083705386
0,0.053241793,0.04788144,0.05278362942370158
1,0.407727,0.47350344,0.37507561184186117
0,0.14795107,0.16957203,0.15363553604596905
0,0.11227246,0.1529043,0.13294825768912982
0,0.04060798,0.037211966,0.03223292565712025
0,0.106009126,0.16901347,0.12736138360111376
0,0.061031323,0.05765524,0.07830840035968119
0,0.056622654,0.04935003,0.0427766757187663
0,0.11767233,0.11760552,0.12466336062083533
0,0.09271256,0.12481915,0.12373458394168649
0,0.10520088,0.10822308,0.09008781017610218
0,0.15404686,0.1332861,0.1678323933449536
1,0.16105698,0.15124401,0.13271151732405817
0,0.12461907,0.12730107,0.13642281457099073
0,0.10515781,0.099502064,0.10080499900421379
0,0.08878325,0.08749972,0.0692410618653769
0,0.14133406,0.124927446,0.14477213109096018
0,0.16871946,0.13672623,0.15159492823534915
0,0.05307916,0.05855653,0.052938559882347434
0,0.16245052,0.17136113,0.18376160652819
0,0.09835869,0.09463637,0.10991491110010951
0,0.11132311,0.13257875,0.17265253131929684
0,0.057946976,0.046080716,0.045408711037659776
0,0.14005715,0.13170916,0.10452172185613655
0,0.15710674,0.18914759,0.14528157573390993
0,0.06748875,0.058027983,0.07109709661681031
0,0.15720665,0.18083076,0.1549411525705363
0,0.07873475,0.09507853,0.08729672471776283
0,0.06803702,0.103218585,0.10386251002937644
0,0.058044,0.07253528,0.07220123743596892
0,0.08284959,0.058899645,0.0632290921289492
0,0.0569023,0.058068562,0.06056022933538756
0,0.23645769,0.16834123,0.20662999173469937
0,0.09635666,0.08148151,0.07279175616217431
0,0.18556717,0.1626771,0.18076737976454768
0,0.12125773,0.12685601,0.11426784349419522
0,0.09619701,0.10035217,0.11402380176974512
1,0.39671287,0.3194091,0.2573551205492346
0,0.057376314,0.06511817,0.07223124132795311
0,0.09673537,0.114760436,0.08761643602456828
0,0.071707234,0.04317968,0.05397781835944441
0,0.08014868,0.079752274,0.072509209502935
0,0.06682815,0.059691515,0.055795578495244955
1,0.11618138,0.107316114,0.08624679683424093
0,0.072622724,0.055668063,0.04611742998301933
0,0.09645032,0.08247532,0.08477492585656456
0,0.14787152,0.1805598,0.1917725920003868
1,0.069297425,0.08402956,0.07318513104801623
0,0.06349383,0.06550637,0.059244463325820264
0,0.118955724,0.08158817,0.14624449999280806
0,0.43430978,0.35804787,0.2794502301958401
0,0.06132614,0.05203693,0.05844931270250133
0,0.13177224,0.15232736,0.1440489283585028
0,0.10757384,0.09590349,0.10178893517434252
0,0.05796801,0.064225115,0.06878318616257226
0,0.13253482,0.1461728,0.13312963185662702
1,0.1643329,0.1876428,0.15567792628287017
0,0.1493762,0.14379902,0.1451311349108496
0,0.06725738,0.076976486,0.06134925191512785
0,0.13193637,0.101471975,0.11515543425031902
0,0.050181054,0.036996968,0.03668809479150724
0,0.07144341,0.05996722,0.07113769833060411
0,0.06746133,0.065153696,0.053615630221114825
0,0.073125154,0.073263496,0.04615263542177202
0,0.070612684,0.0650353,0.09522728872835419
0,0.064224154,0.06648611,0.06517537909209907
1,0.11678467,0.10250065,0.10289490252918927
1,0.37940225,0.36940345,0.24757833572915544
0,0.19262733,0.16261417,0.21283074512328845
0,0.12786739,0.1431572,0.19471573019530658
0,0.19873755,0.2259913,0.15869706409533893
0,0.1931998,0.17667297,0.1628324746111502
0,0.14131963,0.14563742,0.18497436310800597
0,0.1515919,0.14262944,0.13042785736117385
0,0.10584585,0.0889144,0.08456847467416044
0,0.03826348,0.041390695,0.04231409631726779
0,0.048868306,0.05524496,0.04409414441929672
0,0.03528766,0.033340268,0.032937032302952134
0,0.14864632,0.12850046,0.13946607017663865
0,0.094307825,0.08030214,0.09660735588216636
0,0.08465966,0.070059925,0.08853662368971722
1,0.32479084,0.30561572,0.29325398274870823
0,0.038659364,0.033255074,0.05384196560579956
0,0.25505772,0.26300842,0.24649903792180186
0,0.07634026,0.07692289,0.06538970048463462
0,0.095574155,0.09075102,0.06515533177224184
0,0.051337972,0.055367187,0.04974949875283322
0,0.1632878,0.176655,0.16784301700687165
0,0.17266189,0.16137223,0.16099017276527805
0,0.060223408,0.04725969,0.06812351580588161
0,0.15468626,0.1499698,0.09842425174880633
0,0.116221376,0.08729382,0.11507252521829021
0,0.041022256,0.0414398,0.0316464065053845
0,0.051898006,0.043540042,0.0378864028506435
0,0.06288582,0.067822635,0.05072976040944127
0,0.06625854,0.06707225,0.05701277199056247
0,0.08653837,0.050553158,0.058924243359609156
1,0.1593705,0.17154485,0.23992824847804323
0,0.21372646,0.17221062,0.18834448028612685
0,0.09780111,0.09565627,0.10470653960982203
0,0.061044767,0.07535005,0.06893557367815573
0,0.14980637,0.16064358,0.1704916723750771
0,0.07736417,0.07149338,0.06417909902495525
0,0.2362187,0.2046448,0.2651383413426848
0,0.06751438,0.057717983,0.07499207589571064
0,0.1284602,0.117212504,0.10767454266152979
0,0.09159523,0.10635525,0.09982751625866396
0,0.22685292,0.25463817,0.23813917844734647
0,0.08786186,0.059769273,0.08750342169625555
0,0.14134113,0.12901212,0.12521736817588927
0,0.19148925,0.18887313,0.1924747075373602
0,0.09679886,0.07922728,0.10286126723289472
0,0.0541285,0.059829526,0.047165619822300546
0,0.0664083,0.07491147,0.09891508948278915
0,0.084265724,0.1080056,0.10461178505047959
0,0.116226606,0.11655359,0.12446768530768075
0,0.04953401,0.052944355,0.06631726204180781
0,0.4002044,0.4198511,0.42136581937793155
0,0.14057997,0.15040076,0.15796188618503126
0,0.115720265,0.10757823,0.10124354716006799
0,0.091281235,0.09945176,0.10476355631325264
0,0.11499884,0.11673447,0.1066818961741122
0,0.11342042,0.11710591,0.07934504877397482
0,0.07220348,0.073028706,0.093533392146957
0,0.11086018,0.10592963,0.10514982542012143
0,0.12496172,0.1502603,0.1275002995725061
0,0.078178294,0.070333295,0.05498671264155323
0,0.066854745,0.06415119,0.05919377821894942
0,0.10771478,0.10411784,0.09692712977628028
0,0.16895515,0.1616513,0.11659258325946953
1,0.16804802,0.16311194,0.15363928560997453
1,0.16527493,0.15813091,0.1388639053938204
0,0.14911546,0.10788534,0.09676851274783935
0,0.07329242,0.062836975,0.07041895835321278
0,0.22141679,0.16355032,0.1866861364693966
0,0.07368159,0.07468488,0.0876972796811411
0,0.06344794,0.076547585,0.0653056841544148
0,0.057750292,0.054892696,0.0569091905582021
0,0.099996604,0.12263665,0.16219697505342723
0,0.070225134,0.07731204,0.08749970394444231
0,0.11786046,0.08772448,0.1225772934001044
0,0.048051372,0.03796939,0.02773024201920752
0,0.16440031,0.1620735,0.15536398332639673
0,0.081670634,0.0814274,0.06328117685829297
0,0.034894872,0.035777424,0.018989109270622303
0,0.08830864,0.08017864,0.0870575193166072
0,0.025578154,0.029058047,0.05378681007029038
1,0.20234732,0.2253158,0.21794294297464054
0,0.14055248,0.1456606,0.14444003328175845
0,0.2706829,0.18652114,0.2127151390877606
0,0.099612795,0.090705514,0.1378506874256288
1,0.29832044,0.29718864,0.28915741534392203
0,0.10251931,0.08605379,0.08071843250229867
0,0.20245545,0.18186623,0.1614519834071178
0,0.11775156,0.09499916,0.10553701496088479
0,0.08475736,0.11275845,0.09379623249115862
0,0.08691997,0.08556275,0.11506174551281918
0,0.26383865,0.32831854,0.20641507722562655
0,0.09317643,0.09219749,0.0924878810597203
0,0.09630194,0.0970678,0.0737489032089211
0,0.11305836,0.12011631,0.178901270369741
0,0.17981565,0.16980487,0.1584146929771636
0,0.03895782,0.046444546,0.040171225292279095
0,0.093447275,0.0828011,0.07430287108210831
0,0.09185564,0.07312055,0.07909510618945483
0,0.10223381,0.08578315,0.06754504615107466
0,0.07441004,0.07912328,0.10209262576848
0,0.0854991,0.088214666,0.08994149625921698
0,0.034747984,0.039128818,0.040665241435443096
0,0.11165367,0.104764044,0.11881462613954544
0,0.06235557,0.0575844,0.046432821450442925
0,0.056414854,0.04893244,0.08364056637890828
0,0.046387088,0.04371967,0.060243115227318136
0,0.149932,0.11566494,0.13318218342858593
0,0.15105422,0.15433323,0.1576076216491614
0,0.054509692,0.06654562,0.0752738102893943
0,0.101148844,0.11432674,0.12220262940152737
1,0.10098812,0.12510419,0.09158374129487215
0,0.105912544,0.110791735,0.10324562888037696
0,0.095407724,0.08712256,0.10694570227740806
0,0.19331636,0.15959102,0.19158167573504722
1,0.12618151,0.15278545,0.12971784356607788
0,0.13109899,0.1008214,0.14265657628365097
0,0.061093643,0.055986777,0.07164205640316233
0,0.04875533,0.056976963,0.08298300226923119
0,0.14021061,0.116162844,0.13205971351195625
0,0.07629318,0.06913476,0.07440460847584834
0,0.054652426,0.054249566,0.06759076980297805
0,0.22373189,0.18759646,0.19287211154967535
0,0.092139244,0.08778257,0.10462678899122309
0,0.06910035,0.047918472,0.05850627635605446
1,0.22215396,0.23086609,0.2144835728314786
0,0.12771322,0.11731704,0.10720297634360695
0,0.14612986,0.13046455,0.141805350266787
1,0.104613066,0.094294265,0.10587610313514013
0,0.082294434,0.09397343,0.0673255347598083
0,0.12968796,0.20224486,0.15368936180621182
0,0.1322037,0.14157185,0.15616250642677518
1,0.24494675,0.27463236,0.2797792868419431
1,0.08342941,0.058196988,0.04953892275585593
0,0.09839692,0.09312848,0.12422592156699525
0,0.04764826,0.044559833,0.05325972674924776
0,0.2404255,0.24442895,0.3205550794545995
0,0.12160677,0.107615575,0.12251889655368396
0,0.06942996,0.06219331,0.07207045637152895
0,0.15692668,0.13862313,0.1770755480104463
0,0.09383473,0.093928926,0.07668231845207751
0,0.105208024,0.1024619,0.15267103959764508
0,0.05037965,0.06299256,0.04845889241351514
1,0.1515336,0.12165364,0.13718746596978018
0,0.10466385,0.106952175,0.08826483728094392
0,0.058307607,0.042957168,0.09909877744094575
0,0.15907086,0.15674971,0.15557332027120452
0,0.08255199,0.06526537,0.061145892974558934
0,0.12100298,0.099929504,0.15539748558939734
0,0.2671989,0.2818865,0.2122871301084973
0,0.13634157,0.20216678,0.2157240647148119
0,0.085290864,0.0881623,0.07816873622572564
0,0.1108806,0.09037813,0.09259645314590592
0,0.07974784,0.07716829,0.06530644412064321
0,0.13307989,0.121207975,0.15374925746629547
0,0.10844877,0.1021429,0.11314019439893089
1,0.0553562,0.061847623,0.03849614390962059
1,0.1153782,0.09311165,0.1312024111064041
0,0.14667796,0.21760224,0.1684942597657091
0,0.075294904,0.09998627,0.09746085639064472
0,0.06310602,0.056285083,0.04692168443119968
0,0.05868648,0.07460852,0.08817327884377493
0,0.06330466,0.080347605,0.05955780890953029
0,0.09876011,0.110557996,0.14385230425654114
1,0.10800107,0.09504006,0.08451210880299308
0,0.43768537,0.39155936,0.27822552188441735
1,0.14424567,0.13756621,0.1550924915812441
0,0.07818228,0.09664629,0.08804360251299809
0,0.10962994,0.11206854,0.08929058409472493
0,0.052223813,0.05548236,0.04351414901673501
0,0.1086985,0.11904994,0.12351765624750556
0,0.061193738,0.070964836,0.0691309200394352
0,0.054442175,0.042889114,0.039913881157589134
0,0.025277171,0.03923012,0.05523741420326374
0,0.053495243,0.046813488,0.06011096992786969
0,0.046503015,0.04079723,0.06173143774005434
0,0.10987859,0.091421664,0.08630309279114176
0,0.18772003,0.1843436,0.1855644428282226
1,0.216162,0.23020019,0.18406169820454996
0,0.18157963,0.16508217,0.19188822111265827
0,0.0755641,0.06951896,0.07664718196446281
0,0.03833696,0.02801429,0.039905731475761354
0,0.08941478,0.09496802,0.06948965703810649
0,0.23886837,0.28374574,0.17755859145874764
0,0.10299826,0.12441756,0.11009816316460012
0,0.04810153,0.04344753,0.04122471226876515
1,0.110208094,0.12741154,0.1554869458674437
0,0.046824276,0.043674007,0.0315582566364742
0,0.13754019,0.12821719,0.12371557755669377
0,0.086202495,0.09810522,0.18400327499476726
0,0.06941951,0.06982804,0.07052571582619684
0,0.087641075,0.10765919,0.12124997930812807
0,0.10813916,0.16648325,0.11506972566802742
0,0.11509917,0.07677761,0.11978236935015268
0,0.057352804,0.06938826,0.06081755695100141
0,0.18091518,0.19021383,0.15249546627119737
0,0.15256338,0.1367953,0.2797477301179186
1,0.11136634,0.12461686,0.1277610150404349
0,0.12673624,0.12279086,0.10497940946379884
0,0.06941049,0.04893628,0.060192686050290566
0,0.10496016,0.08638822,0.09673379543806665
0,0.17980558,0.14298415,0.16325519060888782
0,0.14115556,0.13219695,0.12969487329033208
1,0.13138212,0.14714655,0.12323694745339293
0,0.19809158,0.1892638,0.126808908745922
0,0.18406862,0.22677131,0.13572119549262623
0,0.06697668,0.075954005,0.06018862536230316
0,0.058346942,0.052791893,0.07395464525697497
0,0.07326998,0.060139984,0.07176805038676211
0,0.055310763,0.06072091,0.041022198242161544
0,0.24796605,0.20237173,0.17327730007483044
0,0.046579517,0.05267598,0.05824378480809592
0,0.08532755,0.0798601,0.0696741109066682
0,0.20559801,0.23499702,0.17593940246106113
0,0.14078505,0.11345961,0.1486323630413883
0,0.045116276,0.061813615,0.05394983763075429
1,0.056802593,0.06654201,0.06040836657954488
0,0.05532398,0.057500772,0.07812628205858842
0,0.09073016,0.09720285,0.10739677840821306
0,0.10148145,0.103799365,0.1041139017266864
1,0.038990173,0.023419913,0.04624116199314253
0,0.13954423,0.15802969,0.11566599088157206
0,0.1306661,0.1532641,0.1441826002353765
0,0.098363146,0.10636248,0.08446489803296428
0,0.10989074,0.090060756,0.10559229750501425
0,0.12835689,0.09424867,0.14622165047426675
1,0.052639116,0.043173365,0.04703602483807412
0,0.0888942,0.07697976,0.08970335415314597
0,0.10729862,0.09906839,0.10441251352241519
0,0.16126312,0.19701737,0.1764655464392343
0,0.16538396,0.16366996,0.15333035198359352
0,0.13661444,0.19132741,0.12224385629666877
0,0.08261825,0.0756362,0.07576964409766794
0,0.117483296,0.09927082,0.09120562686894094
0,0.26198325,0.24913947,0.19361332307055906
0,0.03399554,0.034735456,0.043143376045171516
0,0.079958774,0.06976739,0.09955463902079031
0,0.12168532,0.11557687,0.14374122841778345
0,0.049191203,0.0496522,0.05062690894695796
0,0.14176843,0.13568173,0.12386875089272605
0,0.067333855,0.050087754,0.07432921259835672
0,0.31288248,0.34457833,0.2756528898582254
0,0.09102515,0.100868486,0.08999232631127253
1,0.10900327,0.058372542,0.11593527063186583
0,0.08777924,0.08982662,0.0834753940664691
0,0.086035244,0.09863303,0.10552160236843534
0,0.03559134,0.03527853,0.03925792835309582
0,0.11150716,0.0705404,0.12601931636693883
0,0.16523707,0.17791249,0.1474223738966001
0,0.16286695,0.20979266,0.22775330204016683
0,0.067621104,0.06830275,0.06337631366076762
0,0.06317317,0.08546693,0.08029439212317889
0,0.054719586,0.045943778,0.05039673567202893
1,0.18620409,0.17814358,0.1973912272378207
0,0.11422007,0.112283684,0.10130515597794035
0,0.11730367,0.10790579,0.11420302241819207
0,0.18706247,0.22601387,0.22621828185367707
0,0.10529406,0.11141748,0.10972460796915202
0,0.083274774,0.0746688,0.10109479750113731
0,0.099939615,0.08378139,0.09026965035116902
1,0.109298155,0.12326298,0.1582271524344372
0,0.09460318,0.09439672,0.11565582330823002
0,0.052158438,0.054702166,0.05636220298296611
0,0.10882066,0.1255124,0.11693786699909077
0,0.087881885,0.098309785,0.08000045245618131
0,0.09600211,0.10236969,0.11860521257744687
0,0.110982135,0.12333756,0.09916126228477694
0,0.111590855,0.13154417,0.12986166725554868
0,0.2794474,0.33071244,0.30925480868560484
0,0.22800568,0.26559228,0.19388168704315603
1,0.2573686,0.2597026,0.25929705451915624
0,0.25143874,0.29108527,0.37765415329939184
0,0.07858688,0.085687555,0.06168354994262074
0,0.10487474,0.11217025,0.15617129356441237
0,0.07276207,0.07718592,0.08523314599229757
0,0.110962585,0.12922423,0.10809708614118785
0,0.14618377,0.15480356,0.12685123027963185
1,0.06378156,0.07062449,0.0634052226643943
0,0.035087798,0.0347405,0.03756893241264883
0,0.099255934,0.11989526,0.09581288588381646
0,0.16482817,0.17247514,0.1345684634428497
0,0.05298461,0.052157506,0.06353374273343032
0,0.14575887,0.19428056,0.17677349977463172
1,0.23200291,0.17060079,0.1463194412620608
0,0.1383106,0.11853763,0.15954838478347005
0,0.13338716,0.12028447,0.0932308420228553
0,0.10048148,0.11214816,0.1301078674832985
0,0.05518428,0.054578237,0.04056532783123911
0,0.12897125,0.12450318,0.14681987536273527
0,0.18393813,0.20722643,0.2166771030375242
0,0.16300566,0.1734494,0.1463129370707481
0,0.07321262,0.0700022,0.06814318574719203
0,0.14015552,0.17527191,0.15513714790014987
0,0.076488465,0.076816045,0.05460869412314838
0,0.2880724,0.40535164,0.3689290049784014
0,0.35029083,0.3010783,0.29368327644567055
0,0.08183215,0.0850326,0.12430268591236719
0,0.04349349,0.037789926,0.03718763481328463
0,0.08171929,0.084279396,0.07378599882128728
1,0.13689508,0.16291358,0.1325417336039345
0,0.10265224,0.09592872,0.09424177365509588
0,0.08288329,0.08080895,0.07914441461993799
1,0.11109543,0.10293745,0.13144947156063228
0,0.070980005,0.070576675,0.08152028228759277
0,0.05831437,0.070596255,0.055414383379080945
0,0.047970634,0.058087356,0.062253482025089235
0,0.059232812,0.06343944,0.07865503085503724
0,0.061377205,0.063663,0.08978575041813168
0,0.30569923,0.28918555,0.24322908828416162
1,0.17283161,0.16982494,0.1426762695039676
0,0.1133565,0.094982654,0.09126581228469872
0,0.07301892,0.08126709,0.056512597211421677
0,0.14800888,0.1493526,0.16427232021508345
0,0.08655848,0.08570043,0.1005783971210929
1,0.07954228,0.078264795,0.09861979529919282
0,0.1168459,0.10672096,0.1072033424822443
0,0.07730454,0.0661716,0.08204179640034782
0,0.058485407,0.043372337,0.06662801536030628
0,0.203254,0.21470961,0.1501471703014659
1,0.06673756,0.06997546,0.07557912893351003
0,0.07317032,0.07490307,0.08369405257429706
0,0.13538197,0.12810998,0.12055280870980614
0,0.08707868,0.08805021,0.08010664172658029
0,0.16552882,0.16435401,0.1736909660039684
0,0.17881535,0.12130665,0.12038734430074428
0,0.13184091,0.109150134,0.14908557525408925
0,0.15978023,0.1403327,0.1240467811878506
0,0.12009606,0.14071198,0.15888688744279594
0,0.19379096,0.19303666,0.18482634088266225
0,0.027195256,0.042406518,0.03780831013659062
0,0.07250532,0.08090497,0.05735950013508838
0,0.08818777,0.07123995,0.07255269014437722
0,0.057512466,0.0494023,0.052302729404722574
0,0.035060123,0.033832926,0.029639678097175076
0,0.08744178,0.068152726,0.09077265805280132
0,0.15622936,0.11011785,0.1586418137710844
0,0.07318446,0.06364149,0.08239610443763343
1,0.09563806,0.07327921,0.13170415381747794
0,0.07613863,0.108336225,0.06405374624464584
1,0.26977006,0.20205398,0.20409948627883637
0,0.18119031,0.15503113,0.13146461235854348
0,0.12331243,0.10622383,0.1156453002020087
1,0.10354058,0.1217873,0.1621100458104208
0,0.122993715,0.1089267,0.15229904442588282
0,0.12891819,0.14300124,0.12441950539486193
0,0.07816711,0.09761625,0.1121942469839447
0,0.14011955,0.16295396,0.1626100771387839
0,0.09294371,0.11183043,0.09585962506571064
0,0.10259867,0.13721985,0.09965612556587701
0,0.09862292,0.108775325,0.10697374605621773
0,0.12197779,0.12089826,0.10125197174168896
0,0.048113532,0.06218933,0.04971194551465039
0,0.0584062,0.05932236,0.0471375799643532
0,0.09360404,0.08774244,0.06473319202293827
0,0.10807693,0.0852053,0.09868724051123592
0,0.065497465,0.064055316,0.07275143435088209
0,0.05955175,0.05262347,0.054312875089106975
0,0.14826135,0.1310255,0.09383455807427024
0,0.10772051,0.096312575,0.14989350133983548
0,0.07621412,0.0687007,0.05635914716942734
0,0.060214635,0.057049513,0.07925566720860384
0,0.132545,0.07058249,0.11086322535493776
1,0.19295149,0.1698228,0.1767805742373505
0,0.098442174,0.096764855,0.12734723694798453
0,0.09258417,0.11732419,0.10748492075117538
0,0.18511057,0.15250093,0.17192753078188797
0,0.13198914,0.1414479,0.17191769423790224
1,0.08143978,0.12173035,0.1406233146280453
0,0.038612694,0.03606508,0.03771700956421021
0,0.056487426,0.05087611,0.04791407081216276
0,0.17742938,0.13899276,0.16695970080101746
0,0.05818309,0.05360824,0.09019946969128806
0,0.07892396,0.07391401,0.08955079000886891
0,0.12808952,0.12859672,0.08053308859238871
1,0.12743849,0.12112058,0.12556055304961855
0,0.060903907,0.048518617,0.05443003585256855
0,0.31694275,0.26236144,0.3021710264089145
0,0.19167164,0.17594135,0.16813768924083836
0,0.059348315,0.04957863,0.05457828232623019
0,0.08691,0.048502684,0.08305653165556973
0,0.07231477,0.05553447,0.04891293116981097
0,0.09044551,0.0873725,0.08722148698860477
0,0.13324538,0.09862915,0.11407295886311221
0,0.08608075,0.09437243,0.09791393027122326
0,0.09192016,0.09096855,0.09971624512452561
0,0.039360203,0.04280107,0.055504179943663655
0,0.048324745,0.057328407,0.06988874564340067
0,0.13117237,0.13856703,0.10644257951249222
1,0.10516545,0.1179782,0.11579249204884536
0,0.09276703,0.09507971,0.10219657079775242
0,0.043901645,0.046135843,0.06118109395564459
0,0.08888391,0.12895034,0.0746362774713968
0,0.21432468,0.22916754,0.1924305203332918
0,0.06610557,0.06753049,0.09131771962438323
1,0.20352417,0.17888297,0.20345895986550297
0,0.09159577,0.081825,0.05742042097592802
0,0.13780327,0.16113444,0.17118142913273376
0,0.06821042,0.06896695,0.048196867599286916
0,0.09807675,0.093751736,0.1156048692424703
0,0.085831754,0.07969449,0.08470301186523174
0,0.20194398,0.1539784,0.15469261991046354
0,0.15948297,0.15190332,0.13806767016049282
1,0.11309521,0.12170882,0.15581537211910518
0,0.085953765,0.08685026,0.11232313595814972
0,0.06397562,0.062438015,0.05698688699393601
0,0.10925012,0.10887244,0.16393405262101013
0,0.08970234,0.07879727,0.06430807077351441
0,0.107161105,0.13103497,0.16648866335359422
0,0.120861724,0.121596865,0.16272729896410304
0,0.04704612,0.045332756,0.037953732478899035
0,0.11881834,0.15964714,0.11846120706508756
0,0.1295275,0.10970009,0.12002067741756
1,0.1770215,0.15236059,0.17530133622275448
0,0.10533814,0.09644559,0.08356509123927247
0,0.031080374,0.033645794,0.034748456653453226
0,0.07875476,0.084427655,0.08572724772855078
0,0.15496264,0.15172057,0.17814257899913896
1,0.079766996,0.06808768,0.10378397555087542
0,0.065591805,0.0655382,0.06072801540354351
1,0.40494487,0.3111695,0.31213208223359135
0,0.066022694,0.063221164,0.06501848346315345
0,0.0564933,0.05158481,0.06125897989202291
1,0.09370365,0.09251225,0.11990240875416829
1,0.078494444,0.077541925,0.08322136808583068
0,0.25917938,0.30789566,0.2896832357314119
1,0.07948931,0.07570352,0.13095027480475366
0,0.15452588,0.115624316,0.21575947846249605
0,0.12873915,0.1315829,0.15034952030499701
0,0.024417013,0.025006076,0.028593915609878968
1,0.14279094,0.13139004,0.13079686603893942
0,0.049249645,0.052883264,0.035124143641322846
0,0.027741227,0.027927518,0.04639028829928515
0,0.12226492,0.13651478,0.17218382104759944
0,0.14866018,0.15865219,0.10107037821052672
0,0.12472879,0.11048807,0.1527314625305051
0,0.36356944,0.2303782,0.259991824760836
0,0.114024065,0.13377182,0.07805626637541734
1,0.10481079,0.111746766,0.12249553843420814
0,0.03409862,0.028049907,0.04198133807601371
0,0.08625522,0.08653398,0.07436066608256779
0,0.055614155,0.066943526,0.046498865607591255
0,0.075815484,0.08425517,0.08598316363016877
0,0.07936596,0.077083394,0.06572506240176801
0,0.08718809,0.080067515,0.06501739678660068
0,0.048670482,0.04100231,0.04488081074250913
0,0.05209453,0.049542736,0.04123476261204635
0,0.13100104,0.12377234,0.11784345496834558
0,0.044278882,0.036327817,0.04957195288020955
0,0.2691683,0.23705879,0.23877240824334847
0,0.08817923,0.09675602,0.11723763734683895
0,0.12083771,0.1050824,0.0867572206959599
0,0.08045651,0.080090486,0.06891901887621031
0,0.085095,0.102164485,0.08284326797952216
0,0.04555582,0.045433547,0.039431433971167364
0,0.03845993,0.035831895,0.04581533613803985
0,0.094169155,0.1095826,0.10393659801599828
0,0.06327099,0.059998747,0.07906143044211653
1,0.15525573,0.15257412,0.14469301808493365
0,0.027664492,0.020993415,0.037112544232214335
0,0.13064693,0.107256554,0.12933893506897345
0,0.06098651,0.065342575,0.045818648188419124
0,0.13623637,0.11686831,0.15370294043883134
0,0.09562993,0.10057321,0.1094429631259882
0,0.13304403,0.11462861,0.12333813094329457
0,0.08601427,0.11303379,0.11521888129640195
0,0.18214668,0.2021785,0.1491549647425883
0,0.04400343,0.04423941,0.039791236354018995
0,0.093118556,0.06927447,0.13437598705901996
0,0.071144916,0.0804756,0.06497424868497537
0,0.058079764,0.045907956,0.06411456663770476
0,0.12168184,0.17954908,0.13804376755477224
0,0.06775798,0.068553306,0.08177979589217117
0,0.13680366,0.16482887,0.23618505761757883
0,0.23721293,0.20444015,0.20809920664611195
0,0.13301511,0.13084808,0.1118782226955486
1,0.18011926,0.14560473,0.13844977861471783
0,0.12570137,0.12348886,0.09721793912292741
0,0.054963958,0.060551826,0.06786225610469358
0,0.21928397,0.17921758,0.2020636420957679
0,0.057231296,0.06004499,0.059567355517085634
0,0.054317553,0.05610416,0.05306008043859507
0,0.059827328,0.044258546,0.0673821144709411
0,0.08889732,0.106798515,0.07252303126875854
0,0.056881,0.059861306,0.0657089704676417
0,0.0519516,0.047344714,0.0690888425409393
0,0.46905994,0.49907392,0.36005647916115996
0,0.12490153,0.120007955,0.11956748651474802
0,0.057842672,0.050616052,0.035848005250972655
1,0.18211685,0.13138434,0.18534227611284435
0,0.077274986,0.08703656,0.0722138283930331
0,0.14943805,0.14710757,0.16115984265815314
0,0.06270239,0.06620533,0.07199847030624786
0,0.13374923,0.13280809,0.1422445275909925
0,0.07589727,0.079096034,0.08043948955496819
0,0.088215396,0.12346244,0.07535766936366313
1,0.24501884,0.2556579,0.25107138279197194
1,0.15580794,0.18406701,0.22780956190129426
0,0.18782151,0.21793436,0.19406394546976977
0,0.1310492,0.11385519,0.15102014198284186
0,0.08020972,0.091608256,0.09533426333795697
0,0.16969824,0.15054296,0.19672981723842678
0,0.10935058,0.084060416,0.10707404468769952
0,0.117519476,0.11002595,0.119621553813457
0,0.08408419,0.09799849,0.09752608688763932
0,0.23580822,0.24607627,0.23814312346859132
0,0.052445427,0.06750506,0.0435777883183125
0,0.13263983,0.14613602,0.1386184504459328
0,0.10045485,0.073157296,0.095353481051698
0,0.04633831,0.03302519,0.04472847663772995
0,0.1497312,0.12871833,0.09963689544004303
0,0.087614544,0.066949435,0.10358642660486538
0,0.10885727,0.11075393,0.09006809679711662
0,0.123092845,0.09559475,0.09840223938629405
0,0.052939154,0.034274347,0.0624767881414762
0,0.13049985,0.11369125,0.1223677449765098
0,0.18662854,0.1816219,0.19823637643315936
0,0.08320686,0.07993245,0.08994772251598962
0,0.03657166,0.032905795,0.03552375421907889
0,0.06990692,0.06953395,0.06156996543189034
0,0.09016704,0.12712567,0.09228444218592338
0,0.18419722,0.22336413,0.18375832152838487
0,0.19215417,0.17299095,0.2325192115597774
0,0.20258951,0.15942205,0.18896112225678136
0,0.14897531,0.1217093,0.13431245123323732
0,0.1216919,0.10347995,0.11290680693179003
0,0.18940881,0.21470661,0.17399445240256345
0,0.0879587,0.077259466,0.09275392129584123
0,0.08038202,0.08541328,0.052591399439263484
0,0.08282452,0.09550261,0.0799385634668505
0,0.20547481,0.23809935,0.21070528116207335
0,0.16548179,0.19697887,0.22464252232782175
0,0.16589017,0.2145761,0.19029765312865835
0,0.07175818,0.077793926,0.08411776471155857
0,0.16890737,0.1503776,0.14299137867264755
0,0.071947865,0.07566822,0.05398538788577845
0,0.10031083,0.105994456,0.12975695386949487
0,0.16281796,0.21524425,0.14646570971963177
0,0.17363708,0.1676739,0.15143295963505138
0,0.08186664,0.07498165,0.09460235917349342
0,0.10603456,0.15320747,0.1139736598441401
0,0.06021855,0.07755533,0.06354347786648115
0,0.04314999,0.043392383,0.06009530842437942
0,0.13320106,0.18969911,0.17647584396887872
0,0.07957814,0.071957484,0.06050804586871263
0,0.090735584,0.081003174,0.0748209318752196
0,0.37641573,0.41199383,0.29002142068221043
0,0.101396225,0.08850535,0.10705105271119018
1,0.04999383,0.07043675,0.08568616267426434
0,0.06446828,0.05536802,0.03764985040926314
0,0.061025653,0.04039942,0.05916372285084096
0,0.13003862,0.09414205,0.1319955713106982
0,0.05449216,0.042514864,0.04176625323444138
0,0.19486064,0.16150133,0.2231902064889077
1,0.13709304,0.116794094,0.134607252935253
0,0.16592954,0.13411453,0.12056258063240373
1,0.16859116,0.1366798,0.11444511466653104
0,0.073854364,0.07941191,0.09957277125226417
0,0.050793175,0.04297755,0.04998372073558034
0,0.20946486,0.17705221,0.17933990094339175
0,0.11211482,0.102365665,0.14248154225516493
0,0.12656237,0.15074141,0.1160032405006295
0,0.115194716,0.098262265,0.08072817334957655
0,0.14850193,0.16464879,0.14505447391946805
0,0.10801667,0.098424144,0.06765701338051115
0,0.041178714,0.03151196,0.06672175032991438
0,0.11285471,0.123518854,0.12037274683219096
1,0.07225599,0.06566394,0.10484093865322205
0,0.05306043,0.053205226,0.0376379492441764
0,0.38699356,0.48789784,0.3243907587046026
0,0.094881214,0.10639412,0.08442489220282362
0,0.061784156,0.072088405,0.0654760924851903
0,0.13036802,0.114153735,0.11714719434307964
0,0.2471345,0.25141174,0.2170083365599585
0,0.23040034,0.19565588,0.2019712463178149
1,0.4951388,0.50486463,0.4124953051201807
0,0.08613757,0.07147228,0.08998486522576044
0,0.13100202,0.15651646,0.15922436329330328
0,0.19238405,0.22763193,0.21353066344426413
0,0.048991438,0.051117454,0.05444412051403693
0,0.09846126,0.10053224,0.10602585853399565
0,0.07472783,0.057877537,0.06751327610292812
0,0.036068372,0.03077609,0.0285780173809081
1,0.15575442,0.13510138,0.13220809674073114
0,0.09881271,0.112800516,0.11677622468964181
0,0.08772309,0.0871848,0.08507552950316047
0,0.21511833,0.17091195,0.1652595603450355
0,0.16585426,0.14131017,0.10907700949203433
0,0.15566534,0.14198776,0.16188970962608656
0,0.07308473,0.07409132,0.07206149001279974
0,0.06740666,0.06367375,0.06817812162054133
0,0.074296966,0.06731679,0.07083447782040578
0,0.16976449,0.16779079,0.19052766889144462
0,0.114496775,0.11181955,0.1155285548872826
0,0.09516739,0.09079833,0.0684038634311705
0,0.1352352,0.17871416,0.13227136977269066
1,0.07942026,0.09027349,0.09939545205549535
0,0.13318871,0.13091236,0.11658018860711986
1,0.06919708,0.07305823,0.06971633150044153
1,0.442446,0.46500477,0.3440852425793383
0,0.06811942,0.065606676,0.07249064527129154
0,0.111143,0.121789,0.16832943180108223
0,0.12415006,0.116730414,0.11163813007847073
0,0.14536645,0.14332882,0.16295733494483083
0,0.058649298,0.07547831,0.0675486500346915
0,0.03766005,0.034895536,0.044159918038561966
0,0.10786092,0.13058104,0.15790146974947475
0,0.09339818,0.10738216,0.07808723841216997
0,0.044989116,0.04554675,0.06510799282750285
0,0.09672054,0.120433226,0.09399747895821249
0,0.12880607,0.11266291,0.12809968077964687
0,0.07443744,0.07669949,0.06802323005727855
0,0.04344325,0.040308207,0.03347126402878448
0,0.0708538,0.06332296,0.07493652644989164
0,0.15595211,0.10456206,0.15132632331604348
1,0.09053068,0.08584619,0.060464482612689725
0,0.07459619,0.07726339,0.08153254024010181
0,0.20440675,0.17297299,0.2068440987968304
0,0.06395594,0.08142044,0.09325281960027379
0,0.24686317,0.2352469,0.202541128421361
0,0.16558805,0.14374019,0.13833205854831743
0,0.11170937,0.12938042,0.11700606997761483
0,0.0341505,0.04971184,0.04078420223387744
0,0.11669265,0.19545376,0.18289189386898513
1,0.19499871,0.19495016,0.16266943194245262
0,0.07555403,0.07204289,0.09484339062072498
1,0.08841098,0.10983772,0.11986931961771345
0,0.07957198,0.07991609,0.06088774775943152
0,0.051017966,0.048466954,0.04117703183545505
0,0.16928507,0.12784933,0.09284747997198813
0,0.073128305,0.07117369,0.058315029058702436
0,0.15079539,0.15715435,0.17809067928844707
0,0.05479178,0.06834414,0.09444902995912999
1,0.27023873,0.23609354,0.25062883230815974
0,0.05589545,0.07619965,0.07125958135591716
0,0.046040647,0.050691642,0.07473882789759081
0,0.1456848,0.13757454,0.12541904816792
0,0.1400988,0.14666513,0.14096917243052826
0,0.13915211,0.14875568,0.10162495956489982
1,0.17339791,0.17250611,0.13634966247499614
0,0.122344054,0.10554546,0.16159594647998843
0,0.1724797,0.19301324,0.18796503351335397
1,0.07195633,0.06518487,0.04142219955951949
0,0.06612998,0.06397288,0.06773027794645162
0,0.039360944,0.024308229,0.03296480415710487
0,0.17694141,0.1424661,0.17204690098176706
0,0.055412542,0.06826286,0.07017726293955749
0,0.17511015,0.18057737,0.175801895532637
1,0.4472115,0.46444845,0.33471086446156484
0,0.099017814,0.13942154,0.1109159876820178
0,0.09680873,0.08689382,0.07377372532174313
0,0.20072882,0.18369865,0.18066215221194762
0,0.07235131,0.079201594,0.08861682233123915
0,0.046781316,0.041951533,0.05606740069622695
0,0.13122778,0.122500256,0.14755695322623694
0,0.20504713,0.20784946,0.1923486266472996
0,0.115342446,0.10487112,0.12040692251568956
0,0.092189915,0.09921342,0.08905739782663631
0,0.08820811,0.079880334,0.045085000928366016
0,0.10498031,0.12117105,0.1144735247989392
0,0.147904,0.13103946,0.1748305398054628
0,0.077705935,0.06706683,0.10173893923096497
0,0.046285994,0.054888353,0.06612417941260249
0,0.12686983,0.11636806,0.09981703852892011
1,0.16187164,0.11721444,0.14623514827979747
0,0.063288786,0.05225146,0.04428879225749637
0,0.09049662,0.09879209,0.09443121697100385
0,0.0845067,0.08167409,0.0747825395011643
0,0.17000413,0.1501571,0.201002037247377
0,0.08022542,0.07832278,0.06935411272066969
0,0.052373875,0.048593216,0.062425482205053354
1,0.12593873,0.1243089,0.13174343167790767
0,0.16533029,0.16721654,0.1722928704239319
0,0.13512823,0.14445202,0.16776085816673092
0,0.09851996,0.085571885,0.13048339528080902
0,0.123301364,0.09212241,0.1417168498926455
0,0.0854309,0.08760932,0.12348065947606798
1,0.092305385,0.09111163,0.07974270931910596
0,0.061970264,0.04321397,0.04241688991401833
0,0.093203224,0.08850883,0.07743694443670014
0,0.04450424,0.05317471,0.04917794924461034
0,0.05203686,0.057207897,0.06118924948571054
1,0.09993511,0.079841636,0.09695090631497008
0,0.09617953,0.08223496,0.07773726419871574
0,0.0820066,0.08594196,0.07243594015386597
0,0.08624742,0.11222153,0.09382816143952463
0,0.090899214,0.09522798,0.08617163052573436
0,0.048476025,0.03737503,0.040759917605558485
0,0.049512032,0.045223765,0.04056923921551652
0,0.108473465,0.13136101,0.14170406910101152
0,0.06452239,0.06126083,0.05496115780651791
0,0.09884494,0.11096431,0.15761059435569497
0,0.13403021,0.12733121,0.09505414273031038
0,0.10790932,0.08944507,0.09704159522165502
0,0.13797952,0.104820885,0.12517957447059705
0,0.05499302,0.04730256,0.04951031936807467
0,0.06374806,0.076302424,0.0710430766354254
1,0.15129842,0.15009506,0.18249400430154247
1,0.07942456,0.0839318,0.08372457010998649
0,0.044655506,0.04099212,0.04889392244550755
0,0.16041858,0.15988947,0.18558538603344113
0,0.13963218,0.18449494,0.1518542603628333
0,0.13453521,0.1331367,0.1586928307534179
0,0.1682397,0.13391277,0.12140554793568566
0,0.0781523,0.07146873,0.11368139274006608
0,0.036558475,0.04486863,0.031491961676398894
0,0.1872882,0.14356446,0.17247697129671052
0,0.05662808,0.059313066,0.07327562538086002
0,0.06417156,0.05933006,0.03306375982950876
1,0.08664757,0.087681875,0.06858938362860299
0,0.08180679,0.076987535,0.11644878217280201
0,0.15786247,0.16705908,0.13733923252214914
0,0.1428854,0.1622132,0.15022083025056374
0,0.13703927,0.111054614,0.14775439324721518
1,0.31446546,0.33844885,0.33287792817169537
0,0.030179817,0.027818568,0.050447122331413075
1,0.14779508,0.08549319,0.11448853214372218
0,0.08986778,0.08359828,0.06093482061865711
0,0.07798201,0.07972808,0.126023384070449
0,0.038851555,0.05836931,0.07175408032487653
1,0.051344022,0.057582382,0.07258306708537358
1,0.3638597,0.37645313,0.32500710649432385
0,0.07859069,0.09720721,0.06140739521358123
0,0.17739671,0.14177172,0.1311168151109193
0,0.37205032,0.36778235,0.31676705863087967
0,0.07402444,0.05433971,0.055577507815081396
0,0.2271319,0.35122797,0.23887162217032498
0,0.07520533,0.14522105,0.0840323838635832
0,0.20808743,0.23055978,0.1937860343715416
0,0.04210638,0.04226712,0.06944440356977304
0,0.18562172,0.22030777,0.22180970847090373
0,0.08749061,0.10331703,0.08036258729743363
0,0.0634225,0.06680845,0.07228496987404834
0,0.09366375,0.08221027,0.0780081320205668
0,0.12285232,0.130445,0.12637103661309335
0,0.09946011,0.110992864,0.1501267166561735
1,0.14490104,0.12432082,0.13884501266997365
0,0.09284734,0.08775728,0.08534522799834322
0,0.05850096,0.039608683,0.053368275160743904
1,0.114912234,0.08944373,0.08333133280301809
0,0.13020432,0.12933668,0.13293689446507265
0,0.09419147,0.08382029,0.07847953974357337
0,0.024201551,0.018836567,0.036657140766693755
0,0.1436827,0.13061073,0.18298654284431454
0,0.19782652,0.22411676,0.18260173644698055
0,0.066003844,0.06935097,0.0746597038180417
0,0.15222816,0.17308849,0.20463393574821417
0,0.12022462,0.12562585,0.09349350996367191
0,0.13469073,0.17228816,0.14527294137000157
0,0.078899324,0.104354516,0.10846615040420002
0,0.114939444,0.12335631,0.14691581250416078
0,0.124376975,0.13550809,0.128276540804309
0,0.09751529,0.101352096,0.07760569263066694
0,0.081041194,0.1082537,0.0771206906777609
0,0.06645525,0.06093974,0.10658041463328738
0,0.037323005,0.03530887,0.04070485421508318
0,0.21350217,0.14667743,0.1952843422863712
1,0.08606791,0.08263518,0.10676593078101236
0,0.059368517,0.067447424,0.10692372160616355
0,0.32960284,0.3617058,0.27652812778002284
0,0.08023063,0.08420676,0.06330969860678956
1,0.17431745,0.1864367,0.17634790199143474
0,0.07526349,0.072689615,0.0727203634787835
0,0.13473284,0.1625389,0.10563520965401879
0,0.105705105,0.09236431,0.12011212607012411
0,0.09478429,0.08898782,0.15368300365636475
0,0.09404442,0.11399615,0.12756647731235038
0,0.06776703,0.07418176,0.05315446364169783
0,0.12978172,0.12062024,0.10988460189507833
0,0.1419474,0.11947193,0.14524068304079685
0,0.21456797,0.1985041,0.15411397635070923
0,0.14007579,0.13761042,0.13674321225099442
0,0.43860543,0.4575469,0.4788101858371313
1,0.51749957,0.40445918,0.46809637090132494
0,0.11190814,0.11411875,0.09148798413306047
0,0.115523934,0.13105507,0.09009462163340519
0,0.06564443,0.07200477,0.06076932936410501
0,0.088875495,0.074894466,0.10041629054824368
0,0.23189189,0.20162617,0.25256897228632563
0,0.060746558,0.05295496,0.041597215788389874
0,0.4089999,0.33011466,0.4276519244770432
0,0.07207709,0.06473613,0.07873645726212626
0,0.029701697,0.028088436,0.026015156998242816
0,0.029988213,0.03882094,0.03604277756879429
0,0.06463677,0.06220759,0.05713224018104061
0,0.093054146,0.08930578,0.08960857661771233
0,0.11222991,0.12055542,0.09665807056982781
1,0.23128559,0.22311124,0.25600409540026847
0,0.124715336,0.14639476,0.13576718491244974
0,0.09823683,0.086883344,0.13580037648148136
0,0.065402485,0.06398,0.06220791402507174
0,0.14076369,0.11250166,0.14000414041534953
0,0.072256394,0.0731075,0.06406287321750011
0,0.093258575,0.083704405,0.09481802475078809
0,0.040114082,0.042550102,0.03568481677512319
0,0.04649686,0.04858787,0.07460285245267263
0,0.07790975,0.09262588,0.061034239305769976
0,0.13907179,0.12759423,0.11439589870037599
0,0.2623957,0.26023626,0.24322506447922967
0,0.07304619,0.11774683,0.08608956005929062
0,0.12561981,0.1301389,0.13089024020979118
1,0.05791456,0.06400703,0.06335703628187961
0,0.331273,0.27195236,0.32662196702440077
0,0.23957847,0.3059618,0.20139052234575186
0,0.08611036,0.084716156,0.04887995713852155
0,0.1394248,0.13492061,0.16895223898725867
0,0.0748165,0.06839368,0.06744802325212167
1,0.22510011,0.2153106,0.23013230969159634
1,0.22863941,0.19583614,0.17134522226090718
0,0.11232895,0.10902643,0.06525343141649684
1,0.106649905,0.1149109,0.07738799715622749
0,0.10291094,0.10499786,0.1337183683077588
0,0.066475265,0.04422979,0.03671743139271471
0,0.13633429,0.13818629,0.14386197638653142
0,0.043144014,0.043162514,0.05619282611698727
0,0.07291689,0.10104668,0.052793559895647504
0,0.058256514,0.050559428,0.07735428363847086
0,0.1667915,0.1227883,0.14994830270137946
0,0.12283646,0.14170657,0.15453470571693367
0,0.07303016,0.06790694,0.08193928873297396
1,0.08347006,0.079342075,0.07234690938921502
0,0.12562208,0.13522047,0.10901360634994858
0,0.08145275,0.075369895,0.06962089354353164
0,0.068777196,0.06494615,0.06939451817283171
0,0.09653534,0.10714977,0.08269473690101291
0,0.12021862,0.09231522,0.12530436754580443
0,0.13488932,0.11008118,0.1112892495711869
0,0.10500861,0.14097905,0.12550100240673867
0,0.19241205,0.2070743,0.22253539657698543
0,0.1574948,0.17440426,0.14803704151700448
0,0.035397116,0.03458117,0.020401031782967833
0,0.07664169,0.12873441,0.11584991212913473
0,0.06123344,0.058041982,0.06318904804018116
0,0.23672019,0.15546688,0.25811377026013477
0,0.25798965,0.2614719,0.2338280964593835
0,0.09867136,0.07206755,0.1043173679459836
0,0.13682714,0.15428442,0.10909752189152327
0,0.09328429,0.14799446,0.16352921086872693
0,0.15494184,0.15968058,0.18597720013078595
0,0.046413597,0.04126979,0.04643375396991816
0,0.2713711,0.28523228,0.30214791755872633
0,0.06819959,0.068514176,0.06985802298394733
0,0.13105434,0.12886184,0.09640679321612239
0,0.10482788,0.08841631,0.10819503407582418
1,0.061873447,0.06742577,0.08819881387851462
0,0.1835695,0.11119847,0.1459253312427876
0,0.14871435,0.10830477,0.1451808725113985
0,0.08604565,0.091534235,0.14141484025110918
0,0.23328942,0.24348326,0.2733086758060246
0,0.085490234,0.08989536,0.06434551643602196
0,0.06862203,0.08654816,0.07490554195582398
0,0.15216383,0.1660291,0.14930882153194375
0,0.1270398,0.12761405,0.09415487297812034
0,0.0702459,0.06955659,0.07613704359146184
1,0.115275204,0.15863222,0.13815477515782187
0,0.06464678,0.057537388,0.1031529007428846
0,0.08548618,0.07220918,0.07134353664752395
0,0.28369254,0.37943646,0.3218614700449323
0,0.051891573,0.053048335,0.06983979329340242
0,0.117642455,0.11614236,0.11219487533110774
0,0.14520682,0.12406981,0.11553989367405738
0,0.16563405,0.13325894,0.14023234124066114
0,0.10675851,0.12716658,0.0855967964980888
0,0.077942476,0.07256725,0.050835175638484296
0,0.2263086,0.26313072,0.1997876553905878
0,0.08659427,0.10162127,0.0985674550510837
0,0.102289796,0.11062806,0.1259956157375148
0,0.11896247,0.13921724,0.13093627437166944
0,0.10452476,0.11378227,0.1216438900697839
0,0.13957436,0.2061436,0.1690595276561221
0,0.16135095,0.16177543,0.15143050513638875
0,0.12881216,0.13467258,0.13004442591043242
0,0.1562614,0.12522188,0.11287312074709548
0,0.13891144,0.16720097,0.1560645217350071
0,0.071837306,0.058981903,0.04878486644959517
0,0.047402546,0.05164151,0.05467175699096607
0,0.070643015,0.06725878,0.06091379805975175
0,0.093640804,0.09974721,0.0956869362016362
0,0.035047546,0.033903476,0.0348059939545808
0,0.06007075,0.059354153,0.091470393865049
0,0.14500405,0.12431416,0.17344450025546487
0,0.055082485,0.052535396,0.044111027829646696
0,0.043825828,0.04001531,0.056436809857900894
0,0.0806469,0.10401809,0.1048799023065566
0,0.16025424,0.12702316,0.12972100854562185
0,0.18861167,0.18550563,0.13766262142792374
0,0.09347133,0.11290635,0.11409582163885577
0,0.057583123,0.05935125,0.06135483832588396
0,0.13777195,0.12886302,0.12573696442888746
0,0.08822545,0.06878297,0.11234065326813673
0,0.059414897,0.061061718,0.050753575653623956
0,0.17492919,0.14107525,0.13164194910463098
0,0.047365487,0.06714305,0.060859915791642294
0,0.07814313,0.081026934,0.05703848511980311
0,0.05551399,0.0478009,0.05582949967249141
1,0.19194654,0.23797365,0.19674687481310488
0,0.12886511,0.1346007,0.19345888272067127
0,0.2812676,0.260648,0.23885679661451248
0,0.14250357,0.13493808,0.13667517399876297
0,0.058802728,0.06543027,0.04439570931699148
0,0.14099818,0.117857255,0.12352763632319061
0,0.088294454,0.07526182,0.08493253180442947
0,0.12368845,0.06410267,0.08967136035598096
0,0.05315594,0.046113163,0.05271923941194019
0,0.20732027,0.19501247,0.210892904103128
0,0.14448512,0.10688945,0.1777467384034774
0,0.08407398,0.08443741,0.07032593678083085
0,0.08787516,0.08982791,0.0800820503107605
0,0.08938638,0.09954413,0.09399731118857464
0,0.124162994,0.119968906,0.14114358215225303
0,0.095659755,0.103165805,0.09751663011307767
0,0.20422097,0.21898483,0.166643865071259
0,0.05967103,0.056279942,0.05940046660583173
0,0.12534557,0.14072381,0.1928118960049871
0,0.07413108,0.06886231,0.05980441189085938
0,0.16707025,0.16987428,0.15765392179135843
0,0.087673075,0.07056454,0.057617809059708446
0,0.12925908,0.119757876,0.12149900213795126
0,0.055307698,0.06487832,0.05856867776010594
0,0.07188344,0.07383465,0.09420815114901016
0,0.21744439,0.22543578,0.20410391142238496
1,0.11030726,0.08887955,0.08256205669499128
0,0.16601455,0.18813239,0.14160568445910218
0,0.12349738,0.14998019,0.1454324989533933
0,0.09336458,0.11583657,0.10100758231446667
0,0.09764813,0.12960768,0.07114903738703832
1,0.16416502,0.16579795,0.13073752325815993
1,0.17498545,0.16378947,0.11570684368012996
0,0.124484144,0.15728112,0.12997036915657637
0,0.085137144,0.08744855,0.13142028507890877
0,0.24872978,0.1961475,0.24404964494344553
0,0.16364972,0.16689274,0.1716941190700849
0,0.36370057,0.27386594,0.2663760336309232
0,0.09797951,0.09486559,0.07993434436482962
0,0.110832326,0.095967084,0.11690096856899258
0,0.05629677,0.055062655,0.0641187799895646
0,0.056068197,0.049629398,0.10323365013225394
1,0.15724622,0.13689095,0.17073953437073547
0,0.08009076,0.0848375,0.0808191471924157
0,0.04701983,0.053708717,0.043914937817347344
0,0.27268958,0.22641337,0.300856317010334
0,0.1030746,0.08508338,0.11530905975999595
0,0.03679053,0.02937018,0.050296892642472224
1,0.59122187,0.6303956,0.5115274995889835
0,0.22260532,0.2611087,0.20692889801160225
0,0.07993629,0.074628204,0.07007306406324608
0,0.043559458,0.03996337,0.03995230863348714
1,0.19675148,0.2796076,0.2905200241799339
0,0.15980513,0.18002896,0.11141597351485119
1,0.12911911,0.19584146,0.16628629961216151
0,0.12828478,0.13942549,0.12254183825513484
0,0.21518824,0.18265428,0.19762954872693583
0,0.033169,0.030520564,0.038508939403684356
0,0.10472463,0.123567045,0.1005659735437368
0,0.050587315,0.044107817,0.03595080215879014
0,0.10754825,0.12041058,0.15726831873372057
0,0.110313274,0.15331408,0.12927911886085575
0,0.19088006,0.13961837,0.1620045922863974
0,0.22143479,0.17873162,0.19787217109335856
1,0.055689864,0.053417046,0.07481248345634928
0,0.110009186,0.10775548,0.10548078388748107
0,0.087137744,0.06780733,0.06656331986853867
0,0.073366456,0.065932564,0.06969860105454115
1,0.19314131,0.18639645,0.19822884736126528
0,0.10256234,0.109691195,0.1104444043981661
0,0.09237553,0.10659204,0.0817643843737173
0,0.04786621,0.047618184,0.036637218223009006
0,0.10525723,0.09852958,0.12097572901799311
0,0.12273251,0.11952368,0.1171461560324618
0,0.1381415,0.11150009,0.0951001507882244
0,0.075869165,0.07027174,0.0693446665064138
0,0.12128999,0.08619793,0.16100195634568237
0,0.16789041,0.21456726,0.21785926907565697
0,0.2048768,0.23170897,0.19356081462363536
0,0.09860387,0.09336984,0.11247394563144417
1,0.1743304,0.15157267,0.19217046889030748
0,0.14337456,0.12704642,0.13767538075870836
0,0.091269255,0.09706135,0.0526256962212323
0,0.18901399,0.20331323,0.17821332277776494
0,0.10713529,0.11272914,0.1127773072100309
0,0.21938154,0.26258236,0.1991589271325655
0,0.11352087,0.11151271,0.11565271124447891
0,0.10757258,0.086206466,0.11319548450205653
0,0.17808524,0.1525751,0.17212268129111225
0,0.038370732,0.04688713,0.033653238638889464
0,0.18725085,0.14570785,0.19300242462607356
0,0.12649639,0.13880996,0.10393258605324543
1,0.22260553,0.18996158,0.20984120189378272
0,0.049403273,0.038016204,0.07837465178683578
0,0.2620572,0.3101654,0.3232445931827964
0,0.10315182,0.11311714,0.1595554317472317
1,0.077125825,0.087052,0.08991578796980007
1,0.094304144,0.08721869,0.057120251266148135
1,0.071378164,0.07149083,0.07212813662521765
0,0.32079616,0.2659398,0.2613870690087015
0,0.12635654,0.116400115,0.12725536284059394
0,0.077413686,0.075217836,0.08309865287321129
0,0.08956761,0.07589825,0.0833942691789964
0,0.23779747,0.23212332,0.20280233876979648
0,0.10961993,0.09930943,0.11942901900380178
0,0.1325965,0.13826448,0.1362555508056495
0,0.16898334,0.14582454,0.14437985022785257
1,0.12758914,0.12858774,0.1268362125498496
0,0.06600336,0.054015037,0.07046046608579748
0,0.07805864,0.124737516,0.10180214215321567
1,0.23973353,0.15670279,0.1347509419496612
0,0.050415598,0.059864048,0.06802825069730004
0,0.10412306,0.10842557,0.08454550468171187
1,0.11439876,0.09547083,0.10511850660007575
0,0.1655122,0.13442455,0.14119319656491755
0,0.10356583,0.09691929,0.10720334817214798
0,0.14893822,0.16269343,0.194321365629659
0,0.056954075,0.06934495,0.07559398180725316
0,0.050122533,0.0488984,0.05413247064832984
0,0.2239798,0.2459475,0.23232106725437077
1,0.10050034,0.10251877,0.09909327431967892
0,0.19853002,0.21316938,0.17471537836989753
0,0.2940905,0.27005088,0.240471121403493
0,0.043948743,0.039969012,0.022509995742914894
0,0.25964,0.30030438,0.27024676939676956
0,0.1121127,0.18929948,0.1380075832267699
0,0.057337616,0.062398717,0.07775660427330344
1,0.11948585,0.11229665,0.11629501383207283
0,0.12791342,0.100120805,0.1155904928234448
0,0.12223946,0.118892826,0.1782164313544974
0,0.037411675,0.029923344,0.04615612244123581
0,0.22375569,0.17368516,0.17193230372552815
0,0.118036576,0.104840875,0.13251082021252292
0,0.1336302,0.11991325,0.15695458998883816
0,0.040580273,0.037285052,0.041235101199580834
0,0.20816681,0.17666668,0.18899134262992345
0,0.17978723,0.14714313,0.13901046003768286
0,0.08468082,0.081964664,0.0699478465321994
0,0.065702565,0.07728808,0.06624015126646692
1,0.108835176,0.0937819,0.10456095948122154
0,0.1619527,0.18565768,0.15370359495517005
1,0.26614958,0.27697262,0.2322171154801652
0,0.0692175,0.0657454,0.0841640549203109
0,0.10658148,0.09008418,0.09916645762836551
0,0.064369805,0.0621285,0.08721642308472216
0,0.09381426,0.09326045,0.0839691119819912
0,0.08163783,0.082682915,0.06446497607931574
1,0.21909082,0.1630645,0.13511021579161228
0,0.1699072,0.17751673,0.16037477154087676
0,0.062303804,0.05536923,0.04457692572523886
0,0.045613743,0.038859054,0.05969779986009739
0,0.16059344,0.13964222,0.14469104809146063
1,0.25478226,0.26610142,0.26184418560043893
1,0.1143723,0.12685399,0.13151941372470793
0,0.08445129,0.07664866,0.06811071876745128
0,0.13233778,0.11072561,0.17454424662723333
0,0.12814093,0.1519895,0.17216204330288645
1,0.14782114,0.13844506,0.15017666937709157
0,0.09363724,0.07921961,0.06455347058820025
0,0.113433935,0.1455564,0.13296946118134248
0,0.08487549,0.069397904,0.09919475820036684
0,0.08801185,0.07018434,0.056449286473415926
0,0.060632218,0.056699485,0.0580673001232147
0,0.06593262,0.07016844,0.06162896749402599
0,0.17860661,0.18529409,0.14743535011728867
0,0.11593486,0.10004588,0.10449572301798869
0,0.13961704,0.13562298,0.1649534217261386
0,0.13969657,0.10574184,0.13512155486987507
0,0.056107692,0.06213928,0.07649317133882627
1,0.057058528,0.061977148,0.041278948130388925
0,0.088340625,0.10587105,0.09610658274272035
0,0.03439131,0.0384116,0.039337499669853414
0,0.16093236,0.1678337,0.1707258811360036
0,0.0863714,0.058922444,0.10211610084668551
0,0.108510226,0.10169327,0.10929201611885793
0,0.055213474,0.059121475,0.06460319201871438
0,0.12379663,0.11857001,0.09976800551729766
0,0.14517206,0.1685952,0.16254574891462478
0,0.057567284,0.057271186,0.04416767739584545
0,0.038743857,0.0350378,0.029283481940041257
0,0.1818442,0.14799128,0.19152880325537397
0,0.16137813,0.17502712,0.20703715341334494
0,0.13288918,0.16597843,0.22089310153885733
0,0.046626538,0.044974953,0.04116747606917521
0,0.12330089,0.13722478,0.12842278599755114
0,0.16277115,0.12264813,0.14267761157704514
0,0.13575545,0.07920126,0.08961212060729362
0,0.099925585,0.05570857,0.10773506864225223
0,0.10563118,0.12598252,0.09219288781259186
0,0.21215142,0.21074422,0.17107042146355766
0,0.07466325,0.081456356,0.09562472300079247
0,0.19465947,0.1909886,0.2970141764587779
0,0.08787554,0.09314433,0.11862746307175705
0,0.15303043,0.14370845,0.11419275022647056
0,0.038884014,0.031959202,0.03133057793156437
0,0.15143268,0.15774411,0.17679315209982915
0,0.0979019,0.0997428,0.1020929233621867
0,0.07128179,0.06987964,0.07349853042595961
0,0.09327547,0.09701127,0.10163276076416002
0,0.10541761,0.16536207,0.1430361264436481
1,0.21038681,0.22708301,0.19529593503335974
0,0.040988747,0.050091363,0.035212214363088364
1,0.04166524,0.037757255,0.03560817852337743
0,0.120373145,0.07670121,0.08269812233446712
0,0.050553683,0.042345885,0.059402805880727036
0,0.34836528,0.3506806,0.30225407097425855
0,0.15375052,0.1414806,0.09481799321455744
0,0.05123351,0.03477256,0.06239015008629924
0,0.16864866,0.12243584,0.22216346982594914
0,0.16407412,0.15988435,0.14365035542436969
0,0.11614123,0.110361554,0.09056991118883118
0,0.09055639,0.07159218,0.08189816121731
0,0.07206821,0.060672544,0.06638666520095877
0,0.06817666,0.074753135,0.03833546916474417
0,0.18831262,0.19239129,0.14876317238758566
0,0.13457017,0.113822214,0.11198728951130957
0,0.16835225,0.21529734,0.158243488430455
0,0.0846006,0.061099213,0.116282258627154
0,0.06509106,0.054631047,0.04387231028738259
1,0.12408332,0.12798959,0.10100553153413591
0,0.09488903,0.09347725,0.07766349903707288
0,0.116673484,0.10237039,0.1055368342575856
0,0.13472219,0.11697802,0.09909453971605695
1,0.06859001,0.072098404,0.08243633489429282
0,0.10287231,0.09786616,0.04829396160167181
0,0.11555435,0.12309889,0.07695413532174294
0,0.11125026,0.1351266,0.14157172760450298
0,0.080645375,0.09173503,0.07288311369119561
0,0.19931394,0.18076639,0.2575405054396689
0,0.08597589,0.06755847,0.06451738002295583
0,0.18386386,0.17052935,0.16105976355714544
0,0.0934842,0.13423273,0.1168686669637444
0,0.123324074,0.12743708,0.12936119472860153
0,0.2783469,0.29665968,0.25097788208382704
0,0.33590016,0.25293428,0.20769624587211505
0,0.13903582,0.10352234,0.13627234445459294
0,0.04526142,0.05154132,0.05293020851045741
0,0.18606347,0.17106555,0.1476797556687411
0,0.12791051,0.13360888,0.14323077154743244
0,0.086657576,0.07671657,0.0873091982111884
0,0.047257397,0.041651852,0.034847070992586736
0,0.06793095,0.07801869,0.05851110389283703
1,0.13662381,0.12921503,0.138735352048966
0,0.12822866,0.1129369,0.10541366435845288
1,0.16035911,0.1339202,0.20875845345813124
1,0.36481333,0.36917317,0.38142951675117365
1,0.13499412,0.1356129,0.11862769175064596
1,0.17420582,0.13379861,0.124414761979139
0,0.09462291,0.08388382,0.12037050565833315
0,0.07465931,0.075576626,0.08811044668864627
0,0.08498636,0.07808987,0.06574468858115357
0,0.055381052,0.06516263,0.10404938903545753
0,0.17952766,0.18320124,0.17552552734472043
0,0.23604721,0.22117908,0.217061089756339
0,0.117433,0.10113128,0.08461323768135998
0,0.26542625,0.203687,0.21184790166451428
0,0.13190746,0.115007825,0.12953158714341342
0,0.21039155,0.18251793,0.17545892477852207
1,0.14047036,0.111044414,0.13846558301962988
0,0.052934233,0.06450484,0.053404042359359895
0,0.077364884,0.07809152,0.06049538677443777
0,0.23909146,0.21895008,0.21924272177031434
0,0.045321666,0.046528626,0.058201774672177534
1,0.14979407,0.165025,0.13751542412900986
0,0.08278394,0.06442061,0.07336080441493859
0,0.056352217,0.047772538,0.05256106452255444
1,0.3619134,0.31445783,0.26048636897691857
0,0.065911636,0.067612045,0.047272438621870416
0,0.16738051,0.19108866,0.1375090669048703
0,0.07568089,0.065342,0.09932550943299882
1,0.07648983,0.06997519,0.09373173440435845
0,0.06773177,0.06415747,0.07468962377740723
0,0.07418002,0.051181722,0.063303976944067
0,0.08460414,0.08239591,0.0743882746905134
0,0.067480154,0.0752679,0.07316224176301638
0,0.07091581,0.06032622,0.09728571219557756
0,0.09853208,0.12731874,0.13927336486329023
0,0.138503,0.14693086,0.12519643638478628
0,0.17602348,0.18580887,0.2036539590485642
0,0.2587497,0.23079145,0.2911762667886105
0,0.16598795,0.14800945,0.15973643809897775
0,0.05133234,0.05722419,0.05589598428335336
0,0.049189698,0.068225235,0.06459999927175289
0,0.29363957,0.3084408,0.2832668656362654
0,0.04726204,0.051673897,0.03195120060529463
0,0.06276344,0.06399672,0.058919899949885605
0,0.04243575,0.040510803,0.040378352457861116
0,0.11826178,0.114261545,0.09791359648580365
0,0.14158453,0.14932291,0.10982754759082872
0,0.038987655,0.043280747,0.043839740314905534
0,0.04478328,0.051913507,0.04270134912238558
0,0.057901453,0.059045237,0.07426965373924495
0,0.12723778,0.20275147,0.15054924721639243
0,0.16209425,0.14788876,0.12961803746810616
0,0.27849987,0.18683831,0.22598332058741138
0,0.10102714,0.1228135,0.106121395515372
0,0.08835831,0.10440028,0.08782957339751651
0,0.089607164,0.0739574,0.09907885641416324
0,0.09746117,0.10070279,0.13318609077845783
0,0.07521331,0.08037195,0.08635974227502712
0,0.0759756,0.08129753,0.08495243826226417
0,0.039160278,0.032424953,0.03100700358973655
0,0.20103632,0.32708248,0.1913766607164314
1,0.14534336,0.11398068,0.11160940032700929
0,0.070770465,0.05729321,0.09880961662025141
0,0.119830646,0.12257366,0.11604911455520997
0,0.15767933,0.16476156,0.10499216227396835
0,0.16877742,0.17168713,0.13643120548484217
0,0.112639844,0.10936953,0.14245993134433452
0,0.053787876,0.048039813,0.05456346093589395
0,0.11995225,0.10274725,0.137024079387095
0,0.07491394,0.10229623,0.12052629379992605
0,0.062217955,0.05129121,0.05356728055393752
0,0.03778652,0.033641446,0.04832866639112738
0,0.19567798,0.13781731,0.275789894881862
0,0.023256399,0.019517185,0.024829245500355607
0,0.07977125,0.08075298,0.061193322594102775
0,0.15376906,0.17394646,0.15647855466770375
0,0.08214313,0.08267103,0.08880928134125197
1,0.09056224,0.08062569,0.07852124339023556
0,0.13710734,0.14235468,0.12042266729233747
0,0.19793667,0.18904845,0.22170053764048697
0,0.08612541,0.084567554,0.10586710319829187
0,0.04476998,0.06482734,0.05055948287261883
0,0.07324552,0.06709833,0.06067017008957736
0,0.13027494,0.17139463,0.1422368770859576
0,0.066059984,0.062633164,0.06981707891986368
0,0.063979425,0.06848301,0.0651416459285083
0,0.21194312,0.19521868,0.2255319641924896
0,0.12276237,0.12165135,0.10806320774491295
0,0.14995284,0.12738349,0.1388678861701213
0,0.23781219,0.2285926,0.20981175359321338
0,0.04015479,0.041010924,0.03636067873209928
0,0.24299097,0.2625182,0.24107089220529657
0,0.2261055,0.19571252,0.19557627518746862
1,0.27466062,0.13672705,0.19842632410596697
0,0.10185895,0.09468245,0.09411241320628719
0,0.060791243,0.044296004,0.06366023772845689
0,0.0900916,0.11654077,0.108935910220222
0,0.18005611,0.20275463,0.16869264731847156
0,0.04386261,0.043381322,0.05270510419486538
1,0.11246341,0.10951541,0.1322306956880606
0,0.0833039,0.06616446,0.09906383731291485
1,0.15211332,0.19486442,0.13876363333117445
0,0.08926424,0.095278904,0.07031741201999263
0,0.06956372,0.0688319,0.08319473684238783
0,0.1223372,0.100017935,0.1603880735797866
0,0.18459463,0.19108815,0.16324992251060935
0,0.10795755,0.11212252,0.10114102414035436
0,0.3292149,0.28931922,0.17406284068792457
0,0.05360877,0.06685086,0.03741710943035239
1,0.12646152,0.126845,0.12601236062074858
0,0.16230938,0.15186293,0.14900702365746113
0,0.11631747,0.13315447,0.12418811279917642
0,0.18250014,0.17491005,0.1337123153738251
0,0.08743803,0.115018435,0.09694258201592182
0,0.09629994,0.083414644,0.10477842973527582
0,0.07141558,0.08800221,0.10683381421679945
0,0.10654809,0.09983997,0.1018845442990436
0,0.17354083,0.18128195,0.1627624657746678
0,0.167335,0.14207958,0.1661465033709979
0,0.06948472,0.070231795,0.04459377077441946
0,0.124175936,0.09962182,0.13371463289341887
1,0.10796806,0.14195105,0.09850094464486807
0,0.15194474,0.15454677,0.14096116550283838
0,0.12994008,0.14746945,0.14716405032451096
0,0.18324833,0.18117225,0.13988286207821277
1,0.21437879,0.20528424,0.14545935507663965
0,0.051221874,0.05207965,0.05683386383050106
0,0.115975976,0.103438914,0.10643640553623807
0,0.12817718,0.12793978,0.16844520831352053
0,0.06085209,0.07155836,0.09444536175342229
0,0.16674182,0.16067365,0.1258179074923108
0,0.1299063,0.13006921,0.12625898556220647
0,0.117304444,0.10572378,0.1524433883174668
0,0.29593834,0.3814141,0.2599270064438217
0,0.15009764,0.1342229,0.20164050801418892
0,0.081586815,0.0805705,0.05386354174403448
0,0.09847783,0.08193404,0.10428545462893776
0,0.11452507,0.116877384,0.13182911880207712
0,0.16165389,0.19333622,0.1418476820555764
0,0.0977286,0.07633938,0.07612617619941206
0,0.20131499,0.24386561,0.22089481084618873
0,0.07286275,0.057926834,0.107669551747107
0,0.04884712,0.049417734,0.06624195815945162
0,0.12497277,0.12751788,0.10353126695506971
0,0.07781213,0.09960966,0.0628847249337982
0,0.053166155,0.05357349,0.0601152899580483
1,0.0972033,0.09290499,0.13817381486118793
0,0.055077966,0.050964363,0.093122375756395
0,0.08520181,0.10722374,0.10038370442940203
1,0.127687,0.12114963,0.11143580119044433
1,0.109115876,0.12070721,0.07802478965086519
0,0.040035397,0.042661738,0.03962196684577993
0,0.12521286,0.1700768,0.16756867439473724
0,0.12723842,0.10092891,0.12118969767282398
0,0.07517758,0.0860351,0.0719142376050387
0,0.19190808,0.16679384,0.1726566919278542
0,0.4971682,0.2988221,0.39419977513002613
0,0.12172204,0.070769526,0.08991886705490243
0,0.084282964,0.07139133,0.0905919330367311
0,0.071877316,0.085930504,0.08346035291774136
0,0.18596582,0.27634507,0.2493111758022167
0,0.07667965,0.0850415,0.04966008035149355
0,0.09896501,0.11847386,0.127952697984803
0,0.044738874,0.033728223,0.052122539218298
0,0.08591392,0.0775382,0.08122051271881316
0,0.09703076,0.09005737,0.1162230185936839
0,0.10934317,0.0977212,0.09301206326199135
1,0.13146509,0.17579529,0.16822543408046717
0,0.056845978,0.041987587,0.04374364609646263
0,0.081971355,0.10005097,0.08749394072274003
0,0.036367666,0.028605238,0.031995734280403636
0,0.14476489,0.1534298,0.1327074735263034
0,0.20920108,0.25834373,0.2277226203707507
0,0.10257524,0.11188878,0.07189560022102455
0,0.04613466,0.05732039,0.03209272851510949
0,0.042085346,0.03332666,0.0502426670310947
0,0.08814219,0.104071185,0.072567283657822
0,0.18266709,0.176478,0.1461869905462304
0,0.16814725,0.18077025,0.17590128722229315
0,0.211336,0.20968492,0.184963031216693
0,0.24497843,0.28730562,0.19238181927988243
0,0.15232855,0.12137778,0.1381713554506862
0,0.22164202,0.26550797,0.1830529033954153
0,0.045657717,0.051765103,0.046547968773886894
0,0.12541963,0.15545124,0.11153681462958866
0,0.20423445,0.19500533,0.17780953139756678
0,0.09263166,0.11273564,0.09262772420819322
1,0.22770563,0.1758522,0.20963733740006638
0,0.05313485,0.06984027,0.06243491166487097
0,0.19497876,0.18819836,0.16813822724195518
0,0.056669872,0.07107713,0.06459780931737935
0,0.09949781,0.12603575,0.10707183789157326
0,0.048132326,0.050951403,0.04923737069392002
0,0.06854139,0.05963531,0.07537642268935223
0,0.07472064,0.0717592,0.09904682451006078
0,0.057772458,0.06316614,0.07220134644372768
0,0.19821934,0.14662585,0.18023126363319475
0,0.48359683,0.36522946,0.39118561465402946
1,0.06884724,0.079611495,0.08865142338507448
0,0.1600071,0.17223275,0.1820804578047319
0,0.0481015,0.04325263,0.046867122538240595
0,0.12309998,0.12140588,0.11404798113811185
0,0.12371447,0.15282108,0.14019917910051277
0,0.13700874,0.122287735,0.1092746605600589
0,0.07160495,0.06979457,0.05337088234406071
0,0.16892074,0.18416223,0.15760512201905647
0,0.09708548,0.09410891,0.11560034260182483
0,0.17097561,0.15993704,0.16670852301920236
0,0.14839819,0.17600535,0.15113096630526357
0,0.04447284,0.046130102,0.047767311778530025
0,0.11086441,0.108382836,0.1215983916956638
0,0.12006625,0.12618032,0.10100692084691357
0,0.07569937,0.08939192,0.10052845255578753
0,0.1932461,0.22091758,0.2085057614433874
1,0.22979377,0.28616095,0.24902815705383322
0,0.044536125,0.036972553,0.05658914289316658
1,0.13043578,0.14698994,0.10369227368968909
0,0.18046974,0.17118368,0.2074978519807715
1,0.22888926,0.16929036,0.15103828695377608
0,0.17840908,0.15669936,0.19431551295346752
0,0.1632678,0.18607627,0.1752177736057237
0,0.069358915,0.055940904,0.06117719283848654
0,0.14618401,0.12793241,0.1248155733839868
1,0.24726851,0.23574853,0.16245364669217366
1,0.24606137,0.20978425,0.18391906840251598
0,0.12465766,0.1516804,0.12766574746833498
1,0.109379694,0.11608725,0.14280236282128186
0,0.23875795,0.27864346,0.20609958018722502
0,0.08774972,0.07027414,0.05614060870375032
0,0.1480548,0.23754925,0.21106275700868585
0,0.054990925,0.048231408,0.04819894133495145
0,0.048276488,0.050346166,0.03586940310548322
0,0.10601086,0.13551147,0.11684763084917073
0,0.15455201,0.15784991,0.12998341877987513
1,0.12911034,0.13716765,0.12563147749637874
0,0.17167425,0.12525323,0.14862543215532276
0,0.16166721,0.13631155,0.16624410731166286
0,0.25038582,0.25891432,0.23851404090985318
0,0.050179515,0.058891624,0.08772154610382403
0,0.203751,0.21387254,0.17570025229767736
0,0.0696924,0.061765213,0.0697375960118415
0,0.14575548,0.15278894,0.13128025950182215
0,0.07493447,0.07356094,0.09013108603524184
0,0.1861139,0.15684351,0.21756087771675864
0,0.08610841,0.117751904,0.08813930251355459
0,0.08683263,0.12814656,0.08985055665084232
1,0.20161305,0.2593214,0.27007710235818916
0,0.049959145,0.05969055,0.06081682415008777
0,0.20291553,0.17423467,0.15721897334536125
0,0.19685958,0.18821944,0.17969047176514685
0,0.19174463,0.23976149,0.2390376190225982
0,0.12194036,0.14813125,0.14136133551715988
0,0.06248497,0.06245433,0.04713627012809229
0,0.04853332,0.055096895,0.06326460290733509
0,0.059739478,0.0502468,0.06755167049890187
0,0.23449677,0.22307609,0.16214584920937142
0,0.07906132,0.07843767,0.0857726624592387
0,0.049659472,0.061518937,0.06973281853921019
0,0.125689,0.10305067,0.20149005903240927
0,0.20259605,0.168974,0.16038562011110769
0,0.16706032,0.20649518,0.16465770895138573
0,0.043344747,0.040203713,0.028563658239187984
0,0.059843604,0.060950793,0.08843184181517183
0,0.08582788,0.09458169,0.10585733478539336
1,0.18427138,0.20547466,0.1995855445934641
0,0.10112694,0.15891695,0.09659004830329128
0,0.07608704,0.08003863,0.07785583636368389
0,0.090523764,0.12351286,0.09133816037519614
0,0.15757953,0.2044435,0.19397979817411326
0,0.04740046,0.049374785,0.06629489771305865
0,0.10993044,0.1338015,0.20365560715881761
0,0.088344246,0.08298245,0.09838454776965506
1,0.5167578,0.4519838,0.3717283248016236
0,0.11530596,0.0956309,0.13240601427015408
0,0.23505329,0.26177612,0.21636069623561144
0,0.2056935,0.19976488,0.17111225446352304
0,0.060926996,0.055435434,0.06010467411483423
0,0.15717767,0.16623145,0.16197351176341984
0,0.097166665,0.090547204,0.09093022546939253
0,0.18453395,0.23775077,0.20507320648045152
0,0.06227876,0.0713711,0.0744557016188244
0,0.06702612,0.084096715,0.06530958009395842
0,0.0707262,0.09513188,0.07143476265152827
0,0.07872664,0.08985173,0.07791873287120336
0,0.12692343,0.15697458,0.14525304916559864
0,0.05995046,0.0659437,0.07356359764137323
0,0.13701507,0.16795604,0.13381124492168903
0,0.08464883,0.096017435,0.09414987343696933
0,0.16143873,0.13343745,0.12747708621791132
0,0.1152893,0.11726842,0.10712324213015381
0,0.044687454,0.044168532,0.052085339182219026
0,0.04739668,0.049837105,0.05579960887501077
0,0.07684016,0.090696685,0.08068963648001408
0,0.12943809,0.1322646,0.14454824002171732
0,0.08928469,0.059293117,0.07992224765181666
0,0.089635156,0.09775983,0.10480416070112636
0,0.5127454,0.59168965,0.46654853760905907
1,0.1405521,0.110991545,0.13970067629214314
0,0.26300174,0.22702548,0.21946930263552678
0,0.061005842,0.05698949,0.04610774485513367
1,0.22296873,0.3057137,0.18164316044724121
0,0.11961374,0.086780764,0.16153154931607697
1,0.13187988,0.09863839,0.15756323749277873
0,0.08277183,0.062070884,0.056579076532577446
0,0.1277994,0.118244134,0.1171667287720752
0,0.085988894,0.08081267,0.13210762753740488
0,0.0880295,0.11803984,0.08277970411076807
0,0.09208669,0.09784669,0.10359980887027134
0,0.12172972,0.13535994,0.13200139214274761
0,0.39641458,0.36509317,0.3471510187217721
0,0.29095972,0.30301905,0.25555929646810066
0,0.13072906,0.1263984,0.1468457170410435
1,0.059795428,0.04322042,0.07708882688035938
0,0.15509945,0.14773259,0.12908856461575688
0,0.13094756,0.16288164,0.17654741194053983
0,0.11365919,0.0804504,0.18248276977093125
1,0.07325755,0.07042359,0.06807629168917924
0,0.12135764,0.09412087,0.06691891093148923
0,0.18312389,0.15639088,0.15403433887987356
1,0.093078025,0.11634331,0.08692415044008092
0,0.15306184,0.19092508,0.15368600324435897
1,0.2925362,0.32446563,0.336492857196042
0,0.14065811,0.13479862,0.1330181528624595
0,0.20336094,0.20031509,0.16157157382849713
0,0.05676093,0.057634186,0.0677669605051514
0,0.074130915,0.07783875,0.06007487362375105
0,0.0864861,0.08213475,0.10504072264695508
0,0.046106942,0.040008,0.06250104357712087
0,0.054210708,0.052148066,0.08799394620464975
0,0.05322227,0.05713841,0.04938533107798233
0,0.0912103,0.113519885,0.10531013005014618
0,0.10132248,0.09102172,0.10040402525009855
0,0.03959276,0.050801035,0.0387233319554914
0,0.059361957,0.06339696,0.05947322313953501
0,0.1407146,0.13542783,0.10732674523297614
0,0.09557181,0.08022908,0.08965900368448562
0,0.09820786,0.07821744,0.09413765814790563
0,0.06646013,0.0593048,0.11276364353220751
0,0.04460663,0.049159855,0.04081177647154114
0,0.16197896,0.14206982,0.14304402438646052
0,0.13942775,0.09469462,0.09414108010180142
0,0.07886577,0.09393963,0.06913313497291024
0,0.1369462,0.1494759,0.18461627822462076
0,0.06794133,0.058951937,0.061639862937240636
0,0.07400114,0.07830531,0.042117796847791794
0,0.04827996,0.063147955,0.0745613224945156
0,0.1522442,0.16012393,0.13221194637673267
0,0.17249724,0.15242007,0.1614532241253931
0,0.10743455,0.15536411,0.13018817674626154
0,0.16567485,0.13333003,0.1640617916398185
0,0.052005924,0.031205226,0.05185902499126659
0,0.22116916,0.25283805,0.21804892281180283
0,0.11012893,0.12856732,0.11840924381588949
0,0.17859212,0.19434954,0.15730214088377004
0,0.05004632,0.049748376,0.043174461764515074
0,0.081691206,0.06780568,0.058886857492073244
0,0.36470243,0.43108243,0.4166631205670021
1,0.090945475,0.09586373,0.08758129503612443
0,0.061364114,0.050851263,0.04843755862997653
0,0.20493376,0.14869423,0.17271053797182043
0,0.07452952,0.065918155,0.06370394427890713
0,0.09421173,0.0990164,0.0780982100521356
0,0.103589356,0.11236403,0.12946553781941653
0,0.25504437,0.3296228,0.2504202119995097
0,0.054142803,0.05031237,0.04341797224633066
0,0.083350085,0.07651378,0.07137640087481732
0,0.07330803,0.07719005,0.08622852990133113
0,0.26240084,0.25857937,0.32434041531187674
0,0.11733608,0.12440737,0.12738084062507085
0,0.3058408,0.36686644,0.33281012216014916
0,0.15315352,0.11024531,0.19005211236362396
0,0.058124688,0.052681874,0.04550669937591786
0,0.14609943,0.101501435,0.10746405638214382
1,0.14299628,0.1402372,0.1602400731770621
0,0.1331929,0.14845377,0.09595640386979683
0,0.052170426,0.05066379,0.05566317667586117
1,0.18306601,0.15784916,0.13296022011751513
1,0.103214175,0.08202142,0.1373136966945442
1,0.29381654,0.41044083,0.28886901430899586
0,0.21084328,0.16820568,0.15588936518224397
0,0.16036789,0.17521715,0.15171022272221266
0,0.10593164,0.09820729,0.10921162525923882
1,0.15121311,0.1647582,0.11508623769049896
0,0.054524697,0.039960228,0.03729835653081278
0,0.15739802,0.14277929,0.1538830398811791
0,0.14567283,0.16299626,0.16575924073520462
0,0.26890764,0.20691678,0.2565693276048002
0,0.13490383,0.13427198,0.12397863375013998
0,0.03887596,0.035248596,0.04816412125748036
0,0.072842464,0.06005865,0.08869904728429227
0,0.08787575,0.079382055,0.12831007005996564
1,0.14927432,0.19413719,0.15474034435072054
0,0.11156887,0.10629062,0.11607057523809802
0,0.05972094,0.05908244,0.05613718007653906
0,0.16942702,0.14778869,0.15397816834336808
1,0.07774769,0.07990624,0.05469107249596268
0,0.1223399,0.11007868,0.10498721023138305
0,0.064331345,0.05690034,0.05191728570628032
0,0.066613734,0.0612119,0.0470965933792636
0,0.046905205,0.047087632,0.038254190124497274
0,0.1368747,0.12761062,0.1540455837899906
0,0.036296077,0.041650455,0.051385135350100836
0,0.089005396,0.083003655,0.11255500510982808
0,0.07799847,0.07125271,0.06114156425983996
0,0.051813915,0.04471362,0.05983808009601507
0,0.0833234,0.10287116,0.10636410226230027
0,0.14843108,0.16666228,0.15703599774318688
0,0.17310162,0.1565748,0.10567653509630233
0,0.0879295,0.08658576,0.0816567396748066
0,0.12316262,0.13893099,0.12228089143146194
0,0.16100529,0.15045029,0.17860380553585636
0,0.11540187,0.123680495,0.1582082510613832
0,0.32360432,0.26773515,0.246573191781242
0,0.12001779,0.12874141,0.11430113661559806
0,0.093992084,0.09600897,0.09923417119094771
0,0.18324715,0.18180437,0.2523395720046911
0,0.080315754,0.08553753,0.08261265648191671
0,0.17082532,0.16118236,0.1771189309269439
0,0.0734126,0.14201155,0.11874568939479341
0,0.054167047,0.064139694,0.06313877498235049
1,0.11827954,0.12132466,0.15854315811848174
0,0.11795746,0.13506806,0.11722802074520758
1,0.14531603,0.17912433,0.14837466373399996
1,0.16101824,0.14212374,0.13694026013813618
0,0.054526012,0.04055954,0.043405477356531066
0,0.107895665,0.07289725,0.0674316940976394
0,0.0558293,0.057480413,0.06230712608733695
0,0.13641924,0.15550707,0.11831685801382053
0,0.09000983,0.101755895,0.09678474240007733
0,0.07682479,0.09526251,0.08748148215069657
0,0.09282965,0.0854816,0.07171930751105095
0,0.14522353,0.16652538,0.11621087479797029
0,0.119041085,0.10809157,0.08398123400128021
0,0.13646586,0.13577183,0.14672882103246337
1,0.14959404,0.13208732,0.1263479365304589
0,0.12995702,0.15296006,0.14955323826849934
0,0.16540514,0.083320506,0.14286587267665907
0,0.2623117,0.23144987,0.17797188841244357
0,0.07308743,0.0878754,0.07962326306993764
0,0.073371254,0.07811917,0.09219856443829656
0,0.07558076,0.07042823,0.06347643940825634
1,0.08708628,0.07761445,0.0957611971073964
0,0.12384529,0.119193204,0.20500876333238652
1,0.3143869,0.2515179,0.24800164567091504
0,0.08962969,0.059406847,0.07989937739535657
0,0.14717366,0.17819493,0.13987369351338497
0,0.061580442,0.055445414,0.07088606514938986
0,0.17345181,0.16209364,0.18214360071576768
0,0.16320902,0.14105545,0.10953105162978966
0,0.16253951,0.16441186,0.1564436707254063
0,0.024154542,0.026122088,0.020550037706034783
0,0.11590476,0.120689146,0.1026160831699751
0,0.08497704,0.08292497,0.06708254251572009
0,0.04101698,0.040988747,0.049274390507170945
0,0.08672385,0.13285686,0.09206444422110245
0,0.10616357,0.12552415,0.09142243291507808
0,0.07025847,0.06524556,0.06372520400049643
0,0.27056813,0.2821644,0.1901466951386197
0,0.08556971,0.07757754,0.10629800317112703
1,0.07198023,0.06004624,0.06739581027019118
0,0.08581177,0.07785145,0.06702522171493584
0,0.05662157,0.05997887,0.04489369969279615
1,0.09014197,0.0640657,0.08714855266669169
0,0.2258477,0.24232037,0.22450743117273403
0,0.12441616,0.10557306,0.1020741531834954
0,0.20357393,0.19391647,0.11942560269856567
0,0.25508142,0.2515456,0.22105335767664494
0,0.10632374,0.08206058,0.09253640939350379
1,0.12649302,0.1388476,0.1353317372060688
1,0.6112928,0.6062224,0.4148910165721781
0,0.2657119,0.32195884,0.3004055021803471
0,0.042663615,0.03675612,0.058516393300438924
0,0.12657861,0.173979,0.1554073864474661
0,0.14268535,0.13483676,0.10091168177155928
0,0.119533874,0.09399073,0.13806378234068234
0,0.06151947,0.06221678,0.06498923524317982
1,0.12266447,0.14447057,0.09702090705777959
0,0.117042735,0.1297488,0.11413303811606731
0,0.16578338,0.1309109,0.18781660795400143
1,0.11137936,0.13684079,0.1434240597999181
0,0.051303554,0.066667356,0.029518751398596683
0,0.092496015,0.07847171,0.10076191981282234
0,0.21323887,0.21851955,0.14041609097070465
0,0.16978009,0.19195072,0.1749606117006566
0,0.1416351,0.103675604,0.11826809997834795
0,0.13418911,0.1075588,0.11953742740699647
0,0.089339994,0.08696916,0.06871445959809995
0,0.11701015,0.1310693,0.12071314784844404
0,0.10227955,0.101401284,0.10880586261692127
0,0.113048725,0.102683805,0.11061431544747465
0,0.12553954,0.15758981,0.13122354655571664
0,0.067809395,0.05502523,0.06666782001197478
0,0.22563805,0.21877854,0.21089773458171485
1,0.053302098,0.05731269,0.0659795697088167
0,0.074559085,0.066558465,0.0799449125837071
0,0.15751563,0.14936069,0.1085338261305475
0,0.20596536,0.22266187,0.1557695470505494
0,0.1405827,0.1554903,0.13412854964799523
0,0.055136688,0.03917907,0.04201176458055708
1,0.26733148,0.34281984,0.22835228527973084
0,0.10320916,0.11149757,0.14645730376553276
0,0.06867383,0.062885635,0.08583524728311748
0,0.12957938,0.13552196,0.13531656807894213
0,0.07648698,0.08201584,0.0758656741322054
0,0.062233485,0.064237036,0.06945679063163421
0,0.07587816,0.07854202,0.09871937776468143
0,0.1641383,0.23009676,0.09931293380242084
0,0.13647439,0.135161,0.12282927487045188
0,0.06797473,0.081203975,0.06351583865739549
0,0.13471507,0.16428895,0.21055675631091536
0,0.11199532,0.10169144,0.12818809981767862
0,0.24876752,0.19089307,0.20833842666127922
0,0.11505203,0.113146484,0.11770346459962046
0,0.109604895,0.12498249,0.13504791717291795
0,0.12627655,0.120956555,0.14686111864446194
0,0.13156451,0.16617182,0.13773973647276985
0,0.15709874,0.16471733,0.1711464400286456
0,0.119650885,0.12391486,0.1134865212248701
0,0.13918723,0.08863021,0.11781515552279354
0,0.05687322,0.07886292,0.08503497549073057
0,0.09875875,0.11574471,0.14447591892243844
0,0.15743956,0.20199928,0.2213659038763714
0,0.14746511,0.14491986,0.10449857696870452
0,0.08928914,0.093177825,0.09206651451463453
0,0.1352088,0.13640448,0.1255915967636341
0,0.10578692,0.10973286,0.1343037312883013
0,0.1554575,0.13684958,0.14541934081822483
0,0.071853355,0.10799682,0.09494163374984566
1,0.1329131,0.12918955,0.11916471557804134
0,0.1418333,0.14088388,0.15276877763687127
0,0.115635246,0.09255241,0.14407861288896037
1,0.051407885,0.065625444,0.06762997128094739
0,0.14346212,0.11140616,0.15049666264673872
0,0.068306744,0.0662851,0.08330217085657884
0,0.16387144,0.19512153,0.17643385180406831
0,0.16635823,0.20028412,0.10673366226409142
1,0.08800249,0.13650173,0.09117032164494775
1,0.37300593,0.43803832,0.26531123480200586
0,0.13230075,0.11489635,0.13549890593651523
0,0.07523589,0.094563775,0.08439190959353227
0,0.03641871,0.032594156,0.048277932174948544
0,0.0718742,0.080697395,0.08420105988757257
0,0.24051888,0.17716542,0.21377832940613578
0,0.042468082,0.03662107,0.0636832195275511
0,0.050158698,0.062821686,0.04385638102345628
0,0.068646096,0.09788521,0.08768241634486391
0,0.058569085,0.06600564,0.0616574190991886
0,0.18019882,0.19959927,0.1516298638863634
0,0.11451884,0.1152156,0.12117825737236208
0,0.13128369,0.14496398,0.12658707730101368
0,0.61411345,0.56425273,0.37993629959001957
0,0.08560195,0.07120344,0.1446161362119349
0,0.07540085,0.060577,0.09276312536399896
0,0.045078587,0.046842873,0.046621732978436435
0,0.12505053,0.09528098,0.14603261492710654
0,0.060710777,0.09415497,0.048523444814687886
0,0.08753971,0.09656549,0.0642296685834363
0,0.092685215,0.13170327,0.08620297335610179
0,0.13535017,0.122136064,0.12859094360815648
1,0.07713629,0.06290285,0.071912833292727
0,0.063394256,0.06113118,0.061589136624886465
1,0.14939475,0.14827329,0.10822000302562448
0,0.13215208,0.11808142,0.10957870410713615
0,0.10672346,0.124468654,0.11974866781141351
0,0.07226154,0.053227916,0.0772114864328763
0,0.09886707,0.13523588,0.14569573243602282
0,0.060975794,0.07145914,0.07569301983764551
0,0.040270127,0.04811319,0.05846455551561817
0,0.07227137,0.08281585,0.10148153154651186
0,0.1431943,0.1268537,0.13660836194512635
0,0.14179577,0.17375013,0.14679215427839995
0,0.14505157,0.16256,0.15737461548115736
0,0.07130284,0.08470495,0.06332462907117344
0,0.06134493,0.06928463,0.09736902545520025
0,0.2041848,0.17983824,0.14839592154330478
0,0.067271836,0.073274314,0.057113155819267646
0,0.048235863,0.05468872,0.052574601290187886
0,0.26918152,0.29686934,0.21441255821586738
0,0.18589489,0.15035331,0.21009088174598267
0,0.0699552,0.08376542,0.08613947545719547
0,0.19188964,0.19765453,0.22790790114970344
0,0.08654338,0.08081114,0.057119217556155975
1,0.08178689,0.10346085,0.11770447841837112
0,0.12651117,0.1440476,0.1139759608917889
0,0.06444694,0.06658731,0.08510995744773368
0,0.26289123,0.23440585,0.23979124115346018
0,0.23139542,0.2527322,0.22333489043312352
0,0.21689565,0.22317626,0.17990820422697534
0,0.18968327,0.20231009,0.1642205503609981
0,0.14678304,0.15280774,0.1451662451301321
0,0.18258156,0.23486355,0.1779527849056708
0,0.26571622,0.21805944,0.19923483056456565
0,0.07379734,0.07687899,0.07936530650652647
0,0.050928373,0.049087614,0.04172380614923925
0,0.092549905,0.09392107,0.07880422745982994
0,0.13063368,0.10854114,0.10571200592137958
0,0.071950294,0.05777718,0.07045108250980635
0,0.07969066,0.089572705,0.06737890429131543
0,0.062055323,0.08459866,0.09855677075934448
0,0.07253532,0.07129414,0.0652757224102333
0,0.09554283,0.09455191,0.10041905804173364
0,0.10358947,0.16815986,0.09132067941027083
0,0.123042636,0.11197039,0.07540368221462228
0,0.17576255,0.18514483,0.2008490670112047
0,0.32538128,0.3156386,0.29287191621507624
0,0.08266718,0.0760991,0.07418640539449566
0,0.053091396,0.048715282,0.04826762617568941
0,0.17542899,0.20395954,0.19174185033121233
0,0.100175574,0.09600289,0.11000910293936754
0,0.21521865,0.21343412,0.2008462787179099
1,0.16493009,0.16027313,0.1219522346388262
0,0.16101427,0.19400282,0.16853953345078246
0,0.067718185,0.08614607,0.10977181325390997
0,0.09469186,0.120062426,0.10448038457348151
0,0.053487375,0.04906831,0.053153076111050086
0,0.1357563,0.1315099,0.10244145600909163
0,0.11729272,0.1375313,0.16684607426465425
0,0.05850714,0.06101366,0.059519640723758184
0,0.10034858,0.17412001,0.08899183509565242
0,0.2028785,0.22533974,0.17614061637317324
0,0.10702488,0.10753063,0.11213923809659988
0,0.10301989,0.13612668,0.08953498739535735
0,0.1273634,0.098246634,0.10229897068422411
0,0.06317468,0.06890173,0.0652371724921304
0,0.07699449,0.060803935,0.050307824934098765
0,0.06633827,0.06713955,0.0631163180093925
0,0.077526644,0.06461702,0.0692654480481598
0,0.1143397,0.124457784,0.11787638392749637
0,0.19086783,0.14624248,0.18558676673397265
0,0.05600462,0.047222972,0.041995350226153604
0,0.066807896,0.07612274,0.05331470404676604
0,0.110362865,0.1166674,0.09508022336276324
0,0.14826877,0.18211602,0.15145072859261255
0,0.053335432,0.046016995,0.055219295363834624
0,0.0699754,0.06299971,0.05865640140275471
0,0.11286307,0.09349944,0.09693377699712212
0,0.07336978,0.083752975,0.10309844440987691
0,0.056898,0.057820767,0.048775766218856736
0,0.105467156,0.110298865,0.12617999558944987
0,0.14278919,0.12715694,0.14165573052202804
0,0.17943096,0.19568406,0.19006591296086367
1,0.10359883,0.08312616,0.09874042295229526
0,0.14110512,0.15022178,0.1164268616965905
0,0.063811295,0.06874054,0.07325113574368007
0,0.114623174,0.11278038,0.1255017564352944
0,0.17953381,0.18621455,0.15155887379305877
0,0.14880025,0.19572112,0.13127994549741825
0,0.07218098,0.068072885,0.07943353205593538
0,0.06617492,0.053439513,0.04855354209941779
0,0.0682455,0.047944807,0.06766690436163883
0,0.1391025,0.10455325,0.1191237193495948
0,0.09684945,0.10071547,0.11130807595679838
0,0.0693812,0.042321537,0.07838995959955222
0,0.07139873,0.053149078,0.0795360702770874
0,0.16124831,0.14489985,0.15860770142103425
0,0.18914203,0.20328355,0.2245045456177401
0,0.09704104,0.11320932,0.09945728780364267
1,0.120804705,0.11057254,0.20762458164657427
1,0.16216004,0.21600659,0.18083430809749848
0,0.1926393,0.21641532,0.25021498547446336
0,0.12977074,0.13136119,0.12332172847205561
0,0.170509,0.13581386,0.17794212152600697
0,0.0706673,0.070076585,0.05712218039183859
0,0.11066494,0.09465954,0.09104923376268521
0,0.08829355,0.09759183,0.1362291285273027
0,0.09470762,0.095068276,0.10828712850503229
0,0.22403266,0.174396,0.14652229305078537
0,0.10998942,0.116711676,0.17657203017223808
1,0.13308397,0.12680086,0.139427131056273
0,0.047249854,0.050887454,0.029268795561540596
0,0.07148758,0.04940858,0.05373352450462903
0,0.059110392,0.05576623,0.04463217737481332
0,0.15370822,0.17472605,0.1582870159730715
0,0.09214958,0.10225478,0.11207666922638165
0,0.07414718,0.09804327,0.11413136737841315
0,0.06520752,0.07243389,0.07511707697697229
0,0.064365655,0.05598542,0.05584420875458936
0,0.193546,0.26566783,0.20078957153046892
0,0.090440296,0.08454212,0.09416639793121367
0,0.059293177,0.059393447,0.06068701262193311
0,0.08564936,0.08816808,0.07307271259144243
0,0.055240918,0.058521975,0.0459460949458377
0,0.17432599,0.116743684,0.1215088833135771
0,0.1227072,0.11427708,0.11660557544096366
0,0.09123285,0.10165157,0.10600733472707213
0,0.15590686,0.17485529,0.15019057162784616
0,0.06276765,0.0626446,0.059648211143610755
0,0.10975844,0.0817369,0.10321723762017966
0,0.058411174,0.07030798,0.0503066876765431
1,0.17605515,0.14990363,0.16206762115180717
0,0.079092085,0.09585755,0.06810133864260569
0,0.089676745,0.06361849,0.07976183984662767
0,0.15885536,0.1570499,0.22912626727897967
1,0.15514542,0.16051869,0.15172193107729087
0,0.054173853,0.060728293,0.04987782609439073
0,0.09768471,0.082506895,0.09069678584574394
0,0.08838875,0.074185856,0.08905617361685979
0,0.2163456,0.23464851,0.1864348687743768
0,0.11919567,0.12241908,0.10263651216541259
1,0.34248918,0.38995016,0.3586062975269888
1,0.27624732,0.289547,0.21866668737082695
0,0.080334194,0.08175814,0.08106963318326986
0,0.084389865,0.06845223,0.07983846983202353
0,0.0726504,0.08929289,0.10029140241837975
0,0.10299024,0.10384899,0.09512965780269457
0,0.07147535,0.07382241,0.045100839580769395
0,0.07512118,0.06739866,0.06868296543892961
1,0.08570197,0.0901119,0.0669027974463142
0,0.09007681,0.0662724,0.05867445353332092
1,0.088173,0.07660809,0.0739997928192832
0,0.055614818,0.044471737,0.055939538152591194
0,0.11233161,0.1176983,0.10043564665639247
0,0.06736831,0.08011468,0.07711259814408815
0,0.10329904,0.11771899,0.12776469658388784
0,0.15089539,0.21807048,0.23294483779559533
0,0.06642065,0.06097952,0.07039950278077846
0,0.104405314,0.13272603,0.10159826361172997
0,0.10571646,0.11033426,0.1525647299054789
0,0.21065189,0.17877506,0.19362939862377274
0,0.07913138,0.070804134,0.08308886058107572
0,0.08410707,0.06580761,0.11757067748471944
0,0.22070378,0.18425651,0.17718057941509988
0,0.08781637,0.08451282,0.13823512991044368
0,0.11379877,0.121322975,0.12064207600835171
1,0.15378894,0.12670815,0.1548401499906912
0,0.080660425,0.07897131,0.045027357254840396
0,0.0927731,0.11192459,0.1016113571588405
0,0.041021127,0.046135884,0.022639871313089553
0,0.072610065,0.07550272,0.07856964980804561
0,0.15063415,0.14198941,0.16348477332129607
0,0.036039792,0.038452245,0.05264052556769787
0,0.09672287,0.10283765,0.1197031785564115
0,0.22577979,0.28310636,0.21926528791518227
0,0.10613238,0.08122662,0.13552879945586446
0,0.22749981,0.20562032,0.2022171373151319
0,0.053940326,0.050539576,0.05804861296204291
1,0.16538413,0.1526562,0.17355070380569307
0,0.13678943,0.11140742,0.15309839517627893
0,0.14273743,0.10175579,0.09621171466600462
1,0.083535746,0.15540956,0.13162495220888723
0,0.11918464,0.12175351,0.1156425819751194
0,0.10477847,0.10856568,0.0751787978027732
0,0.11584993,0.12888582,0.10445139858863169
0,0.048622854,0.07315128,0.07647694337047373
0,0.059340253,0.05577019,0.06257536661925861
0,0.0519002,0.060032025,0.04904732468630843
0,0.09594977,0.08921847,0.11703948308663528
0,0.07228282,0.06689983,0.06017321668986852
0,0.07280855,0.05346599,0.03695083629200681
0,0.069836065,0.067508824,0.09666923897090995
0,0.06972193,0.08518694,0.1318436009052217
0,0.08064676,0.08065756,0.06944075840579061
1,0.2711792,0.22045298,0.2680099768297714
0,0.0966338,0.06476734,0.1502677415093851
0,0.23694378,0.17895068,0.21384533205434603
0,0.11295337,0.13176905,0.10212069970038926
0,0.38630912,0.3281389,0.32545497929844897
1,0.19030367,0.21003824,0.23598355022501524
0,0.20321496,0.31065148,0.23047869489022174
0,0.060101356,0.05551658,0.06384534312023275
1,0.14115633,0.14331871,0.133959398835613
0,0.21963014,0.15209104,0.19634848262495425
0,0.24904941,0.25954998,0.2211217689915665
0,0.087987974,0.09761641,0.09113560520534314
0,0.078994945,0.058087595,0.08987910763038354
1,0.06870967,0.068839565,0.06504905262224948
1,0.2454833,0.17030226,0.18761403556276743
0,0.050718624,0.066861846,0.04639096887554479
0,0.21738333,0.19482698,0.23503102317970126
0,0.095655486,0.09433883,0.07517053482967885
0,0.060361966,0.06779541,0.07508714032646997
0,0.06486604,0.09064355,0.08537316902316991
0,0.19890846,0.15372671,0.17892441322562921
0,0.044780027,0.03523974,0.07072800400276434
0,0.09894654,0.09934426,0.08245198890775593
0,0.116979875,0.120815285,0.08139211256952109
0,0.1647688,0.1667897,0.14545173424382893
0,0.066349655,0.069509976,0.04694674867413994
0,0.12222753,0.09582112,0.13803274257630538
0,0.054364778,0.04769403,0.07668854595633169
0,0.124797106,0.0726957,0.10685302554468946
0,0.13083261,0.115176834,0.12763171325275233
0,0.08028367,0.08433616,0.058887660033736314
0,0.04883937,0.04293558,0.07272766047594882
0,0.0659479,0.073725656,0.05500014468240004
0,0.17278819,0.17046712,0.14998105877017218
0,0.13995206,0.120481014,0.17314539462751805
0,0.1174849,0.13242891,0.12494512507648835
0,0.18039466,0.19524662,0.2011374437548933
0,0.13189283,0.14127454,0.1571450427222492
0,0.102587275,0.101267025,0.11723011255859316
0,0.07359172,0.068043366,0.07469905543154029
0,0.046503205,0.054505233,0.09551949519463364
0,0.10125735,0.104316466,0.06466143890697282
0,0.1185167,0.12274954,0.1300039076099132
0,0.055810075,0.067090064,0.08427515728503714
0,0.21997344,0.20651305,0.21242972943601346
0,0.09119354,0.11085553,0.07991556642621439
0,0.1498014,0.19513366,0.1663660791711651
0,0.11538827,0.100582376,0.08565933312444342
0,0.08216103,0.10760894,0.07371736327626545
0,0.10046161,0.10326806,0.10547512194315063
0,0.088799305,0.11216819,0.11767199426692308
0,0.2377358,0.28534263,0.1950432682329994
0,0.03547485,0.028762491,0.04036500027390962
0,0.04981613,0.04817312,0.03801418737582245
0,0.122646175,0.12029272,0.10044817390427495
0,0.13302909,0.12775946,0.11563082536829028
0,0.05421604,0.05521309,0.04323205937599627
1,0.27398697,0.31687823,0.17771766733820965
0,0.09062632,0.08162598,0.09540936490620115
0,0.165399,0.13380614,0.14655547226697913
1,0.26558056,0.23945934,0.2810656547941231
0,0.13758798,0.14805233,0.09318407983077466
0,0.1264687,0.13857338,0.16076933630448006
0,0.08224192,0.057147235,0.09621503915354128
0,0.078898415,0.08213594,0.12295892051330157
0,0.08585295,0.09823447,0.08529336485019777
0,0.14293648,0.13464147,0.1455127592055786
0,0.06024144,0.056772277,0.056246055978777215
0,0.062091917,0.06820861,0.06800434646827495
0,0.11098188,0.086654335,0.07990758922405625
1,0.10914481,0.11982025,0.09925116580352462
1,0.504222,0.48916736,0.42842072443115736
0,0.110277355,0.14611049,0.11737974555338644
0,0.30407992,0.30279955,0.22557786372878177
0,0.048119336,0.065454274,0.042916333901051325
0,0.06542466,0.06584017,0.06986517575904691
0,0.28457972,0.32259178,0.28081476030290053
0,0.0425909,0.03791002,0.04341826444412172
0,0.12138038,0.10471689,0.13754961124774237
0,0.09420421,0.06913664,0.11614444543510506
0,0.12065322,0.12605375,0.14675601550370856
0,0.35092,0.32715207,0.3156266290925278
0,0.15243627,0.15385924,0.16700110822139527
0,0.1390921,0.13155304,0.0929581172493347
0,0.12693927,0.12845206,0.15240369765649558
1,0.1771332,0.17016952,0.19798621682930637
0,0.30347452,0.29597604,0.23942675948820463
1,0.084997565,0.10163204,0.10279368583931289
0,0.04108176,0.040750224,0.056160555701860494
1,0.17585243,0.18696915,0.1507943338348162
0,0.05742713,0.051268987,0.06838447372277019
0,0.15501687,0.16576828,0.1418109441629379
0,0.09788374,0.10345702,0.08557111935000006
1,0.12613653,0.13081135,0.13242684275494365
0,0.05952861,0.066246405,0.04895774152733044
1,0.11002526,0.1497225,0.09905035695882045
0,0.0974231,0.07048117,0.0845715119299538
0,0.11253327,0.13155876,0.17243403031141846
0,0.08630345,0.08527052,0.09825605540117299
0,0.038576193,0.05983422,0.08407021252982522
0,0.086841665,0.08442948,0.10161560527352545
0,0.21383335,0.16041282,0.14962536734677503
0,0.114926346,0.11414051,0.12537549005110377
1,0.21339816,0.19788803,0.25904407943302066
0,0.085810125,0.07558978,0.09904617610070104
0,0.15439993,0.13272275,0.11486159539871521
0,0.09458562,0.050680228,0.08673615292852387
1,0.13078272,0.12351279,0.10703933189015179
0,0.11312661,0.11070685,0.14988659480073258
0,0.1750322,0.15030415,0.12378373806163046
0,0.3086844,0.33531952,0.3038386746019349
0,0.09676052,0.11436184,0.1488892913741452
0,0.054280087,0.055264704,0.06146585151116677
0,0.08000516,0.08808232,0.1100782348012233
0,0.08566542,0.08779781,0.07790944472146964
0,0.10809695,0.12516008,0.10016093981060957
0,0.13273373,0.124849014,0.1276505624335522
0,0.080041565,0.08960386,0.09513272538959092
0,0.09099312,0.085522294,0.11636225837902273
0,0.21264118,0.20722067,0.1767935136952704
0,0.0460619,0.060484815,0.06546624668551919
0,0.06777517,0.06749597,0.054613758114734505
1,0.07036042,0.06871301,0.06819257603520064
0,0.09098829,0.074666895,0.08392655525268324
1,0.50378734,0.4778947,0.40437924423993604
0,0.17252204,0.19042368,0.16871996302716907
1,0.14368111,0.1284584,0.13563435642495222
0,0.07262338,0.05972252,0.0871789868014104
0,0.12160901,0.110409744,0.11655038627516438
0,0.099519625,0.08004539,0.07056335556214563
0,0.14413124,0.12896697,0.12915599282594908
0,0.09371275,0.10140316,0.08663301814631424
0,0.059136547,0.07202254,0.06902122722612654
0,0.077178486,0.08156279,0.0716654349812879
0,0.08960837,0.0974706,0.10016478954258647
0,0.12329139,0.14273214,0.13931570520601644
0,0.14815007,0.18742701,0.18356599052583605
0,0.13896318,0.15303114,0.14030606196222253
0,0.06786906,0.06744216,0.09686370065608485
0,0.09676836,0.112087116,0.0928433077897065
0,0.10263063,0.10179736,0.08337751497435081
0,0.07961366,0.088082746,0.0780194743182831
0,0.058317788,0.06649141,0.06724347657615427
0,0.045391813,0.043784317,0.0345961743832536
0,0.12704068,0.12557629,0.11319489795096589
0,0.06978629,0.0788347,0.07273555017317819
0,0.067076884,0.056246445,0.10373616439969724
0,0.16616803,0.10838114,0.15934488010528278
0,0.1640725,0.12012501,0.11521532854600898
0,0.042499367,0.041324463,0.04824639675445466
0,0.083743684,0.063699566,0.06509971396659966
0,0.06356584,0.071819186,0.08968921972117987
1,0.3409689,0.2027833,0.3843975400758951
0,0.11633552,0.18353675,0.17744516096653937
0,0.12408317,0.14223263,0.13711603862034696
0,0.09615831,0.10184214,0.08122180045102098
0,0.08069841,0.10187938,0.08009925066472572
0,0.080525346,0.07201352,0.09826371389504879
0,0.055666283,0.047113378,0.058427154715665966
1,0.05502867,0.076618515,0.06841238907274821
0,0.095622785,0.10093901,0.09022172754271063
0,0.051896892,0.0561252,0.03424773387279827
1,0.060276277,0.05152024,0.04245314928824653
0,0.08718629,0.09055904,0.09596855861530769
0,0.13543758,0.15360272,0.11598344998980945
0,0.045328483,0.04588769,0.04018177579764376
0,0.05246484,0.069358096,0.06098140996908222
0,0.11597409,0.099198,0.08823158349267222
0,0.08219252,0.07872503,0.04724705424083037
0,0.05770748,0.057622064,0.06659764663537311
0,0.13300975,0.13825496,0.12033836715510528
0,0.066146426,0.054399356,0.06963884716555208
0,0.18259846,0.22731246,0.18092647480490723
0,0.089150764,0.09035833,0.11847142507215355
0,0.27678788,0.23243088,0.2507117506484934
0,0.101871215,0.09785145,0.09697408626598987
0,0.07820594,0.059243303,0.06551932517118292
0,0.10863592,0.093667656,0.13629159498665278
0,0.081408985,0.076779604,0.06392639244908709
0,0.1304874,0.122885056,0.1018285731169135
0,0.32225373,0.26395983,0.2687615267067464
1,0.16683248,0.18273191,0.16350078401500323
0,0.07734022,0.06801295,0.10951808483312317
1,0.2417508,0.28166938,0.2214778671363226
0,0.08005029,0.09806258,0.0921500085132103
0,0.2589716,0.23190808,0.23948675423717453
0,0.053230487,0.052949544,0.06911849638120914
0,0.09746348,0.13288455,0.07848319842965037
1,0.24652092,0.2150206,0.20738142414094599
0,0.08512461,0.08772587,0.07540294955474178
0,0.2219573,0.21419063,0.12340300612295411
1,0.2292652,0.21899778,0.19708432365742318
0,0.04363335,0.035511166,0.05501956894201018
0,0.18812235,0.23791961,0.18229496403137435
0,0.052774165,0.03932319,0.03929739455794883
0,0.16118519,0.13099235,0.12701569279277497
0,0.08740968,0.09599199,0.09099060676470248
0,0.13737325,0.12635979,0.11869573654878558
0,0.06207289,0.05709532,0.0642496872638102
0,0.23997763,0.26341298,0.17210237552390142
1,0.25762656,0.2197868,0.24729541782528466
0,0.11066578,0.12127961,0.11247861329160366
0,0.07856863,0.07658258,0.08727663370246164
0,0.1365496,0.123302,0.1189460131313534
1,0.07415377,0.07758677,0.07302542418365272
0,0.0368873,0.03805161,0.0216224313370426
0,0.14119408,0.14953813,0.11602435354095729
0,0.105614446,0.09621006,0.10758962912685668
0,0.09057686,0.099952966,0.11689427812430288
0,0.117873296,0.110642344,0.17706635441335247
0,0.10664565,0.11498323,0.11987644201019965
0,0.055183187,0.061974056,0.07569501710106821
0,0.18514201,0.19992907,0.19901253671464733
0,0.07055684,0.071593165,0.08628249370931833
0,0.04423353,0.046628416,0.05518696056236972
0,0.065592065,0.053640496,0.060584346560193986
0,0.05708341,0.054027285,0.04872421846432274
0,0.17930834,0.17504038,0.1822055297874326
0,0.07374247,0.08540765,0.08772816075387593
0,0.033151902,0.03411706,0.03009721184983919
0,0.12576316,0.12293315,0.12520724262953942
0,0.080306955,0.078761995,0.08626388104602027
0,0.072571576,0.088483624,0.06141989586468619
0,0.07173111,0.05708058,0.06328715928076133
0,0.042168275,0.037267536,0.06078169546344881
0,0.29488987,0.26107475,0.30770956221882945
0,0.11800594,0.13066395,0.11519820610056042
0,0.043767184,0.040092707,0.03721103312398025
0,0.09615697,0.10084308,0.11873240312684656
0,0.2538387,0.22361292,0.24188285735402532
0,0.13381484,0.12515333,0.11566350932650578
0,0.123846576,0.10039467,0.11965261476336483
1,0.06773488,0.078257024,0.07905238344308146
1,0.039667785,0.04919854,0.03667958721032172
0,0.10135693,0.14489096,0.14258173420047363
0,0.13412529,0.1268932,0.1357038012294999
0,0.060025737,0.06913878,0.05339822883725943
0,0.07447786,0.058689535,0.0915384323096388
0,0.136893,0.1923711,0.11771686186131265
0,0.09206348,0.09267581,0.07982085220605416
0,0.11922988,0.11148761,0.11845141351723665
0,0.13916734,0.1220278,0.12812008755490087
1,0.23557863,0.26153266,0.21080691017151296
0,0.08386261,0.13933419,0.09920187243911911
0,0.06279371,0.064608976,0.049454877783701064
0,0.060352184,0.05274136,0.06959018822453901
0,0.22870763,0.19626251,0.20599076578300324
0,0.0629425,0.06743657,0.07034417123337298
0,0.30261436,0.35265124,0.300158655758928
1,0.24831755,0.15863982,0.18677906986931295
1,0.10965346,0.108300336,0.10958628563218782
0,0.07207638,0.08738276,0.05490719654178114
0,0.08519988,0.101418756,0.12189922407339786
1,0.22429745,0.23575121,0.21105156079523896
0,0.17662345,0.12168673,0.20505302015191754
0,0.06599829,0.0704534,0.08838085561359944
0,0.052739132,0.06352501,0.07664375500213735
1,0.11784911,0.11460418,0.10926268787953025
0,0.060830135,0.062261894,0.04289241691935589
0,0.11657816,0.13749857,0.10523329668890395
0,0.20431611,0.26332843,0.22522841121081702
0,0.099540845,0.08671934,0.0866767529473168
0,0.129159,0.2059177,0.1768411944588147
0,0.16050471,0.15552902,0.15057683465585098
0,0.14104111,0.10209777,0.13044775783081938
0,0.13126823,0.10241763,0.12198863983340355
0,0.04828578,0.038333125,0.03528899586288954
0,0.20356171,0.19403018,0.17549463362257178
0,0.097349346,0.111133225,0.09582096092795844
0,0.07163138,0.056092583,0.07256135337584384
0,0.07942992,0.08431575,0.06773667417792598
0,0.1008126,0.07929425,0.10850009685686329
1,0.081114605,0.073379606,0.07949006026610318
0,0.08045521,0.08068378,0.059821587941080154
0,0.120951585,0.11974776,0.08327706287875307
0,0.08915812,0.078554325,0.08191008155546087
0,0.18562639,0.14907837,0.20426412664243013
1,0.23906766,0.24125706,0.26131853613677214
1,0.1334081,0.13112848,0.11807863317716666
0,0.07221732,0.06894042,0.07198376707624543
0,0.06381145,0.06996455,0.06913463795170273
0,0.046926185,0.050288144,0.05863137272606747
0,0.26804823,0.28346926,0.2734008240874486
0,0.08786387,0.097644374,0.09695267147386374
0,0.12748274,0.094263345,0.10525249435216347
0,0.043328386,0.04043152,0.05177469395877218
0,0.15785038,0.15007308,0.1531443945029678
0,0.09363546,0.0863506,0.11550021856974638
1,0.13059893,0.14160204,0.18961694197435866
0,0.0706032,0.08896382,0.061646863157280636
0,0.12794948,0.16553672,0.09408255119916105
0,0.042133324,0.035616226,0.06362180311740287
0,0.15847537,0.1508772,0.15169290187572523
0,0.06811287,0.06271363,0.055845735997170826
0,0.13738841,0.11146171,0.09182943481910642
0,0.21665682,0.27889615,0.22875859079363392
0,0.1122903,0.10950258,0.11287418430823988
0,0.06811192,0.07952585,0.09344404333720896
0,0.07990578,0.07864959,0.0746509869762324
0,0.05359368,0.05127723,0.03612315310403914
1,0.24410358,0.22477654,0.20847862150157576
0,0.060693774,0.059122656,0.05094956026065829
0,0.09102203,0.072137386,0.09705992013265928
0,0.15080254,0.1138242,0.17372000545640454
0,0.08864592,0.095614836,0.08697833266362805
0,0.12690772,0.12881188,0.1300314721688401
0,0.06568684,0.033621058,0.03598978285319806
0,0.08374185,0.075201236,0.08629297968964843
0,0.21672533,0.27462053,0.2031092456106671
0,0.16580538,0.111772865,0.14959156383249306
0,0.05118074,0.048650898,0.031882908076581916
0,0.06316346,0.067392096,0.06217569140307821
0,0.21842428,0.22660485,0.19546984354544414
1,0.35892615,0.28548756,0.29568443009892215
0,0.12252939,0.11864,0.10165119790505182
0,0.12920798,0.12504452,0.12603923857344349
0,0.04358883,0.041388653,0.032527639174774796
1,0.06904754,0.05798469,0.03366034746396255
0,0.40901038,0.43997702,0.39328816692436436
0,0.05670752,0.037345532,0.05431834954818915
0,0.25582424,0.2505509,0.23487193640261553
0,0.121556245,0.13154325,0.16180886456056726
0,0.0907171,0.09941952,0.09204876530062053
0,0.10734618,0.08106634,0.09837776917100723
0,0.06776503,0.0684728,0.051835937298336
0,0.1275952,0.09628027,0.09624119758144056
0,0.06553265,0.07152846,0.05186236347825417
0,0.12668113,0.10923645,0.11099894004239567
0,0.27852118,0.24633679,0.2175630305994618
0,0.045331452,0.04556373,0.04081105054083648
0,0.054487478,0.055530928,0.061695104565548865
0,0.11250321,0.10334347,0.13929546263255826
0,0.08478429,0.056131802,0.08454492839099104
0,0.07400269,0.07183219,0.08676622504660797
0,0.10591839,0.073600836,0.11294722485432289
0,0.15106557,0.11020112,0.12498373186350997
0,0.07967022,0.0914656,0.07546656006394778
0,0.18726824,0.17098886,0.21400973508204407
0,0.049823675,0.045843598,0.058729787277092535
0,0.07888134,0.092296526,0.07306875577289808
0,0.074457824,0.09014247,0.09528836082885339
0,0.23638272,0.23428275,0.19449272633146306
0,0.05365391,0.065804064,0.06944332881786035
0,0.21066642,0.15206553,0.2023316377453796
0,0.053339813,0.04915269,0.04958919593533234
0,0.24572928,0.16722907,0.20125153147346092
1,0.12098443,0.1443097,0.12207827867846209
0,0.070862934,0.059146974,0.058080336947878494
0,0.09393487,0.093644165,0.04273762293367481
1,0.2627521,0.2602926,0.26101849290530577
0,0.09637663,0.13082173,0.07776198582375385
0,0.110882714,0.12461317,0.1315277939627658
0,0.053059455,0.081538945,0.06792860494452242
0,0.07377678,0.10363538,0.06575968073894825
0,0.113593176,0.11925453,0.0947143259153749
0,0.18402974,0.17322057,0.14293882617138093
0,0.2578061,0.20127042,0.22718734535672572
0,0.115089744,0.12906732,0.12318902930424402
0,0.10445669,0.10500229,0.08159387413554141
0,0.055354133,0.048924733,0.042075968884669884
0,0.22156465,0.24076556,0.1759173719776212
0,0.17011127,0.18151756,0.1754192728164017
0,0.06681766,0.06779787,0.07607180012136885
0,0.13626744,0.15101902,0.11419087914933014
0,0.099769205,0.08468235,0.08687430603553369
0,0.29864383,0.36272013,0.3914982624832643
0,0.04524851,0.045687415,0.050684868602535474
0,0.061349396,0.05987619,0.06289487878017734
0,0.0885534,0.07449716,0.10988450934519736
0,0.15332113,0.18483855,0.15702355951207114
0,0.24313724,0.3046496,0.28808019991218564
0,0.117782086,0.21276027,0.16661131669652982
0,0.07280628,0.08343499,0.1657326047612128
0,0.10063085,0.07780352,0.09471011276609331
1,0.16755435,0.17547789,0.17848891625917943
0,0.081741385,0.06557864,0.12372855727697137
0,0.19401336,0.2036762,0.22778410105388616
0,0.09894426,0.08425333,0.09172148355548157
0,0.18221372,0.23421367,0.16736318410629128
0,0.09676125,0.11752742,0.08722147538092276
0,0.04556885,0.04137861,0.03223350764255992
0,0.13086249,0.16604096,0.1396559613934358
0,0.06526464,0.060030032,0.10035562177935602
1,0.16879618,0.18386966,0.15657571837723303
0,0.15867501,0.16856425,0.18263818541068577
0,0.2320733,0.20365676,0.22346971738757396
0,0.05965845,0.05578415,0.05362501176933579
0,0.12932444,0.13767359,0.1586885976724976
0,0.26984894,0.28927827,0.3238557083081546
0,0.12900461,0.13152488,0.12871331548131745
0,0.058923118,0.05893308,0.07118110134096678
0,0.073815055,0.07789831,0.10368765376243025
0,0.13499354,0.109293886,0.13769287346429895
1,0.0853079,0.11567634,0.1402165855540539
0,0.087923154,0.06566139,0.0936249861663617
0,0.25175974,0.21980277,0.17983762568099887
0,0.10929231,0.10921004,0.09765601484985616
0,0.05527923,0.054653253,0.04890507786718175
0,0.1909874,0.1770846,0.21036351119915433
0,0.12022409,0.1582699,0.13699912411503604
0,0.12197473,0.13747175,0.1367466343692718
0,0.15708081,0.14736463,0.16386295242945642
0,0.0709116,0.063102186,0.1103736808122365
0,0.20790717,0.20882057,0.19201933850237626
0,0.10514436,0.10328154,0.13836324336978217
0,0.07755901,0.08420406,0.07986173287667736
0,0.08969232,0.09889764,0.09410308301661365
0,0.2813588,0.28956866,0.32242404051078327
0,0.09795884,0.07810326,0.09028268092097883
0,0.15161526,0.15494339,0.12531007472788477
0,0.16651852,0.17203881,0.22346710819145343
0,0.06418128,0.057130072,0.044590042680043046
0,0.07321283,0.075712696,0.11093205421410436
0,0.12497557,0.13964388,0.18713314344756737
1,0.22504865,0.30666563,0.21702897321514542
0,0.09528392,0.095546484,0.09052894159786393
0,0.12813067,0.12357679,0.14712403608950217
0,0.06085828,0.07445962,0.06017924646386561
1,0.29569,0.25700206,0.300439077262006
0,0.07887316,0.07069514,0.055868378813278496
0,0.051392842,0.048337728,0.06880467996528652
0,0.18569635,0.20669347,0.2011286908992171
1,0.12057622,0.1049914,0.1065026707681098
0,0.2750065,0.27388465,0.24178044146320354
0,0.11953499,0.14495891,0.09895847840455238
0,0.116671994,0.097454384,0.09462697943523486
0,0.30289817,0.30055827,0.3167162632994742
0,0.14171427,0.10331795,0.13400616051617684
0,0.061065424,0.07719099,0.08621753345391972
1,0.39529875,0.36788207,0.3023527183076577
0,0.117502645,0.124548994,0.13006079550812874
0,0.12586358,0.12348327,0.13209749447613162
0,0.049185682,0.03413232,0.03947265509862844
0,0.11620195,0.1243362,0.10539915080956684
0,0.09617334,0.103757165,0.0851453691171893
0,0.18999235,0.23310816,0.2673692342320963
0,0.23936787,0.2536073,0.1726171441324378
0,0.23568113,0.31194657,0.1930720670958427
1,0.27331305,0.29375243,0.30487235225935516
0,0.057548847,0.055346027,0.05823727220696766
1,0.047128845,0.043634426,0.07010322927769018
0,0.07527406,0.08024513,0.0784265974828876
0,0.08585301,0.09229688,0.08019012943543642
0,0.13614403,0.16003609,0.12815629959187172
1,0.063976325,0.06176358,0.06002262142020051
0,0.10686323,0.12454089,0.1282597742754599
0,0.094206326,0.090454325,0.09567840514975585
0,0.10133962,0.12994394,0.11198797118096976
0,0.07316721,0.06859912,0.04823664488172945
0,0.09192788,0.10975129,0.11563559844927702
0,0.13098258,0.13741563,0.12627999208649535
0,0.07068345,0.0660886,0.05533262333356019
0,0.23985653,0.21523896,0.22593718984756953
0,0.2269281,0.22528975,0.20207854320147214
0,0.075929426,0.067992285,0.0687022998627679
0,0.06998258,0.07618998,0.0776012698286795
0,0.2966582,0.29504514,0.25962025183844073
0,0.05277333,0.055855583,0.06980046207144977
0,0.16861022,0.14471264,0.14058619166709727
0,0.34034055,0.4175047,0.3373190825107716
0,0.078171834,0.054748252,0.07785495305212643
0,0.05962953,0.061346423,0.05096887490682634
1,0.15793362,0.14756483,0.1508777213735892
1,0.1297128,0.10628145,0.1309449519344937
0,0.09269727,0.06686351,0.1198499525867732
0,0.04779452,0.046076387,0.045253179692082646
1,0.107600965,0.116943054,0.1443234382847641
0,0.08960679,0.08010398,0.08658261995771752
0,0.06570643,0.082013704,0.073947690670226
0,0.19146588,0.15198912,0.16184913288970895
0,0.18094394,0.20485437,0.23453952355059227
0,0.22221313,0.26998994,0.12983387571486857
0,0.09283021,0.087533824,0.0594406415575115
0,0.27314004,0.33382484,0.23710499674052357
0,0.052909076,0.046442665,0.057341511739262406
0,0.05566598,0.06364306,0.058508995055266966
0,0.07420521,0.07792906,0.07324868191552492
0,0.12353125,0.09898598,0.10585191827865194
0,0.14564735,0.11672161,0.15996319531607817
0,0.099778876,0.097737215,0.09112153304357534
0,0.10943945,0.071846224,0.07608245898579137
0,0.05550543,0.051906683,0.05894611535115852
0,0.14938754,0.14945748,0.1611215050054824
0,0.053388953,0.06899173,0.046572238998679516
0,0.10638841,0.10640059,0.11859707134956435
0,0.16554293,0.1580737,0.16102335382528696
0,0.10665097,0.12576689,0.11375887641353376
1,0.23493057,0.28322712,0.22015211149874836
1,0.11325275,0.11315525,0.12431837580070952
0,0.18290138,0.14066388,0.15081423963711302
0,0.07094438,0.054446004,0.06408254009986122
0,0.18545413,0.21148443,0.18721492101602055
0,0.33505195,0.34903246,0.29934237976828004
0,0.11952633,0.09690448,0.0907028696853142
1,0.076887175,0.07188536,0.05742050309344404
0,0.099846296,0.09777402,0.10175735234461719
0,0.074249804,0.10132216,0.059504571510322984
0,0.09207955,0.0822732,0.06995150945393751
0,0.06994871,0.08555857,0.06810638752718651
0,0.27571222,0.26180428,0.24862500436904258
0,0.12702689,0.13105783,0.12822638252520296
0,0.07910136,0.06783631,0.07949083247783328
0,0.16248176,0.1446256,0.1735545751354276
0,0.09044416,0.12087086,0.10621334521844164
0,0.3581908,0.40861174,0.3149036822697007
0,0.067034975,0.08706201,0.0764437465408337
0,0.074073315,0.09095306,0.08993247164037126
0,0.18101533,0.18571255,0.15620743490576808
0,0.30557072,0.2551801,0.27053182728653935
1,0.6189875,0.60147446,0.3349143680796395
0,0.095490724,0.1027439,0.08510626788757754
1,0.22067177,0.24535985,0.18072289605378156
0,0.08817421,0.08064751,0.08789549711103843
0,0.15695226,0.19299607,0.1600134477909647
0,0.11430385,0.12646405,0.09692269915476526
0,0.08843146,0.07597573,0.07560505524503996
0,0.17774406,0.20287938,0.22417707365361955
0,0.07176816,0.07081115,0.040008918337289756
0,0.12855025,0.1337493,0.1365137270689163
0,0.13628791,0.14148381,0.13062339971251
0,0.13677669,0.15865454,0.16104641624365149
0,0.22057413,0.22118601,0.19549378660913388
0,0.08757906,0.0625633,0.05252122889526198
0,0.12161179,0.1501437,0.10786353082732955
0,0.16954495,0.19115739,0.17962436605918225
0,0.098873995,0.06575313,0.10048135179705717
0,0.060917147,0.08818224,0.08001707786657586
0,0.09494024,0.078502305,0.06540865796145559
0,0.055924047,0.061100196,0.07716052726628879
0,0.18740118,0.15321524,0.15296128556002042
0,0.15792072,0.13361481,0.12684637135021476
0,0.12816794,0.15552074,0.19208648042853305
0,0.15523155,0.1929413,0.15311045952871058
1,0.12783433,0.13785805,0.12255558010554028
0,0.12941234,0.06692621,0.11238372262651028
0,0.14516287,0.11842026,0.15723660524906494
0,0.09064703,0.11209412,0.13615802684759248
0,0.31303662,0.27615878,0.12751643962510115
0,0.08996953,0.07344127,0.0814094590034341
0,0.08538125,0.069204755,0.082450636415346
0,0.09596644,0.0740849,0.0973053147766465
0,0.09956971,0.10795018,0.07911899324396024
0,0.14834292,0.12354612,0.11387029424647654
0,0.13254626,0.113531426,0.08428521795549707
0,0.046103526,0.05101327,0.05980955571919864
0,0.060508918,0.060882576,0.04781849087014214
1,0.038471155,0.032762658,0.06438481279751475
0,0.2653825,0.32587472,0.2803390931240207
0,0.1610755,0.12706259,0.16167201343794022
0,0.196223,0.2235274,0.18939886533711736
0,0.08741332,0.09500653,0.0953635192047068
0,0.08161994,0.081742786,0.06108844658040793
0,0.073892206,0.07927605,0.0647245044627652
0,0.12626676,0.1483349,0.15245967612989259
0,0.067803465,0.06517387,0.05704898184440943
0,0.089800954,0.074533634,0.132679783740681
0,0.11965647,0.121976584,0.08983499428521559
0,0.171734,0.1662689,0.24710596417801522
1,0.122042164,0.124927804,0.1340028948746397
1,0.041795846,0.029566532,0.047740704580631864
0,0.072637364,0.06540346,0.11409945462274827
0,0.12877421,0.12147123,0.08359789432829927
1,0.10401694,0.10903741,0.0915167851489588
0,0.11922036,0.08938038,0.11470072519676582
0,0.0855631,0.08149382,0.08783484828282721
0,0.069968894,0.077747636,0.06913812581635834
1,0.37023577,0.32819763,0.28715786347910927
0,0.1920671,0.17355779,0.22396274594073784
0,0.08390028,0.07153566,0.11435757522711633
0,0.11737872,0.12922773,0.13911078880411337
0,0.23070824,0.20041437,0.19286995693197015
0,0.11106852,0.14675789,0.17949768121605983
0,0.07711703,0.07816194,0.06496224480149028
0,0.043385588,0.04128542,0.046277224335021024
0,0.17354281,0.20179321,0.239983578387482
0,0.057933334,0.07925541,0.06975516457115362
0,0.26095265,0.21545558,0.2071639139677178
0,0.16080222,0.21290801,0.19145650291452168
0,0.08104679,0.07320476,0.09524398860540031
0,0.065683424,0.06813747,0.05586958143800293
0,0.14916442,0.09432033,0.12575334368850039
0,0.0663618,0.0621488,0.04769135570486844
0,0.072493486,0.07055597,0.07313631848454288
1,0.20705672,0.1873442,0.14431929355032938
0,0.123446345,0.12468726,0.18607408345232557
0,0.095132515,0.099216655,0.10158529108159674
0,0.1135583,0.10395623,0.1186406599998124
0,0.14553304,0.16680862,0.11563201283618664
0,0.08170872,0.09818428,0.08065728316136685
0,0.12506945,0.12874621,0.13445389592063808
0,0.10086611,0.09746703,0.11186012575370523
0,0.03486715,0.028255995,0.04219622352428559
0,0.08977954,0.093841225,0.09215424889977705
1,0.16856945,0.16518146,0.18657488067528252
0,0.14410861,0.13790616,0.14254798640820207
0,0.13269651,0.17042564,0.07284883466938784
0,0.12736177,0.11019105,0.08557308769267905
0,0.04344103,0.038513303,0.05288970483965124
1,0.04817399,0.048061155,0.04004762157321673
0,0.1406034,0.14989915,0.1662942115786231
0,0.15181561,0.17661877,0.21175639441416702
0,0.2316739,0.21224259,0.3230638736907692
0,0.11092091,0.12621798,0.09334625727408563
0,0.11360454,0.10712869,0.05606484270120334
0,0.048499677,0.050885912,0.058816478719312476
0,0.07782922,0.07527084,0.07233208896539729
0,0.11699009,0.11331904,0.09669421993018211
0,0.13713628,0.12730137,0.16161826004454724
0,0.11644396,0.13288538,0.09264480744558369
0,0.1300311,0.13633251,0.12427356278391827
0,0.47822735,0.4643264,0.3513180862232669
0,0.115496874,0.10697706,0.15411295514041373
0,0.1017027,0.12308234,0.11537892483974527
0,0.19741796,0.17939407,0.18563983817395285
0,0.05472684,0.050731193,0.06857623442965224
0,0.08732174,0.0795707,0.07232076376331262
1,0.36406288,0.30606085,0.3414426250653416
0,0.23109566,0.21302052,0.2282422556986376
0,0.11950143,0.09106219,0.1206948013974002
0,0.046230666,0.03413991,0.048386495424959874
1,0.18552507,0.21867125,0.18407114976975772
0,0.23861817,0.2088247,0.18676411120646133
0,0.08377634,0.07549575,0.08937120249270707
0,0.1450417,0.16003805,0.13064303816135053
1,0.057806313,0.07420414,0.07561200364320272
0,0.102745615,0.109165534,0.08571043457691545
0,0.121242285,0.1115336,0.09926341269492205
0,0.10967548,0.08811727,0.14074875542791132
0,0.04538713,0.04557576,0.04342382795542517
0,0.121098995,0.12602451,0.1265276297712535
0,0.08536846,0.079796545,0.10201956196304308
1,0.13507089,0.08396692,0.1318834123951706
0,0.19514234,0.22959556,0.22009150292988652
0,0.1605493,0.14222781,0.1364049900110968
0,0.061888214,0.09927408,0.05236574703540555
0,0.04823619,0.057806,0.05030838006314466
0,0.089065306,0.119966626,0.08241720366721206
0,0.3594273,0.3166651,0.3370245405472447
0,0.12804523,0.18988651,0.15351068812457613
0,0.1023508,0.08391551,0.11504394724223828
1,0.13750795,0.15620446,0.13583670174603577
0,0.14873742,0.11879397,0.12343465915177555
0,0.23649164,0.2130746,0.20547473887832066
0,0.071219504,0.07730855,0.0895738191128685
0,0.08937168,0.1074417,0.09600127066054553
0,0.081007354,0.09611362,0.11445503931313405
0,0.1635308,0.14542516,0.12853250703645497
0,0.13464294,0.11825315,0.11277394430104899
0,0.04331542,0.051184684,0.042778326435148104
0,0.08107486,0.059660316,0.04859544746215368
0,0.11111759,0.11553182,0.11792237588194195
0,0.12946615,0.15881437,0.13951590374993222
0,0.24716237,0.1739656,0.18105593668093392
1,0.20040578,0.24480878,0.20977538539475454
0,0.04401307,0.045586836,0.0446616237712412
0,0.07422827,0.06568985,0.060818527427540126
0,0.049229812,0.041759662,0.03872983746573066
0,0.049171504,0.048351116,0.06917120846816038
0,0.05094543,0.051530056,0.0577462328729912
1,0.06588076,0.07918487,0.08791559846486098
0,0.05487569,0.054313533,0.05781628680165225
0,0.17979103,0.18957649,0.18947894461629772
0,0.22947022,0.22128546,0.20385252154756392
0,0.16425538,0.19519357,0.21285213696991026
1,0.08545957,0.098398864,0.09443729351026903
0,0.039173976,0.032577503,0.03578029360244441
0,0.0726769,0.058819555,0.05275005562394125
0,0.092649534,0.092404604,0.10072535340516765
1,0.47030404,0.43689275,0.38235850825215434
1,0.42286208,0.474103,0.40623634217424853
1,0.578458,0.577591,0.3973364517140018
0,0.1308471,0.12274945,0.13817410018960338
0,0.09040327,0.08342925,0.08110322390881998
0,0.07914274,0.0763269,0.12999918240292208
0,0.3034591,0.28870356,0.2380841462433145
0,0.12069542,0.09892391,0.0949098311512002
1,0.14917539,0.14950697,0.1666182522473451
0,0.082174465,0.095625564,0.11051105624969976
1,0.05476023,0.05472236,0.08170258234038591
0,0.04600675,0.04436659,0.07045143135420852
0,0.34273693,0.31602058,0.21474560266141612
0,0.18434536,0.17285815,0.19645004951367329
0,0.07307687,0.09820548,0.0635085921365688
0,0.07444897,0.058851823,0.09744217127693844
0,0.082026795,0.104604654,0.09812235860988772
0,0.15860257,0.12667911,0.13780256032026675
0,0.06515108,0.061488822,0.08097009777742226
0,0.0941904,0.06200462,0.09239558626457402
1,0.073099785,0.06617621,0.08444300997296615
0,0.4219423,0.44473067,0.3686410960151364
0,0.05605036,0.059047624,0.05233143712716238
0,0.1743777,0.18777524,0.18620005962342262
0,0.16681713,0.16558842,0.18840681374793278
0,0.047359485,0.06312137,0.03719586681717173
0,0.21561703,0.18450077,0.17245868683077245
0,0.10521262,0.073100835,0.12286553585299052
0,0.14646567,0.11266954,0.14399899231165403
0,0.07541993,0.07791909,0.07807699728129087
1,0.104930125,0.096351214,0.1304023956545008
0,0.16196512,0.13764387,0.1626997669278116
0,0.08194392,0.091629855,0.09092617646606391
0,0.25870562,0.2302594,0.2165708996534485
0,0.1045894,0.11968554,0.08289305754475045
0,0.1976561,0.27242738,0.23525323082426022
0,0.083189726,0.06417541,0.07399705991385051
0,0.12922965,0.16623162,0.14215922184785243
0,0.1052348,0.07952174,0.08179757790500376
0,0.13317561,0.11770913,0.11778573395621028
0,0.067108884,0.050603382,0.07600349294398155
0,0.1621351,0.124695644,0.16037657700150998
0,0.093770854,0.10105162,0.10537400878639236
0,0.14427646,0.13062936,0.1390173460680724
1,0.19529518,0.20005614,0.32409209181329846
0,0.04896202,0.051804673,0.058154801199846236
0,0.060812835,0.0717126,0.06050899442786498
0,0.063296035,0.07751532,0.08256165950410273
0,0.06365294,0.08117859,0.07218627086988803
1,0.07851721,0.09300263,0.08620729415547236
0,0.08594875,0.093045086,0.06867720157929962
0,0.09462748,0.09458458,0.09565029635546693
0,0.06859042,0.07209721,0.08782105735011805
0,0.12241475,0.12954742,0.12226660118502673
0,0.06518359,0.07503366,0.07163436115709315
0,0.11713826,0.09591315,0.15365501009087443
0,0.0580001,0.04864751,0.06576487451917618
0,0.068153515,0.07967198,0.09292626646585095
0,0.06815043,0.06377158,0.04939687207896761
0,0.09152983,0.08188567,0.08260009816161243
0,0.15632047,0.15453282,0.14626046494912404
0,0.05583484,0.060160182,0.07554832538850913
0,0.038542368,0.04613344,0.05126334294006326
0,0.21177086,0.26660374,0.2097322520935343
0,0.09885605,0.101469845,0.08673548025857329
0,0.062470287,0.060437478,0.07319945044185026
0,0.24688447,0.23506638,0.2537138804765783
0,0.071335725,0.076230615,0.06510575646815
0,0.36458302,0.49644235,0.34645416727109135
0,0.11112044,0.097305715,0.11043627242128637
0,0.09093406,0.090946235,0.11792085780600416
0,0.3476296,0.41414973,0.25021342149862025
0,0.09141267,0.077981904,0.09074669032488555
0,0.050829798,0.056181405,0.05615343308662884
0,0.09919416,0.112039156,0.08873332176635088
1,0.27062175,0.2660968,0.19188934479388037
0,0.13510503,0.16302119,0.10719849040259284
1,0.1553898,0.1439699,0.14668487649717263
0,0.13789725,0.09480092,0.13722983699231725
0,0.033590358,0.03730354,0.048066177823717825
0,0.14731845,0.10570714,0.11242932685492245
0,0.103645004,0.107554615,0.09651460540392554
0,0.20304842,0.17865413,0.16594342006685886
0,0.18061344,0.17684689,0.18403207832313123
1,0.18912314,0.13155891,0.14626500177565532
0,0.04591406,0.043047704,0.04854202087632351
0,0.07201836,0.055920456,0.07520184665146872
0,0.10391525,0.09372706,0.12477698786662471
0,0.06974561,0.041520532,0.06884187163318363
0,0.11407742,0.11062362,0.1056916281618392
0,0.05158668,0.04791298,0.04882117036606813
0,0.14911291,0.17791444,0.18641501882285882
0,0.057223976,0.044221308,0.07663490912424077
0,0.25456092,0.29425415,0.24442865599851937
0,0.113756016,0.08886408,0.0693749677496035
0,0.1414839,0.14543667,0.13021913963957613
0,0.10188368,0.11385064,0.11287270523640053
0,0.16026086,0.1538652,0.1689047775706877
0,0.07508527,0.1187755,0.06451882907029448
0,0.061054096,0.057004537,0.06570288398307907
0,0.06428289,0.07455199,0.07119562596294304
0,0.11997202,0.12720326,0.1264794776329531
0,0.07482881,0.06138348,0.07777518716148991
0,0.14871736,0.13250989,0.11973742128469214
0,0.035845477,0.02603414,0.04381773092104996
0,0.16581345,0.14280371,0.13405396546689288
0,0.14873081,0.22756365,0.23159506582297
0,0.2383033,0.24920888,0.16743492630981435
0,0.082269296,0.07124042,0.10904158466089335
0,0.054220926,0.04614344,0.06928017026567306
0,0.08171788,0.07972065,0.05527862775635428
0,0.028502254,0.02710398,0.04328903976088731
0,0.07590028,0.060566455,0.07531847787224599
0,0.09334728,0.093606606,0.1248615749456206
0,0.11393082,0.10947994,0.11194192586541606
0,0.114005364,0.11390126,0.10465210671362354
1,0.05306567,0.06325541,0.0644850478585052
0,0.14635028,0.12382583,0.19434331518345757
0,0.13953918,0.123829976,0.14658578737346403
0,0.051190883,0.05602743,0.033110368413054245
0,0.12870724,0.14564788,0.16643891914806855
0,0.10878302,0.110468246,0.11852110266251824
0,0.10376931,0.066137016,0.09549949279409238
0,0.13956764,0.10007918,0.12788810069312792
0,0.107291125,0.1389179,0.1445130103672954
0,0.044944834,0.048363015,0.04370140181837091
0,0.08269125,0.07656832,0.07594556997381222
0,0.18150008,0.18908633,0.2045270491618223
0,0.055264354,0.06276706,0.07675991848968566
1,0.0932101,0.12508227,0.15328489041048168
0,0.0802443,0.06629955,0.06768319378633302
1,0.33263898,0.2193412,0.17588153707378062
0,0.03625083,0.040228136,0.042616985315562496
1,0.105117515,0.11340076,0.10548764271285725
0,0.063801,0.07948501,0.06879779849340759
0,0.4112953,0.31403077,0.3328781114948776
0,0.05906488,0.045499552,0.06329549325601672
1,0.1303411,0.13447723,0.12372400254204412
0,0.03150214,0.031801812,0.040688678697803286
0,0.12641567,0.14755139,0.15652767717427807
0,0.31740087,0.30724972,0.2521476282874689
0,0.09853879,0.084788084,0.08899900646125572
0,0.25489393,0.21272162,0.20467280223596002
0,0.14129364,0.11262173,0.11965602433186201
0,0.101880796,0.09161849,0.0723319050692216
0,0.111196145,0.12073563,0.17638749882255625
0,0.15494668,0.1769911,0.23271631325855455
0,0.24791615,0.31529656,0.22322029083453623
0,0.258086,0.2529856,0.24304382245098385
0,0.1500929,0.10173071,0.15118559849731758
0,0.11672074,0.070522875,0.08378339366858353
0,0.20435044,0.23504505,0.18597708573033975
0,0.13734864,0.1122103,0.12294796519268844
0,0.3492853,0.42643648,0.3404895517771063
0,0.11799079,0.11135659,0.12139024313156702
0,0.17633797,0.14174885,0.19141413346567937
0,0.05456661,0.04832948,0.06404239921296645
0,0.07004913,0.08610856,0.1136126804630485
0,0.053714674,0.056983918,0.047444237458800796
0,0.05762418,0.052879695,0.07201317348761431
0,0.12232309,0.12361129,0.1252261204379574
0,0.080433436,0.09502945,0.07266136199493407
0,0.07474412,0.07465462,0.1037101269339203
0,0.2107291,0.21421555,0.1381290040683939
0,0.043657083,0.04709615,0.044598047551210204
0,0.117365606,0.10590591,0.07425904468934896
0,0.049741127,0.049679186,0.03700612550305664
0,0.15666336,0.15744036,0.1809509052771611
0,0.10073404,0.09660813,0.09504722816196398
0,0.086719394,0.09863093,0.10248873537235359
0,0.1260255,0.14503954,0.1177979138590201
0,0.040719815,0.030733677,0.03714765940933006
0,0.16957277,0.16343164,0.17212170698422666
0,0.12303848,0.09450953,0.14042039130767794
0,0.073926575,0.08415664,0.08526158066349523
1,0.12070356,0.10582739,0.10451305159573399
0,0.034000292,0.049795274,0.06932185882884698
0,0.10062281,0.12857342,0.09916017250608734
0,0.067406915,0.06343383,0.07330232964338676
0,0.25182423,0.19978502,0.19231632694496606
0,0.07828865,0.07948464,0.07260719566774997
0,0.13320446,0.10673998,0.101766989863837
0,0.12285834,0.103794195,0.09920042665433161
0,0.083516985,0.07452517,0.10068869468391982
0,0.052834775,0.041884746,0.05334671420540055
0,0.059074637,0.051712207,0.0607377906607802
0,0.10380988,0.09368719,0.13653862667258737
0,0.057833847,0.049178284,0.07223964511133947
1,0.124259986,0.11156588,0.1450596061467682
0,0.13619177,0.12255593,0.1454918600418874
0,0.067804396,0.06501198,0.09150415043585325
1,0.31930715,0.34890535,0.256959249136276
0,0.075292185,0.0785673,0.0785701544309199
0,0.037957348,0.037706703,0.06370082386128076
0,0.10107617,0.09140143,0.07691362782512294
0,0.06782934,0.08196646,0.08321471516961339
1,0.31238827,0.25157207,0.23395602960261122
0,0.087102756,0.09577239,0.07252370178929345
0,0.12882149,0.128608,0.1215667997668849
0,0.077512644,0.08102517,0.0865199031407661
0,0.048093464,0.040645078,0.055313209813499575
0,0.12528421,0.19026054,0.15814928141023998
1,0.17060274,0.17764261,0.1664576016990528
0,0.12531772,0.14151652,0.16525937577872854
0,0.10446704,0.09627952,0.18113536489126922
0,0.117357105,0.15189578,0.12223679135885043
0,0.099728234,0.1007128,0.13209421095600152
0,0.34038895,0.33103633,0.359287385832492
0,0.2218446,0.22359952,0.19299455097636828
0,0.12796874,0.12570761,0.20612072896775177
0,0.2573654,0.2384943,0.23764681640371635
0,0.08584019,0.082802124,0.08087583566614888
0,0.19524096,0.16861677,0.1128614187916611
0,0.22236094,0.25516206,0.18020606690144506
0,0.095772594,0.08943266,0.09028569196510074
0,0.14488421,0.14915136,0.14312348285221696
1,0.096911505,0.08681558,0.10391048837831574
0,0.17218049,0.22944826,0.17144902847604768
0,0.17085105,0.15229869,0.2204873057310992
0,0.14141746,0.14720061,0.15418720565916183
0,0.11140967,0.0910362,0.11021289640521152
0,0.07300566,0.063973986,0.057720619240521805
1,0.14991258,0.1613822,0.11875560805076445
0,0.074306086,0.07564707,0.08073441434136087
0,0.15674266,0.12177234,0.18967899933126667
0,0.047950115,0.039266843,0.04860649469181144
0,0.24263337,0.2339239,0.2563890283529528
0,0.09986007,0.11529252,0.11139453935717675
0,0.124091156,0.12354293,0.11714776834269487
0,0.15975484,0.17181264,0.12875312669544545
0,0.043472875,0.046891775,0.08282841559474641
1,0.057508912,0.07985966,0.04723973242122132
1,0.12313204,0.13581003,0.10603347512523835
0,0.06501328,0.0764458,0.07469520687622662
1,0.48431706,0.47373325,0.33617138275050973
0,0.06651493,0.061822988,0.07310086032613608
0,0.12577055,0.08199425,0.1295976440201656
0,0.1895845,0.11630636,0.16285326474595788
0,0.099126585,0.10208187,0.11005184004598786
0,0.09962864,0.11631282,0.13035026296080898
0,0.17302555,0.14338496,0.14608226039312916
0,0.042970285,0.038433712,0.07732071929083653
0,0.114031754,0.11490236,0.0950359297430328
0,0.071705826,0.057160676,0.07444399855766302
0,0.0874354,0.09084416,0.07692845670350107
0,0.047333166,0.030624578,0.052465919904536876
0,0.14888074,0.10863257,0.14374805881312103
0,0.107515536,0.15443613,0.1467656905247837
0,0.12789147,0.10394459,0.1163911916459626
0,0.09182967,0.087952875,0.0783698995191871
0,0.14346324,0.157774,0.11763636595273133
0,0.07853812,0.07117815,0.10062601164279018
0,0.12751813,0.12474314,0.13681582593479322
0,0.2687889,0.22290502,0.2669582164449208
0,0.040504865,0.03798906,0.04002811915277759
0,0.18394716,0.16761613,0.14961539046766978
0,0.124410264,0.097487204,0.10427233488127424
0,0.16611588,0.18693413,0.16188916185301752
0,0.21906626,0.24891208,0.158403833262842
0,0.14992219,0.12947525,0.14637354028178365
0,0.086313345,0.09689448,0.11056765810073708
0,0.07653186,0.06950975,0.06773048423057897
0,0.19861008,0.23640361,0.20595261504427692
1,0.108008444,0.082426906,0.07480002741090874
0,0.1571336,0.12288539,0.1288317003568065
1,0.2773743,0.27904284,0.1975323954020429
0,0.07982016,0.09969409,0.09612278616662695
0,0.24792366,0.30117708,0.2333130027150762
0,0.08773961,0.08199355,0.09227213200531521
0,0.088602096,0.08582842,0.07608973513861399
0,0.20823205,0.19313651,0.14233303951771784
0,0.06074128,0.06540509,0.040936808054987124
0,0.2605577,0.27953374,0.2502284271710366
0,0.10658395,0.09155638,0.12377327449048486
0,0.08469902,0.07637796,0.06165975624567323
0,0.08579855,0.087110385,0.07618959499318477
0,0.14806566,0.14360026,0.14565672611863775
0,0.060559995,0.05316691,0.04492355908466226
0,0.081131,0.068608254,0.08249875648540232
0,0.08098867,0.078721,0.08188961413354634
0,0.24139224,0.16548963,0.16732000258294835
0,0.05935049,0.049781106,0.04183269064754717
0,0.13553992,0.14024395,0.17053422600781562
0,0.072201625,0.090414114,0.08871847321717906
0,0.04469803,0.045234382,0.04820100152051586
0,0.14356183,0.16320458,0.15592600383371483
1,0.11404516,0.093396515,0.111774368494878
0,0.17928958,0.16450249,0.17855922854471168
0,0.0667818,0.05730667,0.07807492037827075
0,0.13747875,0.14413603,0.14045819937121562
0,0.1958271,0.18788846,0.1744111977956383
0,0.083617374,0.091225356,0.10112390128418006
0,0.12071069,0.0857412,0.0744299984038811
0,0.089822136,0.10903277,0.12613340870983916
0,0.09463972,0.106526576,0.09280401500178141
1,0.38327464,0.35773355,0.34844854427850896
0,0.1163434,0.084386975,0.14271976096352368
0,0.17369813,0.11421223,0.14316203154743118
1,0.5038367,0.47261956,0.36494641322215443
0,0.20524366,0.23205633,0.19907272817227378
0,0.13965976,0.12466361,0.16558331626479286
0,0.05960361,0.07658254,0.05811673438356291
1,0.18198264,0.12924755,0.17675231563839364
0,0.07011775,0.07716047,0.09370224517950516
0,0.08215395,0.07146682,0.09402458778141867
0,0.08264079,0.08316135,0.07857733261235642
0,0.09950152,0.12826256,0.0730938447760353
0,0.099015094,0.09019689,0.08669075257362814
0,0.14240582,0.1269048,0.13295953905586871
0,0.05589236,0.048746407,0.052453230009751675
0,0.12508005,0.11997676,0.10508663186729919
0,0.09892727,0.11625671,0.08872309330283791
0,0.121233284,0.14728543,0.16347857702759352
0,0.06170105,0.06585221,0.0808081142093762
0,0.047620736,0.037394747,0.04292798221714731
0,0.11436145,0.10629393,0.09647560563501491
0,0.07526981,0.08078149,0.07892859116567062
0,0.06553022,0.083315864,0.06596078840616022
0,0.15742858,0.15004194,0.1565831042749051
0,0.04594132,0.032679502,0.04030741492778354
0,0.08582485,0.09465712,0.07463938592937817
0,0.095314324,0.093421824,0.09316752235622082
1,0.21596777,0.19363455,0.21372909882730196
0,0.18715638,0.21888186,0.19976663791381652
0,0.087679304,0.097491324,0.10162683366387021
0,0.0841704,0.06470351,0.05865953796490547
0,0.096581884,0.10574419,0.07738727389615666
0,0.035749625,0.033206794,0.05166477699905853
0,0.12516297,0.1390959,0.1658138516711181
0,0.08656915,0.09107166,0.07983179900999844
0,0.13625798,0.20764574,0.13098854556979975
0,0.051838364,0.03604943,0.05555694542232815
0,0.07034421,0.07494083,0.10113415201758481
0,0.07253759,0.07301492,0.0794357548735662
0,0.06520556,0.05151245,0.07280917986615175
0,0.14312086,0.13759942,0.1388090828139496
1,0.08959151,0.11690473,0.09378016752412319
0,0.1257916,0.10253191,0.13014224985152767
0,0.0812685,0.066411026,0.08289702371817517
1,0.096580796,0.1056513,0.10109417159622862
1,0.0842068,0.09295499,0.12036564875048984
0,0.04919484,0.041527685,0.04633043765382835
0,0.098186515,0.09123756,0.10144882044430585
0,0.035845567,0.03654079,0.04034679454369426
0,0.35534307,0.3814449,0.3956796152131848
0,0.05279647,0.05683277,0.06293263333271637
1,0.40533668,0.2996994,0.2555948717552516
0,0.151196,0.15581875,0.16935063246990448
0,0.25035235,0.18617527,0.171845521895796
0,0.028934605,0.030653376,0.035678390868347884
0,0.06385323,0.067441754,0.05656571337633026
0,0.07387702,0.064590104,0.08061606073069841
1,0.2041816,0.15420435,0.1489436966766355
1,0.11386921,0.10473863,0.13259833488834985
1,0.12299013,0.13484941,0.11499775421633875
0,0.114080355,0.098312385,0.12472496957490158
0,0.036227547,0.03432951,0.029348611008177775
1,0.04893538,0.047593154,0.042395535670349524
0,0.09895224,0.11915783,0.10745347077234328
0,0.099169366,0.07961211,0.0927330698038183
0,0.17854907,0.17637095,0.14756368890065846
0,0.1414209,0.12586527,0.13041138685967804
0,0.057438795,0.06120439,0.061548070288159326
1,0.11194373,0.11848822,0.10019952324630696
0,0.067542665,0.07018624,0.08328172675808287
0,0.094729975,0.10651019,0.08697839606450264
0,0.13269359,0.11863014,0.09670921412911608
0,0.12265523,0.13238353,0.13525823619509267
0,0.07466491,0.1006606,0.09741456380996318
0,0.07691128,0.04965384,0.06322108018937586
0,0.14742546,0.13981755,0.1323818052928372
0,0.08070702,0.0926026,0.06275695828622004
0,0.085937396,0.06945665,0.0984695288495281
0,0.14498208,0.1172239,0.1361197126234213
0,0.08062676,0.08277227,0.09675426406151078
0,0.15042919,0.120413855,0.15152512058958148
0,0.1067608,0.09791342,0.10394351113496372
0,0.11542593,0.11563539,0.12143710838267664
1,0.1488104,0.23243462,0.1832901411246813
1,0.16118543,0.1358917,0.16858535270632924
0,0.23932144,0.26400304,0.2064885578129738
0,0.124970816,0.11997635,0.09775621921466787
0,0.11668661,0.093919694,0.13465407713511998
0,0.09624127,0.09733341,0.13719831997813547
0,0.050002355,0.05334487,0.054495498867093886
0,0.092025205,0.09524096,0.11191865024327767
0,0.042624116,0.03308897,0.04247713312288829
0,0.08890983,0.12766008,0.11051419783856373
0,0.025521215,0.025983792,0.026271119194744667
0,0.056553148,0.05260953,0.04699367323304549
0,0.097951315,0.08350872,0.09065267733552225
0,0.060964357,0.055958357,0.043103250162750746
0,0.037461523,0.04486145,0.04945007881356868
1,0.13046838,0.14316542,0.1642622029818577
0,0.098116696,0.10027641,0.11196151495626468
0,0.13017829,0.10013732,0.14526600622826907
0,0.1503353,0.15134324,0.11339300626089088
0,0.15957339,0.106042966,0.1829762325091858
1,0.19082943,0.23440473,0.18665703365535188
0,0.085291125,0.09430034,0.09273616998095582
0,0.0744231,0.06674606,0.06708275674533673
0,0.17516208,0.18460411,0.15804775909347804
0,0.08933594,0.07162396,0.06788385939567115
0,0.106536105,0.079807304,0.12506290127382536
0,0.07588949,0.06682568,0.07315250416054804
0,0.05241813,0.05603337,0.04394914371306848
0,0.06581165,0.08838888,0.11894391991823093
0,0.045840845,0.05405173,0.07139705135793475
0,0.24965228,0.29077134,0.2748398015277145
1,0.14428239,0.18993327,0.14457908930578484
0,0.14951098,0.11908943,0.15873683749626943
0,0.08341257,0.080469385,0.08163014919914197
0,0.09276101,0.0881564,0.06815570618121798
0,0.044707134,0.054228373,0.05293892907565647
0,0.10911236,0.12057934,0.088248623836054
1,0.15682065,0.14621517,0.16593628499866664
0,0.0980338,0.114272214,0.09967540071651008
0,0.046791196,0.04031115,0.03951114072617888
0,0.06775033,0.04887206,0.06991166331589989
0,0.09429272,0.10773567,0.10869978024556316
0,0.10456745,0.07635016,0.06602929927400127
0,0.15208746,0.14361636,0.11877948157749428
0,0.14506522,0.11536256,0.1186803938031199
0,0.057076786,0.054088656,0.0790870220419009
0,0.11136759,0.110452764,0.11810559495287837
0,0.083127595,0.07886659,0.07669325154249672
0,0.14569606,0.13651152,0.16925405047233882
0,0.10609942,0.09179738,0.06402026883868187
0,0.14192812,0.13739602,0.1367281029970216
0,0.06278942,0.052797746,0.07951127085880487
0,0.07169003,0.06512505,0.05774619227807264
0,0.1245024,0.12520695,0.08241355953211346
1,0.14150679,0.17393841,0.12987089272787578
0,0.180965,0.18543588,0.16318339880378396
0,0.14394808,0.1283392,0.1319100750187445
0,0.18186064,0.16189715,0.25046275425282416
0,0.06764237,0.05823114,0.06493243540654693
0,0.10287457,0.11340206,0.11990606574371165
0,0.19295628,0.15593918,0.2089954608779778
0,0.11871007,0.07953481,0.11265728210563047
0,0.06948968,0.07778298,0.07989146222698318
0,0.09047373,0.08401143,0.08572177194659944
0,0.05662923,0.05494867,0.054792519993351906
0,0.11293026,0.16702826,0.21732949017476355
0,0.088499196,0.08838556,0.10251787067753201
0,0.07191812,0.053063504,0.06822639632660113
0,0.40337813,0.2633606,0.3482377639607549
0,0.22142303,0.18488126,0.19821627398433436
0,0.082434535,0.07866719,0.07375153181103059
0,0.08536256,0.07543887,0.06195341175718071
0,0.11195367,0.123113394,0.12488825026019411
0,0.17692319,0.20045714,0.19159561315430002
0,0.16865051,0.1842388,0.1755473646059326
1,0.20843205,0.22102599,0.2116429293411937
0,0.15533668,0.1240443,0.15216815332598144
0,0.10353812,0.07468795,0.08102220669842534
0,0.086231604,0.08920045,0.1254778795729358
0,0.123178504,0.12736958,0.14414051213776496
0,0.17859042,0.19545871,0.17007369291408866
0,0.23396465,0.2621408,0.21649181991488078
0,0.07412416,0.07321727,0.0962722873418925
0,0.047713898,0.04465045,0.04514907341329746
0,0.15590967,0.13991746,0.16999379834186615
0,0.14861947,0.10522683,0.13477873437664573
0,0.04328424,0.04799011,0.03642777907858125
0,0.12906282,0.15329526,0.18563067290333216
0,0.057038803,0.078904934,0.05749375844322258
0,0.05441756,0.056965716,0.06111334586749685
0,0.12290262,0.09655875,0.10809441109334833
0,0.06605172,0.058954485,0.09703319715423331
0,0.09901431,0.10231638,0.12289940012566855
0,0.14205258,0.13583075,0.1492079695597114
0,0.20555252,0.17960286,0.16398311046211758
0,0.07701044,0.07066268,0.08575707431350761
0,0.08013143,0.067495085,0.060944481399514486
0,0.15132561,0.16668566,0.16885023661840726
0,0.18777286,0.2267284,0.20361139457042216
0,0.0571146,0.0700841,0.0676005214040294
1,0.4682446,0.40893477,0.36218441099118587
0,0.3432919,0.3043013,0.2559154292179865
0,0.095215134,0.100942,0.10254499735554273
0,0.117121324,0.12097914,0.14874947158276872
0,0.13984518,0.13972501,0.13412675778201083
0,0.069779344,0.07061924,0.06485553775459411
0,0.16287339,0.113738164,0.12248453174580488
0,0.18980192,0.18929052,0.18573729398127306
0,0.10143955,0.090190336,0.10602088600758654
0,0.110014,0.13680035,0.13850276083565127
0,0.04796801,0.05521067,0.06126685946245659
0,0.098972544,0.12778874,0.06309935940535118
0,0.11165541,0.080763415,0.14092978809767598
0,0.18335693,0.21424638,0.17864026765542268
0,0.10276659,0.074434154,0.09464785459068437
0,0.05097076,0.049497098,0.05943667405177081
0,0.09165409,0.10169248,0.06672521265152694
1,0.05651713,0.051729336,0.09130090398117156
0,0.20836191,0.26804084,0.20576117133489025
0,0.046147376,0.045620155,0.04019696631933544
0,0.054637045,0.051138528,0.046057463949196194
0,0.09724515,0.08120994,0.09719830083005854
0,0.18467088,0.20733425,0.28102779277120793
0,0.09541221,0.09300745,0.10742942585532368
0,0.040293954,0.041492473,0.03419476405919216
0,0.21592005,0.2324088,0.1816755658030471
0,0.13763288,0.119636595,0.11933972945689268
0,0.075325124,0.060038354,0.06461118752283695
0,0.15611105,0.20054144,0.18120522136302583
0,0.045536924,0.06847822,0.060251809840003126
0,0.06832518,0.074438535,0.06257001091859374
0,0.085661724,0.110397816,0.12684020580361854
0,0.09544545,0.09562405,0.1349329173246692
0,0.07342931,0.06599854,0.07616799723018768
0,0.06522742,0.04084577,0.03951072615555106
0,0.0661103,0.05065132,0.0727489232376399
0,0.08248559,0.06987162,0.08775126256092473
0,0.19061987,0.18921809,0.20500567572234626
0,0.021515504,0.021722017,0.017013894352531013
0,0.084397614,0.092295185,0.05906243233670415
0,0.15237688,0.1865164,0.14446617889532304
0,0.052058153,0.057931293,0.05953410969255833
0,0.39534935,0.2348505,0.40025037452852974
0,0.16747679,0.2113258,0.2455323026363783
0,0.20413807,0.19313452,0.24845377304893257
0,0.09838196,0.10827732,0.11902628237885605
1,0.09381929,0.09134432,0.07760967107448982
0,0.08572518,0.0840487,0.08180303419922463
0,0.10024423,0.111962184,0.12729055408293216
0,0.07076406,0.08627885,0.06394389239179389
0,0.20167549,0.27333882,0.18371497999455788
0,0.12040839,0.104101256,0.12534624273247003
0,0.051033527,0.05495792,0.053790545836795836
0,0.048910666,0.043157738,0.05263758624244773
0,0.17550719,0.1816712,0.15520527536105666
0,0.48842287,0.46477208,0.2583275280728368
0,0.1528948,0.1256104,0.14327895368927343
0,0.059276383,0.07195426,0.0875943009011563
0,0.13004252,0.11268194,0.11423209833387009
1,0.1327252,0.1076731,0.118672369721251
0,0.15125938,0.13541576,0.11634087425925822
0,0.24198613,0.26698354,0.2561363640336529
1,0.2515597,0.16679303,0.2297613353228262
0,0.16731773,0.18272887,0.15104099309746596
0,0.1948537,0.15852891,0.16590466263174966
0,0.05985224,0.05667525,0.058096855716722955
0,0.056796703,0.065335065,0.06198499779574204
0,0.050840218,0.04253787,0.056609725142137884
0,0.11203452,0.11621424,0.10069593613469957
0,0.08465128,0.0827453,0.06054956387529589
0,0.08136601,0.10766304,0.0616778422557898
0,0.24582106,0.29280868,0.20310091764845614
0,0.18886113,0.13996372,0.2062673146502938
0,0.2946324,0.18873885,0.211018085753203
0,0.087237895,0.100211464,0.07485069023283385
0,0.05496514,0.05366639,0.05239647274279132
0,0.07212551,0.06384021,0.07613686335489063
0,0.08967332,0.093003936,0.11893392663587209
0,0.075257935,0.07226809,0.07890525102753597
0,0.06603298,0.06899015,0.08751077657453174
0,0.07635741,0.07466841,0.06193202836418939
1,0.14300647,0.16411364,0.13297807865679825
0,0.14333421,0.113703676,0.17854675640368758
0,0.35326812,0.31650445,0.2362855447662593
0,0.06159653,0.08526379,0.0966092085626385
0,0.085742295,0.06514834,0.06401298761167064
0,0.07171657,0.11101636,0.12464148214718296
0,0.04938029,0.039381657,0.054584826681434
0,0.18547864,0.21937355,0.18773781071089024
1,0.28395998,0.20201324,0.22118336242967412
0,0.11162809,0.12842768,0.1339178335704673
0,0.10355985,0.112378,0.0828657766568108
0,0.16825359,0.23167478,0.1879692839309437
0,0.06819861,0.06653745,0.0850701976034801
0,0.14588156,0.10258115,0.16352857893061354
0,0.04307399,0.04851387,0.04247654887124427
0,0.08852985,0.113818236,0.10482709407692162
0,0.059471652,0.059722465,0.04463548591243571
0,0.07408555,0.072725244,0.10161759478985548
0,0.06594373,0.05210667,0.08643689872315012
1,0.12816122,0.11999178,0.09439390291021067
0,0.12514402,0.12631583,0.1257504298372709
0,0.030125126,0.025826063,0.0195053971391339
0,0.09677613,0.11914978,0.0932852927550813
0,0.06458328,0.06934755,0.06518736071848366
0,0.15686007,0.121363916,0.1583809447172285
0,0.064762026,0.055425648,0.06471162822770823
0,0.30833456,0.26021776,0.21287653702557044
1,0.20889239,0.29200515,0.33895177435426094
0,0.18468952,0.17142993,0.22403451439288158
0,0.11374821,0.1390711,0.11856141072576183
0,0.14556839,0.1418354,0.12721868786828583
1,0.18091081,0.17762479,0.19156620782680275
0,0.10160411,0.08277002,0.08798786689463257
0,0.024614582,0.02097432,0.0558377099753342
0,0.15866512,0.16861273,0.15755525668980916
0,0.5831157,0.5748928,0.4453640067268663
0,0.07393766,0.070392855,0.05963619508895216
1,0.15301631,0.16880818,0.13582153733821922
0,0.09502418,0.11558954,0.1111700171685898
1,0.18275544,0.17046393,0.21348585546685536
0,0.083679914,0.08038668,0.1209673158747809
0,0.07853826,0.101214975,0.12615895070592825
0,0.2199758,0.17789301,0.19279345250345353
0,0.038070638,0.031010753,0.06709719176947294
0,0.08820207,0.10002418,0.0939151028919527
0,0.2129679,0.1805703,0.2097765227692091
0,0.06028512,0.047860846,0.05151927426195349
0,0.14359415,0.13773896,0.2206127400916041
0,0.09096327,0.087709926,0.08193457612263574
0,0.15038928,0.17119893,0.19098495047207936
0,0.105701946,0.0985998,0.1516972607998946
0,0.07473993,0.06467469,0.06407146532824218
0,0.10027456,0.10092216,0.10310892227363333
0,0.12866549,0.14518133,0.14329804805014865
0,0.271972,0.3499239,0.23513740359818588
0,0.057142828,0.0629512,0.05438209888731037
0,0.093563266,0.09130421,0.08645078269500098
0,0.10776671,0.10527208,0.12721815409092263
0,0.07349933,0.10012772,0.11363042360114724
0,0.1708772,0.13006121,0.14552204807357974
0,0.11350585,0.13377048,0.13183400176702306
0,0.11529332,0.11753434,0.06889304450012268
0,0.105764166,0.0914653,0.11326758600217965
0,0.11277465,0.1206381,0.16559736862393884
0,0.0759349,0.069782354,0.06507867451661972
0,0.09247719,0.13341999,0.16594872273482852
0,0.12798075,0.13910694,0.11532772958105793
0,0.08653735,0.11627935,0.15149666092754333
0,0.12861052,0.15823224,0.14973787288677173
0,0.086143576,0.08871339,0.1104932925991456
0,0.06058519,0.049213912,0.05901851460234128
0,0.12347888,0.1777004,0.11489206855315187
0,0.08740307,0.07198392,0.07994669370298081
0,0.050028186,0.05277464,0.040308198267870916
1,0.11890483,0.14890529,0.11216481872228913
1,0.14774983,0.20145847,0.1277211915972775
0,0.07436838,0.070158035,0.07798667092194306
0,0.09716824,0.11632345,0.11552530364289326
0,0.05283895,0.04901498,0.0689486732374675
0,0.096508436,0.083557494,0.11266850204146575
0,0.08042097,0.052585885,0.05861605523456384
0,0.11843679,0.15528509,0.09679146289969584
0,0.07543347,0.066455446,0.07458637198113034
0,0.11298466,0.14547732,0.11805532952417827
1,0.13634564,0.12349535,0.11677925289738453
0,0.10526242,0.10849693,0.13305293270694568
0,0.054159325,0.057623956,0.1063117753642768
0,0.059513636,0.06588255,0.05456906054414534
1,0.33620176,0.41150627,0.3537424847972466
0,0.090910174,0.079114616,0.08898483951978708
0,0.11665967,0.1297015,0.11851377983622353
0,0.09235384,0.07359133,0.09395702575185794
0,0.10798297,0.09840521,0.1013292868379405
0,0.13190135,0.09899908,0.14107934266003855
0,0.062416203,0.06490017,0.06180639069760298
0,0.08643078,0.07337881,0.08075496870467924
1,0.59618086,0.43495896,0.44122201751006407
0,0.11096976,0.08676434,0.08187665889190643
0,0.2479961,0.19521399,0.19075377098083637
0,0.03724561,0.028380984,0.040014987342732414
0,0.050262462,0.057235114,0.0612494716309373
0,0.06462221,0.06044391,0.057641407611001276
0,0.25538832,0.21224774,0.17444506505793395
0,0.10045916,0.07467284,0.08814994203070478
0,0.08255748,0.11945704,0.09287944814414921
1,0.048724763,0.08490977,0.045481355605713925
0,0.052327663,0.06126679,0.0603379708788465
0,0.19998218,0.2421889,0.25010620443722836
0,0.07746337,0.054800693,0.0737933482579697
0,0.11202886,0.12317088,0.11878863182125902
0,0.04401009,0.056733683,0.04495109253048194
0,0.11305054,0.09840111,0.06867442500232963
0,0.14281815,0.11622536,0.14945208012948658
0,0.062190197,0.055829283,0.07806517812195642
0,0.08144219,0.06656052,0.07868610238417416
0,0.16938533,0.1725051,0.18861632515344046
0,0.27300993,0.34721905,0.30619972960110964
0,0.11265577,0.091484815,0.12948666876741735
0,0.14650163,0.1849095,0.12283175220776041
0,0.10707386,0.13951801,0.09711157365925831
0,0.09089866,0.06444445,0.09626382789634044
0,0.07247313,0.068443336,0.058717082947787984
0,0.109917,0.09375813,0.13407566505732454
0,0.08208837,0.10188723,0.13776459340641553
0,0.108646795,0.12873723,0.1212975001652235
1,0.06413209,0.06554313,0.05159485270011825
0,0.10274398,0.07970358,0.12241350252919511
0,0.1721186,0.1927876,0.13514951450086657
0,0.07483446,0.08011466,0.11058965357693683
0,0.1854553,0.18664111,0.18912792918320792
1,0.09985459,0.08832117,0.09697340783705724
0,0.10293906,0.09934895,0.08813917724344573
0,0.115388736,0.111053415,0.09920732890608815
0,0.06977493,0.06109042,0.07455703647563558
0,0.105781734,0.13749425,0.0859728423107452
0,0.04277231,0.05346845,0.049521828533505785
0,0.089886524,0.072158895,0.07317812203768308
0,0.085148714,0.07912333,0.07609913493416183
0,0.11589328,0.11985158,0.10354149392476461
0,0.080215134,0.07361781,0.07146571851405235
0,0.09295527,0.10343621,0.11012936979689678
0,0.098175585,0.09256826,0.09266503475604301
0,0.047277875,0.04250067,0.04483957337025415
0,0.13005616,0.12138907,0.1665452430240944
0,0.17449006,0.20660187,0.14035699083854122
0,0.055794902,0.05588118,0.06249977892044702
0,0.046505973,0.0696371,0.06394471753083047
0,0.1467739,0.15661985,0.1717279870265269
0,0.060950965,0.05949166,0.07801813658206967
0,0.11078777,0.116354905,0.11822126365746827
0,0.03774816,0.053269673,0.07165540586256307
0,0.0455875,0.04368104,0.049698912828946604
0,0.12211109,0.12596948,0.13023076310454829
0,0.046547625,0.03868252,0.033037953954250264
0,0.03919015,0.051311865,0.06642600613176841
0,0.16272746,0.18306094,0.16696530853253203
1,0.13402107,0.12029114,0.10450041891706068
0,0.09060693,0.09155011,0.13936215339518368
0,0.07760289,0.09008985,0.09569608616605635
0,0.09509264,0.10351447,0.09824883908648237
1,0.20107779,0.20929731,0.2176713482694925
1,0.06393363,0.042698547,0.06506489532195361
1,0.17096649,0.16300522,0.17806708365250568
0,0.09291251,0.10583776,0.1162726486032888
0,0.15656984,0.13140588,0.14063664005124998
1,0.14823548,0.14219709,0.14414244454027203
0,0.11303181,0.09874623,0.1131529856169535
0,0.18823722,0.15798429,0.1889840109972474
0,0.11205067,0.10277696,0.10771654251132953
0,0.17472678,0.17558925,0.1717157424459481
0,0.0776335,0.073455654,0.09646642663834637
0,0.0882739,0.0929864,0.12094407158583119
0,0.0843442,0.0672758,0.09260667983976897
1,0.13511615,0.13701679,0.1654038012738423
0,0.08824712,0.0789711,0.12072348860037352
0,0.09227958,0.09246176,0.09953781764676337
1,0.17397016,0.1718307,0.1571730351597717
0,0.15337797,0.13438573,0.13983323425386773
1,0.101419,0.08152072,0.1054923150306473
0,0.048475873,0.05214249,0.04515888807032386
0,0.088490315,0.058636125,0.09460416323564913
0,0.40017876,0.37912828,0.2893374276916968
0,0.076825656,0.084609434,0.08922991352254768
0,0.15998045,0.1531976,0.13993241832608544
0,0.18751977,0.11407524,0.16040522037042315
0,0.12091326,0.14417502,0.1451187808000783
0,0.053143393,0.06098772,0.05809007154586862
0,0.084715284,0.07911162,0.08397109969964787
0,0.06936104,0.07402326,0.08472487691868337
0,0.10124943,0.09347339,0.1054660979488877
0,0.12076924,0.11706406,0.12504786512189248
0,0.07796369,0.072311744,0.056007948917338
0,0.09230988,0.09562218,0.07467360885559961
0,0.25558758,0.25376603,0.1990535675175525
1,0.134614,0.14078698,0.16330779791007513
0,0.13025863,0.137793,0.11461817946767969
0,0.06517045,0.056365695,0.05528341200452835
0,0.0688407,0.077097915,0.08139635707320637
0,0.09237512,0.08016936,0.08482837461957056
1,0.09974016,0.09384219,0.12110153705211878
0,0.13023467,0.11351417,0.09369003047801061
0,0.46845078,0.3665229,0.24081134136434612
1,0.24758662,0.26088887,0.2332888276137944
0,0.23715638,0.2272643,0.19236268656619798
0,0.10919265,0.12687019,0.15757547069016262
0,0.08289765,0.066480905,0.09709391569130012
0,0.06601821,0.066251494,0.06707008862826312
0,0.04208899,0.043037657,0.056479985530254635
1,0.49272072,0.49618632,0.45242784094778526
0,0.096756436,0.10420623,0.06000449045202943
1,0.1797684,0.13857342,0.12779308304627526
0,0.12077547,0.12504846,0.14681269482755183
0,0.093901694,0.07859998,0.06857810926212231
0,0.17554708,0.19128998,0.2068223593408886
0,0.07627454,0.071464464,0.06546039910394841
0,0.0839345,0.07747789,0.08426310621965313
1,0.16325523,0.14048141,0.15261149192156265
0,0.16762011,0.16075122,0.15041759197476692
0,0.08779449,0.094156936,0.11702245505485667
0,0.06756669,0.062928446,0.057223925123768796
0,0.19408907,0.21061558,0.19909404965872496
1,0.14968078,0.16574088,0.14382073887232413
1,0.09702207,0.07722395,0.11188506998084388
0,0.047750734,0.04067897,0.0492547453839896
0,0.058969647,0.05472051,0.08448969049168113
0,0.10813134,0.09711874,0.14575225536727518
0,0.083017245,0.07418244,0.0787625691270225
0,0.07028693,0.08325193,0.06299669406954123
0,0.25041443,0.25607422,0.21143600907877805
1,0.11809283,0.1305823,0.12395911718468787
0,0.060375843,0.054217238,0.05431903903705652
0,0.08921153,0.0884791,0.06789617948989747
0,0.19100799,0.17204368,0.18768925953490243
0,0.31307352,0.3535056,0.3627768360856353
0,0.057316873,0.04628747,0.05545402645757637
1,0.108300894,0.14463277,0.13798167766826053
0,0.04961664,0.04610583,0.03915165372461038
0,0.09362646,0.115670346,0.09640706205037214
0,0.05912779,0.07405785,0.06206350589040566
0,0.08966557,0.08404089,0.06509227115957998
0,0.091356464,0.10681301,0.08533520153103005
0,0.15291308,0.12528369,0.16454410160834235
0,0.13386174,0.104235,0.1241368663536381
0,0.060028132,0.086243026,0.09819930085617487
0,0.04795191,0.058128424,0.04784446423036266
0,0.04921852,0.043770723,0.047241162655052536
0,0.11566325,0.07364235,0.0754617795635599
0,0.080948435,0.06283496,0.06908058263741586
0,0.048644487,0.04044478,0.06321353644815011
0,0.075146206,0.065892994,0.07239187501927231
0,0.16435564,0.14632832,0.13656158253566986
0,0.078273386,0.096288994,0.05357380774193956
0,0.09627303,0.07238346,0.0594666823907943
0,0.12429777,0.11947046,0.1425518993388179
0,0.111702316,0.10410398,0.13402940744899852
0,0.1406712,0.12919657,0.13064792140387438
0,0.12591618,0.1319314,0.12067614058934698
0,0.20339184,0.245687,0.19933323374511216
0,0.05891249,0.06421886,0.04967999024627215
0,0.063290045,0.056159083,0.038529901367912456
1,0.18603861,0.14794683,0.15749674908590036
0,0.1968019,0.19987912,0.1835265855597269
0,0.087338865,0.0785041,0.056640503067651046
0,0.12152218,0.13234141,0.12561745917288397
1,0.20696476,0.20727316,0.24491619750267346
0,0.16357517,0.17810531,0.18691601489224954
1,0.19760752,0.23234963,0.3462205043723428
1,0.17173037,0.16854277,0.17231045897282588
0,0.076863214,0.076083176,0.08968807623850994
0,0.07097951,0.072362944,0.09300656057984803
0,0.12918316,0.17437534,0.13375666204502948
0,0.0784828,0.069170415,0.07943646079371151
0,0.12715901,0.14561637,0.16652168346209206
0,0.16204378,0.10469877,0.12941391072324346
1,0.07922166,0.07270681,0.09725523742836989
0,0.12561277,0.11905576,0.12800884413624442
1,0.16113439,0.13929659,0.1254656642621149
0,0.08313201,0.07182306,0.0781864062922019
0,0.24212056,0.23863888,0.176850099378404
0,0.10602657,0.12453314,0.13509319890444485
0,0.20913014,0.16574073,0.22169420103870136
0,0.16579674,0.12316664,0.1856620116099824
0,0.04232601,0.04160283,0.025384584155117903
0,0.17015953,0.17015812,0.1440354481560739
0,0.12970452,0.15716907,0.10583084684235333
0,0.16434248,0.16177948,0.15735581594182735
0,0.17996281,0.15000778,0.12909158423138634
0,0.107022285,0.08871708,0.08113354051358722
0,0.110109374,0.08548548,0.1240444118381751
0,0.099528536,0.055178326,0.10797286800083629
0,0.2341518,0.17729045,0.2621374804574535
0,0.14979453,0.15895617,0.10874151330094245
0,0.47054252,0.39671797,0.2674091396360589
0,0.059089072,0.064745896,0.04492916089708921
0,0.11981787,0.13693906,0.1321190406935825
0,0.18482281,0.1382927,0.15900282945686572
0,0.225664,0.18012758,0.13443319551144362
0,0.18028411,0.1929734,0.1661738966178416
0,0.10233912,0.12588324,0.10154017249498738
0,0.069896,0.082814455,0.06644638686159779
0,0.115163185,0.10681825,0.11131457009451731
0,0.057837248,0.06744108,0.0831269149779265
1,0.14717197,0.11986432,0.15685180610047908
0,0.06460101,0.051873248,0.06747607668011829
0,0.13674365,0.16233769,0.200042900475725
0,0.1139843,0.08871021,0.09791736944425158
0,0.07927398,0.082521334,0.05707755674621034
0,0.11116628,0.08689908,0.10456778936927877
1,0.18130158,0.24089777,0.15154070384082058
0,0.066000424,0.05305891,0.08563129631328427
0,0.120109215,0.11934243,0.11002250944700984
0,0.107760616,0.102820456,0.11894128065726811
0,0.023331542,0.02280481,0.032642087508587256
1,0.2011904,0.1820094,0.16006454695210182
0,0.069992915,0.058165073,0.05555854542860118
0,0.044797305,0.054285847,0.06522478626670207
0,0.047020763,0.0370097,0.04690520946433654
0,0.14992718,0.1490718,0.125039759850052
0,0.09601458,0.07790299,0.11946840194770306
0,0.060009904,0.05490132,0.06819965361826864
1,0.1666092,0.13087715,0.1465580052938488
0,0.104093954,0.097889066,0.11284837049351218
0,0.09019847,0.09499387,0.11544645087390144
1,0.13803579,0.16267006,0.21878896641956402
0,0.072676435,0.057861224,0.0603547611118351
0,0.06830408,0.058061652,0.05094584961924074
0,0.10220139,0.10017439,0.12987397167490838
0,0.13408536,0.14277528,0.1474975562570665
1,0.046938542,0.035098415,0.05132265969187634
0,0.11404584,0.116861194,0.13401289266943062
0,0.3482518,0.35553822,0.25482039578367793
0,0.13506378,0.15125175,0.1286797659861301
0,0.10394859,0.11375825,0.09514135363107919
1,0.20034738,0.23477995,0.16346261790665306
0,0.10071906,0.08095157,0.0873853557889279
0,0.05116922,0.06324719,0.07592657582817444
1,0.059926763,0.069700256,0.06011273084913668
0,0.12725428,0.13246725,0.11027402857066927
0,0.10326507,0.11914118,0.10659777010516412
0,0.083943464,0.08902443,0.10445616721718107
0,0.06797106,0.06244121,0.05769141510874997
0,0.026609646,0.027667167,0.03383999142129171
0,0.19636975,0.17702405,0.1704698543487146
0,0.08362296,0.07699402,0.10784971309488085
0,0.11362706,0.10073032,0.09079673146925096
0,0.16045158,0.154407,0.1409646174755653
0,0.092827626,0.100024074,0.11182192779812765
0,0.054588314,0.057885874,0.049060342845100385
0,0.17323673,0.15518257,0.15314505784158494
0,0.17023866,0.17988653,0.16221219509347665
0,0.1384596,0.12641805,0.1348173474904503
0,0.082858376,0.06532744,0.11008984967784433
0,0.21508007,0.2132951,0.17828445710339552
0,0.07779968,0.06592285,0.07817453520364112
0,0.11101127,0.15510815,0.1414186471627321
0,0.42870843,0.35015342,0.4088411909443252
0,0.09353655,0.096283644,0.10626604833079031
0,0.10374947,0.11970427,0.11945073502962571
0,0.043463863,0.04655433,0.046293308102245787
0,0.20730233,0.22891791,0.19221201837343732
0,0.10643988,0.10843184,0.10014667664267607
0,0.049107596,0.045107797,0.057695464054582424
0,0.1454884,0.19051377,0.1452477880119332
0,0.07500825,0.0929403,0.08196093067976812
0,0.5146762,0.45792365,0.4207534126828797
0,0.08077166,0.085809305,0.08720558943387526
0,0.1027641,0.10404031,0.13830394114098304
0,0.122496165,0.11330894,0.13158899916008351
0,0.1528451,0.16282244,0.19164975098602663
0,0.0791295,0.07564389,0.04498732030807084
0,0.14086589,0.1392943,0.15161064762186097
1,0.2846264,0.27138555,0.2956988472556983
0,0.03651883,0.04081468,0.05196406507601611
0,0.14189959,0.18361461,0.13606095828911954
0,0.09881854,0.0791187,0.07277509278408643
0,0.10795082,0.09937157,0.07641075513983922
1,0.14822187,0.14450732,0.1390452067364323
0,0.12256945,0.12672696,0.17138333197469624
0,0.05697454,0.056407034,0.047815678498402556
0,0.1299181,0.13301669,0.14298481370041577
0,0.0721278,0.074475914,0.058510773348918
1,0.19433805,0.18560202,0.2653299227441412
0,0.23774494,0.1951949,0.21018574849650445
0,0.38676798,0.32138953,0.26283734550658533
0,0.18978672,0.19023775,0.16330712664505978
0,0.13923496,0.13454223,0.12551021897249245
0,0.04330351,0.03602572,0.037161256692726394
0,0.15457813,0.18646945,0.15734538889105967
1,0.07993718,0.07273983,0.1014714262069912
0,0.17680606,0.17246333,0.1672398079459747
0,0.058101144,0.059197206,0.05211964226417914
1,0.060255453,0.059468865,0.04375597167758378
0,0.10896472,0.09167247,0.1358232794246966
0,0.17098647,0.17273003,0.17478473207094747
0,0.05663841,0.07355348,0.05484113936213251
0,0.08767774,0.09517692,0.07006556030930199
0,0.08648462,0.079160154,0.08171624925464278
0,0.10282244,0.12210051,0.11055418649406289
0,0.0686971,0.07264691,0.05747512636468406
0,0.28112203,0.26532865,0.23212268718437087
0,0.11355547,0.11317465,0.14253932122346474
0,0.2235319,0.21125904,0.17717705021690963
0,0.12674375,0.11525851,0.09970651425097353
0,0.070084214,0.085678644,0.06206193345901521
0,0.12550594,0.14834799,0.1280824739899659
0,0.12415363,0.12921666,0.1403066328519587
0,0.357715,0.30566117,0.2629331347625482
0,0.11248682,0.14558713,0.12482901934178584
0,0.082727365,0.07065853,0.06810334136239393
0,0.07586968,0.0822038,0.08532707920827824
0,0.3153595,0.3217604,0.25854620905762205
0,0.17020428,0.1955778,0.1552905316269391
0,0.08144413,0.06741369,0.05371323571952583
0,0.08021158,0.06120027,0.06363614215953026
0,0.12909627,0.10266862,0.08347652468804621
0,0.14192982,0.15990219,0.18174008134973862
0,0.05754649,0.036888987,0.04248626153421791
0,0.077243835,0.06108113,0.10288189963148328
0,0.17536213,0.16446958,0.2036066970254378
0,0.15856567,0.15474598,0.1728572230712996
0,0.12553982,0.116530284,0.11397476702047953
1,0.2176012,0.2159118,0.22004157227253565
1,0.23362316,0.25270712,0.19838851663977236
0,0.16075401,0.15112077,0.14728478388683702
0,0.1105746,0.11168659,0.11244634240982214
0,0.08509899,0.08647207,0.06916329442316688
0,0.17600086,0.15410306,0.1686559131862685
1,0.1550522,0.13525905,0.15490263762544462
1,0.14367239,0.11969029,0.11494030378455511
0,0.114728846,0.101873115,0.11668022922287069
0,0.1295927,0.149464,0.10016439521130333
0,0.03414549,0.026765898,0.03668106971485459
0,0.12376917,0.1549399,0.18649431710966446
0,0.059100702,0.062093843,0.06605470209120923
0,0.1935336,0.28510317,0.2518915653058843
0,0.09758358,0.12551335,0.1384528248853191
0,0.07517233,0.063358985,0.07233212798004528
0,0.2227516,0.20751652,0.16626791734251695
0,0.047463153,0.046031922,0.04416535470836991
0,0.0814209,0.067718655,0.08312062180996461
0,0.069243945,0.06271591,0.07557553404839389
0,0.078926854,0.07039882,0.09549514318309074
0,0.1302795,0.13089819,0.09983933332331962
0,0.38327926,0.4318567,0.38439434934708594
0,0.08051643,0.092254266,0.05706564105234148
0,0.1165227,0.1282586,0.12503405935454506
0,0.08290798,0.096013844,0.07543621508962704
0,0.14480537,0.14123824,0.1170749772730357
1,0.25054374,0.19779952,0.22661621203110577
0,0.07016953,0.08084095,0.08318336225894583
0,0.07094983,0.06815379,0.07599039275369575
0,0.19272986,0.18637584,0.16433794169627244
0,0.050046172,0.048393175,0.07206824779737614
1,0.11359895,0.13948968,0.15282215993968984
0,0.084841415,0.064677574,0.06970459736125767
0,0.113973685,0.10082064,0.07015757436739015
0,0.08036297,0.1254101,0.07690475266825791
0,0.047994226,0.047379624,0.04410656238401878
0,0.10356897,0.11558997,0.12718099237081523
0,0.057306558,0.048535194,0.10729005868770948
0,0.0653434,0.054361384,0.05271964673350825
0,0.07322159,0.07566649,0.07981186452334363
0,0.07841701,0.110678874,0.08371024558294633
0,0.06359819,0.06472401,0.06793887173085421
0,0.076284364,0.07547701,0.05825497168319694
0,0.1267901,0.13371593,0.1224612900688161
0,0.10280684,0.084970064,0.10923050275422064
0,0.15215462,0.1269783,0.1712802798343786
1,0.13177218,0.13410878,0.12298917202924113
0,0.07264631,0.087691724,0.06091488404878811
0,0.07543455,0.06344342,0.08341498299690646
0,0.08141252,0.07646592,0.11474648533969033
0,0.05600156,0.058336478,0.09843094863916976
0,0.15269388,0.1809068,0.1563732067635156
0,0.086534716,0.08969548,0.08517688918375235
0,0.07159682,0.069386356,0.12930068561482652
0,0.14518155,0.107227564,0.16473785072391228
0,0.19595566,0.21981074,0.22340512988815206
0,0.08021564,0.07171428,0.06938250644571667
1,0.15774632,0.1933638,0.1657537950870614
0,0.12345898,0.09339356,0.0981875177755996
0,0.17869979,0.16562146,0.16464504906043118
0,0.06134663,0.076864995,0.054380961498525476
0,0.16126229,0.14529166,0.1287058987247373
0,0.029130088,0.029635482,0.028891669773834637
0,0.18680774,0.17783494,0.20849947472527694
0,0.15736777,0.106020644,0.14465559453640756
0,0.11335626,0.10248354,0.1048443872769032
0,0.059111204,0.07930562,0.05579249751741708
0,0.029993346,0.04492435,0.0615949453306105
0,0.066380106,0.07332055,0.06459254649291905
0,0.049623486,0.049492564,0.0605870550970177
0,0.2173223,0.22416674,0.1777861343764129
1,0.2286109,0.2287754,0.1941070257091385
0,0.121408634,0.12123031,0.14193407340118575
0,0.070523284,0.09228018,0.06533581372461045
0,0.22039239,0.16913089,0.3510193267193267
0,0.15041718,0.16816835,0.1357255884102728
0,0.09566299,0.089876436,0.11756431924481975
0,0.062488917,0.05357692,0.074114666849752
0,0.063165605,0.047335006,0.05744189433519606
0,0.10878742,0.11271839,0.09844818299375144
0,0.1529819,0.16609605,0.13560459584288106
0,0.09314815,0.092779644,0.12744430586240446
0,0.1286023,0.14207114,0.13030834527510354
0,0.11835462,0.10357557,0.07542116154342786
0,0.17179509,0.22838093,0.1851599035399376
0,0.15283227,0.17306261,0.17893927405049864
0,0.07417621,0.0476784,0.0686883164417107
1,0.13787515,0.102641776,0.1573758729033751
0,0.08627847,0.08466221,0.07332431118491728
1,0.3789848,0.3259332,0.30315463364582484
0,0.06741474,0.0676454,0.08288693493974442
0,0.080622986,0.07103949,0.1132004890135467
0,0.28697425,0.3160999,0.27517944601993705
0,0.0858598,0.07317127,0.066601516940005
0,0.050504576,0.038972452,0.05222123288622843
0,0.063519835,0.06368166,0.07412567258731759
0,0.21630426,0.19645587,0.18560689902051608
0,0.055321157,0.04370748,0.12091993696148258
0,0.1078347,0.13425645,0.12858535120419418
0,0.04188802,0.035539534,0.048676013621315954
0,0.077316225,0.0903465,0.05225852517608456
0,0.14195806,0.12549199,0.16023215766341148
0,0.13603188,0.121823326,0.12595376853333345
0,0.13079847,0.12078432,0.09174677816201568
0,0.0985423,0.11987353,0.12666177658887176
0,0.04739498,0.04936576,0.06103935461086431
0,0.09128584,0.0930339,0.0732436607774492
0,0.15248679,0.15871963,0.2331294335281386
0,0.2683398,0.3171526,0.24671841037368505
0,0.028782742,0.032879665,0.03893618071219656
0,0.20662782,0.20100015,0.2092377571550324
0,0.07445931,0.07303318,0.07090058139190102
0,0.065882005,0.059791856,0.059081148617135266
0,0.044832863,0.06743978,0.08319682718273867
0,0.08837679,0.055183385,0.07271536580481738
0,0.06820765,0.06942826,0.06459103147542052
0,0.041518215,0.035820495,0.04117664852836135
0,0.08813042,0.09595124,0.07203238758782825
1,0.34400898,0.43998173,0.34469639235768046
0,0.05761812,0.045819327,0.05743161488974036
0,0.061477985,0.044894874,0.06895971186114755
0,0.17750892,0.17803027,0.1721647437074942
0,0.07636444,0.08070992,0.085468811268895
0,0.086936265,0.10225905,0.07185849940268751
0,0.30687028,0.22452678,0.26661380592828643
0,0.0731487,0.06191106,0.052199674920622316
0,0.047003064,0.042259004,0.06756597524037583
0,0.122185,0.11755517,0.1253308435392371
0,0.06545647,0.06236456,0.05468745900609089
0,0.20869817,0.16120951,0.1727440186568072
0,0.05663329,0.067369156,0.06310611548982806
0,0.11226582,0.10301672,0.11059286974485164
0,0.095347576,0.07818711,0.10297587757974297
0,0.12497177,0.12478781,0.1383350304673673
1,0.043064125,0.056362156,0.04984578999135269
0,0.119020246,0.12176767,0.09668740284846337
0,0.11610224,0.16743408,0.17768938866135953
0,0.18011096,0.16750616,0.16104988769816653
0,0.13379559,0.15772356,0.16812465645069835
0,0.04932738,0.04327447,0.05182379704862573
0,0.085194916,0.07417873,0.09796355628583502
0,0.23916432,0.2542011,0.2048622807538394
0,0.123748645,0.09841236,0.08511359219815218
0,0.101611145,0.1034246,0.10620076112365487
0,0.04496668,0.03841557,0.05805544204138141
1,0.08981789,0.10455891,0.12879880469673213
0,0.29343703,0.28940228,0.2855826765281101
0,0.09903792,0.09798033,0.12109891992027828
0,0.13141629,0.12793992,0.10585500670314692
0,0.084227964,0.1025642,0.08375291553452034
0,0.053971916,0.046273682,0.0651657969045451
1,0.055211935,0.081323996,0.08180539994595626
0,0.12894095,0.120616645,0.17106824304217613
0,0.087722264,0.08109668,0.07291748189463282
0,0.07208027,0.06808548,0.0715998026014496
0,0.13471659,0.12964,0.16477646553394995
0,0.060198307,0.07438579,0.07530758134287055
0,0.20243566,0.13190418,0.1883730772441602
0,0.08857498,0.08167139,0.07152758875015688
0,0.10060956,0.097004004,0.08324284503576589
0,0.06847382,0.06622635,0.0735263368487784
1,0.47806564,0.53989017,0.38063311469046285
0,0.025994033,0.024387458,0.043971541085616454
1,0.104752325,0.14581923,0.15129909124437682
0,0.057003494,0.06879207,0.05232794731834862
0,0.084785864,0.0473594,0.0971738510884333
0,0.1399819,0.15421413,0.15862793887534565
0,0.091787286,0.08790576,0.10575898927379303
0,0.063179746,0.07012432,0.07367721770857347
0,0.15209647,0.1263381,0.11976766613844829
0,0.18296891,0.21320823,0.15232977090409028
0,0.17789471,0.18911046,0.18695635807387076
0,0.10759371,0.16033548,0.08488764888310875
0,0.17986989,0.14067666,0.15603382538426497
0,0.05494713,0.083387055,0.08945023955130309
0,0.10381544,0.12350624,0.13004173201759725
0,0.10645512,0.081283994,0.12045740405531447
0,0.09828098,0.084079385,0.1604920394192652
0,0.096656695,0.07825149,0.0872716563572851
0,0.08220031,0.10003412,0.10740435940357075
0,0.08330671,0.09142374,0.10943529440597591
0,0.09784012,0.09101945,0.0772640833352246
0,0.13483794,0.1472499,0.13419106197016917
0,0.07029534,0.05645421,0.07310698524287054
0,0.12501892,0.10824234,0.1250071940993757
0,0.06073739,0.04045604,0.07088586775968277
0,0.2727144,0.2787689,0.3039860436888855
0,0.073283225,0.08204245,0.07146401826432672
0,0.06080519,0.04758479,0.07576198720354053
0,0.108710654,0.11043231,0.104033153902894
0,0.12654191,0.12868962,0.13834338432584145
0,0.055617135,0.04538385,0.06136198231286004
1,0.088863716,0.06706106,0.09642403625447932
0,0.037437793,0.033921126,0.03463698935156772
0,0.10863589,0.10984979,0.12762299254397277
0,0.096159555,0.07561875,0.11016377569710384
0,0.040753495,0.037083913,0.033504476537190846
0,0.11352532,0.11019504,0.11741238572394401
0,0.14835374,0.1274333,0.1354379281391416
0,0.10413343,0.11499183,0.10635040005212806
1,0.121712014,0.13220078,0.102624753334457
1,0.0472291,0.04808856,0.04107728603125906
0,0.111835726,0.09111683,0.08697163613359057
0,0.17870887,0.18899551,0.13603734592034777
0,0.14895387,0.13645416,0.09838204629180287
0,0.10626578,0.093260586,0.1312899337892937
0,0.13283457,0.16996475,0.133303331491659
0,0.06384697,0.081099615,0.06422303536004997
0,0.20275463,0.26352212,0.17765704434064733
0,0.12766315,0.10694543,0.154011766545245
0,0.153063,0.1838745,0.1707138065678831
0,0.08079675,0.06084095,0.0610231426295509
0,0.03423742,0.032570012,0.0710066291475732
0,0.047291365,0.06502096,0.05358696047076461
0,0.11342954,0.09765904,0.10289922256972966
0,0.062800966,0.0557653,0.07532591609323948
0,0.034394834,0.02638806,0.05242193899322844
0,0.098058,0.086533025,0.10359061731710416
0,0.0831852,0.077011816,0.10021049610393964
0,0.23565197,0.16923614,0.2019211306794086
0,0.10361467,0.11242246,0.08538253065043143
0,0.047436956,0.0667268,0.07825620270676056
0,0.0766033,0.067664504,0.05197891405639423
0,0.19145893,0.21153964,0.1570327830755115
1,0.20078555,0.1955258,0.2303475089797219
0,0.0916048,0.10593323,0.08804585406648198
0,0.13388893,0.12978287,0.12838802259468018
0,0.21515377,0.25582,0.23538513829893987
0,0.12770158,0.1432496,0.1388322181826325
0,0.06263931,0.06794344,0.0570385409799316
1,0.12302174,0.078658484,0.11784851852070966
0,0.09215436,0.07599796,0.10782458367627501
0,0.03579043,0.027936945,0.023070115654452005
0,0.05250451,0.051044945,0.04394980442668518
0,0.04881999,0.05174044,0.044453348326090394
0,0.052070085,0.050238736,0.03616227097778678
0,0.155205,0.16603054,0.15695236242409832
0,0.119696654,0.13203104,0.13005726076272675
0,0.06915335,0.07558139,0.0602659053168131
0,0.24355967,0.25055447,0.23667637858449997
1,0.18263352,0.19203009,0.21155193678468812
0,0.12649496,0.1074154,0.1562018935289226
0,0.053581625,0.047546558,0.06376371243427038
0,0.06106612,0.046828575,0.0585819175496569
1,0.44283757,0.4121475,0.34538373900096153
0,0.08107833,0.089250766,0.09302664212085815
0,0.09273764,0.089232765,0.08117639285032363
0,0.18356033,0.19830392,0.1722906249651687
0,0.13946725,0.14201908,0.13925450202855869
0,0.10601074,0.09237085,0.09651201121282833
1,0.112863384,0.12134744,0.10286388106187568
0,0.06282171,0.06364348,0.06379795563143584
0,0.14111522,0.12711866,0.13395179988352807
0,0.045495752,0.03595376,0.048200812627064445
0,0.10945567,0.11974688,0.12048558344456772
0,0.09728744,0.14659804,0.10137987305752737
0,0.15190065,0.1959544,0.1555670623117261
0,0.15168808,0.17093758,0.1211630692090183
0,0.07669989,0.07712718,0.05660303955296487
0,0.12520665,0.1299616,0.11147861452753015
0,0.046186786,0.04953571,0.03630059653847887
0,0.20337048,0.22195822,0.28952334767579485
0,0.12589534,0.14820157,0.11161872913325444
0,0.11196776,0.12379828,0.14202211429961692
0,0.19619365,0.19361393,0.17238462182860848
0,0.038724612,0.029799484,0.0512748514568793
0,0.3044253,0.27540752,0.3340748604962501
0,0.17014731,0.1877361,0.1883202750431175
0,0.17272075,0.18145895,0.17014564645587027
1,0.42600957,0.33939376,0.36545354926147183
0,0.06766644,0.0696448,0.0639149906328258
0,0.059689537,0.06405297,0.05948883961280893
0,0.17587183,0.19635938,0.1973470438484008
0,0.08143559,0.067462705,0.06679750872028009
0,0.08431037,0.07194854,0.08958143173385957
0,0.10643636,0.12047726,0.14275833646110228
0,0.059234954,0.07256395,0.056574621000757955
0,0.11576408,0.113473535,0.10596091894917674
0,0.07524308,0.07028389,0.05161628056642356
0,0.06247456,0.06775727,0.055724037103804254
0,0.15197465,0.15436487,0.1298951482934878
0,0.05736003,0.057732817,0.050333789982290315
1,0.16112375,0.14002328,0.1483872738717941
0,0.24115308,0.18491709,0.2740686864124766
1,0.21162756,0.20182762,0.18462967740304062
0,0.15747517,0.13714156,0.1210713914199112
1,0.15682447,0.15548909,0.16302606607538433
0,0.04561253,0.03654159,0.05781878080785719
0,0.09028489,0.084985234,0.1073548259693112
1,0.23800921,0.28941357,0.22144659984377207
0,0.095419765,0.10014177,0.07705183885422136
0,0.05868868,0.053925723,0.044089899418276214
0,0.14098011,0.1201895,0.17256971721912426
0,0.13916309,0.14643842,0.112565911309547
0,0.11552273,0.11317692,0.10793090242954108
0,0.062769584,0.05793456,0.061136539972992496
0,0.12613109,0.13713366,0.08491296515254058
0,0.14591147,0.133189,0.14018585728508048
0,0.06376916,0.060583986,0.07008007091104795
1,0.047489993,0.040265318,0.0356782151972493
0,0.17905161,0.20876826,0.1603182268607693
0,0.036095265,0.029693305,0.040562315330841606
0,0.05792005,0.0473518,0.0464632777211867
0,0.13171637,0.13429998,0.14606982511870537
0,0.11113561,0.13990821,0.11142895265440252
0,0.0950289,0.09183923,0.09433417947091234
0,0.06410604,0.06763379,0.05915187045988481
1,0.12578318,0.13685554,0.1288983878409301
0,0.29201424,0.26590523,0.22186700821061003
0,0.12848029,0.1143135,0.1503573800807603
0,0.083416596,0.105019495,0.10019019314296207
0,0.08694285,0.10440483,0.12755320842503445
0,0.15698972,0.22583508,0.19449039937428464
0,0.050254267,0.05113433,0.04708850905114657
0,0.05950826,0.05259994,0.05977607465345843
1,0.05787836,0.054767545,0.05760585851320588
0,0.07125874,0.07453174,0.07677807528088373
0,0.15960264,0.14550696,0.14223578026171002
0,0.13153534,0.12759976,0.10433760202018948
0,0.06861545,0.07540242,0.0719299116034316
0,0.09538129,0.08683686,0.08042391885720432
0,0.13877793,0.1317379,0.12042341232575413
0,0.06395377,0.03986338,0.056609045546230724
0,0.22934046,0.16527154,0.20310733011566984
1,0.44747537,0.27415735,0.29019219173277894
0,0.06548352,0.084885076,0.06992482631189224
0,0.07138668,0.06468728,0.0590517804789837
0,0.076685555,0.08090597,0.08742501186302043
1,0.27597883,0.32275233,0.23605625980906372
0,0.10954692,0.11992389,0.10228063478842678
0,0.16797285,0.14690031,0.17780774646520914
0,0.05182892,0.05846871,0.054315991758861065
0,0.08647753,0.11821773,0.0763930179472632
0,0.08052898,0.07343314,0.06992162781475958
0,0.059328973,0.08244294,0.05494044820289544
0,0.19002348,0.2415333,0.1829292715724197
0,0.11780584,0.14542183,0.10254830265582314
1,0.11013542,0.107004985,0.14872083874168365
0,0.09799959,0.100303434,0.11358599533387909
0,0.0639381,0.062245872,0.07878748570604076
0,0.043121047,0.04977875,0.04188954408292951
1,0.16646492,0.13800693,0.14682442807217774
0,0.087691076,0.08964473,0.11366108550210056
1,0.08672927,0.10473972,0.13536300296488507
0,0.121616244,0.1104091,0.1158464903470549
0,0.076605394,0.077596255,0.08639573737453381
0,0.13036598,0.14939265,0.13783429109080447
0,0.05223232,0.0586984,0.06978804496277932
0,0.12174279,0.14635003,0.1769830604521195
0,0.12468977,0.15191828,0.1321488679864593
1,0.14548652,0.1940877,0.09701939729308183
0,0.0881887,0.066166736,0.06377656906195106
1,0.07639295,0.098544486,0.09275993851462566
0,0.10085592,0.120566316,0.1058957680908225
0,0.10086768,0.13542444,0.1688466533811892
0,0.08677457,0.095436,0.08954696709852117
0,0.08243917,0.099794194,0.09467019786269984
0,0.15935658,0.16067365,0.2059472782473224
0,0.17586829,0.23819141,0.1560275854298162
0,0.12420192,0.11951214,0.10920335562890747
0,0.10758358,0.09981716,0.11108623135078925
0,0.08809452,0.12072444,0.08388750190792417
0,0.087712914,0.081609935,0.08294107912571093
0,0.0960641,0.05948563,0.11254455504027058
0,0.13866882,0.17034942,0.1267599774504407
0,0.19510865,0.24991024,0.18412986578885024
0,0.058766972,0.05302847,0.07060444340706268
0,0.057492983,0.06579728,0.06920077099974101
0,0.09016432,0.09660207,0.07661913937284953
0,0.1618205,0.16200651,0.1452942006034539
1,0.45405352,0.38140813,0.38578014772670954
0,0.10317858,0.097555146,0.0801876517488188
0,0.054343957,0.061865665,0.06813544305924953
0,0.10900091,0.119317785,0.11624658796561371
0,0.07136694,0.077953115,0.0675184263912321
0,0.15551098,0.14165112,0.1575221164480869
0,0.03952025,0.04025089,0.03182947082194333
0,0.038220037,0.0408017,0.047501865100394655
0,0.08041898,0.07343904,0.06282465366435441
0,0.44725335,0.5225752,0.3869513590626458
0,0.10045108,0.120532446,0.10150725719180623
0,0.08789999,0.100284494,0.07975515964093496
0,0.21358082,0.24943456,0.22597130581616606
0,0.17334248,0.15759073,0.15214139334830054
0,0.05645623,0.054074485,0.05316643267759312
0,0.07521736,0.097504996,0.0630778559639897
0,0.21370845,0.19058444,0.2056577128563888
0,0.039593283,0.040964957,0.06321463630284181
1,0.09044605,0.09371096,0.0730512776989771
0,0.08232393,0.081679225,0.11300573430087812
0,0.09266897,0.08916784,0.09006042521653926
0,0.15342903,0.11227309,0.10252665078662479
1,0.07567303,0.07675235,0.0926127441267999
1,0.08501032,0.101162225,0.11733539084092887
1,0.14749059,0.124119654,0.13357766901524956
1,0.6363916,0.67308605,0.38114485172002843
1,0.19263415,0.19306444,0.15230867265727857
0,0.16494991,0.13611868,0.13924314328948312
0,0.14496881,0.14205015,0.1706843517345388
0,0.21752518,0.2942736,0.18268145729522497
0,0.07361669,0.07974334,0.09028009937350703
0,0.12326029,0.1891346,0.15740406816452585
0,0.10863222,0.08170159,0.10383082988444675
1,0.077499926,0.06621425,0.09176795661879861
0,0.09694471,0.095808625,0.11526537248929569
0,0.17301418,0.12198529,0.14239450207460586
0,0.12320702,0.09775106,0.11522296754283089
0,0.22314438,0.15442769,0.1559299458180369
0,0.059930257,0.05124393,0.06596659633456213
0,0.07880593,0.066833034,0.07761693512423642
1,0.29393336,0.40590692,0.3522495273736261
0,0.12807637,0.17183986,0.13259726438635064
0,0.06541138,0.07175696,0.07776341457511855
0,0.2594738,0.2981046,0.2854384475375669
0,0.09013166,0.07949556,0.08539828362680478
0,0.076984294,0.092839755,0.07355176214683677
0,0.07589663,0.10540968,0.09083061926322487
1,0.23780847,0.19732977,0.1876976661764511
0,0.14092718,0.13856557,0.1605805512383538
0,0.074599825,0.092478804,0.08035861725634375
0,0.04098092,0.027033823,0.059843098457704545
0,0.17503035,0.19092247,0.16374685922744228
0,0.17571929,0.19456786,0.1997074901496957
0,0.19795313,0.19083121,0.2507317581848146
0,0.17248556,0.16197667,0.17932861841924946
0,0.19135289,0.2897504,0.20762657608189797
0,0.106131874,0.11960941,0.11475125660873621
1,0.07788173,0.088045195,0.11232302700589866
0,0.23367028,0.18094544,0.19631936613077478
0,0.29467312,0.2449598,0.24749150684259671
0,0.1964091,0.20879167,0.20377815896595503
0,0.20727111,0.20513828,0.26831210151986
1,0.03847659,0.04198425,0.0689390569928388
0,0.10483496,0.16292769,0.1498003794653184
0,0.14400001,0.13536415,0.1488715336524973
0,0.07317172,0.099905215,0.10912828739286988
0,0.057374965,0.046326343,0.07426196231810393
0,0.050964583,0.048272707,0.05104391164886545
1,0.11603516,0.20725217,0.20448868042984125
1,0.3586015,0.32822937,0.3315236255082034
0,0.02782064,0.026981084,0.03867688207298143
0,0.10807749,0.12282013,0.1413042960513281
0,0.050846566,0.052567277,0.043799187173596335
0,0.20337617,0.18901381,0.17106971507577456
0,0.08974331,0.09123291,0.09710331903402651
0,0.09022534,0.08309932,0.08870715924655392
0,0.08866803,0.07955111,0.07613845539213017
0,0.045122337,0.045728847,0.037211361269769004
0,0.061422233,0.05733803,0.06326713337837302
0,0.08828251,0.07961873,0.06919379205600923
0,0.42984504,0.48907965,0.3640687264073908
0,0.040212795,0.045637015,0.03597135493702252
0,0.07448535,0.08108563,0.07321235421716012
0,0.083410695,0.088008255,0.06630470129148247
0,0.114588566,0.14676341,0.15603360020834608
0,0.22602211,0.21504316,0.1801739855649071
0,0.05436256,0.0594101,0.05131237377299772
0,0.048769284,0.04641753,0.05227894823153794
0,0.06922678,0.08940069,0.06527682266080971
0,0.06902131,0.06960791,0.0687554912121164
0,0.2518346,0.28236008,0.1976342088153971
0,0.11950964,0.14229362,0.1185743814067037
0,0.19076568,0.20699598,0.14024053869495112
1,0.095096536,0.08455781,0.12170582453975301
0,0.11849665,0.11923324,0.11234071092700444
1,0.23089454,0.23471093,0.19080234030405496
1,0.2558964,0.33301032,0.26604609727767303
0,0.14908135,0.16521429,0.17509488698954342
0,0.13489422,0.13935222,0.10582419861297185
0,0.050572798,0.046195704,0.0418710984144214
0,0.050721318,0.04956887,0.04503007209338283
0,0.11949084,0.1473884,0.10623088748827288
0,0.08534195,0.08386374,0.10071935503627343
0,0.10585692,0.12054457,0.11941390121889864
0,0.17246115,0.1816861,0.16719550753905818
0,0.15498862,0.20443825,0.17189438425013395
1,0.13270587,0.14228772,0.10778677837816583
0,0.07028797,0.060050398,0.06990765179475682
1,0.25968587,0.24733728,0.18773909168594824
0,0.13894156,0.1850858,0.14193645001260688
0,0.036384948,0.034060203,0.0306183767340882
0,0.05670482,0.06315311,0.05986283940668007
0,0.23386692,0.19548169,0.18847406169078126
0,0.14763881,0.15288152,0.11358360246065403
0,0.1637546,0.17569694,0.16859438092561235
1,0.22319554,0.18228237,0.18256864484348864
0,0.073277116,0.064672165,0.06461502925848965
0,0.06644762,0.06157063,0.066092256980689
0,0.056839265,0.049998336,0.06651101338744228
0,0.31053704,0.35350817,0.3276332391910572
0,0.115739495,0.114210404,0.11980731245546744
0,0.061670348,0.075568505,0.06426881573571311
0,0.13492739,0.10525851,0.10795872303781492
0,0.1955751,0.18475258,0.19607946858417338
0,0.092433356,0.07957879,0.07605601203823574
0,0.107698694,0.0941978,0.08944355436989176
1,0.20808639,0.20733795,0.1698278052287297
1,0.06603084,0.061177302,0.05040834473712852
0,0.13707015,0.16787,0.09541882488778368
0,0.07362443,0.08628501,0.11061698304697942
0,0.13165602,0.13136834,0.11264372026741745
0,0.062255677,0.077114776,0.07244613468884574
0,0.15849662,0.18047006,0.17410932450276262
0,0.09592514,0.07018686,0.08838274322687402
0,0.051541355,0.042174682,0.050463479070418475
0,0.09151007,0.14112237,0.16114054586383236
0,0.051380012,0.0450733,0.03874634117434231
0,0.13730519,0.13296472,0.16704650576311525
0,0.15401237,0.19587773,0.13263880876323164
0,0.066801056,0.107064106,0.10313236779539414
1,0.16990393,0.13194554,0.15546495977455385
0,0.20737147,0.21622036,0.18812579957914377
0,0.12673679,0.11243004,0.09616115654205526
0,0.34856904,0.38002965,0.2885152149511165
0,0.111148424,0.10353649,0.1327556598145043
0,0.06379201,0.06503663,0.05760243664052152
0,0.04230353,0.037138592,0.04218751504621565
0,0.07467552,0.07903439,0.07574735307284002
0,0.06965549,0.08098345,0.05533011641115839
0,0.09461733,0.11382499,0.08161612941026826
1,0.1205948,0.12093036,0.13701280437064423
0,0.086155534,0.06645015,0.09868399716240318
0,0.16134489,0.1613474,0.19272102145905506
0,0.08290482,0.079746276,0.0849483106551546
0,0.10444159,0.11632223,0.11607004990364721
1,0.066569306,0.070919074,0.07667424620717113
0,0.3151217,0.3578999,0.27728468578350046
0,0.17851084,0.178317,0.1696081422216453
0,0.04051719,0.04212704,0.04653017893564769
0,0.058834486,0.05663324,0.04217124377597893
0,0.05378393,0.049769793,0.06452444069380264
1,0.25988874,0.27675876,0.2901710039685818
0,0.06932367,0.075091496,0.07012398386924903
0,0.112831034,0.12040138,0.12424545739324802
0,0.16372706,0.14964658,0.14583628956328698
0,0.11548161,0.12935783,0.14671095501508702
0,0.12988415,0.1390132,0.13147542780936664
0,0.15335341,0.1583685,0.13162254360403433
0,0.061535224,0.044295907,0.08624139318017242
0,0.09462258,0.0991193,0.09107163052474293
0,0.1143851,0.11491303,0.09457291792869187
0,0.040055893,0.03443173,0.03363775041884873
0,0.06742625,0.07110721,0.07616794599778426
0,0.07703331,0.0771186,0.06078809603471237
0,0.06369949,0.06399022,0.06799816508701745
1,0.053681567,0.042781454,0.05534461710534646
0,0.073144,0.059670303,0.06972344304794775
0,0.08328633,0.13461284,0.0690227384759829
0,0.19640456,0.18869658,0.20404464183292895
0,0.1231282,0.13102888,0.13440732037691128
0,0.10062185,0.11181385,0.07536149287212106
0,0.03831408,0.035463996,0.03605615438027023
1,0.17640683,0.1618641,0.12568401945083174
0,0.10924741,0.097905084,0.10377202003792146
0,0.09015611,0.07457557,0.06286322834024025
0,0.08145869,0.06605107,0.074434775470774
1,0.13683712,0.114584394,0.13735575554054205
0,0.05030947,0.05238882,0.06541170356514016
0,0.23642296,0.24263887,0.2554986595822229
0,0.055357512,0.06751177,0.1269294828976613
0,0.14671749,0.12575176,0.12115688455299296
0,0.26751608,0.3718706,0.3297040014956727
0,0.09464568,0.091749676,0.09099138543177065
0,0.07380974,0.07323657,0.07388357157648988
0,0.09770237,0.077420495,0.08050299288831739
0,0.07230011,0.058248773,0.06652891044385165
0,0.062439397,0.057368346,0.07019417434888499
1,0.15173635,0.14862783,0.12311123807668152
0,0.063716345,0.059730086,0.06866534275799518
0,0.08154577,0.074518904,0.10286542745815384
0,0.092501804,0.09615904,0.07472740610923757
0,0.068320535,0.062406886,0.09698819806923827
0,0.08027447,0.064837754,0.07217650232784044
0,0.18295527,0.21627071,0.16719226049448344
1,0.15263343,0.16719733,0.1380679134237871
0,0.12708597,0.12533095,0.10874740838323112
0,0.121666074,0.0821071,0.08052656008379241
0,0.114024855,0.12578192,0.10472572744965536
0,0.09973312,0.09324106,0.07732205482363648
0,0.21091951,0.19807732,0.22339359468549472
0,0.3276527,0.3244177,0.34445636663547813
1,0.06552206,0.06329001,0.05294679289206518
1,0.3122778,0.26775074,0.26475066037715717
0,0.057956584,0.068403244,0.056429467517791806
0,0.05100295,0.051586095,0.0329699681729403
0,0.10056866,0.10296824,0.13104095787994854
0,0.06808134,0.055127088,0.05636576797353443
0,0.04894799,0.038171124,0.03818848687263499
0,0.07394022,0.08269451,0.097680473368498
0,0.22461413,0.24327114,0.16726332858044185
1,0.38976637,0.33289877,0.31737951846515944
0,0.08885644,0.08923048,0.10194571806990542
0,0.06682715,0.053246614,0.0727508875132025
0,0.055759687,0.043145057,0.06901435060338036
0,0.06764744,0.0831172,0.06548892142133358
0,0.110718004,0.1064609,0.09480307514908665
0,0.1478095,0.11686253,0.16869736911550953
0,0.08709611,0.089541174,0.08045219242472378
0,0.056499377,0.062232785,0.04993779515648439
0,0.058591697,0.053808697,0.09118594542918958
0,0.23427112,0.18840313,0.18627139657947628
0,0.12928781,0.0946652,0.1448981977191428
0,0.1322095,0.10616511,0.10748476440578338
0,0.12319005,0.14369446,0.15952914616882588
0,0.17526224,0.14729027,0.1704299394054755
0,0.07065682,0.04817448,0.05160682275157799
0,0.05343712,0.04323461,0.04361352272207406
0,0.06944308,0.08847199,0.12150486880314182
0,0.1657413,0.15078197,0.1530518601310769
0,0.07307544,0.058960505,0.07997930506257715
0,0.14948583,0.1749116,0.20507042803037082
0,0.1207295,0.088619515,0.12411091076596265
0,0.07700244,0.09157522,0.11128955089516683
0,0.098297805,0.12119152,0.08270635862233319
0,0.15029685,0.16349842,0.17951957651311676
0,0.10024066,0.103832126,0.09099051668702929
0,0.19271459,0.2116161,0.17636113037476933
0,0.110564694,0.115540296,0.10596387636780756
0,0.08627763,0.10502677,0.08303042316916134
0,0.047808133,0.047060136,0.04620114743221508
0,0.08188492,0.095608264,0.09978833814029646
0,0.115975805,0.11289843,0.12010381186188032
0,0.10332426,0.13023558,0.1984474750930259
0,0.15064503,0.1295988,0.1275168481229954
0,0.096753,0.102199234,0.09369728198117214
0,0.20238736,0.22682777,0.19143303981999266
0,0.08491218,0.06327884,0.10783902043246588
1,0.16781262,0.15842515,0.1656056181920678
0,0.07980041,0.107876204,0.09324360012181585
0,0.061751325,0.08557233,0.06931472804624914
0,0.14015482,0.10674558,0.16328997851017876
0,0.053203635,0.054748997,0.05570517890870089
0,0.15322511,0.13435549,0.15610711804849753
0,0.07891393,0.11206583,0.1191687750530103
0,0.05715796,0.063000426,0.0940092556605022
0,0.09259435,0.11127968,0.08846850161485988
0,0.19081263,0.15092395,0.15230472809861226
0,0.124233596,0.12977585,0.10184093203617675
0,0.15374516,0.14806591,0.1561718466289073
0,0.09081965,0.07658499,0.08006729318934962
0,0.22318283,0.21194486,0.2059352630955043
0,0.10594549,0.0926347,0.15059955263834948
1,0.56213725,0.5304199,0.3535581639277641
0,0.09762604,0.10957095,0.12283798231209228
0,0.121171236,0.104101606,0.10812338588858324
0,0.065852456,0.06837996,0.07138016449611997
1,0.15700458,0.15051733,0.16322145884010753
0,0.11300586,0.09521452,0.11863041068526751
0,0.09908437,0.11145865,0.09899281691216996
0,0.0605141,0.08039218,0.07954951653382095
0,0.11207947,0.1375186,0.10241140067899424
0,0.08996289,0.096672475,0.10006200057264905
0,0.21319874,0.16179797,0.19152606745443992
0,0.087275036,0.07793449,0.0738066043575603
0,0.20673992,0.19082186,0.18047286128541745
0,0.07438377,0.08401112,0.05218336874504909
0,0.06734226,0.07599931,0.0751556725500507
0,0.10514129,0.13660803,0.1347646810751872
0,0.10935207,0.13534544,0.09435783209117019
0,0.15056925,0.110690325,0.177961023455411
0,0.1257152,0.12347124,0.10212322033306769
0,0.042186067,0.058827583,0.04461004745879413
0,0.07122067,0.08000897,0.056348283521078936
0,0.064323455,0.0593558,0.0553097694508406
0,0.034965463,0.044825356,0.03987888778172546
0,0.26939714,0.33082154,0.2308843364254509
0,0.062263064,0.06924218,0.057823052607676124
0,0.08107571,0.081143975,0.09633747239322281
0,0.10955843,0.10617406,0.13521709531027037
0,0.07936648,0.0713593,0.08845362979785364
0,0.07953872,0.06351588,0.07064315660359148
0,0.16755918,0.1261128,0.14767172595895373
0,0.04339857,0.03678348,0.04356724783999899
0,0.05105389,0.033502594,0.04577989517183794
0,0.14575335,0.124029495,0.12905243536202038
0,0.16633208,0.16734861,0.17159457593148272
0,0.08567201,0.08447968,0.07869308690228324
0,0.1271555,0.15978731,0.12504727865976467
0,0.13177687,0.13424556,0.12848809212172044
0,0.079333164,0.07021776,0.0760161433830689
0,0.16823556,0.17104234,0.18149699403900496
0,0.21191736,0.26881132,0.1599928123153387
0,0.14865978,0.11507463,0.12793902268928903
0,0.12966044,0.07778888,0.12960804327609568
0,0.060956277,0.06333378,0.048377568294886195
0,0.078451306,0.07157487,0.07085724736334958
0,0.13313931,0.112577975,0.10938062597627919
0,0.07963164,0.08525625,0.08476437410285062
1,0.09562387,0.082599334,0.10199514498740996
0,0.17776407,0.18145889,0.16653506115042022
0,0.11988968,0.12716721,0.12922982752868964
0,0.20534593,0.22104555,0.18199935112088933
0,0.117635764,0.1005042,0.11245509997310006
0,0.05041301,0.041028745,0.059377253168293724
0,0.20207101,0.15239021,0.1930093016831107
0,0.08790457,0.056266267,0.0661676065746619
0,0.029580519,0.033463582,0.07700741818653466
0,0.08895928,0.099010505,0.11615150533858999
0,0.2891825,0.29520315,0.3401361028871306
0,0.14594269,0.13668221,0.16735231776041684
0,0.10377834,0.09297564,0.11151615055577342
0,0.0778414,0.06596185,0.09344104401378854
0,0.09610545,0.08420434,0.08091871030337766
0,0.15523383,0.16547437,0.1599402899628387
0,0.07310011,0.0662015,0.08511204259971764
0,0.08023695,0.08571485,0.10728803166935025
0,0.32387954,0.19960254,0.24065180758623556
1,0.13943684,0.12591326,0.13012752666275235
0,0.07180031,0.054625176,0.0571649896021987
0,0.07469935,0.07126533,0.07469841712355238
0,0.23261265,0.21667622,0.20697061441540715
0,0.10451021,0.09586751,0.0832301387768388
0,0.29133838,0.30848798,0.28749683326173814
1,0.20664777,0.24703884,0.22417111731870853
0,0.21113026,0.1986622,0.1938023485999853
0,0.15604678,0.15248866,0.16619700383848116
1,0.09363682,0.12674513,0.13155435472352334
0,0.09383854,0.06992278,0.09790575772768907
0,0.08376631,0.08292593,0.10328594918989703
1,0.08001781,0.079770006,0.1291497151249368
1,0.1300969,0.15570787,0.12943660934982268
0,0.06764677,0.06624008,0.05608766347782378
1,0.1450459,0.13182376,0.141101288756977
0,0.31200624,0.24235894,0.21724842361057592
0,0.18213746,0.1798282,0.18116149935833295
0,0.039120607,0.050606705,0.05194593973056903
0,0.08322301,0.09898043,0.0991065539480055
1,0.11769859,0.12554905,0.09218578352062977
0,0.11472787,0.12985483,0.1272607869412074
0,0.10885486,0.09111311,0.10958108096908596
0,0.114720285,0.13070849,0.09372548605318473
0,0.14129466,0.13376427,0.11884355320656242
0,0.08008165,0.08428527,0.07202463963141757
0,0.23274726,0.27394474,0.27056264169416777
0,0.10877117,0.12627494,0.14052772444683329
0,0.115302965,0.121198334,0.13558706835141593
1,0.11052025,0.120275415,0.10186620036140968
0,0.06219946,0.0540649,0.07117935603288655
0,0.10636729,0.07531153,0.06272813455406247
0,0.06382846,0.05521569,0.06233104882555262
0,0.07223798,0.06758675,0.07064428028996131
0,0.12721139,0.10551137,0.15046183557084505
1,0.17207687,0.21165651,0.14523106085966622
0,0.11298307,0.12412257,0.08706383455884907
0,0.11295997,0.11903676,0.10677920851055088
0,0.119544774,0.14096293,0.133183710512211
0,0.08518167,0.06942747,0.06623696675876778
0,0.087571554,0.06660736,0.08568918781065081
1,0.099745154,0.11691165,0.09791387161052716
0,0.2853698,0.28545672,0.339474205559908
0,0.17530584,0.13444792,0.19492437898153242
0,0.1935221,0.16878629,0.15541611168910247
0,0.10355897,0.11650875,0.10934302050621754
0,0.051636733,0.05871424,0.08127062572033411
0,0.051180214,0.050794404,0.045074880374341694
0,0.058831647,0.07106474,0.06313564364480424
0,0.17996427,0.18189014,0.15707955741411364
0,0.08556124,0.09473862,0.05862062958433028
0,0.14563403,0.14162403,0.11578123157468997
0,0.05885307,0.0708939,0.07863065313776615
0,0.16835389,0.14198878,0.13079458899784485
0,0.07050453,0.072202474,0.05873713209737904
0,0.19789653,0.15160778,0.1461690666872733
1,0.06759659,0.067188844,0.059296819527333684
0,0.09771928,0.07907162,0.11887286280643718
0,0.13544904,0.16333877,0.13427888704579458
0,0.14022925,0.1360581,0.12366833400214168
0,0.04261859,0.04443253,0.04062792602642287
0,0.17637235,0.16867644,0.1349384903406406
0,0.065526806,0.07055678,0.09290624316453502
0,0.24213728,0.29299837,0.20786719346788196
0,0.10859589,0.09144767,0.07175778943967093
1,0.13056983,0.103963286,0.09604344872804936
0,0.07011133,0.07750187,0.06274925345364009
0,0.10112262,0.076240845,0.06821033709841907
0,0.05198617,0.039149143,0.06195570060630387
0,0.13728182,0.1264161,0.10086728375746044
1,0.14591193,0.12445152,0.16711200506686172
0,0.12552844,0.14443707,0.11173515653259987
0,0.04951362,0.047549278,0.06873660667538524
0,0.08561938,0.06978561,0.09056842710754365
0,0.09584032,0.09425192,0.08133872580772482
0,0.1382367,0.13848552,0.09613461676449299
0,0.108830005,0.103352845,0.08822954602900544
0,0.13516517,0.16302878,0.15015215391022607
0,0.08912265,0.07623979,0.0750187095024737
0,0.047430594,0.05315111,0.057735176631505555
0,0.13128093,0.13899533,0.16442958001345892
0,0.08086511,0.07032205,0.06493602392973943
0,0.087642394,0.10930095,0.1652682470866093
0,0.06399625,0.06808095,0.04480807157078998
0,0.14072889,0.14722699,0.14880772248270552
0,0.053695068,0.047158726,0.04780323254681645
0,0.26413244,0.23566832,0.22968083253708382
0,0.2598375,0.27209824,0.2747554501517401
0,0.15430023,0.17155777,0.14062746105164792
0,0.03663211,0.042098016,0.03044123535707895
1,0.13527094,0.14459077,0.11899950618793875
0,0.18635026,0.19501796,0.21817175776825357
0,0.06730073,0.050672498,0.03868401612958703
0,0.19026151,0.18304743,0.18238409805565273
0,0.15954594,0.18805145,0.1421093002906799
0,0.123871155,0.107470475,0.08318434877813696
0,0.11129948,0.10668181,0.09358391926116022
0,0.084279895,0.091369115,0.07787966535290375
1,0.15108861,0.12542151,0.15576130558577964
0,0.13981816,0.13756303,0.19499868344032248
0,0.09720741,0.08664475,0.10194273333045858
0,0.11469077,0.122687876,0.12218909041529286
0,0.11100018,0.10695037,0.11069729868373122
1,0.11121749,0.12207106,0.1306772956234369
1,0.110556655,0.108287804,0.13278657818227815
1,0.16250554,0.1752873,0.14122121144069646
0,0.18111138,0.1735579,0.17103139845709625
0,0.05362449,0.061972592,0.06588571937528837
0,0.14268099,0.13574648,0.1426944608222022
0,0.044801373,0.046621315,0.05133578048560118
0,0.056205023,0.057613287,0.059019566111569624
0,0.20344482,0.22907522,0.20431532702911154
0,0.07858618,0.07131245,0.08494075787643873
0,0.45796233,0.47948876,0.28817918828364397
0,0.18353969,0.16568555,0.17364826233779695
1,0.105341986,0.12061923,0.12681544082986285
0,0.099399865,0.07796904,0.08429033952232808
0,0.034650836,0.033852737,0.045569103665373256
0,0.18899071,0.18810238,0.16980626289683384
0,0.048999906,0.052822,0.06618428172410852
0,0.15609543,0.16068263,0.11761390056286056
0,0.05920348,0.055731855,0.06313412056518297
1,0.085998334,0.0816645,0.12736495066101078
0,0.09995235,0.11121019,0.11686022329236997
0,0.13954055,0.14620912,0.12729506972340685
0,0.075419486,0.056495573,0.07593835719530297
0,0.1533785,0.15542887,0.1523891777440749
0,0.09542196,0.11802136,0.10744092509860297
0,0.27454048,0.23018838,0.21249341903319094
0,0.03674913,0.02382183,0.03201181297202819
0,0.07752765,0.07783697,0.06124815968514346
0,0.1459379,0.1298566,0.11920947224483897
0,0.16042641,0.15854695,0.12997212068870143
0,0.060161304,0.06763865,0.0765819893925347
1,0.0989081,0.090364106,0.07383174625581217
0,0.06568929,0.069938384,0.1007616834169774
0,0.1142933,0.09215973,0.1008143814186313
0,0.15789801,0.16109587,0.1485963592357863
0,0.09398827,0.113270216,0.08750305460738897
0,0.15973379,0.14536674,0.1499584972553689
0,0.06214831,0.08084287,0.0753390789032426
0,0.05009412,0.07106161,0.0508196654439812
0,0.045637507,0.044970058,0.05281995109052994
0,0.060588423,0.044761904,0.03789207739071276
0,0.09611742,0.09240962,0.11881285169546248
0,0.11895147,0.113205485,0.132022035687193
0,0.12352252,0.1818196,0.16182130398681388
0,0.064039335,0.064116605,0.08711144705106116
0,0.22329602,0.2531974,0.21272585056319515
0,0.14928266,0.1484723,0.16624212033708824
0,0.09646535,0.10831655,0.07371426736972235
0,0.07261903,0.09223482,0.11910625949356408
1,0.14932866,0.12361365,0.1521568135970861
0,0.095827095,0.09779918,0.07280540625330924
1,0.20178808,0.19712858,0.16101540361383726
0,0.07313038,0.06144407,0.09087272571143898
0,0.060058776,0.06963425,0.03403256504775258
0,0.12069345,0.1479056,0.13820136365494162
0,0.05931743,0.07008081,0.07614613504864512
0,0.3227314,0.23616529,0.327298318715169
0,0.14295058,0.12123693,0.14196385380390333
0,0.026271246,0.021899961,0.03903911437983648
0,0.084047765,0.06719932,0.09065734612162289
0,0.07622421,0.059340008,0.08386642570727597
0,0.07055789,0.067547664,0.06607402488257723
0,0.055003565,0.057088364,0.05414205965476825
0,0.09370045,0.07180976,0.1286972966334065
0,0.12796356,0.121217,0.12488255410700158
0,0.10944045,0.10349845,0.1068942339918518
0,0.03733962,0.03784893,0.04191595203895451
0,0.08925346,0.10023757,0.09078752678012277
1,0.21648407,0.22166227,0.18667222260240504
0,0.062038545,0.054996885,0.031077635849305688
1,0.09205229,0.08436393,0.08678694384781206
0,0.05055906,0.05553313,0.06258582791604476
0,0.055397596,0.061636027,0.06591831866534875
0,0.12902011,0.15882449,0.11285931941398568
0,0.059608188,0.043732174,0.041440746851643166
0,0.08568115,0.053313598,0.06564708573517121
0,0.08284548,0.089186154,0.08892682913946168
0,0.13008444,0.12008033,0.10348449947052356
0,0.098142825,0.09479722,0.10967658795675835
0,0.10084788,0.10563362,0.11183608807565441
0,0.052163012,0.049979676,0.04778287308970887
0,0.13757312,0.12120489,0.12261999367092662
0,0.12799588,0.11196725,0.1374473905468449
0,0.14110863,0.17267779,0.1473770223939593
0,0.13541694,0.1494823,0.16172682920000098
0,0.18137336,0.21236378,0.2037685944542862
0,0.20789094,0.22305353,0.19647093545544533
0,0.13204786,0.15159395,0.13106495520482775
0,0.08479208,0.09180094,0.055238419448271216
0,0.093496285,0.118186295,0.1411566255123745
0,0.1352028,0.11510781,0.1438394484650125
1,0.15549956,0.1716435,0.13085348543106845
1,0.29422283,0.20051794,0.3593119046324563
0,0.12796131,0.1281089,0.20026154985309594
1,0.18672821,0.22014645,0.18565322572686432
0,0.20966071,0.20432772,0.20185832736498677
0,0.19343734,0.20134455,0.2057550632582873
0,0.06869396,0.06425705,0.04719961206967351
0,0.063942954,0.06922995,0.09075294802028024
0,0.099883094,0.07595996,0.11731144056540589
1,0.059784736,0.04888336,0.06779123115470284
0,0.085876495,0.06941837,0.10218092535806529
1,0.077369444,0.08305082,0.0692072108018805
0,0.03334737,0.034738757,0.06419080818808574
0,0.20433946,0.2542071,0.24503767647067226
0,0.06874885,0.060669754,0.06356756632792616
0,0.13103051,0.10205331,0.13220250180773307
0,0.09971606,0.10038184,0.10857935652470838
0,0.23131712,0.21654658,0.22618701159678842
0,0.10397355,0.079457395,0.0772851545250052
0,0.1870964,0.26219958,0.20898177961858308
0,0.06302542,0.0930486,0.08097999360933403
0,0.19660248,0.18525533,0.17283430394416427
0,0.25200462,0.29431,0.21295504801094517
0,0.08567162,0.07686112,0.06155029980693843
0,0.052085925,0.048664264,0.052708871129913556
0,0.10597927,0.11640821,0.10009495594547305
0,0.11585162,0.1366251,0.11098186577025397
0,0.12096599,0.109001026,0.0997478013221058
0,0.094133675,0.10921639,0.1380636816055238
0,0.061670855,0.06246402,0.07868014854306597
0,0.10294492,0.102459855,0.09488716560669376
0,0.19099547,0.20469913,0.1837699314572713
0,0.09059705,0.09124865,0.10758566902454463
0,0.14121439,0.109731294,0.13583009164787233
0,0.04599334,0.050888985,0.05075463982408237
0,0.119524635,0.11578146,0.11123490313730841
0,0.08931932,0.078075744,0.07788424399266466
0,0.08682569,0.107213594,0.10221576532668701
0,0.06508082,0.06965837,0.06360688269250281
0,0.085053176,0.06337373,0.0518059844958519
0,0.042370643,0.04763083,0.04271120932201803
0,0.096701354,0.08863325,0.0856158289442097
0,0.08198722,0.07532743,0.08512670172380168
0,0.10602359,0.12972933,0.08976352229587749
0,0.11392711,0.11597262,0.1259939121713593
0,0.0862178,0.09371038,0.08773109231279011
0,0.025043037,0.032053296,0.044963466513264196
0,0.065146536,0.057693195,0.08404449440737057
1,0.11368542,0.09974815,0.11697063156183517
0,0.10957379,0.10714162,0.10942590092716126
0,0.070043415,0.08222801,0.10544814454487991
0,0.11292043,0.14557816,0.12342059960983859
1,0.084450126,0.039582126,0.06430488069765924
1,0.10119249,0.09065937,0.08019689673786998
0,0.14856277,0.18482925,0.1778954793616023
0,0.22995758,0.227463,0.19677405075786641
0,0.05365918,0.039126422,0.05132946834467682
0,0.1652411,0.17581245,0.19322297028307348
0,0.10791601,0.11279393,0.11456954446160468
0,0.051238194,0.05751929,0.041442321680992496
0,0.09812183,0.087828964,0.08343040599351388
0,0.11423138,0.11159255,0.10306145831801011
0,0.09259155,0.075822584,0.11437269914291684
0,0.1760831,0.15987769,0.13568742003601658
0,0.09312148,0.08837444,0.0995800163559988
0,0.060926527,0.058808394,0.059070918058569934
0,0.08704203,0.13103163,0.08601601569434422
0,0.15361968,0.15889803,0.1735395360281824
0,0.04013263,0.037606496,0.049004061251603434
1,0.12309594,0.13362977,0.0991196372201613
0,0.06635673,0.08330496,0.08071987530254852
0,0.12111458,0.15230693,0.14349879458857098
0,0.105900034,0.11073601,0.12236769521054643
0,0.0589982,0.10619149,0.07171862926065549
0,0.08286998,0.06857475,0.05519613129508999
0,0.33297303,0.4115908,0.23114883986340415
0,0.09503159,0.13333477,0.07220735285786145
0,0.14408536,0.1389678,0.1436601182347755
0,0.33925664,0.37849885,0.3237309153544842
0,0.07042192,0.06387927,0.0780458528219362
0,0.081065804,0.12578094,0.10535188958670803
1,0.12917477,0.12530892,0.13213877855303308
0,0.05753555,0.05011518,0.03319823053410646
0,0.13625023,0.18380134,0.1402280603241843
0,0.10324874,0.13366124,0.10497624372860542
0,0.07784577,0.090374485,0.06190903388571402
0,0.21031852,0.18613587,0.17372635940475203
0,0.19752158,0.18441334,0.1903818356493377
0,0.072841935,0.063844256,0.07295461176600515
0,0.3529078,0.2971708,0.28020298168193136
0,0.2856335,0.22816786,0.2564732318027876
0,0.08120653,0.0755446,0.08199593922923896
0,0.059377424,0.07007254,0.040989787214148816
0,0.089022115,0.08070159,0.08198820939338886
0,0.06354951,0.04479812,0.10471547700806648
0,0.064778075,0.0529662,0.05531477371829898
0,0.066566095,0.0762019,0.08125658237761083
0,0.07767926,0.08115289,0.08808549751345582
0,0.17957121,0.21328625,0.20136820263481886
0,0.12710127,0.10821985,0.11721810941467445
0,0.07538265,0.072586775,0.11138009998851062
0,0.21865623,0.2241234,0.21908547497310932
0,0.066276796,0.056421373,0.04577393634593494
1,0.05147826,0.066002674,0.046294619958403546
0,0.04830671,0.06480645,0.05406387100630939
0,0.059957482,0.06797908,0.05742086793564172
0,0.16040382,0.18506509,0.16035346552792057
1,0.1075648,0.0850047,0.11199985747560459
0,0.3250039,0.28253046,0.2566176277496157
0,0.087868355,0.10088569,0.08465302815271648
0,0.13473947,0.12407079,0.1539061718452422
0,0.080857866,0.07569234,0.04999736277821337
0,0.06499315,0.06058029,0.09507704498321906
0,0.063460775,0.058475252,0.05064699510323053
0,0.07326519,0.072473995,0.06610889697503028
0,0.13380495,0.124403566,0.13627687232261532
0,0.09495431,0.10591281,0.10303223233939286
0,0.1101946,0.11400043,0.12043114698948447
0,0.1130352,0.112134054,0.10509267547115869
0,0.09777057,0.096071586,0.12691973497380116
1,0.16767439,0.19929639,0.1498535160147582
0,0.11633304,0.14208621,0.13449575272838263
0,0.06295519,0.06996406,0.07336539221365898
0,0.040750165,0.043601174,0.056788668618928194
0,0.13604093,0.113508,0.13283605737493034
0,0.08038462,0.08024835,0.09709602635919916
0,0.2761428,0.24399062,0.22734097853439694
0,0.037582066,0.046449568,0.047532283066515656
0,0.1256084,0.14024448,0.11716571273559341
0,0.17811148,0.14841555,0.15966398261107353
0,0.028126046,0.025690854,0.027348684629857928
0,0.13731423,0.1328538,0.1265735139321987
0,0.070529975,0.07329687,0.07120873971715308
0,0.14339563,0.1530196,0.1430929152609918
0,0.16308704,0.1934542,0.15120410091901373
0,0.049043104,0.065128125,0.06705214052237095
0,0.16024734,0.14795257,0.14523989145510346
0,0.1278883,0.1078537,0.0956421671203037
0,0.12896028,0.11926094,0.14901424775980804
0,0.050262187,0.036641985,0.05581493939983019
0,0.27373797,0.21526773,0.26691584182614353
1,0.075489976,0.12763485,0.1175814444167844
0,0.08449478,0.06839954,0.06313606363029697
1,0.11166958,0.1218722,0.1138662806201506
0,0.11677199,0.10748122,0.12362429462981889
0,0.085757494,0.09096731,0.11253714640156952
0,0.15939066,0.16364436,0.11825313906082294
0,0.087915435,0.084086776,0.08804709296585847
0,0.04765642,0.045692883,0.040155202427999394
0,0.22383244,0.24566734,0.22252844360717783
0,0.10456147,0.09442699,0.09605221050383306
0,0.14333175,0.1506298,0.27911028729556786
0,0.09134394,0.11313245,0.08841875511104681
0,0.060571037,0.07817904,0.059149058961706844
0,0.22031151,0.27556297,0.23935563828591355
1,0.19165087,0.16253372,0.18132545579240153
0,0.10906683,0.12096621,0.1264183504804671
0,0.07435947,0.06260071,0.07616702071860482
0,0.24006405,0.25494468,0.2386087283447202
0,0.06986802,0.08654346,0.08881518182752345
0,0.13402572,0.12316761,0.1088880662071631
0,0.19359583,0.15679815,0.13820475927463075
0,0.07746385,0.07946599,0.08955229491920287
1,0.122765705,0.12213622,0.14808161465012937
0,0.08494269,0.09741396,0.07580879965508892
0,0.11771447,0.0803697,0.12288902935424048
0,0.0508185,0.05378843,0.0366228210615638
0,0.05198899,0.055671297,0.08130608276322668
0,0.10105102,0.078253515,0.10023227172228222
0,0.17156148,0.22824167,0.17394284193575776
0,0.10423605,0.11896915,0.10764235067817063
0,0.13213952,0.14437166,0.13423027918243674
0,0.1376103,0.1548131,0.12564617516589308
0,0.14423744,0.16112845,0.14443917158857528
1,0.22200209,0.14453231,0.16475494579062427
0,0.10417545,0.11737406,0.15454313558567118
0,0.066339895,0.055540323,0.05898369331440223
0,0.2290421,0.24953152,0.20459554137322492
1,0.09387813,0.11402153,0.09031586082614633
0,0.12114644,0.14430779,0.12938341038773865
0,0.071919985,0.08981058,0.06493085182641642
0,0.084624246,0.07278785,0.07629934401475184
0,0.048000544,0.05081073,0.03971228273753621
0,0.1222208,0.15700483,0.14767606024411772
0,0.059724726,0.054255832,0.04843178627892199
0,0.08821334,0.07768548,0.13221703277304528
0,0.1470603,0.10493205,0.18076398325955428
1,0.07088636,0.076142624,0.07989292781000114
0,0.16599678,0.14225039,0.14748933311654344
0,0.13359268,0.15218782,0.09847067515023532
0,0.050464258,0.048879042,0.04831800752799209
0,0.07636987,0.06033756,0.05188656223643469
0,0.05498716,0.061592232,0.05135033214542577
0,0.070942625,0.065461196,0.08898362372200397
0,0.077583835,0.0880766,0.123373312287738
0,0.14963831,0.12383212,0.13741534183317372
0,0.07411233,0.12966895,0.13154498357146438
1,0.37039694,0.3967451,0.40765227092059575
0,0.075979866,0.048257083,0.07621762716173679
0,0.14688037,0.13368323,0.12175402775422951
0,0.076358974,0.08086479,0.07349680701839333
0,0.12772736,0.15301123,0.14350584915594394
0,0.039020933,0.037832487,0.037181363732369625
0,0.5442446,0.46163115,0.3690456665752987
0,0.08318049,0.06991643,0.05403078947326652
0,0.078701586,0.069161355,0.07164310064268303
0,0.04749881,0.047420178,0.05725943064925025
0,0.29287553,0.3917139,0.1453867903918983
0,0.14288642,0.15451692,0.18320245362363194
0,0.11430542,0.10376725,0.09919595452213902
0,0.12122731,0.11491181,0.11169543705233136
0,0.055186838,0.062045008,0.07297988181228113
0,0.09962353,0.10086407,0.11351585144154447
0,0.09202487,0.10477554,0.129179776907358
0,0.09431425,0.09415993,0.13233299675399168
1,0.11639828,0.10644705,0.12804654155426162
0,0.062600225,0.07017266,0.06721693779162519
0,0.052737907,0.046193395,0.055943363569882505
0,0.11542969,0.10647598,0.13238321661969973
0,0.16257013,0.1722343,0.1548757221147929
0,0.113105506,0.12846649,0.09600219188117957
0,0.059590176,0.056832902,0.07093592943130449
0,0.099182695,0.09642562,0.09959014560205462
1,0.07878149,0.081648484,0.107025385849047
0,0.047786433,0.049033977,0.05235319485437395
1,0.26141107,0.21378416,0.19318061144128248
0,0.38876414,0.3877428,0.4165582135949176
0,0.07100606,0.06625154,0.07929918609913711
1,0.038153235,0.041366752,0.0381969610239761
0,0.08819787,0.105544336,0.07491034536973235
0,0.06542843,0.08290764,0.08171885759889091
1,0.14819719,0.12961364,0.18285190771411516
1,0.053694755,0.06172457,0.09551504534433353
0,0.054978143,0.041619804,0.047371661218759256
0,0.1574939,0.15800199,0.12855675676563263
1,0.11962285,0.10569372,0.09399003473645284
0,0.19994405,0.20761879,0.20749143918441873
0,0.10986441,0.10720815,0.10149101637028017
0,0.13362937,0.122986615,0.1510170450310453
0,0.08304482,0.06863669,0.07603549004635292
0,0.053333636,0.04769984,0.06651130850385834
0,0.053621296,0.05522219,0.056712824439745235
0,0.12201411,0.13258342,0.16165938886026765
0,0.08104196,0.078511275,0.07594940841660823
0,0.13143088,0.10789229,0.12686552338851104
0,0.031722058,0.033607528,0.04261448251824974
0,0.08100592,0.12445598,0.089812567643836
1,0.1419025,0.12642708,0.15428570006029715
0,0.07210689,0.05479005,0.062227977710197974
0,0.05699881,0.051190566,0.08791250196426922
1,0.06426882,0.06643842,0.08691355812957073
0,0.0722183,0.066677585,0.058334692325719306
0,0.09642437,0.09747928,0.11561657433058674
0,0.03685479,0.041429102,0.07293449612011052
0,0.116441995,0.1037,0.12174051881458668
0,0.18227397,0.19085503,0.20459260575938093
0,0.032045342,0.047895797,0.055739053427289575
0,0.060116276,0.059825204,0.11189873225195911
0,0.058987025,0.057268377,0.104645957281263
0,0.049882364,0.08801231,0.060269293793514506
0,0.05432724,0.048080206,0.05868162360821555
0,0.11010762,0.09164113,0.11709187839126907
0,0.052506894,0.049004547,0.06976603389810337
0,0.115443744,0.0844356,0.09179041446130534
0,0.1348297,0.13980222,0.15356291505681524
0,0.105555885,0.1604985,0.14634009664289901
0,0.087677434,0.093331024,0.09332398819265195
0,0.09106152,0.09215568,0.10588201755555135
0,0.08442012,0.075554915,0.08801070428374883
1,0.09609117,0.09096469,0.08425070386918827
0,0.10091548,0.09820125,0.07628219373991181
0,0.0971487,0.08589336,0.09336529379838429
0,0.17149428,0.16916808,0.13964012823971111
0,0.22119434,0.18481475,0.22564338159323025
0,0.055774868,0.057163574,0.06027289415181908
0,0.090837434,0.08313021,0.08392557770506441
1,0.2664668,0.23182964,0.22665247313478576
0,0.3078989,0.2686349,0.34043082515081186
0,0.23819195,0.23378803,0.2393741182845357
0,0.19764939,0.22290024,0.18129169109784016
0,0.06764906,0.06807356,0.06189905234810178
0,0.046278775,0.07173106,0.08577314811738199
1,0.12939359,0.12722124,0.08202188145924294
0,0.11180365,0.11399959,0.11352520300439795
0,0.14129879,0.1465006,0.14192942786966561
0,0.08931835,0.08861782,0.09494790496767072
1,0.18657123,0.20418608,0.19454467427345185
0,0.07645753,0.08214056,0.08155185707057852
0,0.30414373,0.28482026,0.20474252263501455
0,0.12167551,0.12384024,0.1098596084149469
1,0.11601913,0.09302829,0.0941919966871342
0,0.051555533,0.045334436,0.05415592409890271
0,0.15126052,0.15788877,0.16432749250283601
0,0.16407324,0.17618757,0.14434931287727606
0,0.18576856,0.20848262,0.18328963061764136
0,0.041061588,0.03612193,0.04408410125633188
1,0.15147799,0.16193153,0.18146746430327682
0,0.0872734,0.0751503,0.12728570451295174
0,0.20720226,0.21260573,0.22713776578643582
0,0.12771288,0.08934281,0.13291816829019215
0,0.22816141,0.21380644,0.17786262589583332
0,0.21792804,0.17408368,0.17733773464812724
0,0.2497392,0.3002497,0.2792025563757381
0,0.096783206,0.087394,0.08520053925859511
0,0.36477348,0.32082292,0.2844635870390465
0,0.12266985,0.08430873,0.11143469269933437
0,0.05478205,0.059399538,0.06822371544223677
0,0.118701175,0.117411815,0.07080633208094488
0,0.0449779,0.047577024,0.0536075763060202
0,0.08193297,0.1144784,0.08828279884904114
0,0.07745334,0.07936219,0.10812116778270046
0,0.110017836,0.0805284,0.12004995092207776
0,0.05128431,0.06704704,0.0685060603332329
0,0.06897726,0.06537932,0.06067089831501211
0,0.033334635,0.04105681,0.041346117458091074
0,0.09218646,0.08809272,0.07425652310102103
0,0.24519771,0.18366869,0.24135076728829577
0,0.09699566,0.083802335,0.11300955687736108
0,0.11689619,0.1118394,0.13454542881378026
1,0.20655316,0.18823433,0.19371992481606293
0,0.0829568,0.08727522,0.09323132321002346
0,0.060373187,0.07216402,0.06710700342896987
0,0.16531287,0.25277087,0.19116550798760665
1,0.058892604,0.070195936,0.06801411248290663
0,0.06625536,0.05774373,0.05370008763821394
0,0.11822398,0.11473557,0.1580723473646908
0,0.13050252,0.12363764,0.12878150297993626
0,0.04594992,0.036401663,0.0405735378999904
0,0.084740214,0.089226745,0.09691836877593069
0,0.14882599,0.17303069,0.1319956229379408
1,0.060445834,0.060434483,0.13256132172839916
0,0.11909952,0.12197379,0.10776321432657421
0,0.033110272,0.03296447,0.05215024616716866
0,0.07621056,0.059770413,0.0646611982370432
0,0.12896831,0.12798616,0.1309910160326141
0,0.11328195,0.1178973,0.09372841560431688
1,0.40000206,0.38514856,0.34737248275692584
0,0.055975594,0.04378362,0.10343637243366992
0,0.103265226,0.098785006,0.11193933513670014
0,0.082599945,0.094057865,0.07121170456316916
0,0.18893254,0.15494615,0.1772915961948379
0,0.20337987,0.17803885,0.2052727306669858
0,0.116834074,0.13342911,0.13078368750157082
0,0.102251604,0.12152772,0.09785014567780474
0,0.037048835,0.03765425,0.04345321564170966
0,0.12261517,0.11906179,0.13439334439431633
0,0.09784861,0.10999535,0.11914873248864521
0,0.05244468,0.05343407,0.05820828959005269
0,0.1410269,0.14710021,0.17160485521643007
0,0.13635977,0.10594537,0.12315711661100791
0,0.17631802,0.18921728,0.18102216933962692
0,0.12519543,0.12411983,0.12786875811047868
0,0.101922706,0.13426071,0.10059042694200188
0,0.07029677,0.06482818,0.09528922216734977
0,0.08143074,0.094228014,0.10242754400770829
0,0.07108962,0.07613107,0.05113237675150821
0,0.058471523,0.06626125,0.036796397051012196
0,0.14820531,0.14131494,0.09506436433775976
0,0.055198826,0.065127954,0.060532069024343556
0,0.02744717,0.018497925,0.040787524599185256
0,0.11724987,0.099037156,0.11120127539900779
0,0.06984508,0.05971052,0.07601769259783196
0,0.08597898,0.07652884,0.10301611179836917
0,0.06792649,0.06914621,0.08441062701989625
0,0.103334084,0.04810761,0.07268766313459908
0,0.066982955,0.09485767,0.05928771279891083
0,0.06203575,0.065068245,0.06956776827072715
0,0.1221324,0.13074064,0.08310593553499429
0,0.19540374,0.19354923,0.17733348192516224
0,0.05877558,0.05014349,0.04537815154797475
0,0.09405482,0.08071049,0.07337950288807675
0,0.15401772,0.15869576,0.13835505150042063
0,0.12679008,0.15087496,0.11292990138458478
0,0.11056071,0.1218425,0.1380888087340594
0,0.06462796,0.074503854,0.05756540913704503
1,0.06296859,0.062507585,0.0682411998815754
0,0.124367945,0.14566438,0.1563220581098179
0,0.047719326,0.04554216,0.04899686438709992
0,0.071144834,0.05996135,0.13754527908812522
0,0.09349664,0.08659297,0.09389523224690871
0,0.10114423,0.08774562,0.10505385029566514
0,0.045601755,0.050264478,0.06490953511352542
0,0.11132036,0.15135975,0.1675760513989087
0,0.046900038,0.04110097,0.054879788000625436
0,0.10058859,0.09135797,0.06928448646309725
0,0.13041167,0.1379444,0.1314108030949867
0,0.058954578,0.05112886,0.06055432016405618
0,0.1120073,0.13747308,0.11443026900584685
0,0.15038823,0.13643683,0.10375383573119855
0,0.0694597,0.06923809,0.06991621065557152
0,0.11736659,0.08831876,0.12647385159694896
1,0.15741158,0.15763293,0.1410875310914484
0,0.14946486,0.1396073,0.09932997762479112
0,0.093970835,0.08825226,0.10742578557860441
0,0.22700907,0.19897212,0.22439742552345976
0,0.06398371,0.06551983,0.06294700119229088
1,0.0845783,0.0832092,0.05669693312567277
0,0.04124279,0.037666485,0.04152554006577195
0,0.17784204,0.19101982,0.18034436276371493
0,0.12524426,0.122393794,0.11495092202008748
0,0.115178235,0.10375308,0.12934914477360115
0,0.08766481,0.081300475,0.11117698626800074
0,0.16622661,0.16942134,0.2166787305721375
0,0.08394266,0.08685492,0.08477668712948518
1,0.10179998,0.066815846,0.0966079226246208
0,0.04421363,0.039313618,0.09303362082078076
0,0.09230343,0.08715999,0.06544815303155818
0,0.123518124,0.10848151,0.08438239324451678
0,0.092286594,0.086236306,0.11209561976265472
0,0.034356173,0.037662365,0.04134712553084821
0,0.05203183,0.06947613,0.11944947598130821
0,0.06698272,0.08149343,0.07174485853179977
0,0.043338016,0.05186196,0.05305717011473891
0,0.06972114,0.07332622,0.06372116056406667
0,0.042480648,0.058221404,0.03556255835788551
0,0.5304714,0.36517507,0.3525005424537783
0,0.12789209,0.13055979,0.09057893525170405
0,0.12716775,0.14056954,0.1459895888445673
0,0.070562504,0.06961028,0.06478603640721942
0,0.06312565,0.07048613,0.08844524632210475
0,0.1641693,0.12613574,0.16289831396855053
0,0.108989656,0.13520876,0.10844894226094397
0,0.14998546,0.15039153,0.13000115950473495
0,0.07571338,0.0613747,0.08136968223075496
0,0.06549884,0.08933526,0.065831594244326
1,0.18554342,0.180518,0.16636357000040408
0,0.10422289,0.10372387,0.12162277552702973
0,0.059912495,0.05043197,0.04451642047439422
0,0.10208685,0.09720786,0.12074322754434527
0,0.33015087,0.30252603,0.2616575074053854
1,0.13349755,0.15428352,0.120823082794176
0,0.073562026,0.07697888,0.065946708471503
0,0.038863685,0.03703134,0.06118009143503035
0,0.05391004,0.062247746,0.05738125203794344
0,0.25336185,0.2574616,0.24970203207033406
0,0.097150646,0.12475065,0.09368111805612386
0,0.1384776,0.14560589,0.12462321902902794
0,0.084349476,0.0863834,0.10106571925668667
0,0.0879786,0.072393514,0.12854431165498015
0,0.11991074,0.103742845,0.12715053727431413
0,0.06698686,0.08046972,0.0657991745149523
1,0.18562019,0.1963864,0.193360072889392
1,0.07626553,0.07480858,0.0999550722148451
0,0.06090374,0.052430734,0.07079300402215523
0,0.12465643,0.13774411,0.12786713314022174
0,0.12547626,0.13308172,0.1286392568333248
0,0.22365747,0.21536924,0.2120451642016665
0,0.124437846,0.10648673,0.10282770984041341
0,0.04824196,0.06846934,0.07407446332739963
0,0.09782834,0.092402115,0.10620001600947196
0,0.122499056,0.10160805,0.14271775328167266
0,0.08988837,0.07375283,0.0773796177950595
0,0.095723696,0.099138275,0.1116583803062131
0,0.13853244,0.10889081,0.1534871144413112
0,0.118743114,0.100085236,0.1054902667049236
0,0.1478947,0.1534303,0.1442369027857358
0,0.09726765,0.079716995,0.11913672751768524
0,0.23872519,0.31305912,0.25931487457382396
0,0.15730701,0.111242756,0.13046850715857364
0,0.062916115,0.05758567,0.061981470851730974
0,0.1446498,0.14828007,0.18892513040674885
0,0.17322348,0.13052206,0.13306898660371974
0,0.10708658,0.105852455,0.09941885193102623
0,0.08096383,0.07493926,0.05928819098153335
0,0.2978356,0.24489586,0.19983919400505906
0,0.08461514,0.06410616,0.05040104389709855
0,0.08329209,0.08702109,0.06381330786976674
0,0.0938467,0.11572862,0.08765510951764224
0,0.21368578,0.19903465,0.19402327521811236
0,0.059492823,0.05461933,0.0358164687457262
0,0.10772199,0.09560843,0.09330330598017106
0,0.07865386,0.08114854,0.1011862732825579
0,0.089106955,0.09074747,0.053485599158984376
0,0.12872425,0.13631417,0.15945545339160255
0,0.07824342,0.078258485,0.1365742691832285
0,0.091014676,0.0705961,0.07407570055199039
0,0.09592973,0.09127182,0.10160921458583912
1,0.07284699,0.090165354,0.06071249599461814
1,0.042599566,0.040682893,0.028496272778409056
0,0.13614912,0.102793366,0.14026838536889016
0,0.06306628,0.08284416,0.0983868815777938
1,0.14332575,0.10165094,0.12273299265412259
0,0.08092185,0.09849563,0.12761694172302698
0,0.1009338,0.11951451,0.12326500804793784
0,0.35775977,0.34597236,0.3509703930791799
0,0.16023561,0.13228977,0.13383440286068796
1,0.2999097,0.32287255,0.2641866249800208
1,0.12816541,0.18549894,0.12264664133313348
0,0.11267152,0.08440235,0.12052954305209494
0,0.054688495,0.078400336,0.07063232698474727
0,0.07056748,0.09412487,0.12352086739599606
0,0.123388216,0.11232333,0.07972477935266373
0,0.14861092,0.14128757,0.14591591541164559
0,0.1036873,0.084774725,0.08984540984853376
1,0.28500432,0.40518406,0.36096985017342753
0,0.092499115,0.09852557,0.07515742524782333
0,0.15502381,0.24701612,0.17204237093949473
0,0.19777825,0.18403186,0.14372137142920327
0,0.1219362,0.100972384,0.10769498373292749
0,0.06550582,0.05754617,0.07709426745223552
0,0.08570788,0.068591714,0.11212703584980363
0,0.121172115,0.14091234,0.12012058937237086
0,0.086662896,0.09025616,0.09281842787128347
0,0.14033845,0.10744278,0.14399973246397915
0,0.10445129,0.09998899,0.1490785859911252
1,0.09408083,0.09309866,0.08256261505055777
0,0.11071439,0.14145638,0.09505692355799855
0,0.085678644,0.07174718,0.07987681685285916
0,0.2996818,0.26011613,0.24152184418557046
0,0.05739103,0.063512236,0.060551464752732695
1,0.13650215,0.1417134,0.16694253161930506
0,0.12696137,0.12354384,0.14448514349163652
0,0.1827884,0.189233,0.17313881616905638
0,0.063985236,0.052602377,0.0580434678058274
0,0.06636081,0.053337876,0.037164181169050785
0,0.22949684,0.20382454,0.16284178165462396
0,0.11678748,0.16406429,0.17565075831752705
0,0.11083767,0.10758105,0.08988256226085073
0,0.12438822,0.12256161,0.12814691947816398
0,0.33062932,0.30108246,0.24629076831750407
0,0.05752667,0.07239095,0.07388553046382909
0,0.039153226,0.054332405,0.07268061976082356
0,0.09138805,0.08805234,0.09695014359235896
0,0.084481485,0.09450131,0.10963020738725889
0,0.1959449,0.14072613,0.18681604333543206
0,0.19079447,0.1623499,0.2130462022859908
0,0.034215715,0.032761592,0.02502824271228147
0,0.04470714,0.045867816,0.07105534202672861
0,0.16368537,0.20041952,0.11802154901534516
0,0.14245147,0.15257289,0.10878242959292037
0,0.11041187,0.08976365,0.0848593957003846
0,0.087236434,0.07548495,0.06129128694962638
1,0.3323196,0.40300924,0.3896927139564914
0,0.16624787,0.13460417,0.18301907504982803
0,0.19741526,0.25481048,0.22816974850079869
1,0.0728893,0.06917365,0.08620200755762052
0,0.07627556,0.09495575,0.09431200042587495
0,0.06546963,0.058343444,0.06563855892388845
0,0.08598501,0.0742258,0.08847436081374452
0,0.10311585,0.12471132,0.10008771330078671
0,0.089826584,0.0840783,0.10585321153263609
0,0.07541861,0.07759446,0.10256882645618459
0,0.12811175,0.12310429,0.13228352635502927
0,0.06440904,0.103886954,0.07860430734333533
0,0.10016723,0.125659,0.10015883502832088
0,0.12519936,0.13787435,0.09460081456409675
0,0.076032355,0.061799172,0.07693924536255169
0,0.09582045,0.09417123,0.12047174294355166
0,0.1129875,0.14103377,0.14664504286357075
0,0.15439692,0.15705357,0.13783367591367268
0,0.2575857,0.29280177,0.24124283079184689
0,0.04925238,0.050662186,0.04867982449270433
0,0.13801219,0.09693265,0.13954494734028408
0,0.08972712,0.10360721,0.08643305675957198
0,0.090078264,0.070748806,0.1009656393648202
0,0.070917144,0.05601379,0.06967178446352862
1,0.14417636,0.14320286,0.13825543443457838
0,0.103948325,0.08009028,0.11041523961307768
0,0.095151395,0.08608321,0.08302152018549425
0,0.11118163,0.09323809,0.10699266674310523
0,0.14874256,0.12817815,0.14168174992744312
0,0.052316774,0.057895117,0.05087308168940506
0,0.032359574,0.044085156,0.03541347016100502
0,0.11826115,0.10866596,0.11758832085735348
0,0.09188834,0.100178644,0.07918093881212904
0,0.06449127,0.058603086,0.08571273856052397
0,0.1380329,0.15365875,0.16657883989043612
0,0.061402492,0.059846114,0.056149614783209276
0,0.090204015,0.06573997,0.07357797388711891
0,0.17175736,0.20471974,0.17059978271843784
0,0.05559449,0.04708542,0.062439515350987504
0,0.05324058,0.059431393,0.06488582827124748
0,0.37666336,0.40343535,0.37615196797589223
1,0.06710441,0.04922243,0.059789343190111525
0,0.2148909,0.23976757,0.24602609915272106
0,0.08424621,0.10009819,0.0904006785149039
0,0.06579717,0.06670961,0.04815118421212343
0,0.07783157,0.06744738,0.1002315341884813
0,0.13822712,0.09211735,0.1714896841835786
0,0.128522,0.13348022,0.11142979154769456
0,0.13148725,0.1505709,0.1313941362304995
0,0.14011651,0.13130377,0.11121714050567187
0,0.360353,0.3077401,0.2858089635242459
0,0.068091005,0.06263032,0.07858132736904083
0,0.120299704,0.17533173,0.1462405991134041
0,0.08471697,0.12639216,0.10725500066597127
0,0.045013145,0.04132038,0.04663219379319611
0,0.06150933,0.06196104,0.05622053108037948
0,0.082366556,0.06879193,0.07257329492038564
0,0.058263596,0.058750067,0.0678764694858107
0,0.18136325,0.14138255,0.16946289682778265
0,0.114314094,0.14207107,0.0958351294589338
0,0.07553338,0.113664314,0.07609824747396965
0,0.074664995,0.055077806,0.0740663582944467
0,0.07643651,0.10085372,0.07993689586964352
0,0.15374625,0.2041599,0.13550170148842489
0,0.067231126,0.07823759,0.08727698087794496
0,0.12948638,0.14014994,0.140534449081937
0,0.09011115,0.094234236,0.11672851246371778
1,0.09103291,0.08609259,0.12365647775812386
0,0.10902219,0.09653872,0.11986848520626478
0,0.059656303,0.067329064,0.07432364682298782
0,0.080734834,0.0639545,0.05404044086283848
0,0.14425173,0.14494835,0.14574698211252482
0,0.06518546,0.053166933,0.056702229073171975
0,0.060067534,0.07029601,0.0829059820990057
0,0.4731016,0.35556427,0.42602445972459585
0,0.061314553,0.068162315,0.06320658953668719
0,0.21953811,0.18150689,0.19300632360584502
0,0.118344866,0.12994161,0.1086149613767251
0,0.158919,0.15387367,0.18702018484277128
0,0.3498564,0.3545242,0.43142996104822795
0,0.04216737,0.06119746,0.04173648584109887
0,0.117206894,0.12340015,0.1466059683540526
1,0.08775404,0.12432605,0.12041763295702505
0,0.0406446,0.038225606,0.0323693157609007
0,0.06870928,0.08913892,0.07949256019838497
1,0.11419346,0.1302154,0.15624550186026603
0,0.14009298,0.12541653,0.13514423808674814
0,0.2559899,0.20648907,0.20994193540618328
0,0.14624552,0.12626722,0.1027336889602437
1,0.2701052,0.253771,0.22955815218817616
0,0.0826026,0.070757315,0.09420086945699441
1,0.06334088,0.060196925,0.08299095475039003
0,0.07925287,0.10043128,0.0753845372128679
0,0.10194096,0.09168831,0.10953429527602555
0,0.062434696,0.05362218,0.05041444534941654
0,0.13509867,0.14399858,0.10451145488033345
0,0.19221428,0.19016157,0.17361648053876252
0,0.09446165,0.0542452,0.07077649114072808
1,0.089675315,0.097136095,0.10200163877755629
0,0.06938087,0.06782883,0.056040727037775906
0,0.084879816,0.07879598,0.0647697215827199
0,0.123942226,0.12688209,0.09794385063782261
0,0.05215938,0.039604988,0.054270737654089504
0,0.06412978,0.061982527,0.09026393476307995
0,0.0441709,0.044666357,0.08180257670035503
0,0.038983967,0.04492701,0.046205602594052195
0,0.1860365,0.18440968,0.17020504909428935
0,0.07124053,0.054535996,0.06884967333475157
0,0.21828221,0.24335985,0.18883676306521846
0,0.20609342,0.19724709,0.2146133410216224
1,0.13411069,0.12082008,0.09128827762205513
0,0.06394143,0.07895485,0.0641091820042056
0,0.048777685,0.05762077,0.030105902396690903
0,0.0765613,0.08008288,0.0756869421906618
0,0.09026086,0.067560256,0.09837893233446544
0,0.09117872,0.08405904,0.06855818411864689
0,0.070835784,0.07504386,0.05762480299482644
0,0.09811099,0.07734657,0.0728565765450658
0,0.08701967,0.07483431,0.063274397948874
0,0.04744214,0.042913295,0.05816243162965833
0,0.059419975,0.04833197,0.07068446250699353
0,0.0674787,0.061119128,0.07135649764351423
1,0.24118216,0.21244353,0.19092509908892924
0,0.1211003,0.10898658,0.11330842179316745
0,0.14859033,0.15062563,0.1368162646222735
0,0.076879695,0.07105581,0.06710540979713717
1,0.12373337,0.14574666,0.11384663088438231
1,0.053912006,0.06941863,0.045847394737770934
0,0.08394689,0.09050127,0.07300458241720724
0,0.12638333,0.12374511,0.13811666977848427
0,0.2790735,0.2463021,0.23441735376273332
1,0.28014287,0.31022593,0.23226316491137833
0,0.040282782,0.029737074,0.03168199490373225
0,0.04796615,0.04228768,0.04631012104892999
0,0.0745945,0.09079526,0.10414248275973016
0,0.10652338,0.09310361,0.12213945433770115
0,0.14583586,0.18987489,0.1596082829914357
0,0.08773883,0.07254446,0.0672144889507779
1,0.09466393,0.104632795,0.12484735499884576
1,0.2884112,0.34089053,0.35788731281752945
0,0.052810382,0.05959339,0.050650833596024264
0,0.05941689,0.05739512,0.0746292479509
0,0.07364139,0.071461014,0.07510895745155588
0,0.077080615,0.09296086,0.0812477644131615
0,0.11387628,0.10367996,0.1096076910649172
0,0.06724272,0.06153787,0.06491305078099693
0,0.10574527,0.09231742,0.09154909226171516
0,0.46039864,0.47775993,0.3899835991774094
0,0.09866137,0.07006916,0.09376692778575929
0,0.041080654,0.04551087,0.047737254440303876
0,0.16912493,0.1856872,0.16087874380180947
0,0.117709026,0.12186557,0.08669681006731915
0,0.115216434,0.10615717,0.09694662499983826
0,0.1342866,0.11405869,0.13587810797699226
0,0.18312334,0.14477706,0.1814674878000598
0,0.07439338,0.06694156,0.056042066744222074
0,0.05169997,0.0353423,0.06670016177280347
0,0.09765613,0.11704383,0.14344707471446766
0,0.052676972,0.055059608,0.06127134064202771
0,0.093148455,0.045214593,0.0729278950265107
0,0.09925269,0.08823461,0.09983202484085103
0,0.1902622,0.1859503,0.2045223055589386
0,0.09596663,0.07713775,0.062257157514805254
0,0.062438324,0.065465294,0.06410014109110587
0,0.258681,0.29084203,0.23460985352735692
0,0.1001722,0.122719266,0.1158243407356777
0,0.064143874,0.061945632,0.07682383640339818
0,0.40147662,0.46609354,0.43149351478934794
0,0.07252444,0.09175841,0.08234664586840426
0,0.06396202,0.0672008,0.07471340798905778
0,0.06191411,0.060301222,0.058271481676736646
0,0.030794948,0.02930915,0.042983663316617134
0,0.08141524,0.11126443,0.09295520474328721
0,0.06523422,0.07993166,0.09254680191883842
0,0.06499288,0.04482829,0.06687788454547727
0,0.08131805,0.05586111,0.08801079878713675
0,0.053158462,0.053310253,0.06627368505667047
0,0.08426814,0.09074322,0.06775119911147884
0,0.12722091,0.12491863,0.10042196303432449
0,0.053988684,0.053972937,0.05890363808763146
0,0.06678789,0.08193654,0.07505652519151831
0,0.098624334,0.10834566,0.12612699149805323
0,0.18423337,0.17681599,0.1318670976508783
0,0.09102352,0.07791549,0.0893885909246461
0,0.12979908,0.14374189,0.1314580623293157
0,0.19574027,0.19368114,0.21334894716676606
0,0.34924746,0.30403012,0.218246584052915
0,0.20818736,0.25892496,0.1847447081076277
0,0.0835748,0.08411425,0.06100576212629474
0,0.26245725,0.19214211,0.2525439996887612
0,0.06041153,0.06321996,0.056697309867133755
1,0.115356825,0.08030276,0.08588487858444878
0,0.11655876,0.11002791,0.11060307047584308
0,0.20889845,0.1814817,0.21055744947340796
0,0.073154345,0.068161994,0.06837102487760882
0,0.38203254,0.4409511,0.391405784109132
1,0.115499645,0.095022835,0.1309418049141402
0,0.11260943,0.15651236,0.16177110457085106
0,0.05772474,0.07483514,0.06644016044542086
0,0.08802964,0.093484566,0.1015023887993084
0,0.059068915,0.08232763,0.09758339806945279
0,0.12157817,0.095308915,0.09580363724104572
0,0.22455306,0.3108571,0.27298113904777455
0,0.106716365,0.10960783,0.10566089948655351
0,0.16924009,0.15843187,0.10414723286257323
0,0.06852528,0.062338177,0.06972415925283452
0,0.075942814,0.06864675,0.06433261353099255
0,0.14007147,0.0951831,0.08523579285945987
0,0.08716198,0.09311803,0.08623433918542517
0,0.055747654,0.046933148,0.08321199876619478
0,0.047777094,0.038848095,0.0395706492111752
0,0.113810554,0.09059304,0.12601026833945644
0,0.066091694,0.07266274,0.07448290719504586
0,0.123849146,0.1201333,0.11919707958504505
1,0.070828706,0.078011975,0.05604675408317515
0,0.06456213,0.07101134,0.06605142102754384
0,0.14200486,0.13966674,0.1263804792643206
0,0.072379045,0.076952964,0.08428911315359279
0,0.105135165,0.08084919,0.08660954981145029
0,0.06535249,0.06968629,0.060379325903420863
0,0.14019036,0.13941707,0.12406489564935438
0,0.06917821,0.057273697,0.04651810774253014
0,0.21199453,0.14956762,0.1658988416699758
0,0.07489467,0.05616679,0.07168642933119164
0,0.07499769,0.07811124,0.139015961459165
0,0.060122386,0.08397466,0.05630229143818529
0,0.055515125,0.055437334,0.049371645955757396
0,0.0853832,0.06533788,0.08522722878904523
0,0.06452792,0.061281163,0.06030047790728691
0,0.056814887,0.056020875,0.05570043565581653
0,0.12508112,0.1780413,0.14133080213140686
0,0.065682,0.06976735,0.06504398023052628
1,0.08481443,0.10417754,0.07481849531605783
1,0.06066745,0.043296505,0.03735544079969644
0,0.118443444,0.09979036,0.09424549489734053
0,0.087408125,0.061709814,0.06676603774301462
0,0.10857245,0.10332728,0.10951181794190859
0,0.054456342,0.047333997,0.04170532186443556
0,0.22576033,0.17133747,0.13900217274711216
0,0.34106016,0.29277757,0.3405261065817837
0,0.12619694,0.1084753,0.10170524141246717
0,0.043529004,0.039207876,0.03148126597099905
0,0.060405955,0.07365917,0.05981798351105826
0,0.16296081,0.16827635,0.15453430388800166
0,0.04779723,0.03327174,0.04041741868083331
0,0.09939105,0.10780725,0.10663438966673622
0,0.10358994,0.09916003,0.0639070588049131
0,0.107549146,0.13270609,0.14133864609011185
0,0.07425695,0.0745957,0.07522306341307292
0,0.061215945,0.06678366,0.08808809564178849
0,0.03630642,0.028286787,0.0342879491730012
0,0.048415225,0.07163963,0.06158992885659005
1,0.21337874,0.16587971,0.1795771097887954
1,0.115002654,0.11243389,0.11179986294081232
0,0.12446482,0.14326686,0.11624911827571957
0,0.047337394,0.05739806,0.06927012524332764
0,0.07201554,0.067979455,0.06856259957495729
0,0.044162877,0.038172174,0.030457372070453022
0,0.07438807,0.056245152,0.0878880568749078
0,0.13605988,0.14310548,0.12545496919718976
1,0.37466502,0.39744878,0.2326674657634877
0,0.084881395,0.054080606,0.10174547699153506
0,0.084634885,0.10118193,0.09979413393521576
0,0.16236345,0.1553182,0.15141930795324346
0,0.1315635,0.119196266,0.13438241790824862
0,0.0829011,0.082583,0.07275464398244562
0,0.06758913,0.056318663,0.06271922355082682
0,0.1302647,0.11251475,0.12053715782819964
0,0.3985452,0.32857832,0.1814676371358451
0,0.0659913,0.064507864,0.0814166528687456
0,0.12928344,0.10537915,0.09448802063339717
1,0.056986276,0.07065698,0.12049813590706891
0,0.14405026,0.15574394,0.0980878956714268
0,0.09992166,0.07995278,0.08577603662438386
0,0.07508085,0.07767457,0.06745726080220468
0,0.12387987,0.11048678,0.10869486264604838
0,0.055877943,0.0639557,0.052336158577945234
0,0.031824853,0.038362868,0.037221152230111826
0,0.18973996,0.20444797,0.14520951865797324
0,0.05668393,0.055793654,0.06747132552072439
0,0.120313674,0.1260712,0.11762286761799681
0,0.2749743,0.23921312,0.17515792730866225
0,0.24721497,0.4343094,0.2911114567461363
0,0.2177137,0.2742433,0.22946119114617566
0,0.05757968,0.048444685,0.040895239393261194
1,0.052406542,0.048382703,0.056348511563030126
0,0.08112516,0.061309107,0.07238031355616255
0,0.11742467,0.11357444,0.0987142886844866
0,0.046175424,0.039864376,0.040856518089116375
0,0.11649584,0.11170303,0.09786362630610072
0,0.06532196,0.07386611,0.059341211320201426
0,0.15775762,0.18760246,0.12687429520877003
0,0.28815785,0.35867923,0.22616818952173656
0,0.10659808,0.11272165,0.09794866839471529
0,0.06728765,0.06702852,0.0765413952684839
0,0.11483152,0.10513059,0.10904772576823421
0,0.0574978,0.058441736,0.05476499536697314
0,0.09961545,0.09078137,0.07788421983932955
0,0.049347654,0.063654505,0.06545102096232186
0,0.08027394,0.130931,0.09112886721428227
0,0.18446763,0.22870187,0.14503347481504722
0,0.11163805,0.11741957,0.13229876837868176
0,0.07698296,0.08284481,0.07978238947276657
0,0.0827253,0.077126466,0.11971175512435245
1,0.1349538,0.1270105,0.12816702886952383
0,0.07587671,0.07244901,0.06646061891738235
0,0.05668778,0.061062343,0.03899884432507854
0,0.10859344,0.09331758,0.10322760175000364
0,0.07480083,0.08637627,0.07715898733785513
0,0.10243447,0.106476374,0.07029933427164524
1,0.0424707,0.051675357,0.049824589419810474
1,0.14451802,0.13140458,0.2067814168831756
0,0.100790195,0.09435293,0.10435114324447546
0,0.14491235,0.14821008,0.11932055060593773
0,0.086368434,0.098074116,0.09821220805686481
0,0.046784308,0.04445298,0.05023386164910731
1,0.21323189,0.20160885,0.21400430162555387
0,0.15419155,0.11360156,0.12863211507462496
0,0.06745329,0.07833249,0.07412318511124714
0,0.094768986,0.059596,0.09371777986895467
0,0.13267608,0.14498638,0.1217375619127869
0,0.103416756,0.103976324,0.08691199025621454
0,0.11254415,0.12250361,0.13415125692593366
0,0.050585266,0.04832448,0.03819434970596539
0,0.065926224,0.06650738,0.06161894566713303
0,0.058813356,0.060014185,0.03971481346273167
0,0.1249431,0.097234204,0.08483491529544761
0,0.05856966,0.06530924,0.051588722367041234
0,0.10358834,0.08423188,0.09489137919567257
0,0.08627488,0.09344952,0.07867748364763776
0,0.11885326,0.13360341,0.13227920928401543
1,0.18444407,0.1815996,0.1899730690515569
0,0.07058831,0.084989354,0.09559877431931155
0,0.049329285,0.0507703,0.06096190302297653
0,0.16432148,0.15806265,0.16828443566865023
0,0.25953084,0.26305285,0.2313703358227956
0,0.0947984,0.09584799,0.08551937372607957
1,0.05541564,0.055017807,0.05400769247597249
1,0.13506068,0.13169122,0.13115307618774935
0,0.0396706,0.035572246,0.05598451785707769
0,0.16183683,0.16101646,0.17322893268259384
0,0.09963901,0.09453618,0.16547798263097324
0,0.16528729,0.1790986,0.16070399267525182
0,0.060744897,0.059905004,0.04495692978238646
0,0.058492906,0.07856689,0.08449220953676279
0,0.064366706,0.071512215,0.060048890730111826
0,0.13973302,0.17664464,0.1572113596234831
0,0.05098886,0.05471711,0.04019950383038429
0,0.098512806,0.124198586,0.08028631511851769
0,0.08344001,0.094392784,0.0825387042469765
0,0.060620118,0.05522774,0.05536731234338286
0,0.12555414,0.14251103,0.127086116392014
0,0.12543009,0.14246374,0.11580412202019687
0,0.26095238,0.27889675,0.21900373921330768
0,0.059505854,0.052207034,0.03498013232139938
0,0.026343947,0.026236191,0.036881575016297435
1,0.11068339,0.11077373,0.1356083007493931
1,0.19193238,0.29882243,0.18337183289041292
0,0.12856355,0.09498118,0.10115253247607137
0,0.11320138,0.10820846,0.11182123674281638
0,0.0967475,0.08726567,0.12602112486194483
0,0.17194681,0.13599646,0.1722543667559854
1,0.06296384,0.04985462,0.06523244829210637
0,0.071147025,0.06284488,0.08469989959789222
0,0.05968669,0.05199098,0.05545193531204922
0,0.100421585,0.07797762,0.1240417457174806
0,0.081898965,0.06461227,0.09877149718686921
0,0.07738781,0.075006425,0.08870197682104218
0,0.15507208,0.16183661,0.16421430688568148
0,0.107573606,0.107309625,0.1286444767525009
0,0.31515145,0.30499303,0.18194519592157934
0,0.12571017,0.12474745,0.12407508517274027
0,0.056990355,0.0773696,0.08938965934940649
0,0.056229208,0.044616915,0.049350796153048916
0,0.066010006,0.07227794,0.05436804137599568
0,0.09017958,0.11812918,0.11404187102297184
0,0.09978198,0.11138017,0.14290769409945528
0,0.11796556,0.106016934,0.10542853226432618
1,0.05244211,0.04247231,0.06944190843385194
1,0.049618136,0.047691736,0.05669178805664612
0,0.27505818,0.29405594,0.2527479294514042
0,0.062441196,0.0885563,0.050864601643707645
1,0.061564114,0.072726674,0.07285907116955956
0,0.053949583,0.052054502,0.0551645225028806
1,0.11448041,0.11782216,0.13971333274453646
0,0.12349546,0.12533478,0.11961702093516977
0,0.10724033,0.09913925,0.08605161868443074
1,0.30554,0.3324987,0.34120426227855377
0,0.067737624,0.062712565,0.0602351112936111
0,0.17226318,0.18714853,0.13259152700517654
0,0.12138134,0.15629719,0.10466794560619215
0,0.087371066,0.102302015,0.08971411654428539
1,0.27992654,0.3155275,0.24390686948417092
0,0.08343049,0.07294482,0.0637083928245562
0,0.18080169,0.20247698,0.15358950315432673
0,0.11029037,0.101218015,0.07745378976383935
0,0.13265489,0.08229488,0.11589903534614567
0,0.04832479,0.04367413,0.05672104831688658
0,0.08909287,0.06487456,0.06297300371547676
0,0.049100246,0.04819272,0.07312572066215758
0,0.082112506,0.07450478,0.06717362343672066
0,0.073042996,0.07541322,0.07886061627786907
0,0.043208096,0.04819022,0.031969326362843144
0,0.053123374,0.051224295,0.057063960742003
0,0.24181966,0.22715375,0.23507743754719554
0,0.082696386,0.08036813,0.0980576655715008
1,0.15552258,0.18913083,0.1955536921184059
0,0.14112422,0.15655269,0.13380080781822848
1,0.09390971,0.099724025,0.09478257983362856
0,0.16303673,0.17446873,0.1755989164696795
0,0.088922285,0.0880768,0.06535246459530453
0,0.08679891,0.08967075,0.06620228826595582
0,0.10362869,0.059583016,0.10196577546498607
0,0.12795228,0.14201558,0.12425705999494034
0,0.047072627,0.045607306,0.07034243956630175
0,0.149419,0.14670232,0.15557119164167432
0,0.03921529,0.04231143,0.0627363360756669
0,0.2779102,0.26490477,0.42378697084796246
1,0.10560042,0.106021054,0.08147468073362821
0,0.1309134,0.1194507,0.12866272826430647
0,0.054641444,0.06912448,0.07238591697014751
0,0.0571777,0.036922682,0.07023851016455826
0,0.08979164,0.12082224,0.10808912508157853
0,0.069895126,0.07324531,0.06749167387589608
0,0.0362928,0.038696647,0.03159661040051722
0,0.04594896,0.056204855,0.046078939937884
0,0.27881426,0.21736519,0.24874556063575937
0,0.12258034,0.13719377,0.11644504797515681
0,0.0904401,0.10366174,0.11354100010731519
0,0.045490514,0.04782559,0.057195991006417944
0,0.12092174,0.10890983,0.1045719727708723
0,0.08667913,0.073688276,0.07909124165450898
0,0.02923358,0.028513426,0.04628821642579301
1,0.11941486,0.124056,0.09075515415482235
0,0.09696598,0.08635176,0.09744542870674261
0,0.1102221,0.112818405,0.1263943840267932
0,0.08829528,0.073540404,0.08426377339098931
0,0.05515746,0.0580926,0.05126445300801483
0,0.2075924,0.164758,0.15370422985274163
1,0.26341012,0.27833596,0.18848759172350907
0,0.047707733,0.05215799,0.05387203603125341
0,0.059804283,0.04958335,0.062112458454142684
0,0.099644676,0.10105349,0.08980817027418099
0,0.07471942,0.07707824,0.12058929296480227
0,0.19324063,0.17117149,0.18938365237890276
0,0.13828123,0.1370308,0.15817781628335822
0,0.1837913,0.20558524,0.14821244142792603
0,0.19089024,0.13021325,0.1911616512156169
0,0.25488687,0.27110514,0.2910216610405259
0,0.046971597,0.044656027,0.03598850121591406
0,0.11672953,0.11722196,0.11541927725731618
0,0.0730257,0.08111287,0.06152273680182602
0,0.073895246,0.059723947,0.07978292646959537
0,0.07580936,0.086724795,0.11226514832780116
1,0.08631291,0.08628535,0.08797228256479901
0,0.067187436,0.08170317,0.08313470712216234
0,0.09067111,0.077894576,0.07820160184788356
0,0.11379766,0.10061251,0.08738066329482887
0,0.17916664,0.15891144,0.1818736947940842
1,0.33815715,0.4000161,0.3417114461626859
0,0.08063343,0.09322991,0.08193290568077326
0,0.20138137,0.19640632,0.18473612245333568
1,0.35701084,0.3316604,0.2912094343712162
0,0.075949274,0.07660558,0.0580810129108823
0,0.15856816,0.13309348,0.1380381543033103
0,0.16712156,0.19833595,0.20178188287975524
1,0.22543272,0.254107,0.18215416452774422
0,0.07122196,0.07563595,0.08245974338362373
0,0.07621956,0.06501569,0.07110362877863446
0,0.098819904,0.06893853,0.07782788961888135
0,0.088279426,0.08042021,0.06065388582884875
0,0.05596564,0.051329486,0.041391195571744734
0,0.07353113,0.07924833,0.05858326364537229
0,0.124134734,0.13745375,0.10368042793860041
0,0.09399713,0.0906318,0.07672432945538799
0,0.15281451,0.15047985,0.1746194599667527
1,0.065192655,0.05574183,0.061277485340505054
0,0.13376774,0.14965302,0.12753387974372832
0,0.07689882,0.0927129,0.086275123064177
0,0.11820004,0.12822784,0.13721793101854382
0,0.08412107,0.06796902,0.07576641221391571
1,0.12702987,0.15028141,0.1575719357483967
0,0.15763597,0.15988849,0.1446867395738937
1,0.25696504,0.28023016,0.23104788643425941
1,0.39627734,0.33613372,0.37796730588579
0,0.07411841,0.09590291,0.0567860109805997
0,0.16053309,0.14421025,0.14834059877711164
0,0.14928052,0.0885762,0.11706805085564066
0,0.109462366,0.1693437,0.11669004448839913
0,0.12536521,0.15243524,0.0934163216806119
0,0.12087566,0.124422796,0.10324625909880268
0,0.20153017,0.19338456,0.1801376411717981
0,0.13269316,0.1277086,0.18441430515501955
0,0.041764207,0.03999895,0.058657416990101394
0,0.056435037,0.04411503,0.06549839805751051
0,0.07020234,0.07371733,0.10500303101439738
0,0.13237502,0.1272048,0.15473562031138033
0,0.088416345,0.087964535,0.09424011093895782
1,0.15967087,0.18451105,0.11181135599258696
0,0.083957106,0.08015079,0.07394568436434193
0,0.070094764,0.06679039,0.09727486219529789
1,0.058483746,0.04797381,0.0765669558844466
0,0.10584251,0.11764542,0.10953355373618813
0,0.19817875,0.18381181,0.22547330673152907
0,0.168611,0.115120225,0.11415270832525887
0,0.07637762,0.091564946,0.07320226992161935
0,0.050600883,0.050298903,0.04053697919174249
0,0.06282866,0.05263456,0.0644521387177067
0,0.22609262,0.21218774,0.23128187427495475
0,0.06234792,0.050209153,0.0629012028689673
0,0.06774081,0.058517076,0.05268004300678892
0,0.1295121,0.1479732,0.13586627886994998
0,0.07186362,0.077532984,0.07099644879579121
0,0.062585294,0.07061057,0.09744570877912417
0,0.062273048,0.048824165,0.07623373890756648
0,0.1697497,0.19564795,0.19076700406302718
0,0.12961501,0.11076144,0.14011393799576455
1,0.11726475,0.13471362,0.17151777728163167
0,0.10568324,0.11365763,0.08714862577347585
0,0.093727775,0.08364955,0.06850624194403335
1,0.06357853,0.08179334,0.06441727524043617
0,0.22120003,0.22467631,0.27587254547132406
0,0.04164475,0.039925385,0.05135588470351103
0,0.06316785,0.053653836,0.06516573459548265
0,0.14466503,0.13503683,0.124512185379327
0,0.18428569,0.19978662,0.13795569599577054
0,0.0810664,0.09780192,0.09179813916724072
0,0.035486814,0.038416162,0.06382527644406065
0,0.1761506,0.2683047,0.24314431504001546
0,0.030680161,0.032620557,0.03554893706291778
0,0.0889874,0.08167663,0.07386990567602694
0,0.06633135,0.07140943,0.06812279634554623
0,0.07207659,0.080692284,0.08368780651463599
0,0.1518175,0.13250394,0.11668873626936799
1,0.30042621,0.2658802,0.33607538247221336
0,0.1334143,0.13492557,0.10782463344451415
0,0.2032897,0.14150584,0.1452888126787416
0,0.1328153,0.15558475,0.12079419738571955
0,0.059979267,0.06687822,0.12892281945361533
1,0.12075347,0.11085614,0.09579924863219876
0,0.08616649,0.07525783,0.06546930805686878
0,0.06108597,0.041912157,0.06302875395239736
0,0.24650185,0.23766638,0.23380771324813154
0,0.1386166,0.15166253,0.11088196598695367
0,0.08162629,0.08919065,0.04162519331602019
0,0.13058943,0.088766575,0.13152949273143358
0,0.05524591,0.07891159,0.0643894568210488
0,0.1065106,0.08609826,0.07746115308141026
0,0.11984972,0.12960786,0.11948203606840543
0,0.10764924,0.11380991,0.15435256161556962
0,0.07203068,0.053520698,0.09048899278267479
0,0.15150847,0.16742268,0.18308400783868325
0,0.07172595,0.05722265,0.08148874446914363
0,0.14452386,0.27015266,0.2764389998545231
0,0.11651428,0.10011101,0.10598929701232304
0,0.05803128,0.04915029,0.033379463066178394
0,0.045356367,0.048648283,0.034369422855572845
0,0.11193022,0.15540984,0.14437358867844768
0,0.09971141,0.101599194,0.09597370441003324
0,0.18853277,0.18575177,0.19752121813158732
1,0.105474174,0.09466254,0.09933391875887758
0,0.083871715,0.082708485,0.06423246233396564
0,0.089422874,0.10074251,0.11195829998179618
0,0.12239836,0.10630915,0.09603186716124751
0,0.033850677,0.031861085,0.03511584546570499
0,0.07066999,0.052509576,0.10605423967104412
0,0.06374108,0.052078214,0.06722873365748676
0,0.19596002,0.1330977,0.14741024329126082
0,0.066144966,0.07162149,0.0881075520723541
0,0.053801402,0.056498054,0.06288968616945269
0,0.10765743,0.09774939,0.1039875967001401
0,0.17729197,0.25653785,0.19230007633846247
0,0.15723832,0.13741465,0.18589104719421318
0,0.09899423,0.09479703,0.07939435916913552
0,0.18813746,0.22516035,0.21853918581243886
0,0.056693174,0.040910617,0.05075180408915235
0,0.11228176,0.15375537,0.154968498455832
0,0.08005904,0.07882895,0.12603607989018284
0,0.07599396,0.098411724,0.1525469377637063
0,0.05511241,0.088227995,0.06722033277172153
0,0.094495244,0.09731854,0.12323776415168784
0,0.05733968,0.046333715,0.05766950360847747
0,0.08947317,0.05999854,0.07488116846025196
0,0.17534854,0.21776886,0.16125863402710772
0,0.08259222,0.08610203,0.0733356153193627
0,0.12781285,0.087868735,0.07695591183009991
0,0.07379576,0.06751805,0.06961613519455134
0,0.071964234,0.054674506,0.08485937725800324
0,0.100786366,0.06349291,0.09653390445763811
1,0.1334132,0.12416343,0.15091142349931333
0,0.16907297,0.1994967,0.24718286982208693
0,0.13983318,0.14531194,0.11166446124081814
0,0.12052163,0.12692668,0.1000206346700359
0,0.045029894,0.044868577,0.072392045469678
0,0.09131246,0.0865138,0.13612954492814602
0,0.13277872,0.1924387,0.1212315502744016
0,0.13248889,0.094030835,0.11545509823767072
0,0.08687279,0.078225285,0.08447478257880445
0,0.11257721,0.10196277,0.10661175595156334
0,0.077691086,0.08602855,0.08327703854700999
0,0.039392408,0.032968834,0.04291347553540165
0,0.5066915,0.49035323,0.3155736109998211
0,0.056157637,0.054080788,0.06629500094853824
0,0.14223394,0.14260074,0.13402127864150706
0,0.06227635,0.04660982,0.05866937243289873
0,0.076117925,0.08576319,0.06602788044354337
0,0.10362718,0.12002235,0.09768271516002354
0,0.27979985,0.25914946,0.21645221824718366
0,0.08875348,0.10507337,0.10761174499322516
0,0.09957876,0.10137331,0.07669747228667251
0,0.07952182,0.06432259,0.04653126117611545
0,0.05778611,0.047954466,0.0535053302457995
0,0.13033924,0.11722968,0.10947846508013902
0,0.09243064,0.09123076,0.07856949791376529
0,0.32604125,0.22976923,0.36807762883178763
1,0.07718784,0.0669851,0.0482363059924465
0,0.050156213,0.048050795,0.029069448640471264
0,0.08978063,0.07960605,0.11423056079955839
0,0.22665165,0.2622535,0.20912535611131997
0,0.072730504,0.062306352,0.05218700381446809
0,0.059385538,0.05488469,0.05376331002451989
0,0.20344724,0.17436789,0.13920062575114905
0,0.15996417,0.18318334,0.16169815047079517
0,0.090935126,0.1040731,0.11616429637971419
1,0.34092754,0.31576455,0.3047563334343438
0,0.1762458,0.17636107,0.15368272192144558
0,0.03717649,0.03755201,0.03557235001645067
0,0.05463718,0.057739705,0.07958574864759506
0,0.05152792,0.0375431,0.07167225539071642
0,0.048438575,0.051040705,0.045554282128782646
0,0.056810196,0.068716645,0.06050958207120867
0,0.06138853,0.054962724,0.07981340388500208
0,0.13311933,0.12918466,0.09651677865931779
0,0.13624147,0.1399702,0.14441831061351842
0,0.30121213,0.27414098,0.33862131920771193
0,0.15836523,0.20683694,0.21819321846736642
0,0.10268833,0.08356442,0.120026347332618
0,0.08329651,0.095863275,0.0650880320632543
0,0.21972504,0.20945515,0.1862274159424636
1,0.21071306,0.23039165,0.21857999571014464
0,0.34525287,0.33771664,0.2993194426921013
0,0.11065929,0.11726031,0.12022234519410308
0,0.089064166,0.12283931,0.14084639163333376
0,0.074324936,0.092251614,0.10627140674691028
0,0.13031404,0.14286688,0.1211849689706905
0,0.1308643,0.12558812,0.15703279354935565
0,0.09160985,0.07462078,0.10013750928234996
0,0.10838561,0.13532062,0.10630105036912786
0,0.0695632,0.061012786,0.06537804196828244
0,0.08826431,0.07234757,0.06963317826609344
0,0.027970336,0.024899174,0.03390176749165124
0,0.075948305,0.0809008,0.0835515502140952
0,0.05597888,0.05905797,0.07304271513068254
0,0.09810111,0.10709656,0.07407580407301365
1,0.09060432,0.090807,0.08314241605643771
0,0.1797665,0.16890933,0.173586732773225
0,0.1013187,0.103568174,0.07496853065289917
0,0.14167032,0.13890646,0.11554344939618795
0,0.08113392,0.08973525,0.09937606702117353
0,0.14053349,0.11474035,0.1405614722859422
0,0.0819975,0.1299407,0.10628931732366545
0,0.037764635,0.03433702,0.04306274195580835
0,0.095096804,0.097023405,0.16161351942325078
0,0.1287847,0.13948177,0.1119340234352654
0,0.06334071,0.050430655,0.06290798809708575
0,0.24267784,0.19934429,0.2745168501634811
0,0.17080021,0.13427752,0.1861476811019034
0,0.11617029,0.114218965,0.12109159706832986
0,0.06467382,0.037849624,0.051227295399618476
0,0.35695902,0.27397385,0.2435127426116473
0,0.120141715,0.13007542,0.12712294325506598
0,0.06280311,0.05746601,0.05868103133077851
0,0.06264684,0.060109425,0.1228539484100832
0,0.26711217,0.26067504,0.23043500168172432
0,0.22442812,0.20965847,0.18167447207417378
0,0.111796856,0.10212422,0.095177753872953
0,0.072667435,0.06567723,0.06272888316185102
0,0.07865425,0.089242645,0.10262180020688437
0,0.071494915,0.08095617,0.09460661503736845
0,0.10314759,0.086229935,0.10256898710456266
0,0.064277634,0.06687044,0.06236548560697296
1,0.049915507,0.054625005,0.04689276450571514
0,0.09246176,0.15427439,0.1271404086249448
1,0.08532809,0.08129061,0.06523527855495917
0,0.09663329,0.096374735,0.06874663024543486
0,0.12137805,0.10514708,0.146905335431249
0,0.0830928,0.078675695,0.06526892757072776
0,0.054524437,0.059504654,0.062194901632652476
1,0.17795527,0.15657656,0.17685209386354628
0,0.27422544,0.29047325,0.347892047051246
1,0.06379076,0.06725209,0.05361634057577162
0,0.050814267,0.051860165,0.047049235652770145
0,0.28711468,0.30317092,0.25116266044308605
0,0.058485474,0.057495087,0.052400988617034405
1,0.123215444,0.1117356,0.12984123255047977
0,0.091235474,0.09959269,0.09026836264728395
0,0.08349972,0.106472194,0.06628753011931116
0,0.098360166,0.08740079,0.07372337221626019
0,0.04843085,0.051782742,0.05452574244532805
1,0.06872675,0.09021344,0.10876090084994912
0,0.21096112,0.19424269,0.20142832618496148
0,0.16376348,0.18266559,0.15815139953971066
0,0.07655084,0.078300595,0.07330554143437229
0,0.071981244,0.071300186,0.059390735102278554
0,0.08357099,0.079197265,0.0768666566415433
0,0.121948786,0.124716505,0.0998050182063286
0,0.07049003,0.059267916,0.07310971382431203
0,0.037898738,0.03798067,0.03294499936026795
0,0.09912224,0.10027239,0.08455870819328451
1,0.22141595,0.19253474,0.22780861124899823
0,0.14217767,0.14894776,0.11327638593307886
0,0.07736099,0.084000245,0.0945682299381686
0,0.12535709,0.109773904,0.08311129211241595
0,0.09603857,0.08166395,0.10238747193608252
0,0.085450426,0.080504745,0.09120269242881893
0,0.04281171,0.03971454,0.04268368652377641
1,0.13802232,0.11543843,0.13510529326086437
0,0.04876753,0.050495844,0.0517298401211456
0,0.069175705,0.056667678,0.07592679383999434
0,0.056481823,0.06666195,0.056185000341521345
0,0.10392409,0.13531372,0.14415654725937446
0,0.048401706,0.034743156,0.051065252098499055
0,0.08501321,0.1045844,0.10987826428286598
0,0.16533774,0.093845844,0.1416606887031192
0,0.22718102,0.17461173,0.2220367110104187
0,0.20299843,0.21206303,0.19348395819071038
0,0.19822389,0.18662374,0.1633661514591268
0,0.08220358,0.08343968,0.08783559821823429
0,0.07640997,0.077704735,0.052510915879141695
0,0.098384075,0.08981386,0.06347658426965275
0,0.14009188,0.15862334,0.14833586008561012
0,0.037494205,0.026087005,0.04644566051662837
0,0.11853486,0.1400313,0.13901725597063624
1,0.08316935,0.06829744,0.06252113555743219
0,0.11275309,0.12535456,0.1076277442379046
0,0.15178709,0.15518771,0.13110837283434765
0,0.18968868,0.21342157,0.17788940177342638
0,0.26695144,0.254029,0.23533783769107575
0,0.28013092,0.24729207,0.19602754181520063
1,0.43935415,0.35610425,0.42435358235787146
0,0.11235103,0.11192989,0.10995515204492166
0,0.07946905,0.07674884,0.0961989545857218
0,0.09630294,0.10895262,0.06951733436624184
0,0.0481736,0.058046646,0.06071440141672611
0,0.14728074,0.1607128,0.13469893727708043
0,0.1715259,0.2081826,0.14353829938781762
0,0.11254107,0.12137746,0.1313807235171581
0,0.059191767,0.06689175,0.06504331578144715
0,0.10130465,0.09902648,0.1130284231142449
1,0.21226527,0.18967189,0.21978501802950529
0,0.08334846,0.0804151,0.08357660131873859
0,0.1265917,0.108193375,0.1258439832034856
0,0.043293823,0.047554392,0.07703605627721852
0,0.2262362,0.22115539,0.2094733871740273
0,0.09299059,0.09430191,0.07720302283822066
0,0.04683491,0.047948513,0.0558979536072014
0,0.10243379,0.090530835,0.07643517422914135
0,0.08130793,0.065650485,0.07652514955418382
0,0.0483697,0.060366563,0.07554321018597218
0,0.15521063,0.15046707,0.12225574060907787
0,0.13747405,0.14033613,0.12649970040587366
0,0.14154252,0.13933076,0.1481780990535105
0,0.029529702,0.035135325,0.04816467706236544
0,0.08597951,0.0975892,0.09426411098715612
0,0.07524816,0.075631835,0.0761317236997838
0,0.06974309,0.058899287,0.062450540917216545
0,0.060850326,0.052955978,0.03677426750006469
0,0.08040662,0.120986864,0.08867139135981073
0,0.14499305,0.13387826,0.10809387291731744
1,0.07589211,0.06569005,0.05894633651433
0,0.109547175,0.109635964,0.10804332366896369
0,0.07715439,0.08554717,0.06754190070975336
0,0.18573633,0.15066013,0.17263478475122906
0,0.07145818,0.073765114,0.06436405351252739
1,0.28383023,0.40897644,0.3448070619023207
0,0.11045794,0.07481828,0.10554065403096657
0,0.09033507,0.1040691,0.09063233497409788
0,0.11533282,0.110874,0.10626664146784111
0,0.17102894,0.13911349,0.14600567985835658
0,0.08872453,0.109538175,0.10803768958947423
0,0.1341852,0.14718036,0.14122185845541338
0,0.06601008,0.072388075,0.05808741383377994
0,0.073278084,0.07263958,0.0683263711561005
0,0.06605026,0.0678732,0.07090561472766116
0,0.09883827,0.10866792,0.1109566403181173
0,0.09870079,0.09253155,0.1101802195071608
0,0.3181576,0.26841497,0.2736451813882755
0,0.11098339,0.1219976,0.10002488367016077
0,0.10658556,0.12631105,0.13312257990542
0,0.15532085,0.110947765,0.12787340788165286
0,0.25372258,0.24830115,0.27070078190062413
1,0.1164566,0.10825672,0.10794867678927782
0,0.07450672,0.082108654,0.06723587861166291
1,0.0809085,0.08345571,0.06857897183795163
0,0.09586904,0.1103907,0.0941593418839374
0,0.062168453,0.051496003,0.04842145155102199
0,0.06815806,0.088134274,0.0920113137017927
0,0.13130707,0.11755989,0.1525849625610913
0,0.10414869,0.11000998,0.17365218633414495
0,0.060655043,0.052498996,0.03242769868095745
1,0.13169076,0.112819135,0.113187303600078
0,0.28939274,0.23890537,0.27038013735360494
1,0.09324858,0.108693026,0.10817786907810464
0,0.032660753,0.032296594,0.05766917863518601
0,0.117761984,0.10774451,0.11177365100992936
0,0.06107693,0.054915257,0.05911882945213186
0,0.11419595,0.11467479,0.12001341858156497
0,0.1368472,0.11511469,0.10963025830640362
0,0.05220712,0.052687254,0.03742761855442442
1,0.08092838,0.0702628,0.1031051639347814
0,0.06981935,0.06760083,0.0983995721979197
0,0.09764569,0.08692374,0.12304981535416092
0,0.080147326,0.08016037,0.06371550340612431
0,0.13017988,0.13704748,0.12964691749968643
1,0.10312536,0.11067064,0.1366461871783519
0,0.13925368,0.12774919,0.12472262907605426
0,0.062191587,0.061131757,0.06121626046982009
0,0.108580105,0.11024843,0.08859815383103464
1,0.14726125,0.15759218,0.15884142244858818
0,0.111520216,0.12210034,0.12220961262835242
0,0.042459946,0.054790482,0.033269459847019706
0,0.100598015,0.06993499,0.06128565832411374
0,0.23724975,0.25990897,0.2677040724192019
0,0.07684654,0.08162734,0.08856835357778794
1,0.079038255,0.07086574,0.11459356967625846
0,0.073666036,0.08363908,0.08245920115268743
0,0.1377703,0.120990776,0.13528796673819116
0,0.16514124,0.16360447,0.17739325049863247
0,0.12739964,0.12862329,0.12769411768386354
0,0.13706236,0.10012766,0.12008292187116913
1,0.12280386,0.1645693,0.16456272723930576
0,0.1141208,0.10008384,0.09950043452235732
0,0.06316686,0.06276473,0.0539627113145417
0,0.45482162,0.5113059,0.37972627053155394
0,0.11805698,0.095131464,0.11600371372339038
0,0.05464474,0.058588907,0.05999047173487737
0,0.062800914,0.061197296,0.05405665065697317
0,0.10222499,0.10244613,0.09119680516480684
0,0.100279875,0.12003815,0.13937166428732553
0,0.11165455,0.1248962,0.13344171536557367
0,0.08459282,0.08160904,0.07265580078780413
0,0.09052271,0.1503929,0.1103609407763851
0,0.10085851,0.098025486,0.1172108905679397
0,0.061155777,0.05044582,0.06705711406328184
0,0.09287387,0.09656894,0.07832331562025947
0,0.17448226,0.17176363,0.1552356560442478
0,0.1564006,0.17434694,0.15604866589371263
0,0.15185745,0.16671264,0.13877039373516534
0,0.10633596,0.1091563,0.10556764590959129
0,0.047099084,0.0466234,0.0485846192124496
0,0.05787409,0.050638672,0.05387676056858127
0,0.08621108,0.06633613,0.07495743549246567
0,0.049347464,0.047407944,0.0433876435671622
0,0.05502485,0.06256686,0.06423565447376282
0,0.10965271,0.08870528,0.10912076903235354
0,0.15623093,0.15560068,0.15905836232723078
0,0.13839093,0.11381656,0.14459851561118026
1,0.4643814,0.37551498,0.3773550882350043
0,0.062206622,0.049426492,0.04751430649093319
0,0.13158908,0.118389376,0.10636426021923692
0,0.1153289,0.1180932,0.12498488778688283
0,0.0737048,0.07238282,0.07650005831691715
0,0.112684704,0.11109143,0.15426626300276772
0,0.13944826,0.1062613,0.11092465033518231
0,0.06830879,0.062554725,0.09274555569010798
0,0.10287955,0.08506085,0.1025410788684782
1,0.09735456,0.08704413,0.12454305958803741
0,0.45308614,0.3594074,0.3462111255001602
0,0.068854384,0.085394636,0.0657677348161099
0,0.09160206,0.0850025,0.09715700644014062
0,0.11756095,0.09734598,0.11578027109353903
0,0.07676428,0.08150269,0.06574136408711272
0,0.13860305,0.16322464,0.17032487828820747
1,0.104774244,0.09491883,0.16569153096439926
0,0.13578898,0.12926,0.14149699733474683
0,0.07858153,0.07220869,0.05271221384322849
0,0.09146758,0.08389513,0.11574911632972373
0,0.16986503,0.19844922,0.1549720132776348
0,0.038167667,0.04228457,0.03716725577437666
0,0.15957859,0.16043441,0.13621064976865513
1,0.4502357,0.35804394,0.35372877207492404
0,0.0887701,0.07397883,0.11234307069091548
0,0.32900947,0.3240589,0.338155881729541
0,0.0881768,0.07048213,0.07372008297399704
0,0.06852239,0.047218125,0.05179788664417956
1,0.052934997,0.041995414,0.026318719493008118
0,0.09915748,0.069205694,0.11780692418949311
1,0.24090126,0.1847847,0.2340834139796558
0,0.07800788,0.075428694,0.0630182803938151
0,0.06892307,0.0735413,0.11489763007646452
0,0.14684927,0.13069583,0.14938011293732534
0,0.07732145,0.076099,0.06274566206488456
0,0.110552594,0.085598595,0.1318972231858471
0,0.07085457,0.06845849,0.06794790377393657
0,0.051463615,0.04072461,0.04417795440310083
0,0.047525495,0.047564678,0.0490394851227723
0,0.052766334,0.05836138,0.05480313009216895
0,0.0870162,0.10064143,0.07401232857437941
0,0.11335049,0.114029594,0.09134954366076153
0,0.087950006,0.12842062,0.11206960521852445
0,0.090111874,0.06852296,0.06605647299203134
0,0.11517014,0.10542711,0.11788512293590758
0,0.093771584,0.09632262,0.10506866176124531
0,0.09306145,0.091595806,0.061475648126928774
0,0.20822233,0.14431186,0.10525332860947513
0,0.12610723,0.1262138,0.15419240352289304
0,0.18124168,0.19477229,0.13292489589602724
0,0.23028138,0.27726585,0.23246869792538224
0,0.29462633,0.28951275,0.19973164642558458
0,0.1218603,0.073530726,0.11094131601429222
1,0.037669,0.04219328,0.054600726148605845
0,0.087837175,0.08288237,0.09015219391965702
0,0.09809211,0.11050946,0.16887705888527932
0,0.12718676,0.13899438,0.12469124043182933
0,0.06519483,0.055437345,0.07157014137752542
1,0.17935394,0.20869842,0.19020951447103765
0,0.081553735,0.06546832,0.08043692391212837
0,0.084294006,0.102654725,0.14654936284924996
1,0.117960885,0.13442574,0.1775036096796841
0,0.0642646,0.067123644,0.08409593494331467
0,0.07100657,0.05411208,0.06979745216308725
0,0.072119355,0.060397293,0.09543985230344318
0,0.097966366,0.102639586,0.10254425731240932
0,0.09164683,0.08311396,0.0808573961875446
0,0.06473681,0.053669468,0.049438742113221176
1,0.2299106,0.17803554,0.26639756941535814
0,0.10093519,0.08413025,0.12116162890693336
0,0.06308363,0.05785695,0.051966133886945126
0,0.24583696,0.21800229,0.24154718581994558
0,0.12452557,0.1298303,0.1245879660786571
1,0.11897647,0.17245094,0.13292550612476156
0,0.09752457,0.14282267,0.0947551411151342
0,0.08853921,0.10232689,0.07910471851805803
0,0.05356852,0.05220184,0.0516535579830396
0,0.11561813,0.09218345,0.1287983806259271
0,0.07479289,0.07358567,0.08703771707391808
0,0.07349324,0.054405842,0.058759588923498
0,0.12344463,0.092969224,0.09868714372771946
0,0.07468156,0.06990999,0.08405149298577516
0,0.09632197,0.0985355,0.08417887884282428
1,0.14454786,0.1320113,0.13636667753509993
0,0.10652318,0.10426409,0.08801529882076986
0,0.49279934,0.5121529,0.4199217167475326
0,0.06799792,0.062479027,0.07358787720613119
0,0.0959485,0.10269501,0.09481286675482964
0,0.1608371,0.12665617,0.12174153221027353
0,0.11334366,0.08495079,0.12725955196035518
0,0.12295722,0.10319546,0.15899617280689324
0,0.086710446,0.0852782,0.08029159790424992
0,0.17073748,0.1754248,0.18835701944794878
0,0.42274442,0.3717673,0.30734217600675856
0,0.04931154,0.045889523,0.05742536083187616
0,0.080410644,0.082367435,0.11493929993491754
0,0.08667971,0.08239069,0.0635184243688511
0,0.03556016,0.035715982,0.043228808301725284
0,0.12243775,0.11484396,0.15439346922664107
0,0.16962978,0.14244962,0.14531882621798012
0,0.10769512,0.109474145,0.09028458081733634
0,0.1186188,0.13636072,0.12555163256939664
0,0.17074373,0.15017943,0.16870483644810802
0,0.08354033,0.09773114,0.09218725723903921
0,0.08619483,0.09074705,0.11507296625068066
0,0.31082603,0.3233026,0.3392697280870402
1,0.15300092,0.19827585,0.15737471429131147
0,0.33598056,0.34320885,0.40244361192569944
0,0.1092492,0.0761972,0.08701262159763296
0,0.15498486,0.13447787,0.1239504126634505
1,0.24095152,0.23784107,0.26101025183188586
0,0.08697276,0.06733759,0.0831686561680019
0,0.1306256,0.114503436,0.12771687768914092
0,0.066646166,0.07701603,0.05738611167660371
1,0.090655774,0.078654066,0.06508316273624984
0,0.09962392,0.07946707,0.11964855112830568
0,0.12125558,0.1276887,0.11514027695299026
0,0.26427913,0.23657562,0.25154991276283056
0,0.086663395,0.0718258,0.08522121232014668
0,0.07926814,0.08245977,0.07634764298582546
0,0.11658824,0.13951235,0.1681160488164169
0,0.077486664,0.079944916,0.06105044159378254
0,0.1303215,0.09072811,0.12911490849074642
0,0.059396017,0.06314611,0.06942258200693889
0,0.052018717,0.045108862,0.0730250051677454
0,0.06399696,0.06115669,0.07240320696547696
0,0.09693329,0.11433656,0.12994447055223654
0,0.09997327,0.101598345,0.10576423239451374
1,0.22931731,0.1763172,0.18580185597641186
0,0.10873608,0.095257945,0.07736951784014791
0,0.08495014,0.10194984,0.13280928209604456
0,0.08466661,0.077564366,0.07979668450190253
0,0.05553822,0.050773025,0.04994972398489609
0,0.069236554,0.07090905,0.07288259429623395
0,0.054374844,0.037010934,0.028859867361072773
0,0.11935808,0.14840434,0.10448799861447512
0,0.08071714,0.0959762,0.06383255715557816
0,0.06566208,0.06834959,0.05254836199540045
1,0.10080946,0.10308922,0.11996907452745814
0,0.089430586,0.100383736,0.11281900402870922
0,0.0743564,0.08015446,0.05832036955584944
0,0.19489339,0.23017433,0.1883404714335504
0,0.24014781,0.22869533,0.168783472669601
0,0.052189544,0.044006962,0.06154144308608326
0,0.06425448,0.05602415,0.0560857156659174
1,0.13996734,0.12828882,0.13071727815452652
1,0.07118827,0.07713297,0.13587702660514733
0,0.09198139,0.11552855,0.1081359294915842
0,0.19138084,0.13537577,0.23806666217229255
0,0.041708812,0.03029033,0.05776946570402715
0,0.11626772,0.12645364,0.13966792340033593
1,0.08562222,0.11099376,0.15081801028255135
0,0.063219436,0.056174338,0.040680061850693894
0,0.31655458,0.26737842,0.2403875106573684
0,0.07479326,0.10021504,0.09818526159934637
0,0.11772253,0.116848424,0.12804729296718015
0,0.09448096,0.086500496,0.11096878599269061
0,0.13618113,0.15570936,0.14806330245443003
0,0.07092943,0.08651676,0.09577313467487679
0,0.055774778,0.03713465,0.043205422043185754
0,0.049275253,0.044898022,0.05235432384376645
0,0.086690664,0.08158061,0.08192965433497389
1,0.12616628,0.16656996,0.15253092732311266
1,0.06988871,0.04795157,0.03279255047759772
0,0.166426,0.19466324,0.16664062604030042
0,0.074356645,0.05448545,0.04897147584999556
1,0.2238961,0.18556403,0.14880718908487992
0,0.1364221,0.13363835,0.08628505761045628
0,0.1079787,0.100893736,0.13233959300750903
0,0.13655232,0.13741592,0.1379052374932434
0,0.062069423,0.05523334,0.07110581078856942
0,0.24566066,0.16019028,0.24806878142753327
0,0.12525953,0.14622815,0.113096328112975
0,0.087494925,0.07247895,0.09229575378721651
1,0.2027992,0.2306492,0.25201457453842685
0,0.09070233,0.077798545,0.06856612534297733
0,0.07323872,0.07172457,0.06959477917155217
0,0.2421327,0.2836447,0.27158750995376074
0,0.056286044,0.05135127,0.061719154843863394
0,0.14438862,0.17923625,0.1643386515223524
1,0.090524785,0.088015676,0.07385018066300313
0,0.17337373,0.18318973,0.20366255081768417
0,0.16541256,0.1752341,0.17456211197847413
0,0.047099218,0.042429402,0.05729865488005933
0,0.06435345,0.06294806,0.09219265782878053
0,0.09412004,0.09508122,0.06315301992226176
0,0.16190352,0.18040209,0.14875827646620746
0,0.056296505,0.05143847,0.06626941443247282
0,0.07392792,0.0679022,0.05757306649218771
0,0.080200866,0.09855838,0.08703005158781685
0,0.060790878,0.04845991,0.08827439113093409
0,0.05405772,0.04346739,0.05346041429444161
0,0.112048015,0.08187235,0.09985943652747649
0,0.05879018,0.07656447,0.06320703853565895
0,0.08655629,0.07047099,0.04771990223920907
0,0.07316388,0.09088212,0.07227274001250314
0,0.063145705,0.066872686,0.05155837922326634
0,0.11361785,0.13827008,0.1150808230109981
0,0.10503295,0.08961499,0.11253884364161801
0,0.03262787,0.02950384,0.039680174720516485
0,0.113623664,0.10759266,0.14688306013379915
0,0.17825656,0.17199351,0.22947687917377424
0,0.15491802,0.1117798,0.13965972342582705
0,0.0791082,0.07573546,0.06801922638263054
0,0.09196897,0.0917457,0.07269473717869272
0,0.06887607,0.05984949,0.06096502526663746
0,0.18831114,0.19472949,0.15974178492123264
0,0.13734393,0.119401,0.15396471875374035
0,0.29589707,0.2938049,0.2533466832521657
0,0.21304363,0.17620406,0.2222747584250541
0,0.065015726,0.06076038,0.06759997495532223
0,0.10292371,0.12711526,0.11491151399746238
0,0.04537928,0.04944899,0.0476844481851779
0,0.059869435,0.056664046,0.0742303964050204
0,0.22231404,0.18278353,0.16983198940842542
0,0.06426704,0.060409665,0.06652630646792095
0,0.07860343,0.078542985,0.08034643902239959
0,0.1092051,0.14260523,0.12056369448341611
1,0.0568705,0.052611314,0.06046808047737139
0,0.19402517,0.16406994,0.16866250435862115
0,0.066214986,0.07018678,0.08494994154643788
0,0.04727319,0.07254556,0.06914547365898328
0,0.06564842,0.052814737,0.05959339588063272
0,0.09438037,0.107835144,0.08851772863038278
0,0.032098677,0.038581163,0.03575200961184762
1,0.05286187,0.050750874,0.07863355776585938
0,0.19946843,0.08211588,0.14072044857164587
0,0.11984687,0.122221224,0.09901862526792293
0,0.10741022,0.12408961,0.12638555159816492
1,0.1265134,0.1920709,0.14438638879650378
0,0.06790714,0.059606075,0.07646101272503414
0,0.06540852,0.05732106,0.0927617868895205
0,0.060355354,0.06501566,0.06741238515805623
0,0.04299612,0.063256636,0.06569363371210005
0,0.11054497,0.12107007,0.098244961401231
0,0.06836968,0.049364056,0.06478076202109873
0,0.14463441,0.12992756,0.1395684568849349
0,0.11249471,0.11859699,0.10390830581530823
0,0.04905616,0.047057793,0.04347909367571912
0,0.06610289,0.06572906,0.04910601206748409
0,0.12132282,0.12039857,0.07612139469974968
0,0.06849559,0.046694275,0.06506405933548721
0,0.09281317,0.12344353,0.15196497274123483
0,0.08700234,0.10332819,0.10888438083902702
0,0.051532555,0.053044368,0.03862143075895422
0,0.13435821,0.11256733,0.13767001250428207
0,0.09349236,0.08212408,0.09162596419988726
0,0.13381884,0.14728741,0.21743523167684678
0,0.15335356,0.11609363,0.19978779796168372
0,0.16890953,0.3601985,0.26612434357671555
0,0.09435686,0.09121342,0.11760063732168953
0,0.07241611,0.07875218,0.12139854864311364
0,0.090678476,0.0988232,0.0950223522623038
0,0.055015925,0.05192517,0.045306434827294094
0,0.12831847,0.17643328,0.16429566189192346
0,0.07551382,0.076066785,0.08717531005022308
0,0.077966005,0.06900142,0.1165952056374367
1,0.22750784,0.19175938,0.19735026787485987
0,0.09286799,0.099915035,0.10541427540746186
0,0.11918302,0.11549785,0.09407248244909601
0,0.086749025,0.069540374,0.10647279062607388
0,0.08852727,0.07279153,0.11198054258540621
0,0.123619534,0.10825879,0.0889333743070095
0,0.055958524,0.05510619,0.052498411271114306
0,0.15904674,0.15211654,0.13252965808048156
0,0.06663476,0.052410036,0.06223806445006878
0,0.25722554,0.17910105,0.24909018981833028
0,0.10791462,0.1422149,0.13733719563070282
0,0.09572532,0.04762123,0.08415231459586965
0,0.115745194,0.13165155,0.09861660185892768
0,0.17011815,0.1654604,0.1484645909161102
0,0.042524487,0.04752244,0.06072030306068373
0,0.044195537,0.0459074,0.03880588482104295
0,0.46832466,0.4034081,0.4373049580085625
0,0.04195639,0.04967087,0.03181348183389927
0,0.051602554,0.062076382,0.040353958925399294
0,0.07968696,0.07300166,0.0786445537909655
0,0.10602091,0.11434633,0.15683738989077092
0,0.0694143,0.061019845,0.09757159758945658
0,0.034574773,0.028960187,0.036102076062422446
0,0.095275454,0.08857902,0.09620191623853003
0,0.07924967,0.08389341,0.1060609676886911
0,0.069368266,0.05063271,0.06694879216717858
0,0.12734215,0.10495104,0.15883560914168596
0,0.07326031,0.0822563,0.08541426101062687
0,0.076247714,0.08767007,0.08237605613949006
0,0.044974726,0.045904115,0.04610310550315803
0,0.16687742,0.13711917,0.12106801389698399
0,0.17839797,0.239498,0.19198991598622317
0,0.09248933,0.101310536,0.08820517264707442
0,0.06314964,0.065014035,0.0745782546516697
0,0.09200059,0.09207772,0.09357067915085869
0,0.055510227,0.0666549,0.0730514794242985
0,0.08267246,0.08340506,0.0700775149452404
0,0.07913275,0.061364826,0.07370043850614698
1,0.07590961,0.09876862,0.08858934806426491
0,0.09397836,0.1289424,0.1251094724642587
0,0.121924125,0.11379328,0.09882599991171968
0,0.11307559,0.13756508,0.12169639921061333
0,0.1358148,0.1307465,0.11206000164427933
0,0.1864839,0.14818221,0.17261666612379156
0,0.15826038,0.124619305,0.09966050226817957
0,0.04402119,0.034492027,0.06021154221208114
0,0.08020391,0.08825456,0.0686541305715669
0,0.08248268,0.090302125,0.09505458430178718
0,0.12296616,0.1441106,0.15491912856702073
1,0.102357745,0.1149617,0.13817086953359334
0,0.08725251,0.08205184,0.07795717304159173
0,0.037174035,0.032564618,0.05404308083229885
0,0.13806853,0.13078858,0.12920863314893236
0,0.1130667,0.119435735,0.11859510469274186
0,0.09571682,0.102584966,0.07635012661996496
1,0.22119859,0.29292977,0.20097225781699193
0,0.08046484,0.08331643,0.07925242599928581
0,0.080015145,0.07718017,0.08916224581277055
0,0.13401465,0.1359295,0.10908795503469192
0,0.15318422,0.13998924,0.19085255787062755
0,0.07051145,0.07587632,0.08776358023745952
0,0.07881372,0.082084455,0.07403451426227196
0,0.14736658,0.118378855,0.12646238930029052
0,0.08210934,0.096473515,0.08135941207667133
0,0.117149435,0.13304144,0.17229815357749534
0,0.09675454,0.11325118,0.1303998426544644
0,0.05141206,0.052486226,0.04477755105394846
0,0.052316017,0.04796102,0.04956313341112715
0,0.14241184,0.1578022,0.1677750333883972
0,0.34405968,0.29033813,0.32193004884030696
0,0.17277968,0.18744996,0.1520103434042259
0,0.2696668,0.29703763,0.2238541950723001
0,0.13008402,0.14050917,0.10745503696219777
0,0.113238566,0.12488598,0.13249479317256196
0,0.120063804,0.11293912,0.11349935919423244
0,0.11823837,0.16402073,0.1474283824580557
0,0.067059435,0.078449786,0.05925461466204446
1,0.097798906,0.11352908,0.16312981754613118
0,0.15702662,0.12073252,0.1721274689156307
0,0.040579077,0.03914013,0.043727383063121454
0,0.09665205,0.07469945,0.1411169359890867
1,0.10771478,0.104881726,0.13705264827569952
0,0.07790319,0.080693014,0.06588325888308055
0,0.09845253,0.105103746,0.0898947328220455
0,0.07366265,0.08119927,0.08401722894945687
0,0.21999924,0.2755921,0.2007388740609442
0,0.118363865,0.11428649,0.13517015846965733
0,0.2673944,0.25374597,0.24271953486054137
0,0.07325209,0.06494298,0.06675883537721843
0,0.16304705,0.16550982,0.11207154785290173
0,0.07504314,0.058482166,0.0921684880670174
0,0.07626772,0.069674626,0.066419066150159
0,0.11400306,0.11928127,0.106158405048513
0,0.10213179,0.124259,0.1298792272799088
0,0.121770106,0.12872,0.13687317775666566
0,0.12690805,0.11291614,0.1247925388768776
0,0.07440553,0.074221626,0.053125671454868885
0,0.07871519,0.09793822,0.10950966529812654
0,0.08453926,0.06359773,0.09173509364205655
0,0.06409389,0.08694779,0.13326847047366852
0,0.18934643,0.15862578,0.18998413768913425
0,0.072890654,0.07167885,0.07802343050578336
0,0.052581728,0.053587902,0.06236724874088016
0,0.11211106,0.10651094,0.11631146107443492
1,0.2376209,0.35448998,0.3123272972880284
0,0.047126845,0.047830228,0.06333892190064588
0,0.11878723,0.10030003,0.13526266621253996
0,0.07270837,0.07047979,0.07911068769584739
0,0.11494794,0.08624175,0.07452307217233126
0,0.04684366,0.048695013,0.060970367588193
0,0.05957625,0.059671268,0.06167881076143228
0,0.109995976,0.09335897,0.09469752632128395
0,0.3371216,0.37756896,0.2755111499998864
0,0.18973796,0.18421562,0.1667621402964084
0,0.099801876,0.09251495,0.14454764718814364
0,0.14349763,0.13716994,0.14109377613113908
0,0.1966141,0.1885184,0.17064981932557308
1,0.19105901,0.18321519,0.19185429191166362
0,0.3147958,0.27624735,0.24091929096096942
0,0.10209868,0.105098434,0.08964944807329794
0,0.071981005,0.07571812,0.0826162593148612
0,0.12784706,0.11912653,0.08803727190230921
0,0.099530004,0.097067215,0.14467008660874903
1,0.17633133,0.17820981,0.16480631599200218
0,0.09778723,0.08152163,0.09076024728561961
0,0.08075407,0.078012325,0.08000832520252157
0,0.13024898,0.12310747,0.13154498231512227
0,0.054178298,0.041365087,0.04683154753904451
0,0.13225228,0.13276531,0.09996143445901941
1,0.08817802,0.08340043,0.07452811073577974
0,0.15276179,0.13916054,0.13321352402573658
0,0.058796145,0.048251353,0.041857527668637824
0,0.062190514,0.0577668,0.07002183756000938
0,0.21586545,0.19180995,0.16161278122681777
0,0.072985224,0.09512938,0.10565128896900472
0,0.20413958,0.13133122,0.20339928506492422
0,0.07726741,0.06269463,0.08337556185015305
0,0.22619492,0.17174129,0.1831691416113961
1,0.044027068,0.041747186,0.04608048851730378
0,0.096035235,0.08190077,0.07152195625844646
0,0.06892211,0.061039794,0.06853570754708385
0,0.14734778,0.18152678,0.1405895393095033
0,0.09585133,0.08285291,0.11452221509278056
0,0.04792723,0.047419928,0.045863392821396676
0,0.03857837,0.036599115,0.04812378230781439
0,0.23516631,0.30014282,0.22266886900857527
0,0.14940514,0.1472573,0.16690895424955862
0,0.10666984,0.12588464,0.0806389619486086
0,0.054067522,0.05615227,0.05649104513998579
0,0.04479504,0.04533692,0.06769010048072753
1,0.095269784,0.0795759,0.10401992143267962
0,0.086326525,0.08171087,0.09105018059931004
0,0.06693538,0.06423532,0.055626117692185215
0,0.056721833,0.061726242,0.04265622329847383
0,0.047372382,0.0455171,0.030557525840553913
0,0.050824977,0.048939697,0.06265483206772057
0,0.045000877,0.039476626,0.045726185997037955
0,0.10284138,0.11384718,0.09751357166247311
0,0.15246524,0.1431155,0.17399554658444008
0,0.030483179,0.032772318,0.034685792762574795
0,0.11453441,0.13267408,0.0967894429613413
0,0.09165328,0.08865207,0.06816410361229805
0,0.15593773,0.16497403,0.11424286787946603
0,0.0818305,0.08264525,0.07246358349163874
0,0.061670125,0.06813853,0.08329111544004708
0,0.075972416,0.07680141,0.10519874274103339
0,0.12084108,0.1012879,0.19034582043227166
0,0.15835796,0.15924813,0.14593877400894217
0,0.11023407,0.12727833,0.10054603454539777
0,0.49451873,0.5742528,0.4458420598402366
0,0.13172615,0.11999554,0.10529059992861373
0,0.119348325,0.09355918,0.06877184593622658
0,0.12317108,0.14613903,0.11518338973666564
0,0.05022288,0.037284732,0.04651351789282169
0,0.07972725,0.06436191,0.11009677633088877
0,0.12784538,0.106920995,0.14851589181584887
0,0.14189869,0.15494888,0.12570938799429068
0,0.15381138,0.14477149,0.16526669566178032
0,0.08995387,0.08976224,0.08906877769251789
0,0.08617941,0.108786725,0.1322712974871147
0,0.16615754,0.2005591,0.1832542380191701
0,0.09082491,0.12464158,0.11641846710120668
0,0.10605443,0.100957364,0.0945240493773937
1,0.06662902,0.07488324,0.06380641057246476
1,0.23613933,0.22271106,0.25324905366170436
0,0.072348475,0.066629745,0.07524444061373023
0,0.05025354,0.052940074,0.048177115052272644
0,0.047757618,0.034819443,0.05775542460653342
0,0.06419,0.0784388,0.07609972461497165
0,0.1102732,0.10172328,0.12975746263711055
0,0.10900384,0.094610594,0.10817679094682807
0,0.0758502,0.0757122,0.06199304196058339
0,0.049135912,0.047480673,0.053909678248362305
0,0.049720194,0.044434704,0.04270443162349915
0,0.16762032,0.13967098,0.1580302740978246
0,0.077574395,0.07346604,0.0599221031290371
0,0.0818264,0.07613771,0.06400841293129428
0,0.14766432,0.15694469,0.1698872319318133
0,0.18065691,0.20578204,0.16444031437819262
0,0.053051148,0.058481865,0.0668812725323583
0,0.074358694,0.06692972,0.08146704869649972
0,0.07936268,0.09348194,0.10001470614972799
0,0.09702865,0.06899656,0.1431511578078902
0,0.03372944,0.040692057,0.04350786280815821
0,0.06657629,0.07389301,0.08669989865691564
0,0.22208063,0.18559921,0.19115636113668705
0,0.07754606,0.05665892,0.07835151013074404
0,0.061969675,0.05654239,0.04990067074712375
1,0.40669224,0.39413023,0.39794369316811273
0,0.1372213,0.19580805,0.20439514375316456
0,0.07958929,0.06449665,0.07242317882568092
0,0.07629485,0.080561504,0.07618776751716089
0,0.1418785,0.12510867,0.1081749101017713
1,0.15565072,0.13650501,0.1515548562164252
0,0.04352459,0.046551023,0.048085727019013806
0,0.1908568,0.16579822,0.15086755651094755
0,0.07804626,0.08131333,0.06995338889204902
0,0.11284695,0.11578942,0.11650490429696658
1,0.13003969,0.121313274,0.13486134734966962
0,0.105377086,0.08455917,0.10976861293637323
0,0.19332206,0.22349858,0.19778419352362023
0,0.07258146,0.051294886,0.06831190907633758
0,0.117825866,0.12605925,0.1451493511978607
0,0.24215811,0.23769993,0.20707086629736451
0,0.114320144,0.10900273,0.1216601225465184
1,0.16194567,0.17203751,0.1467927422537764
1,0.22998162,0.20815165,0.23593145962404785
0,0.12967023,0.083193325,0.12289880939982148
0,0.100244515,0.08568513,0.11685496735548738
0,0.106170766,0.12518765,0.15308839621348322
0,0.13466719,0.13302957,0.12471740195856539
0,0.18334852,0.19126405,0.15034611997822872
0,0.086528905,0.09191244,0.07902282186343389
0,0.05272348,0.05018241,0.0536963446929967
0,0.100369245,0.11418281,0.11216120928503207
0,0.05356459,0.049702503,0.043978632592902425
0,0.19130649,0.16613758,0.1762083286172073
0,0.088598356,0.09353568,0.09754150475319273
0,0.045553964,0.04879534,0.06000658974898006
0,0.059885394,0.06747367,0.0734832160091007
0,0.15358683,0.19516021,0.19298841329870195
0,0.10200942,0.11316431,0.10893777222212614
0,0.056919035,0.055261552,0.05902686457216045
0,0.21471466,0.25879306,0.1973992835632239
0,0.097434886,0.09447534,0.08958868997881207
0,0.10470311,0.113548614,0.10698145103264704
0,0.03734214,0.035036027,0.028704976957555407
0,0.06899897,0.071227126,0.06445395179933006
0,0.117450684,0.1428827,0.09167918345112898
0,0.10507262,0.11184375,0.07545612915372607
0,0.122909404,0.122064054,0.15451331273918067
0,0.09800926,0.13173491,0.10249967308534838
0,0.08035296,0.08483768,0.08292788327343356
0,0.08660025,0.09055573,0.061558458861498494
0,0.1028981,0.10421849,0.12065095883556406
1,0.21310766,0.20531513,0.1775083053615087
0,0.11159993,0.101786114,0.08904406491945366
0,0.10661374,0.12475722,0.11737416785024399
0,0.060038436,0.05837198,0.042349687835165
0,0.04667138,0.03995114,0.03336530419584029
0,0.13292505,0.15468694,0.1733568958905177
0,0.15085414,0.1880241,0.14835754552887995
0,0.054619797,0.040572625,0.0367297274668411
0,0.07368232,0.06497026,0.10805350178595295
0,0.04921109,0.06552355,0.057534808709660504
0,0.05727112,0.05063706,0.0472113848675709
0,0.15483208,0.16864088,0.13409793093175984
0,0.078345776,0.07022566,0.07998925287916483
0,0.09847842,0.10274216,0.1226738991735531
0,0.08342185,0.081501625,0.089934567869868
1,0.10611998,0.10149713,0.09575683611196868
0,0.019431446,0.0171416,0.02371238134869108
0,0.12175811,0.11087176,0.12140752698734296
0,0.08835541,0.09194404,0.08027360303548395
0,0.0514576,0.06406848,0.06812800887191418
0,0.20322631,0.17598155,0.16609928635479024
0,0.099196844,0.09234176,0.0868711503736444
0,0.07454382,0.09471096,0.08688904095527074
1,0.07914118,0.09080894,0.10619945005367772
1,0.12820798,0.13696864,0.09499644651342817
0,0.22304443,0.2471883,0.22608977808461447
0,0.10075221,0.11260568,0.11224757637132739
0,0.0914419,0.13465454,0.0896553297119622
0,0.054429583,0.039941967,0.03911308537678546
0,0.13486741,0.1316947,0.1480581907282549
0,0.24621737,0.22368085,0.2104343996203683
0,0.08078421,0.07558942,0.06885292995224516
0,0.06668341,0.06444496,0.05942031331877206
0,0.057743285,0.06801889,0.09579905345331516
0,0.13677281,0.1433032,0.13951217506115499
0,0.05804718,0.051242366,0.07083058132923858
0,0.16430844,0.17008626,0.16051724653909308
1,0.064798266,0.06780861,0.0558080025024198
0,0.08473863,0.09855221,0.16231394695735646
1,0.06870383,0.06299256,0.06585775317230956
0,0.1675596,0.12957583,0.12276965803315869
0,0.11015611,0.1122551,0.1066928373301552
0,0.07828732,0.07904077,0.07233230695148825
0,0.09355025,0.09996766,0.11227578303815111
0,0.03793402,0.04234028,0.03291422362242068
0,0.13092567,0.15488681,0.1877772977391893
0,0.12703738,0.14918077,0.1129179279691203
0,0.073279515,0.085252516,0.08576482641337961
0,0.2750587,0.25710163,0.22532072346523227
0,0.2801131,0.39635837,0.22390438393487574
0,0.09328711,0.09696771,0.07832910574273516
0,0.18335252,0.23753388,0.16236809696330165
0,0.13514912,0.16672625,0.1327030742110614
0,0.08152752,0.095201,0.07808237559677696
1,0.06603884,0.04811127,0.052960359644210094
0,0.27718848,0.27394712,0.2705083241902392
0,0.031205101,0.03524145,0.0436821305305145
0,0.08024691,0.06102373,0.06417294345669598
0,0.05661932,0.054457504,0.04907604904093652
1,0.38484138,0.36966252,0.33308035334564284
0,0.1233027,0.11326243,0.12087618100213977
0,0.08374511,0.09430572,0.08710938263743528
1,0.12773359,0.16954753,0.10765688142171789
0,0.119670674,0.11801821,0.1400488001488607
0,0.20015252,0.15337992,0.1841360194669755
1,0.15510939,0.11910501,0.11013840500654175
0,0.050054092,0.050265238,0.03157541992966264
0,0.06893322,0.08073571,0.06345217273726864
0,0.07466562,0.057125438,0.0799583659739038
0,0.07425331,0.061137524,0.07432833030428958
0,0.1391332,0.14470908,0.11884981552179583
0,0.20288844,0.1787067,0.17740634248582152
0,0.09196453,0.08834567,0.06978866929382792
0,0.0473762,0.04877257,0.034138311959681804
0,0.07723087,0.06937313,0.06983753441141215
1,0.19454136,0.13508758,0.13953571405358675
0,0.10648148,0.10302013,0.08858346417705394
0,0.030853923,0.031756014,0.04549422378721725
0,0.14688243,0.14472497,0.13426388134594505
0,0.12466755,0.14283429,0.1243915710452871
0,0.054385412,0.058773685,0.04628602177413595
0,0.11275287,0.08722649,0.11669545313207354
1,0.077051714,0.062338874,0.07009581887779973
0,0.048726965,0.053778116,0.04155897509810546
0,0.115582615,0.120857485,0.14186103019784188
0,0.08588591,0.08613425,0.06853978786017059
0,0.08673658,0.10976635,0.09094766111235791
0,0.16708887,0.16728774,0.13592113513520157
1,0.07352122,0.09382699,0.06309313436771045
0,0.08791864,0.08675957,0.06743009596593802
0,0.19745533,0.17045875,0.14998302919521914
0,0.11743248,0.10445038,0.11333806428161192
0,0.053514875,0.054101527,0.06209756850154676
0,0.10066758,0.093698494,0.08198357705670538
0,0.055828027,0.053746972,0.06608351290782996
0,0.051544316,0.053225953,0.04757851243884287
0,0.11523506,0.10524338,0.11913062316321388
0,0.14711055,0.15891197,0.1416603296127062
0,0.13991226,0.1587644,0.14150638168584873
0,0.0713862,0.07089458,0.051892982265076694
0,0.09184958,0.07980054,0.10587969207441217
0,0.089404665,0.106706,0.07756143925171101
0,0.14650436,0.1980651,0.17321270574490433
0,0.091701604,0.09661703,0.10807600445083983
0,0.029299404,0.028555546,0.041742044157314306
0,0.1173013,0.11060514,0.1594746393315488
0,0.06426822,0.06454743,0.0512970360900149
0,0.07718242,0.06735875,0.05403277048252592
0,0.16139127,0.16375254,0.18549504517559096
0,0.053525615,0.039733984,0.07068168988512771
0,0.078952044,0.07649807,0.0685206619627417
0,0.10498011,0.115734756,0.08645743869424559
1,0.104999065,0.09401696,0.10841014632213633
0,0.0711691,0.061822113,0.04409688013711515
0,0.07130391,0.06879138,0.05730517411617031
0,0.10160906,0.075412765,0.11913367777000596
1,0.08620198,0.07027244,0.08908907731595156
0,0.1626885,0.19988786,0.12460142505820826
0,0.07770932,0.105777636,0.10387478041859224
0,0.09523582,0.06951051,0.12610820957532315
1,0.46960092,0.52886105,0.4160528368309695
0,0.08645634,0.11833847,0.08728887815098187
0,0.042714242,0.046344884,0.055057316965783164
0,0.08549893,0.08829357,0.08535746990466014
0,0.10570551,0.1000392,0.07755529967086643
0,0.047153447,0.05284424,0.06602607827989555
0,0.18611608,0.17068133,0.18461579597312025
0,0.07173325,0.06889589,0.07131397241325718
0,0.03694603,0.029418418,0.050999898041231645
1,0.2485117,0.1851847,0.18281574883663965
0,0.102327704,0.15417065,0.08878958827374848
0,0.26151404,0.18731529,0.2534807772468892
0,0.18273428,0.14943723,0.20977517533049597
0,0.08902148,0.1200076,0.13964626544712794
1,0.27969873,0.33622673,0.29862296720838843
0,0.08232939,0.08234115,0.06393784353669611
1,0.13360195,0.13267046,0.11226078696129793
0,0.08650117,0.07610434,0.09426396253026269
0,0.10605989,0.076565295,0.10512969309274772
0,0.2556469,0.2625985,0.2559377039777917
0,0.08731206,0.0885945,0.06254603582595077
0,0.049222972,0.054555938,0.07001537012566987
0,0.12489072,0.19313905,0.19060112769488055
0,0.071956165,0.09319142,0.11134919824214345
0,0.099387124,0.092612356,0.12870428124670721
0,0.06436659,0.054291386,0.03980452891572522
1,0.19366692,0.20496257,0.19641407139682202
0,0.08953313,0.08003831,0.08379262799485813
0,0.06275172,0.061387926,0.06731199320560692
0,0.12835996,0.1064927,0.1084302953929414
0,0.12652564,0.13670519,0.1184390800254739
0,0.10672777,0.09434559,0.09088512257796155
0,0.10265087,0.10383337,0.0877536607912909
1,0.09770622,0.115418024,0.09116955410743484
0,0.051282056,0.047402807,0.0441465104820153
0,0.17290819,0.136524,0.23798080706203342
0,0.1837283,0.16985296,0.17032295834069158
0,0.05998701,0.07254891,0.04587553899205608
0,0.17529662,0.23238449,0.1799178719049697
0,0.109198876,0.10031417,0.12176951825627512
0,0.034300823,0.031843483,0.04904710335376344
0,0.072996385,0.06482367,0.05623905501313681
0,0.075860605,0.074755825,0.10676416119309412
0,0.21058379,0.15850402,0.13757618277451777
0,0.122551285,0.14836094,0.14282745511953931
0,0.06762838,0.05888988,0.05949539127519342
0,0.07472206,0.078000695,0.07642476038339636
0,0.072996825,0.060848337,0.09654578855142157
0,0.17964536,0.16034009,0.1500898093377202
0,0.07568345,0.08243129,0.0638174321062908
0,0.10829553,0.14959633,0.07786056710591024
1,0.19404118,0.17091742,0.21258648237066022
1,0.17633551,0.15467505,0.12520111306598594
1,0.06168112,0.062272523,0.051410159053730094
0,0.06965037,0.0638822,0.047903699777504694
0,0.054443005,0.057890426,0.05304577920416451
0,0.2524832,0.20490573,0.17554292367871727
0,0.124762066,0.14379518,0.1509242380878938
0,0.1011973,0.080453195,0.05525484433096533
0,0.11731494,0.13444415,0.1287274183404176
0,0.07020482,0.058830485,0.06263955617375745
0,0.14144854,0.13560371,0.14323388539608842
0,0.060280096,0.08298559,0.07099384181174029
0,0.0969286,0.11050224,0.06893851672193249
1,0.15893027,0.12850812,0.11816328885964887
0,0.36379805,0.4222175,0.3645837616185098
0,0.29556334,0.3508977,0.24688771037863613
0,0.044264164,0.0504811,0.04399710229514909
0,0.09450265,0.076611936,0.10577473496332467
1,0.15884236,0.14985,0.1419878668200252
0,0.18557668,0.1717376,0.17624613085707638
0,0.12161013,0.116895996,0.11186776097787623
0,0.13552396,0.13810709,0.12886562465310994
0,0.06980414,0.053999655,0.05931279862275793
0,0.04593894,0.050684024,0.035142518723717805
0,0.110601306,0.08157331,0.09131934620924365
0,0.066797495,0.05992101,0.06641435329024355
0,0.083128065,0.06771885,0.07641389274318325
0,0.07221789,0.072315745,0.08254834453752839
0,0.1017504,0.13014011,0.10475725220461848
1,0.21919316,0.19992034,0.20494944059918016
0,0.15129839,0.13658372,0.16561500501729964
0,0.18641572,0.14758019,0.20226250090510448
0,0.05825763,0.04994775,0.05920133699962955
0,0.06124613,0.045732968,0.07855354755496023
0,0.1624648,0.16833167,0.13112046405470457
0,0.047795147,0.06374563,0.05450629444778069
0,0.044913057,0.04851722,0.045894683211738514
0,0.05684676,0.055382352,0.07292259812406562
0,0.12405864,0.115705475,0.10496978293804178
1,0.3712582,0.2867184,0.32180256029578697
0,0.07652168,0.08425587,0.05684830292574908
0,0.09098825,0.10569657,0.11162696086147125
0,0.076931864,0.07398562,0.07626750011209177
0,0.10116194,0.085501716,0.11363774602618487
0,0.106103316,0.09935334,0.12292094829937601
0,0.09095172,0.098113604,0.1289743803727555
0,0.07666648,0.091337174,0.07409275013935222
0,0.22490868,0.17277467,0.20996039174726958
0,0.057403747,0.03565577,0.059824279308256935
0,0.09352933,0.1012663,0.08698057211117217
1,0.059581332,0.05976517,0.07038852067472254
0,0.12826498,0.10983061,0.14392609238797946
0,0.04496683,0.05038547,0.049934347096233754
0,0.08527156,0.098431446,0.115265496173634
0,0.10028979,0.09230018,0.11697556706482747
0,0.117815435,0.12649679,0.08146467806503743
0,0.15352118,0.11937024,0.18543201654199418
0,0.06650942,0.07967087,0.12409480282603826
0,0.082456104,0.11438765,0.11411336378791882
0,0.24855486,0.22674137,0.22071406923067427
0,0.25971028,0.21785279,0.16658018308975997
0,0.06275763,0.056123126,0.061109784843325014
0,0.066654,0.107431695,0.059431910144379214
0,0.065761745,0.079017885,0.09709472857947417
1,0.09992623,0.11816139,0.11201655602091405
0,0.16233103,0.155455,0.16598517543451782
0,0.1338578,0.11298865,0.12827104270946468
0,0.1763739,0.16153225,0.1517431970086698
0,0.06137811,0.04896776,0.05703637227794769
0,0.13879414,0.1781203,0.15023668519599465
0,0.07866354,0.083150186,0.07278044727036442
0,0.054744054,0.05181689,0.05364739144801341
0,0.13375142,0.13512827,0.13698057996030405
1,0.24712609,0.30700377,0.2696480685313914
1,0.19561565,0.17072983,0.1611109964761049
0,0.13602735,0.13996576,0.1469415084689924
0,0.106221266,0.10587696,0.10855533421044561
1,0.552831,0.45370883,0.38452695626397276
0,0.04997068,0.05346531,0.049763074800707956
0,0.07322565,0.08685779,0.09028413391158575
0,0.081503406,0.06650272,0.0792551712860615
0,0.11312013,0.08833839,0.10707900706111866
0,0.056033418,0.05208218,0.046962391797458126
0,0.09003203,0.092648245,0.10542324020258265
0,0.080363765,0.07559834,0.06597974669643782
0,0.26950848,0.31985453,0.19109869820847283
0,0.13364485,0.122470155,0.1331096729402631
0,0.107265845,0.10623839,0.059801494568804354
0,0.13824943,0.10086074,0.14910539514114085
1,0.17858392,0.16115046,0.18664867081384598
0,0.24932173,0.2989915,0.24464650914401595
0,0.16717798,0.16704689,0.1711323653125671
0,0.31644645,0.25360164,0.30913322789798964
0,0.09412737,0.105802536,0.11039790191571322
0,0.32083723,0.28966233,0.3102563036007233
0,0.15119684,0.12359313,0.12328182004470636
0,0.14787647,0.16307609,0.16722417843028506
0,0.0791148,0.074548125,0.06955360636400865
0,0.09748762,0.090939455,0.13351390564775198
0,0.09228633,0.06870945,0.08939499346255399
1,0.14842753,0.13221124,0.13502073902534104
0,0.06821844,0.07588586,0.07385166028152901
0,0.075338416,0.065119185,0.07591481142841089
0,0.081187926,0.09519484,0.09022165608163146
0,0.08804965,0.075361386,0.10666226446424591
0,0.042846877,0.037018463,0.04706799739765268
0,0.15212433,0.15107608,0.17495350478696342
0,0.17083395,0.16740622,0.14272305599853627
0,0.06718788,0.0764685,0.06453578087518518
0,0.38245207,0.24970141,0.28431774461518977
0,0.051809583,0.06470269,0.09138421438311173
0,0.12732275,0.13150176,0.10534119952610568
0,0.033476654,0.0332827,0.030523380112284684
0,0.050761856,0.069392264,0.09089391240837079
1,0.045627505,0.036333133,0.04892010872244908
0,0.3064538,0.42149538,0.36329892640246364
0,0.109816395,0.10806468,0.0911766266662094
1,0.32749814,0.34247476,0.3947290233878042
0,0.12386387,0.10172119,0.11032377525146432
0,0.05797383,0.06555565,0.0711800751329471
1,0.066080466,0.056241445,0.06987345984168326
1,0.13299313,0.11360739,0.1047318623480797
0,0.118021026,0.120814905,0.1393722075714793
0,0.052978832,0.06211622,0.04601684329821136
0,0.11699384,0.10778606,0.09349905664765602
0,0.0666096,0.0620261,0.05698854165911844
0,0.064431116,0.062971935,0.09909132487271176
0,0.071714334,0.05797357,0.052728773908781404
0,0.097959764,0.087414004,0.06958887791857041
0,0.117531225,0.11928041,0.15020359187098797
0,0.060992375,0.07198004,0.09002818839045293
0,0.14269567,0.123469576,0.10570531075615011
0,0.07326443,0.06939778,0.08286574570545335
1,0.24723685,0.29061607,0.3195900231714243
0,0.056694843,0.061778653,0.05564864654992639
0,0.10980511,0.11342696,0.08780085752643542
0,0.09910415,0.09055484,0.09818172380297394
0,0.078359015,0.07875794,0.12583182194711107
1,0.29800102,0.23550306,0.21266547812982114
0,0.13577493,0.10261129,0.11709679609161562
0,0.31039697,0.35942763,0.28916060009791617
0,0.19910719,0.22161436,0.2023201724749493
0,0.19367948,0.17103146,0.15066417517049258
0,0.066283464,0.057977084,0.053699752811472906
1,0.13343722,0.09869131,0.1281122545159162
0,0.13720284,0.110035494,0.11460223938035327
0,0.1479716,0.129843,0.14332684805277118
0,0.13711861,0.14337365,0.1700926248798494
1,0.21751368,0.28400615,0.3463531243320729
0,0.08839522,0.09188182,0.0952065985047753
0,0.24357848,0.23806806,0.14428816816510134
0,0.067443,0.06273527,0.07099182943643713
0,0.0701854,0.07475987,0.06957432009398094
0,0.09793141,0.12328199,0.10872194706448257
1,0.26127675,0.33907056,0.2520466701994848
0,0.053105794,0.06013653,0.051191717192195285
0,0.041355427,0.04197401,0.04034632879492002
0,0.08977866,0.08280413,0.09645623966014184
0,0.05167878,0.045211118,0.06566354940262434
0,0.057213064,0.066852175,0.05250762227127108
0,0.061625216,0.090204015,0.10342158448301815
0,0.1234732,0.11713492,0.13940405844730974
1,0.16662928,0.15270224,0.1545100749519895
0,0.09618832,0.11541406,0.10857786413123452
0,0.040132537,0.039725278,0.03212923061370741
0,0.054871537,0.06459937,0.05089123560520035
0,0.11233697,0.082579575,0.11184598413926954
0,0.11583439,0.14285505,0.09781879012928453
0,0.04230634,0.037122246,0.03259697543720912
0,0.073765896,0.07785268,0.10924472207679395
1,0.18530025,0.22361569,0.19324237753317589
0,0.082932144,0.09245212,0.057082012734883475
0,0.06592182,0.06385382,0.07744850131579134
0,0.20367488,0.19039048,0.1894788002371437
0,0.07209113,0.08173263,0.09577777396017816
0,0.2041381,0.17447257,0.23848442810240023
0,0.18888077,0.18172406,0.15062534089662777
0,0.11903787,0.13388188,0.14301798669355498
0,0.077698365,0.06916361,0.06850565640433001
0,0.0947251,0.10263638,0.08844711793152989
1,0.15969518,0.16751337,0.18796809146545426
0,0.03861863,0.033354633,0.03537366101568432
0,0.1482017,0.14722538,0.12577940589969508
0,0.10047485,0.092734806,0.09983432596001508
0,0.14236563,0.16526657,0.1543470639060981
0,0.15739296,0.14110833,0.13384276711696352
0,0.1481922,0.14789963,0.1469428925407579
0,0.04669829,0.045024112,0.0985416862081757
0,0.05746076,0.052931275,0.056939232807317136
0,0.23817864,0.24264306,0.21037610150261077
0,0.06115361,0.06468197,0.09307201859889155
0,0.18476632,0.14206927,0.1980099691938694
0,0.085142896,0.07783987,0.061760652340155375
0,0.17776333,0.16425772,0.2077525103377318
0,0.09110907,0.091503985,0.10134107894289107
0,0.19537702,0.1960286,0.14028522131614238
0,0.095151976,0.087327294,0.06932945148857293
0,0.23738068,0.24855778,0.21259676321460824
0,0.2141101,0.1803239,0.151523302265885
0,0.03477392,0.027959442,0.028879578027217443
0,0.049236678,0.076956004,0.06581093563882191
0,0.09075447,0.103497766,0.09176380080680725
1,0.14043416,0.13235107,0.111730920682361
0,0.0432558,0.06963254,0.06280607260142035
0,0.20099607,0.12502858,0.14084561519010053
0,0.041555956,0.040595572,0.04061562996104006
0,0.057679757,0.051065397,0.05260564170911421
0,0.05552624,0.05565233,0.056021957197882846
0,0.07481566,0.07621459,0.05530308763696386
0,0.2566666,0.20904167,0.2266265261491298
0,0.14764114,0.19212043,0.18437568368795623
0,0.40737978,0.35170007,0.37298446862986
0,0.14765407,0.22272152,0.13552784965818715
0,0.11669865,0.0963709,0.09806455371269443
1,0.12593149,0.13192937,0.10911258711526128
0,0.075302295,0.06930491,0.05666824535812778
0,0.2730658,0.25236958,0.21423647457588793
0,0.13637851,0.115669966,0.15450703723482845
0,0.088490486,0.083541125,0.0902744096494745
0,0.099868536,0.07784305,0.08164848902895205
1,0.14910874,0.15435714,0.10752275537871739
0,0.07049391,0.07517972,0.0785041876388081
0,0.24474621,0.24434727,0.22616280984309658
0,0.1084968,0.098902784,0.0938086544934217
0,0.067844115,0.058795486,0.06167660206341689
0,0.05620592,0.058175523,0.061928255521889915
0,0.04302615,0.047734268,0.03747396257242106
0,0.1860046,0.11939543,0.1352497334080439
0,0.08894873,0.09975081,0.04112754651939057
0,0.12675717,0.15992221,0.18798241486098766
0,0.08358508,0.077805415,0.0918907126979191
0,0.22569145,0.23995818,0.23657382705774824
0,0.14485426,0.1459171,0.14390912795416058
0,0.07719241,0.06721663,0.07671328543692763
0,0.09036942,0.09598079,0.0919510788127255
0,0.13745035,0.1353087,0.11052487901906434
1,0.121959634,0.06528492,0.10615271036462307
0,0.09637119,0.091562904,0.07796598806473087
0,0.04976029,0.041259445,0.06076719389747569
0,0.06431104,0.057214145,0.056204745700793424
0,0.082385264,0.10320184,0.09806619999831413
0,0.12272656,0.14785741,0.1265574689635786
0,0.06322174,0.05369632,0.07283201711033804
0,0.1482833,0.16671045,0.10805855082766046
0,0.084823556,0.08098927,0.08368506711079311
0,0.10629074,0.113951154,0.103518920882016
0,0.07590844,0.072573535,0.07533544307469578
0,0.06603781,0.05722247,0.06318309576948801
0,0.04927571,0.053440608,0.05694604151586636
0,0.034799185,0.046288606,0.046313566761643346
0,0.13127136,0.10551976,0.1435616604001093
0,0.11682033,0.13216937,0.17128871305861348
0,0.10984881,0.12039875,0.12652890938663122
0,0.0533966,0.058059864,0.06841923836250631
0,0.047207862,0.03487514,0.03722443667954191
0,0.17359696,0.16311172,0.1207199909405213
0,0.15056296,0.13054068,0.20395570331890803
1,0.24188535,0.26802424,0.21937724967727976
0,0.13939163,0.13229045,0.12873704059745633
0,0.1254819,0.108751506,0.11383442238514484
0,0.18883508,0.15366645,0.16106407072535822
0,0.09715795,0.08462148,0.1001180987614798
0,0.064793035,0.054991618,0.03973592586841707
0,0.05334824,0.041494887,0.06839570447998927
0,0.081364304,0.05643934,0.08868004311558049
0,0.2967837,0.39873865,0.34730485368994735
0,0.042501397,0.05056292,0.05887524517947016
0,0.11197517,0.17305593,0.18329362937064286
1,0.059777983,0.055192325,0.08028108114312409
0,0.09365169,0.08394242,0.0479427862211787
0,0.10080607,0.09567401,0.07960254942255428
0,0.107557565,0.12736508,0.16236514514526834
0,0.10983679,0.13535038,0.1237405548347389
0,0.05549423,0.059977043,0.052436538160024325
0,0.08616161,0.081789054,0.07332505780560164
0,0.083376944,0.074941844,0.10510974882690723
0,0.09015599,0.08126427,0.1002685605754099
0,0.12710449,0.14892893,0.1401262719392105
0,0.06356934,0.049182028,0.10127337896530691
0,0.089369945,0.080936804,0.09631671072228304
0,0.115185425,0.10711704,0.11426334428065978
0,0.1261039,0.108477876,0.10679028489205084
0,0.059552573,0.052549552,0.06428990027781967
0,0.07591384,0.07800425,0.11710050815083875
0,0.087289,0.08997312,0.11909296450067798
0,0.33752912,0.36208734,0.3286275273950649
0,0.0745862,0.08048922,0.0895963220114727
0,0.047755722,0.041834965,0.04973438369165119
0,0.0775724,0.10226755,0.062410081206633
0,0.031497963,0.05280867,0.045655721884399904
0,0.085268416,0.12442129,0.14013455452946538
0,0.11333098,0.13039102,0.08599572466925601
0,0.08860752,0.08559913,0.06619644536482314
0,0.1787897,0.19107214,0.16214733000917447
0,0.1267872,0.13293618,0.1099129149204024
0,0.09987411,0.12059538,0.11512766037136163
0,0.1530931,0.12508933,0.10409698736973716
0,0.15884255,0.1351506,0.1346395911677032
1,0.109752,0.09237683,0.13727917130745976
1,0.15261094,0.13864562,0.14762038015903264
0,0.17150937,0.21061738,0.20894768533532992
0,0.08863015,0.09441414,0.11270210940750974
0,0.2046585,0.17565946,0.23495381269677806
0,0.08079245,0.1117014,0.0824040168121758
0,0.07733733,0.07648089,0.05506431618039233
0,0.104328655,0.08691321,0.1106310967748365
0,0.11570782,0.11844463,0.12817927105639584
0,0.110193975,0.16176243,0.13213337505738448
0,0.07559167,0.08862793,0.08207438133930044
0,0.07121725,0.05420758,0.046370630321051404
1,0.08331874,0.08163453,0.060183461050632096
0,0.057224266,0.06099793,0.054498338746794286
0,0.09579087,0.12486053,0.12820581382757273
0,0.1569645,0.17001136,0.14320342493982866
0,0.039152168,0.041274074,0.03898189373635858
0,0.06758535,0.074376024,0.11220701418947701
0,0.08088021,0.096923485,0.09244260150149597
1,0.28356606,0.20137675,0.17404845854244444
0,0.11366865,0.14466259,0.13121175309112534
0,0.06811932,0.05291267,0.05342665076852557
0,0.07175599,0.08206569,0.07370150842664477
0,0.11601668,0.12675619,0.14672539417390856
0,0.086274974,0.08669306,0.1242216741957716
0,0.04780184,0.06400547,0.033576306890760396
1,0.10394869,0.117041476,0.12601572341004053
0,0.06958446,0.07914719,0.06572120093043499
0,0.060591225,0.062036034,0.05929028560221056
0,0.08300618,0.08711176,0.08041952523144899
0,0.09822422,0.114352964,0.11677276428754445
0,0.109149605,0.09236273,0.1253492883165402
0,0.12895782,0.14099754,0.13218179048451204
0,0.17503797,0.19399187,0.14826521366647968
0,0.17174783,0.12697311,0.16794363715347088
0,0.0712205,0.084057644,0.12185052814253675
0,0.10384402,0.11092759,0.18060488673280808
1,0.06892216,0.052343056,0.05620958499445595
0,0.12971291,0.13831063,0.1252492842192876
0,0.17725094,0.17209525,0.1767140635846588
0,0.07737249,0.07530849,0.06183201778107963
0,0.091341786,0.08527628,0.08417184041813841
0,0.23965058,0.261901,0.09949232359725667
0,0.098756865,0.09158337,0.10083450842083663
0,0.19971366,0.18006513,0.15850372249483677
0,0.13622072,0.13929479,0.13717660488765382
0,0.0662444,0.07529298,0.10446644989629039
0,0.1674474,0.18102747,0.19714961945218823
0,0.13154224,0.116583884,0.12146222431578517
1,0.18602699,0.17588773,0.1665984480310686
0,0.09006018,0.07128863,0.10932643081901476
0,0.05914512,0.06525697,0.09059760312934126
0,0.07078951,0.0883546,0.06529074537140984
0,0.1632827,0.12362452,0.12093641019898985
0,0.07087551,0.083010696,0.10462291441768333
0,0.041817352,0.03769069,0.048271972451079545
0,0.121100366,0.10811967,0.14967224965364326
0,0.11477343,0.08562134,0.12858948497485329
0,0.113399595,0.1383039,0.1145722535724485
1,0.063927986,0.079107665,0.06061607203591828
0,0.07245499,0.07431066,0.11026474771734024
1,0.17662778,0.18320027,0.16831339153449287
0,0.047463372,0.04227875,0.05981577871136314
0,0.18816599,0.20911008,0.18630251000548176
0,0.06717656,0.07939791,0.07007271073758103
0,0.13608412,0.102350086,0.11778571909355234
0,0.084392995,0.07952428,0.0764870377040024
1,0.042961717,0.026796553,0.0349605985501541
0,0.12421706,0.110575296,0.10140957019138529
0,0.046017125,0.049122244,0.034089456988733634
1,0.1554626,0.14256369,0.1682759585865634
0,0.0823669,0.075848706,0.07604570736200429
0,0.088690504,0.06819197,0.08336042723534277
0,0.15755701,0.17612182,0.23336056658569587
1,0.1554183,0.13642013,0.12349044121104152
0,0.20417166,0.13339879,0.19945850256107003
0,0.13140436,0.108203225,0.11380114510614672
0,0.03881846,0.03548362,0.04140466495656224
0,0.23288395,0.24384071,0.19386240548625927
0,0.0922173,0.07524773,0.09259742964192627
0,0.11979982,0.10195844,0.10432666726938407
0,0.12002899,0.14281896,0.1414651504875314
0,0.07199208,0.064089514,0.0618902711822973
0,0.18913789,0.3077075,0.26096875899868494
0,0.18137199,0.14663446,0.12723543969335738
0,0.10923562,0.09924681,0.1137756098257224
0,0.065863796,0.07384132,0.0641836547594839
0,0.04726605,0.05909061,0.04099723666986008
0,0.094937734,0.1295722,0.14272445330425665
1,0.106648885,0.11362061,0.10584228802113778
0,0.048908904,0.05390888,0.05101687269742941
1,0.19050206,0.1732995,0.17237960463403032
0,0.090121746,0.06386669,0.08891230553092232
0,0.038888324,0.035457343,0.04765379176307796
0,0.12549554,0.13633592,0.09109232822079329
0,0.11382392,0.105134025,0.08377863466763376
0,0.12272735,0.10276064,0.11159088244512899
0,0.06343556,0.06349085,0.06374269250022124
0,0.09522411,0.07407883,0.10606463713372938
0,0.06412441,0.07552085,0.0501629266417338
0,0.08232161,0.079153374,0.06640215658249835
0,0.12520733,0.09937933,0.1280390089310354
0,0.16591069,0.22969848,0.15703873125532716
0,0.09431863,0.08154131,0.11298965455820009
0,0.16017042,0.15335107,0.12874126915809253
0,0.048552383,0.058687218,0.046943493350252524
0,0.124955684,0.09055847,0.08943997577610739
0,0.16874841,0.15853886,0.13666375894573182
0,0.08113061,0.08884208,0.10100642140948347
0,0.17090333,0.23791072,0.14872979251692436
0,0.09590101,0.09071621,0.09313084666384219
0,0.040430903,0.049303237,0.07851108459329444
0,0.20304532,0.1497549,0.18199088245129263
0,0.11362472,0.12323362,0.11074165331455159
0,0.27665195,0.28969157,0.268040040940428
1,0.27211222,0.31137797,0.3649877031853065
0,0.11213102,0.115826406,0.12987642596585294
0,0.07446727,0.0668025,0.06654763270505208
1,0.3472839,0.32149732,0.352771376795665
0,0.097792916,0.10697729,0.11052044995269779
0,0.17803238,0.15692562,0.14786866987632857
0,0.041201282,0.03611902,0.040378528144298965
0,0.1958906,0.15412827,0.16159611042580715
0,0.13046001,0.14154209,0.14965656746695774
0,0.06433591,0.05982444,0.05529556601656668
0,0.09105479,0.08612023,0.09344602275343974
0,0.1263154,0.111628234,0.13277687165872679
0,0.06500385,0.068055145,0.09073046741303926
1,0.10270481,0.06897562,0.08491818842660478
0,0.08942767,0.10023673,0.0967267071092417
0,0.12498647,0.10194394,0.13613470790056886
0,0.12955348,0.12061856,0.10088020805882658
0,0.08607301,0.08623689,0.06627452603550277
0,0.13443208,0.13540606,0.13352231917501964
0,0.044881895,0.043462355,0.047749691090043435
0,0.10131549,0.083342195,0.09116134869337002
0,0.04048972,0.03419451,0.03776941262082931
0,0.13580005,0.16704658,0.12971200763085122
0,0.04055549,0.06084606,0.07825657174453567
1,0.058629308,0.062047664,0.07354844494706331
0,0.049183942,0.04853789,0.051956466035915944
1,0.37883785,0.43842453,0.33482820995521295
0,0.11634502,0.09430636,0.15643025741383412
0,0.20910196,0.18240947,0.18025903849481015
1,0.29682,0.39309117,0.3041488977812103
1,0.34335992,0.3546054,0.33498054509201214
0,0.066268735,0.063565545,0.045467472118384
0,0.20991744,0.19878149,0.19950236228752
0,0.09227156,0.10032422,0.09624618473872043
0,0.30102858,0.26612517,0.18444413502086965
0,0.16875963,0.1601549,0.20333850733152983
0,0.060832303,0.06585648,0.06925027216157915
0,0.20140368,0.20266405,0.18693796486413194
0,0.07185745,0.08490467,0.06810830560235753
0,0.115479164,0.11221613,0.10803001333682072
0,0.16663377,0.20167036,0.1743918592798578
0,0.0866954,0.07236326,0.09546585800532592
0,0.09099001,0.10480146,0.0726181770178364
0,0.07648522,0.08982939,0.09849603867652727
0,0.070352845,0.07030772,0.07967679294421932
0,0.16629109,0.1759975,0.166520965719696
0,0.061669435,0.059992045,0.05145071973224047
0,0.076907955,0.072009236,0.07480186090839358
0,0.07403644,0.064790495,0.0616658704237902
0,0.10250977,0.10405,0.07015313407144434
0,0.23375264,0.27804455,0.3352970223387445
0,0.2261232,0.17608936,0.19525817747966726
0,0.16066836,0.13479485,0.15931009958547807
0,0.101980925,0.08418687,0.10888795408906524
0,0.16227135,0.18703662,0.1553031577686034
0,0.13008945,0.11331725,0.1380757712235772
0,0.08483275,0.11382769,0.0976787452382723
0,0.11903116,0.09494361,0.1355997958550084
0,0.09958512,0.12909187,0.12903432748572266
0,0.08470445,0.1026912,0.07743864736462272
0,0.101868026,0.10896461,0.10324026890428158
0,0.07946186,0.08329103,0.1347684729810421
0,0.07774201,0.07070914,0.07954904951590823
0,0.12215835,0.11822439,0.11825337079712735
1,0.3554558,0.3325423,0.1696648264527944
0,0.048733924,0.055248383,0.061482786063523046
0,0.043799344,0.04308225,0.0832898425661627
0,0.09670469,0.10420456,0.1231930161127031
1,0.10646035,0.10335678,0.1140582093477974
0,0.08185787,0.069419615,0.10662431364370961
0,0.059439093,0.05476351,0.047751069146350356
0,0.1419664,0.16500576,0.1944524811744215
0,0.05229653,0.06295051,0.07331542557241023
0,0.13216995,0.12252863,0.1292929829392012
0,0.050192773,0.05327015,0.04507879413546775
0,0.046145055,0.03251217,0.03418243971294935
0,0.17124194,0.14478,0.17797536355921817
0,0.06843715,0.056670405,0.048333964391088634
0,0.05284345,0.05093956,0.04401752456780537
0,0.111167274,0.10165296,0.11384098930654116
0,0.046878938,0.057875007,0.03837042700750764
0,0.1445461,0.1315637,0.1523375688018463
0,0.14968516,0.16580944,0.19074629085428157
0,0.11817228,0.11985493,0.14668103183185294
1,0.086456984,0.08032983,0.08801419891808666
0,0.10391066,0.09434244,0.08452454915676806
0,0.06261977,0.05760216,0.0729591217553301
0,0.12403553,0.12783651,0.12408733695615169
0,0.09482071,0.07718304,0.08720143893618634
0,0.051833175,0.054434475,0.06871306369142484
0,0.07020728,0.069325164,0.08939463117616955
0,0.1168182,0.13390622,0.13086423448256693
0,0.070182726,0.07221563,0.04073841718488736
0,0.07898613,0.094656534,0.07154502157245005
0,0.12151505,0.12165232,0.12114225871894234
0,0.13576971,0.17385928,0.13477473673032733
1,0.10340941,0.09723316,0.1607768504112364
0,0.07232512,0.07783558,0.1331840955407047
0,0.12581688,0.12957872,0.13597031189943756
0,0.1329236,0.15194406,0.1409791760866866
1,0.06428056,0.061483268,0.039516593474158805
0,0.25098538,0.1883421,0.23042149917417892
0,0.16977514,0.20108262,0.18688810159126273
0,0.17913492,0.16275297,0.18674576377486754
0,0.15284829,0.14347933,0.1665317031367443
0,0.056728583,0.049581856,0.05099336972473274
1,0.4223569,0.45034018,0.3904026310779578
0,0.07800077,0.09537127,0.07467676379410347
1,0.060648877,0.066839136,0.0681206380729069
0,0.10767129,0.10517369,0.1087081509524789
0,0.09304139,0.070492424,0.09089636983034782
0,0.15771766,0.14937365,0.14548454299176033
0,0.037917443,0.035249807,0.03063188043063844
0,0.045622136,0.05990372,0.03887891819290865
0,0.059537195,0.065983996,0.07587056658978335
1,0.2342008,0.23841193,0.2118427136042809
0,0.06874994,0.07912183,0.12405399464328029
0,0.04148265,0.034849085,0.05257925293682917
0,0.07788709,0.07869361,0.07919686514284933
0,0.11556217,0.12027768,0.10044869377118998
1,0.066578925,0.056914173,0.050842808327874245
0,0.3745766,0.28597507,0.289934565514761
0,0.045778107,0.05966706,0.03259736564834581
0,0.11722529,0.12011107,0.10772739904728304
0,0.0733601,0.047926817,0.04555638211019015
0,0.0727178,0.117735855,0.10483560531349702
0,0.22037862,0.18461615,0.24004604251302486
0,0.061774854,0.03798021,0.06676634853396901
0,0.14400516,0.14377975,0.11123615418688841
0,0.12273874,0.13177836,0.10631181739269933
0,0.055590235,0.05475334,0.03976937401644707
0,0.20093764,0.2522872,0.19584801177092967
0,0.07648148,0.08401061,0.08582977443225014
0,0.102586366,0.10483902,0.10036515572834107
0,0.10106642,0.14097749,0.09465311559476763
0,0.10250611,0.11841041,0.07430740659051512
0,0.07628063,0.07638832,0.0582157184991674
0,0.06532376,0.06565143,0.06429862154975628
0,0.07106487,0.06795872,0.06950368275330462
1,0.37129852,0.25069076,0.3408074107363115
1,0.07071395,0.046199348,0.07369235674496138
0,0.11205139,0.13277744,0.1061027727201283
0,0.086797945,0.09064838,0.12807380486592407
0,0.07128765,0.060184494,0.09860158412044669
0,0.15203112,0.1360924,0.10678379696360908
0,0.101888955,0.073387064,0.10060002230778761
0,0.21785048,0.27718064,0.22406198690839252
0,0.13876225,0.16769227,0.13945863898617872
0,0.14172316,0.18040983,0.15836964596459707
0,0.06861441,0.054510366,0.04305724794517694
0,0.1560464,0.15679945,0.10409872630128872
0,0.068544224,0.076459415,0.08588408725054109
0,0.09849294,0.15746915,0.11452570134735332
0,0.17100371,0.23847543,0.16843476383818318
0,0.1859645,0.18585512,0.19006086992314863
0,0.111637786,0.09156356,0.09099099930297733
0,0.08459565,0.060459238,0.07209363128238586
0,0.16895647,0.20142162,0.20201488466094245
0,0.11815881,0.16031873,0.13835684596119738
0,0.042543087,0.036821745,0.030185385790377377
0,0.13719831,0.15152445,0.13458338900060693
0,0.20625585,0.2420342,0.22085322520301637
0,0.07717298,0.07198008,0.04471558981990174
0,0.15289271,0.15790184,0.11381591265034559
0,0.103492014,0.10966487,0.13008960912288203
0,0.12760448,0.1315589,0.15083939950031963
0,0.14540789,0.14207612,0.13441704288764694
0,0.22735928,0.18816394,0.2046582404125084
1,0.1801995,0.19745684,0.13597749766422718
0,0.13656972,0.18523967,0.09097254567381956
0,0.15018898,0.15304813,0.17938227445955202
0,0.074748024,0.11160055,0.08372896432144218
0,0.11089764,0.12462182,0.11864003869849156
0,0.092645176,0.054947153,0.0755948845759912
0,0.114725284,0.1253779,0.1028659179842704
0,0.058345396,0.061318282,0.05994745745574937
0,0.086154744,0.10207863,0.10203925302274479
0,0.051710047,0.062318873,0.049857633900423026
0,0.06563953,0.07706969,0.0640358485364324
1,0.11420593,0.109665796,0.11342917214757903
0,0.10780778,0.1139464,0.10986038585277924
0,0.10708006,0.08797437,0.09248207306805253
0,0.21211071,0.16474605,0.16326309218351379
0,0.1328844,0.12570472,0.1197929730368262
0,0.25719208,0.2413028,0.2174329955482558
0,0.111770466,0.11910293,0.1544869929426929
0,0.091809355,0.10290424,0.09284074202007195
1,0.079176456,0.07607932,0.1001771838271899
0,0.09654355,0.08558402,0.07366653751743069
0,0.0857345,0.07669641,0.09415274932559449
0,0.12748674,0.12521282,0.13380315319091385
0,0.078511864,0.067625,0.079359836661888
0,0.3016579,0.36213642,0.34382639630898226
1,0.08704033,0.092920505,0.08172178954616816
0,0.1349227,0.14436296,0.15684519770054214
0,0.11206061,0.1097736,0.125700124305311
1,0.08444915,0.062929176,0.08672360159158127
0,0.119325966,0.13565168,0.12312486083491186
0,0.07558033,0.08417058,0.0750022063265052
0,0.046532456,0.04766984,0.041771419328662275
0,0.41876566,0.4096741,0.3435184573072827
0,0.07275855,0.06904904,0.05246777685709022
0,0.2334544,0.11800259,0.16934947304554548
0,0.087543786,0.09500167,0.07601228090968035
0,0.1064187,0.09033431,0.11881768315478977
0,0.043757804,0.052733753,0.05635770188214976
0,0.07046945,0.048825447,0.07233637207990316
0,0.12370856,0.13981755,0.12665014909713265
0,0.0650425,0.06701995,0.03645977198031282
0,0.1310276,0.108700834,0.11782813479062997
0,0.059026923,0.04126362,0.06181183546783755
0,0.06429931,0.05871073,0.07524514598811673
0,0.084122516,0.096102834,0.11917524809786839
0,0.0497977,0.038122144,0.04005781397338075
0,0.15948969,0.14280654,0.14432563708310087
0,0.09727576,0.08661566,0.09663323925028902
0,0.06533854,0.06346181,0.09219923708114544
0,0.11294643,0.11901921,0.1054287024342183
0,0.2321685,0.23356736,0.16508495246809424
0,0.031854622,0.033659827,0.04142836292760535
0,0.16065423,0.18243913,0.13131923018034705
0,0.101893924,0.11579387,0.0877393280249062
0,0.1603839,0.16857377,0.1294315011468205
0,0.07821666,0.09464668,0.13385906011194265
0,0.04542966,0.04727492,0.03618399762773443
0,0.07885558,0.06404782,0.0658816496684538
0,0.11504251,0.09679011,0.09882244598211755
0,0.105119675,0.090370424,0.07740543412281023
0,0.04429063,0.032780614,0.041806884013318
0,0.045844775,0.052276008,0.04203710887763883
0,0.22703846,0.18642108,0.24671591061880857
0,0.12172549,0.10902462,0.10669644271155242
0,0.07545963,0.09599036,0.09945360015665794
0,0.24557234,0.29121917,0.30477857104597705
0,0.070582286,0.11502319,0.08789183715939233
0,0.17318076,0.16417928,0.21373204706695328
0,0.120282575,0.108920984,0.10547034909956908
0,0.098938204,0.09492823,0.09162066149696671
0,0.18256454,0.19154975,0.17308909791108876
0,0.07738529,0.07359099,0.07257057812500092
0,0.11414389,0.14603743,0.0806863699195698
0,0.1088745,0.10645444,0.09965730688548463
0,0.096953146,0.13999307,0.10977875796998403
0,0.20415965,0.15486461,0.17862009944677743
0,0.17464128,0.17284946,0.13551605006008788
0,0.048371848,0.06299064,0.054126763661293174
0,0.14913514,0.1570804,0.15072159707666435
0,0.1204796,0.089692354,0.11042007086330562
0,0.04359521,0.04948523,0.047586055760786214
0,0.13466674,0.14581089,0.14650714887529845
0,0.06251635,0.07819872,0.07396100359497527
0,0.14828017,0.10793,0.2326811830615439
1,0.1437735,0.22292322,0.2125147195119375
0,0.14614692,0.1507633,0.11718844191068353
0,0.07963468,0.058084488,0.058984171480257606
0,0.08365856,0.13276538,0.0979986299399643
0,0.1249589,0.10839806,0.13313427322751098
0,0.04955244,0.044875536,0.0674110433621586
0,0.12445111,0.1371892,0.14545057683572926
1,0.21686982,0.21522677,0.23957580645604226
0,0.11399066,0.1448948,0.1696905360579741
1,0.05636193,0.05130034,0.049471395245786795
0,0.078325465,0.09165582,0.09298121030728296
0,0.12183454,0.12416319,0.12147722327340157
0,0.104242064,0.111501694,0.12673483460158633
0,0.055082012,0.04814187,0.06369248659457453
0,0.16584778,0.18941782,0.12011192753254767
0,0.14361961,0.1187275,0.16796071813448177
0,0.05137012,0.04337373,0.04103439985011402
0,0.088282175,0.074576125,0.09675809510532812
0,0.0570875,0.11933583,0.07719482608649593
0,0.08909651,0.057245113,0.08835611052869231
0,0.10117361,0.09104887,0.08164377141513846
0,0.12695737,0.13841136,0.10105529901550304
0,0.056672137,0.07969392,0.05804496789165749
0,0.06105837,0.081085436,0.07758193327108517
0,0.07046626,0.06708484,0.07292452399459137
0,0.07448328,0.049857005,0.09138643420757045
0,0.10861844,0.105025485,0.1365202735621321
0,0.04958988,0.049511448,0.06294440459778074
0,0.2261527,0.22812434,0.21512887063254504
0,0.12166185,0.12260519,0.14433275968059595
0,0.0910351,0.062379252,0.08752583897632826
0,0.09135162,0.07905353,0.06726982213000911
0,0.052045856,0.07019275,0.07117344384591444
0,0.16582471,0.170246,0.15955607237572478
0,0.10688264,0.10450996,0.13447690846882823
0,0.090195306,0.084345296,0.08747802254822068
0,0.036722545,0.03060362,0.029295333475342897
0,0.16698359,0.19595529,0.1514409808717281
1,0.29709437,0.31060985,0.3670404874096138
0,0.093302935,0.0619509,0.08296998639292781
0,0.03488246,0.041668713,0.048116876306612516
0,0.0877581,0.08298755,0.08230824928533903
0,0.07490722,0.06679547,0.10646722684630461
0,0.23111457,0.21141954,0.27617759163034244
0,0.065186,0.05667506,0.07257627335612096
0,0.07659791,0.07130204,0.0541367577451737
0,0.046511397,0.042825833,0.03551023756981892
0,0.06448949,0.08071355,0.10053245000212634
0,0.14299303,0.13534145,0.12024761591516925
0,0.088335514,0.093914784,0.11077908362705749
0,0.08706578,0.08395467,0.09128317256223208
0,0.074008785,0.06996874,0.11732976742903534
0,0.07830027,0.08166726,0.07958772400568791
0,0.26682648,0.2594596,0.19850428686551422
0,0.07779839,0.07322387,0.06572842187050934
0,0.1071006,0.08766414,0.10082151939353623
0,0.16707976,0.123890206,0.09188962967856339
0,0.12008674,0.10974846,0.11929470234940706
0,0.060439777,0.04777897,0.048757939975616296
0,0.09688105,0.13932288,0.13541613078337073
0,0.0563884,0.052806184,0.06315781308500298
0,0.054740284,0.0556814,0.06300167589755026
0,0.09228052,0.08174724,0.09460211501492001
0,0.09554421,0.11358224,0.1448273614061555
0,0.060708534,0.059699196,0.04183560597452301
0,0.058588464,0.08037904,0.09852433428182451
0,0.09333677,0.093211204,0.07793640118526976
0,0.07805505,0.07763751,0.07065936481312737
0,0.08705991,0.08139387,0.07328277188081182
0,0.030024761,0.02918191,0.034590838637880594
0,0.09675356,0.11263298,0.08896903941927216
0,0.0792971,0.0841135,0.08083558215391486
0,0.10226427,0.09560703,0.11543343252990057
0,0.10713419,0.096377544,0.09172499627768553
0,0.07993283,0.07001862,0.0681163862162457
0,0.104339615,0.121548325,0.14325965690928272
0,0.1056474,0.11532701,0.11658494101359489
0,0.05335448,0.0475609,0.07001700861694346
1,0.088468775,0.06263415,0.09106781883030532
0,0.18528348,0.2063271,0.16715182112738286
0,0.06413433,0.055798363,0.06386648104792955
0,0.113518275,0.13596317,0.09087324761886872
0,0.031658564,0.03760402,0.02681245804319885
0,0.16273233,0.11611628,0.09785191357175543
0,0.1446547,0.12176688,0.10770144503840755
0,0.06618013,0.060772818,0.043412753769794525
0,0.11037984,0.10277683,0.13587652535178582
0,0.09189039,0.08569409,0.09932117916538816
0,0.09482056,0.13797426,0.10564138415870249
0,0.08259903,0.09583331,0.06321757698683361
0,0.057756063,0.04694359,0.050368180266244386
1,0.13286132,0.15117057,0.14179135895968617
0,0.116504975,0.1035367,0.08017941474567848
0,0.087747,0.07780289,0.09329914899388628
0,0.10200977,0.12612835,0.11522778990889808
0,0.10837151,0.11664184,0.1258466916957913
0,0.3060474,0.22264908,0.1998372246093389
0,0.092005506,0.084504984,0.07972849448958706
0,0.14159372,0.14897993,0.1493975839492244
0,0.055322763,0.042169612,0.04376067066230342
0,0.16919532,0.15836301,0.13211461066484095
0,0.114538684,0.067273766,0.1230383143260013
0,0.1126769,0.11353919,0.09204627856527334
0,0.29955307,0.22314738,0.24556202447832073
0,0.103322275,0.10128147,0.07688124523283517
1,0.058429204,0.051674385,0.04666491081266986
0,0.17982164,0.18685599,0.1866907067261752
0,0.08793371,0.07503404,0.09976715373759867
0,0.07824773,0.08294298,0.06605348922716078
0,0.095984906,0.086503394,0.08910763261390348
1,0.11984181,0.11422996,0.09197566347289118
1,0.08813713,0.10644151,0.12674103548382723
1,0.12503052,0.099100254,0.12862518032882386
0,0.20927455,0.2183139,0.25625737170496116
1,0.12929901,0.13567266,0.13384311347572003
0,0.0723879,0.08307562,0.07931071674977104
0,0.2668836,0.19574414,0.22723016005672017
0,0.063668475,0.053965937,0.1031188335247551
0,0.18840775,0.16771612,0.20747014264605723
1,0.14127518,0.10556556,0.10815705265272049
0,0.35410637,0.41545278,0.313223655931395
0,0.04996476,0.050494034,0.05040472331287935
0,0.05291353,0.04556406,0.052726145550605584
1,0.103442974,0.10086768,0.10120034202363344
0,0.12799442,0.13182937,0.11016502502267757
0,0.18486084,0.15936378,0.13360444649460657
0,0.06467904,0.058958918,0.07131540690269066
0,0.15560414,0.11914594,0.1474449699904258
0,0.039061278,0.034111053,0.036887525294566445
0,0.23873103,0.20104492,0.17427174928581038
0,0.083235964,0.07842351,0.08359584958973616
0,0.053469017,0.04962037,0.06087457697107495
0,0.0922462,0.081835285,0.07469017519967426
0,0.15843695,0.17839077,0.18352102416326138
0,0.13225977,0.13908403,0.12075798721677264
1,0.10104192,0.090914175,0.1613112382140017
0,0.11164915,0.13798197,0.10733908384512235
0,0.07777774,0.09636288,0.09291623230184382
0,0.1054316,0.102900565,0.10889101345041789
0,0.16942193,0.16143613,0.2514882695531102
0,0.16312641,0.13481343,0.11205106181950038
0,0.10514957,0.06008033,0.06672092294406412
0,0.14091755,0.123877004,0.09688040629939702
0,0.27022582,0.46018967,0.35558039369493644
0,0.19956625,0.2170196,0.2148321393298575
0,0.037486125,0.042248167,0.061752157902149114
0,0.04246933,0.043538086,0.03304593998196555
0,0.061180186,0.072462924,0.053642772838114416
0,0.13597596,0.09800545,0.09792237294280479
0,0.048991516,0.045694515,0.0572816263427369
0,0.11114413,0.08218491,0.08880836461591642
0,0.07550773,0.08646403,0.08457350370545628
0,0.058165416,0.06542556,0.07439462552065491
0,0.09141465,0.09138713,0.0831237363478124
0,0.15343498,0.10873817,0.11575746754568723
0,0.09233148,0.12452347,0.07502950391958015
0,0.120896615,0.13320686,0.1255006313317855
0,0.08835881,0.11387863,0.14460876522386498
0,0.046866413,0.043847598,0.058923925436152866
0,0.17684567,0.18631344,0.21324798991739471
0,0.13054286,0.10092796,0.128211847826637
0,0.18952942,0.1686064,0.16493625296356312
0,0.0937475,0.09448031,0.13686288422500018
0,0.12858881,0.12737569,0.09885080579244532
1,0.07856287,0.076469205,0.09605828732264222
1,0.15275648,0.15696472,0.16273432050924752
0,0.16663282,0.1307075,0.16113521520635193
0,0.20333602,0.19313905,0.17206952235850928
0,0.09080217,0.10238639,0.0862842189354748
1,0.06273798,0.055475608,0.06196122115237174
0,0.07291477,0.096002765,0.08311503436228956
0,0.24747708,0.26573902,0.24136103180073143
0,0.20382491,0.24753399,0.21298940549655154
0,0.076075636,0.08322281,0.11400772857312015
1,0.17848092,0.15845227,0.13175263931476427
0,0.06277657,0.05966497,0.053777603395716835
0,0.09952154,0.106801786,0.06241590068916187
1,0.1334074,0.1336426,0.1133661251101704
0,0.08051322,0.06468801,0.08181798654723432
0,0.24056198,0.20899822,0.1857029089425695
0,0.1879188,0.17212632,0.13467882894534433
0,0.15162094,0.10394013,0.1641874645382106
0,0.057196673,0.053444855,0.059320140787067564
0,0.07345862,0.08786547,0.111896773274714
0,0.27063674,0.24351917,0.1881698539929263
0,0.12979403,0.1130209,0.1392065342675973
1,0.24763957,0.18059726,0.20272697175207585
0,0.029423976,0.036359135,0.04933143309966518
0,0.07601166,0.08991735,0.07985067546292857
1,0.1234519,0.10946931,0.0853832353919397
0,0.10393717,0.09598156,0.11042567790270999
0,0.16661711,0.17148376,0.17806456460603517
0,0.11599356,0.12876989,0.114119168283029
0,0.07863684,0.085636094,0.0800908372476794
0,0.35805058,0.26497793,0.3392630581139471
0,0.044880647,0.041282713,0.045670032816069225
0,0.06884814,0.09671517,0.08047984306834076
0,0.074199446,0.10234737,0.08914035786074419
0,0.07246056,0.06439212,0.06541785949341519
0,0.083370805,0.07648448,0.08036622315341134
0,0.15160368,0.20712247,0.16353010195406775
1,0.094636165,0.08615025,0.07322978703147885
0,0.0708578,0.07816211,0.06601300387350999
0,0.06879515,0.06544208,0.05082835961601922
0,0.22287185,0.23498249,0.18359248448631243
0,0.07544621,0.083224684,0.08544846707776207
0,0.15609871,0.1847364,0.19189351206177094
0,0.12749726,0.12125132,0.1244287817002566
0,0.12866092,0.14327599,0.12039072712022542
0,0.12938772,0.18438217,0.1709929802180639
1,0.062661275,0.06140534,0.0771949035676898
0,0.0839845,0.064816125,0.14509122012020512
0,0.07703005,0.091582105,0.06742637821214899
0,0.24895838,0.21960706,0.2163471276075589
0,0.04075246,0.04149669,0.03785081493559564
0,0.1318419,0.1550854,0.12115496333402796
0,0.05844773,0.05927983,0.06999619155420937
0,0.108053975,0.13238296,0.13680947016659337
0,0.1035844,0.1159029,0.10602332214996575
1,0.14948979,0.15654561,0.11510398698631878
0,0.078312285,0.06601806,0.07244168738158913
0,0.09567704,0.09874683,0.06812869031994244
0,0.10302218,0.11571178,0.07914873455328311
1,0.21841744,0.2189253,0.1863575337069681
0,0.12719572,0.11982496,0.10809226976455404
1,0.2524558,0.1898733,0.18462848361304937
0,0.17957808,0.13781881,0.15703002731076
0,0.07516384,0.076115556,0.05514725556786787
0,0.14862654,0.11833298,0.15946095673420346
0,0.12275202,0.101861075,0.13969993299901717
0,0.12465104,0.12336665,0.11630388355720421
0,0.06446918,0.06773375,0.05397621519717849
0,0.16632232,0.13928105,0.12203096779357211
1,0.14765601,0.14529297,0.11100581889353973
1,0.1656021,0.14986514,0.17646978891783335
0,0.16807759,0.1591043,0.21352371108679138
0,0.046414904,0.042302545,0.061920241604838645
0,0.10930498,0.11803322,0.11351946974804238
0,0.076124325,0.066373736,0.06956276645661853
0,0.0339021,0.037503835,0.03325230897622539
0,0.11474886,0.075293064,0.07103926970526221
0,0.13216484,0.11688829,0.17617332073057002
1,0.10885084,0.10039471,0.13813069287860938
0,0.08498868,0.05938179,0.06783089940966587
1,0.22452909,0.1825768,0.24762462588369813
0,0.06304951,0.056719664,0.06949521661824777
0,0.037827656,0.026874006,0.03696118964661962
1,0.0704085,0.07779427,0.05444278807011422
0,0.11263004,0.09510176,0.09406143896351327
0,0.056474723,0.058615215,0.056603142362384604
0,0.09389101,0.114330135,0.12486777796200736
1,0.12870373,0.11375698,0.151415478695825
0,0.05730281,0.06109433,0.05118296837618809
0,0.09532855,0.088650346,0.11656360047520363
0,0.16271847,0.12851878,0.13756416090856244
0,0.12651582,0.113615654,0.11031120959575003
0,0.05078784,0.051737644,0.06149280254980804
0,0.09177837,0.11875827,0.08006791282331922
0,0.08048355,0.08446628,0.09959300547813735
1,0.20021565,0.14834797,0.12487895267178996
0,0.13830508,0.15698966,0.12086732670012022
0,0.07335824,0.062491164,0.058012533714000676
0,0.054664627,0.05557162,0.05150187164218675
0,0.11728067,0.09664878,0.09186689169900965
0,0.13424952,0.13305078,0.11282560892237462
0,0.0876795,0.114554524,0.0906321149982555
1,0.08493475,0.08537952,0.07108675108113957
0,0.07692384,0.10045171,0.07320256435548368
0,0.14527933,0.14004803,0.16218102819907088
0,0.06625658,0.06554035,0.07393217917989366
0,0.09363374,0.08894751,0.10332157086020576
0,0.079006955,0.092628784,0.10030505277409506
0,0.21594015,0.24006234,0.19824839876115657
0,0.2328319,0.2104215,0.2725432489951945
0,0.20055516,0.21484756,0.17653308234656204
0,0.058956154,0.07788864,0.07037488006185796
0,0.10414332,0.06679884,0.0941966306856687
0,0.072401196,0.061970703,0.08103063193688029
1,0.10960264,0.12569827,0.1455029395187034
1,0.21795622,0.24858661,0.22851564066651983
0,0.08126304,0.09420427,0.06781876038155414
0,0.11296862,0.0980545,0.13942515728588264
0,0.07447245,0.07069987,0.08723845470735414
0,0.21395558,0.2091434,0.16544291376672607
0,0.07138489,0.07722935,0.07301365965986836
0,0.10007697,0.10398692,0.09492209507942995
0,0.07071858,0.06674414,0.05585340548151482
0,0.10422586,0.11391983,0.12327651232844669
0,0.03651219,0.038599268,0.029622612806340213
0,0.15647244,0.16501124,0.12991818466162017
0,0.10066146,0.095454544,0.09238888085279355
0,0.08345481,0.07968431,0.09065610034035372
0,0.089150764,0.111348815,0.10329121014779295
0,0.16126724,0.13852744,0.16386582934121566
0,0.26921582,0.32368082,0.26626930813804384
0,0.08483764,0.07324717,0.08273417185781208
0,0.07809025,0.0855203,0.08378380770412297
0,0.06927576,0.0640148,0.054570944526592335
0,0.08524554,0.0700382,0.07852992299138621
1,0.07326794,0.08976168,0.06374352329808369
0,0.05410699,0.046150982,0.05751903034129135
0,0.09383246,0.09467985,0.09195950445375722
0,0.24165837,0.2816765,0.1996127833803716
0,0.11248271,0.15152217,0.1221109965665216
0,0.062534556,0.056192897,0.058674558582132434
0,0.15054303,0.12376013,0.16978697383943578
0,0.14475258,0.21683112,0.21062707836109848
0,0.107630044,0.10142419,0.1863612300372867
0,0.21958286,0.17921548,0.18638018262329742
0,0.10868656,0.11182133,0.08951234872109676
0,0.03454656,0.0291886,0.04616704835743771
0,0.10483569,0.08772885,0.09284348877110857
0,0.05761057,0.0705408,0.06638888122301077
0,0.12518688,0.1358452,0.09457146606968798
0,0.16874738,0.19060452,0.1664346708811161
0,0.10012372,0.1113482,0.1000573628939318
0,0.09490526,0.08998661,0.12013881037080318
1,0.40614244,0.29737744,0.3797573732972875
0,0.1263202,0.11449659,0.1292014713401063
0,0.10685467,0.10378543,0.12197253945627187
0,0.1099393,0.10039073,0.14568031712564275
0,0.14030717,0.13762075,0.14235182338762212
0,0.17895277,0.16880949,0.14241972116653634
1,0.42174417,0.4599984,0.27579377729027027
0,0.079033464,0.063908674,0.08282452247691709
0,0.15730329,0.14766487,0.16854070668384055
0,0.35151872,0.30023068,0.3389813462485411
0,0.10343009,0.12394676,0.10348950471978308
0,0.07282606,0.0830195,0.06141723740173997
0,0.20216045,0.22563307,0.1760233088329564
0,0.1391141,0.14051883,0.16949631927146147
0,0.15104713,0.15503843,0.1727040798624605
1,0.12163724,0.15872286,0.13904219310173374
0,0.055546325,0.082892396,0.06830860420995004
0,0.19135398,0.13808288,0.15071619377026615
0,0.08083633,0.08112362,0.07851343916257202
0,0.054007888,0.045651983,0.06371677273071176
0,0.06263437,0.05757528,0.06029140428285282
1,0.33109364,0.32138577,0.29808788000390096
0,0.0628376,0.07580432,0.0571378907558134
0,0.060102303,0.055487193,0.05188750746556432
0,0.065643914,0.08530219,0.07904083635011935
0,0.052715413,0.071430966,0.06575117502710287
1,0.0803469,0.07729553,0.08939313471409503
0,0.1388877,0.1266395,0.09313232403964074
0,0.07374436,0.043187868,0.06669175285668268
1,0.0483843,0.049662486,0.08202519952078587
0,0.25267768,0.25915262,0.25797688328238355
0,0.07126701,0.07745109,0.06579030227387783
0,0.07103737,0.07975061,0.07056895330430484
0,0.04875159,0.050910927,0.050580572448263
0,0.09809896,0.12116223,0.12364698299517471
0,0.11867972,0.17239176,0.10257986671221943
1,0.07702429,0.06430935,0.07000667206795942
0,0.1384958,0.13723394,0.1177748383193616
0,0.077728845,0.07098233,0.05861113641858154
0,0.1054215,0.09598996,0.12351566923703669
0,0.102770105,0.09281296,0.10239810354601105
0,0.15932368,0.17090689,0.1863301187784026
0,0.049995832,0.04626434,0.06025121464132856
0,0.12222117,0.1145229,0.09433940414499596
0,0.07109434,0.06591091,0.05306653280407935
1,0.25639045,0.21216923,0.34115249618399424
0,0.08558517,0.1123854,0.11851232339588204
0,0.17774637,0.17769003,0.15906652048233058
0,0.10155548,0.095347546,0.15369929315169875
0,0.060335528,0.05182953,0.04749516957626842
0,0.17139168,0.15728083,0.17321449861907745
0,0.06371869,0.056881458,0.07846255721858772
0,0.05062893,0.044517532,0.038912700830518065
0,0.07076677,0.06780344,0.05275414385365025
0,0.05709215,0.069223344,0.06793432703549943
0,0.05757035,0.060440823,0.06037041456086236
1,0.10151059,0.10124279,0.10516844693026775
0,0.07336108,0.07761371,0.06849992082536405
0,0.12970011,0.16349307,0.15786199307080281
0,0.089143015,0.07435768,0.06909526818945064
0,0.07181001,0.067480884,0.07330951344110079
0,0.09608354,0.08613432,0.11120302711563378
0,0.08554526,0.08619181,0.07947313239346804
0,0.090276174,0.063593924,0.05890730359821457
1,0.30970046,0.37383822,0.3584543539924828
0,0.10105776,0.08989175,0.10603623289502964
0,0.050168887,0.059995167,0.060685448737324045
0,0.050844476,0.048019785,0.05866370343610913
1,0.06709909,0.07161583,0.07120662225124826
0,0.1373238,0.15778959,0.1276057391899338
0,0.09131108,0.06776702,0.09242993612668997
0,0.05488494,0.04979647,0.03313454638763684
0,0.093021445,0.10299041,0.11071391145087635
0,0.187334,0.1789826,0.25122559281648044
0,0.11756014,0.11926967,0.1514782282232692
0,0.05596522,0.06903682,0.05345412103142499
0,0.0829137,0.063392766,0.06301971211456629
0,0.11582605,0.09427533,0.13736401975632054
0,0.116299026,0.1186187,0.11015699896991919
0,0.087271325,0.07603618,0.13092999712250022
0,0.10180099,0.09443259,0.08421940418819988
0,0.38935122,0.3751966,0.2666702757894317
0,0.048076134,0.042978838,0.07648449199225023
0,0.08922141,0.095371075,0.08381425420288137
0,0.10548891,0.1365412,0.1252853777079921
0,0.26564324,0.22666635,0.3230284449419819
0,0.11069824,0.096514024,0.10135533790688513
0,0.0804117,0.077527545,0.14119298413909104
0,0.060149107,0.056060273,0.062377148925063595
0,0.05973617,0.04224429,0.08633747501444713
0,0.073896416,0.08867836,0.09072966722999952
0,0.06053674,0.06428129,0.07231199292522984
0,0.36916596,0.30719924,0.2752765741705575
0,0.09964383,0.11491688,0.13099107170183497
0,0.08635398,0.08341787,0.08551663567266445
0,0.19609977,0.18712144,0.1774813516873145
0,0.118957795,0.1642309,0.15468794258191318
0,0.13573614,0.13113405,0.1385472766732416
0,0.13794257,0.13140939,0.11739314249624218
0,0.16068426,0.13740158,0.15344293913437201
0,0.1278402,0.12199921,0.14214466262994338
0,0.15573598,0.14659166,0.1288184023333077
1,0.17972118,0.12057543,0.1845843435051701
0,0.07026538,0.076318726,0.07421992427428474
0,0.06796997,0.04409674,0.053004563933214635
1,0.14814778,0.18871428,0.1237490665698718
0,0.12996542,0.11807279,0.11315907655706832
0,0.13160455,0.13119245,0.11613576790191045
0,0.10349128,0.14795272,0.1704221657697054
0,0.050981328,0.05315966,0.03967915180093428
0,0.06862639,0.06612879,0.07056723957922673
1,0.14896609,0.0990322,0.16488954064217487
0,0.08834484,0.097249,0.10499989474246418
1,0.07356793,0.08994527,0.08189516427706929
0,0.080857255,0.08872001,0.07235669195900199
0,0.10409427,0.08420606,0.09465402716619191
0,0.13146448,0.1133831,0.12418711814774964
0,0.057191752,0.07764161,0.08502787613065932
0,0.07633243,0.05033876,0.06810659366360942
0,0.05534472,0.04295404,0.07719938951612644
0,0.07259971,0.07927704,0.06995891459014746
0,0.08085653,0.065632336,0.0718040177639086
0,0.07956855,0.053116634,0.06731414450433187
0,0.10088375,0.086333916,0.06798997770816559
0,0.09043088,0.09121025,0.1371237190328864
0,0.13064852,0.105155736,0.12606477267577612
0,0.030147677,0.034405056,0.042819600403711015
0,0.101490654,0.10200687,0.12187450873393532
0,0.14675815,0.14606085,0.1321428854683482
0,0.08714201,0.08135147,0.094002358496293
0,0.067511685,0.06305375,0.04414301505027085
0,0.11872496,0.11439623,0.09587697532219983
0,0.10832127,0.08343091,0.124172565638145
0,0.109230846,0.101451546,0.11239578364409254
0,0.05428095,0.04156351,0.0585764439466752
0,0.07839778,0.07755862,0.08735783089435056
0,0.1087681,0.08861447,0.11531913880195077
0,0.14861801,0.15712105,0.10420918492872401
0,0.077909224,0.058674973,0.060460613307476666
0,0.116940446,0.13730136,0.11962346124829686
0,0.12472505,0.10791558,0.16243974062870703
0,0.15312786,0.12974587,0.11655668487342806
0,0.10175248,0.083270736,0.09938426952396452
0,0.110707134,0.06848827,0.1420203803921377
0,0.14438435,0.11887315,0.14430393930870705
0,0.056576163,0.0647241,0.05936382542082692
0,0.23470236,0.26794606,0.18129983972062239
0,0.05900693,0.061807305,0.06424719188323873
0,0.15099907,0.1607122,0.11467902699348265
0,0.13291372,0.10369402,0.13755028874005634
0,0.41015083,0.38982216,0.4071640763687596
0,0.17331515,0.11705865,0.11891144779139572
1,0.1256585,0.12570916,0.1542042774105741
0,0.13159561,0.13886103,0.14752052547452132
0,0.061727796,0.045467257,0.07112280442316536
1,0.34030482,0.3518934,0.38410071011242225
0,0.074616835,0.09396367,0.08241072863268609
0,0.06952791,0.084798016,0.08215549276418695
0,0.05809489,0.06206954,0.050831934357232995
0,0.069998905,0.064204946,0.07221281530220046
0,0.0386433,0.04137177,0.04592116533365638
0,0.08913268,0.097488195,0.11481119006959353
1,0.09541561,0.105000526,0.07236926183990935
0,0.08794145,0.088068955,0.08455674232158829
0,0.085474834,0.0768197,0.10095845663452113
0,0.050265625,0.053225532,0.05834894751525907
0,0.21043122,0.235215,0.14752843045466027
0,0.17443365,0.1703355,0.1610976324164579
0,0.077060446,0.073666506,0.04123630832868889
0,0.13269907,0.12207132,0.11817335519051997
0,0.08160559,0.09767829,0.12709937759500323
0,0.14774959,0.16933104,0.17964528188575557
0,0.075560905,0.0745181,0.07056422691517404
1,0.0654053,0.07923792,0.07936037480212339
1,0.16541073,0.117810845,0.1286823795369921
0,0.09585269,0.09346022,0.08200366319444286
0,0.101243265,0.11022934,0.0956375716740991
0,0.15295236,0.18763928,0.1626503481009237
0,0.07955024,0.09821867,0.06434313994678932
0,0.067054465,0.036028083,0.04156087063822173
0,0.12231427,0.081528395,0.10952048469920468
0,0.09949147,0.09652795,0.10802642152423342
0,0.21560375,0.15047225,0.16694732220800873
1,0.06568464,0.07180506,0.06412331840402952
0,0.24184978,0.18029019,0.2367829708400272
0,0.27108702,0.27602434,0.28758524400661784
1,0.11403564,0.09351687,0.09994744465354456
0,0.08760248,0.080779895,0.07875424897987458
0,0.032813825,0.036294185,0.03388139450728253
0,0.09987734,0.07580862,0.10331303716598414
0,0.2071187,0.22124283,0.2071620673300638
0,0.052441575,0.056155328,0.0794516933431564
0,0.06292299,0.07397173,0.07959534062463314
0,0.042555656,0.043824263,0.04400878638805368
0,0.043792162,0.037088,0.03334239682197947
0,0.1600798,0.09722146,0.11188005955211083
0,0.08510099,0.06302134,0.07029210878780368
0,0.07025557,0.05662605,0.06531010896045951
0,0.12809604,0.12884662,0.1406313796815781
0,0.22915667,0.2155368,0.1507481081560195
0,0.09499387,0.07438998,0.09467378481866262
0,0.10926743,0.12827422,0.13760799306781524
1,0.3950697,0.4099712,0.3476281616620526
0,0.105908334,0.07190289,0.09178600704022051
0,0.12872536,0.1619561,0.13651647636120773
0,0.06768017,0.05605417,0.08695927792875018
0,0.05215279,0.036396854,0.05702164443439059
1,0.1140713,0.10695046,0.10780184483742951
0,0.16716991,0.16530597,0.13388216076439968
0,0.035142265,0.0354131,0.03706509711909364
0,0.08551501,0.07766874,0.06031523149060806
0,0.053091973,0.04809464,0.046166645613640055
0,0.056416184,0.06964354,0.10424463591667256
0,0.09721059,0.08855172,0.12059342699320388
0,0.10973528,0.13757288,0.1076060146703859
0,0.06553292,0.054615706,0.06428533762317885
0,0.15669991,0.11901583,0.12923640824492683
0,0.100429945,0.10766641,0.15107787524182775
1,0.13592526,0.118652955,0.127916226183995
0,0.15884101,0.17742588,0.16100665750390675
0,0.0647964,0.063593395,0.05417817378261145
0,0.09975282,0.08095945,0.06643061486070675
1,0.27521977,0.30936933,0.21271000618107982
0,0.074259765,0.06547669,0.09011408507743034
0,0.086364836,0.074887976,0.1310268315569007
0,0.0810549,0.08377901,0.06819433806344033
0,0.22036634,0.20107366,0.2230463294682429
0,0.07749463,0.083804786,0.10081925435747055
0,0.06240956,0.06396796,0.06850636787075629
0,0.061822757,0.050212294,0.0706295484382553
0,0.06036942,0.06414356,0.05930251789711739
0,0.03500525,0.039669,0.04568606502512271
0,0.088022776,0.08823153,0.0690932472464045
0,0.1611169,0.17408705,0.14022986554037395
0,0.060638584,0.054852966,0.05369708898780743
0,0.107393615,0.10769377,0.1375636726292189
0,0.17935534,0.15503587,0.1585833894752853
0,0.07055214,0.0718658,0.04968255447593762
0,0.07384864,0.070198625,0.08141239425386591
0,0.21486637,0.21791933,0.17508495339520827
1,0.07794066,0.06339445,0.12336414453978561
1,0.16513921,0.13452795,0.1521626928970591
0,0.10704163,0.10270445,0.12594116897177238
0,0.08566411,0.088731304,0.10890291855172127
1,0.0549638,0.04544059,0.06408454896601248
0,0.060126893,0.06583342,0.0545809718761871
0,0.1647298,0.20339459,0.1828028390369304
0,0.07262458,0.06980328,0.08005804852715667
0,0.040338766,0.033084553,0.04346779081306285
0,0.09069081,0.07927699,0.09688721277895021
0,0.35655555,0.33757418,0.3013366958661222
0,0.07776969,0.09032223,0.11619874516310508
0,0.068836495,0.08140077,0.08440277863105546
0,0.07528548,0.05381666,0.06142543473149229
0,0.085049085,0.06654805,0.07773248805193739
0,0.056550603,0.051798318,0.04921790976176035
0,0.14693488,0.14068155,0.11213090514143259
0,0.101136796,0.113433465,0.07297054816870839
0,0.1290733,0.07882731,0.19767894117377569
1,0.07748501,0.08886922,0.08736491580501683
0,0.060218323,0.056102995,0.05842217267319696
1,0.07738088,0.09298612,0.12279284275971591
0,0.088551566,0.12341822,0.10235508473695246
0,0.08596909,0.120469816,0.09037221351981653
0,0.054511767,0.043277226,0.05675864682081827
0,0.07687988,0.090235755,0.10609104579919133
1,0.16658942,0.18141717,0.11352719883132756
0,0.048797496,0.04429644,0.054586096804114984
0,0.06110879,0.053180236,0.07785848195315846
0,0.10207702,0.10744338,0.12503093753691547
1,0.43203253,0.59258026,0.41739231510855024
0,0.16160564,0.19826779,0.1321777601919282
1,0.18679537,0.2165193,0.20617002153745947
0,0.14884873,0.12995967,0.15065280919152862
0,0.23178639,0.19598912,0.18579255761749144
0,0.10565174,0.10214532,0.06660576883427914
0,0.2506591,0.24977371,0.25211976016791215
0,0.040821753,0.04754064,0.06358921347049848
0,0.08413795,0.13234165,0.1286385712470819
1,0.072691746,0.073577665,0.05471152004223585
0,0.052353255,0.062265728,0.05794810225319109
0,0.12189694,0.14272572,0.11056576267901781
0,0.057955943,0.060975634,0.06891032920020165
1,0.047438346,0.047850166,0.04078294512228074
0,0.100246385,0.11886757,0.1450954532008246
0,0.07968551,0.08756647,0.08416987113022666
0,0.13338125,0.17451195,0.14512412173877376
0,0.046269465,0.04737678,0.05346031442222209
0,0.0947278,0.07531714,0.1033220625931699
1,0.59867567,0.57515746,0.44687363748032616
0,0.10803072,0.11860152,0.1171633077469787
0,0.16467677,0.06424214,0.15548265794765032
1,0.103640884,0.1434474,0.14960553614595348
0,0.11776492,0.103188634,0.10376033789915895
0,0.14846455,0.13337521,0.14822450635463588
0,0.17586921,0.18181562,0.15552254664665185
1,0.10854344,0.11117029,0.0964140456757227
0,0.07085584,0.08910959,0.09060955425208929
0,0.078737795,0.081510454,0.08494318398499255
0,0.08840541,0.12843914,0.12333983697032165
1,0.1036269,0.1079258,0.15092605452049798
0,0.2502475,0.19653933,0.18345759369114187
0,0.13160221,0.13941169,0.11460218824566781
0,0.17331186,0.18323964,0.15497169650929163
0,0.12151136,0.12786661,0.10463781733562127
0,0.09178003,0.08247366,0.11372088760239094
0,0.17107157,0.21781419,0.20106623100759635
0,0.069808885,0.06842622,0.07733957786413147
0,0.05211959,0.06165696,0.08742948385041709
0,0.12155835,0.14873943,0.14834926153455028
0,0.084986605,0.09641004,0.0872846443952079
0,0.08557853,0.08616161,0.09426675697551085
1,0.2918109,0.45322606,0.37627857662855396
0,0.10558019,0.103687055,0.0638190282791944
0,0.07103634,0.08700413,0.06432695481083385
0,0.09897733,0.0996247,0.081792790092261
0,0.14422268,0.18017179,0.18825080223180463
0,0.06420838,0.04779632,0.0847413924399544
0,0.094760865,0.07247204,0.08377868525087928
1,0.23289196,0.24462254,0.24284205937984743
0,0.039381295,0.04233763,0.03926579815905106
0,0.06514147,0.05704664,0.09226439037965527
0,0.102977246,0.105112284,0.07938878238132122
0,0.11469429,0.121520855,0.14597811883934797
0,0.13280837,0.14333224,0.10558109101926118
0,0.12694152,0.13371652,0.12594885698047115
0,0.0734638,0.059779953,0.06364228136389141
1,0.23754977,0.2190622,0.16138017008591135
0,0.16905622,0.16122586,0.224808342943471
0,0.067784294,0.07396307,0.06322540948166976
0,0.059155717,0.060307365,0.06362428549331257
0,0.11685376,0.116012685,0.09463828780280521
0,0.05624032,0.055679936,0.06327586618517629
0,0.33439198,0.36253285,0.35558533244275264
0,0.0885481,0.10578228,0.14465560521468115
1,0.15530396,0.16887586,0.14520114517862268
0,0.086412445,0.09787912,0.06764024384394308
0,0.09897055,0.08435207,0.09095305393337834
0,0.18245447,0.14470497,0.14938185389084055
0,0.13625424,0.124412335,0.14364058708019278
1,0.17924571,0.20435196,0.16533122143885962
0,0.073269024,0.07087559,0.08155333916198136
1,0.18497317,0.18273436,0.13964306769933152
0,0.10796086,0.079980925,0.10490131265420025
0,0.13004677,0.12519397,0.08987450404025231
0,0.12814021,0.11728911,0.11377618622743224
0,0.057166122,0.05358631,0.05202395703363479
1,0.14528234,0.112317204,0.15844332395248256
0,0.029093605,0.04068713,0.05357912888395487
0,0.13806264,0.1294947,0.1272416054695
0,0.09281596,0.090067394,0.07255404694994433
0,0.035524026,0.04172752,0.042003994397104845
0,0.07999677,0.07618141,0.0862080667973166
0,0.12569682,0.14441307,0.11456273894935774
0,0.051715013,0.05167452,0.04989193101107428
0,0.09967158,0.082611114,0.11742881963967725
1,0.109096944,0.10353495,0.10106438399296014
0,0.10549809,0.116969235,0.12114930055723006
0,0.18162811,0.15665752,0.1675880828772579
1,0.10470551,0.1212744,0.11501037819124403
1,0.16097206,0.20160991,0.21891023843807397
1,0.2582874,0.27611172,0.26998707611677647
0,0.08992527,0.09683589,0.0837310401451773
0,0.027588582,0.023443742,0.02955917317710716
0,0.09808934,0.09818236,0.08050682185923307
0,0.06578611,0.07434656,0.05196901938460358
0,0.08260769,0.061281286,0.08331732639225274
0,0.059183523,0.055381216,0.05957651623252652
0,0.20664892,0.2450355,0.17631082685271515
0,0.06399126,0.0759067,0.03944282912116394
0,0.07421938,0.0691304,0.054960319460405874
0,0.19732073,0.24337651,0.24774081125901692
0,0.06873365,0.057272553,0.07731861366334615
0,0.15276018,0.1452931,0.10185903454642231
0,0.14631748,0.21575807,0.15489581751790174
0,0.0964195,0.10625426,0.07436103259365187
0,0.0607152,0.04983914,0.05894947569478558
0,0.09621877,0.0716603,0.12798831470620384
0,0.16185658,0.12032436,0.14910881302796133
0,0.08570155,0.08291084,0.07391265305736952
0,0.058561843,0.056854583,0.07150434314688284
0,0.117564805,0.104783654,0.09989785371593203
0,0.14139752,0.11635023,0.13153511824590916
0,0.20469299,0.14423303,0.13379095446376715
0,0.1706346,0.14134571,0.14304612333974756
0,0.10343922,0.0907027,0.11985254630592497
0,0.20805484,0.18035369,0.15129474657730688
0,0.074719936,0.052040707,0.053044030875088244
1,0.14812756,0.16289365,0.14496696437970297
0,0.07251933,0.0835899,0.07145994148613498
1,0.1413343,0.14367256,0.1333288904984904
0,0.08450427,0.10871195,0.18122563558567809
1,0.10023226,0.10893507,0.12687410719132988
0,0.06697427,0.05633112,0.06766845490495652
0,0.047074765,0.058227044,0.060546745816921266
0,0.07097334,0.07951153,0.06201204047616712
0,0.12651777,0.13663249,0.16738860121773075
0,0.14830829,0.14945385,0.16319857945902358
1,0.12805367,0.13973701,0.11905033394612798
0,0.10952457,0.13941176,0.14660566502199449
1,0.13070352,0.074968174,0.09724943456905571
0,0.08574665,0.07115984,0.055323034122347625
0,0.15741594,0.16353355,0.1169310193272287
0,0.13440238,0.14895588,0.15660764066338032
0,0.14292757,0.121775955,0.1425730637905961
0,0.061701413,0.057389703,0.06913270185719773
0,0.098435715,0.103840575,0.10302236226328276
1,0.118596256,0.09630388,0.1335949445796002
0,0.13623363,0.14298348,0.12808592487361375
0,0.065714754,0.059518576,0.05918097478777002
1,0.055793934,0.058224898,0.05024903045616304
0,0.074138574,0.053065587,0.06167495670668119
0,0.031046083,0.040893063,0.04098071792285234
0,0.14678824,0.14701681,0.16103581465309608
0,0.13731873,0.115636,0.1065807485492437
1,0.16092107,0.14788169,0.19301081796873648
0,0.057257827,0.075809486,0.06813081828998313
0,0.04487104,0.048455797,0.031476269407246175
1,0.10179799,0.0971151,0.08998798496258419
0,0.073529765,0.10529089,0.08758214495737915
0,0.072878525,0.062345456,0.06980404486037353
0,0.09941432,0.08919768,0.08412484352399907
0,0.11807674,0.12320343,0.1697588200710975
0,0.07978163,0.07248789,0.06626950403501226
0,0.062512055,0.06273638,0.05058956912235195
0,0.11539219,0.11645998,0.10313837156329032
0,0.116820276,0.078754604,0.08310725695643427
0,0.10271788,0.11032746,0.08377517166534534
0,0.06188411,0.06061692,0.06724085449776386
0,0.07162331,0.06003759,0.07552551620687606
0,0.046141896,0.044482324,0.042730367080617865
0,0.08268002,0.072336555,0.08615246616917113
1,0.130285,0.14654669,0.12386614434283431
1,0.06319084,0.053944595,0.058313980630597596
0,0.0921543,0.12438381,0.08889905799010978
1,0.055968966,0.055830408,0.06168730036282652
0,0.48808146,0.38720697,0.343451660208061
0,0.33043525,0.42631263,0.29052472367029153
0,0.06615874,0.07225917,0.06377819843759489
0,0.06345408,0.07192043,0.07022067958467644
0,0.09677123,0.093489476,0.09692068558657692
0,0.11952695,0.122827105,0.12053489133141358
0,0.08392746,0.10047674,0.09547025265618567
0,0.13074504,0.13120463,0.1283754977032972
1,0.10846992,0.11092642,0.12127674037843007
0,0.13143775,0.14743449,0.14013496431583905
0,0.08300962,0.095210224,0.08524749714467109
0,0.13475531,0.09354441,0.10386041853873801
0,0.04075105,0.046395324,0.05881101472605604
0,0.093626335,0.07877071,0.08707679166787781
0,0.13070981,0.1173275,0.15169251656883226
0,0.10838561,0.07623336,0.1298013073356252
0,0.15649912,0.12862277,0.12088527311026542
1,0.08650095,0.09338353,0.18018768996673185
0,0.11605529,0.11382711,0.12770187956627221
0,0.14187364,0.12974554,0.11209655447341191
0,0.14227135,0.16995464,0.16893552764940575
0,0.07428015,0.07270848,0.0667570938078484
1,0.1349016,0.102364674,0.11593407729350229
0,0.1246377,0.13937125,0.13792657380008766
1,0.05718625,0.06668764,0.052836890057150324
0,0.048554167,0.058647625,0.059265479968369734
0,0.13226327,0.14799328,0.14344318713866988
0,0.073671505,0.0684921,0.06842222914980553
0,0.14202555,0.14160684,0.11654734403277649
0,0.07202335,0.07461424,0.07246404499832793
0,0.14024311,0.13291393,0.14931671543312278
0,0.097930655,0.08139662,0.09393939030594804
0,0.09631272,0.09549935,0.1506205231430781
0,0.12685727,0.0965682,0.0819455416361245
0,0.17666015,0.14426766,0.12645473451995998
0,0.09942416,0.10078006,0.14861619458431904
0,0.09109862,0.067042194,0.10066692884321454
0,0.09371209,0.09492245,0.08964864509412757
0,0.06901568,0.043630246,0.05364215565421612
0,0.085043244,0.10002157,0.06679389313788127
0,0.08381235,0.07129641,0.048330871434229074
0,0.07595888,0.09912545,0.11617541722710481
0,0.13265844,0.1092108,0.1606678996112661
0,0.0517734,0.042583138,0.04655474886027963
0,0.13366467,0.14341617,0.1307798661809673
0,0.13893087,0.13304847,0.11271247820851316
0,0.09006708,0.09430565,0.07314181044231768
0,0.05432595,0.058355402,0.0487702894182431
0,0.10013099,0.08844229,0.05099308844499837
0,0.09853193,0.100021966,0.05965942265575157
0,0.21333386,0.19219665,0.1778642334241477
0,0.105189666,0.089196146,0.08689728552463387
0,0.10048836,0.094649136,0.08487517947645662
0,0.084677175,0.08544941,0.09654913880681001
0,0.13660349,0.13127984,0.13972915669794123
0,0.113569,0.10441309,0.10553934858378418
0,0.07374563,0.06834845,0.0651490799501618
1,0.22297972,0.1538911,0.2619890677079865
0,0.13165669,0.14250116,0.14852597026702732
0,0.05520425,0.050819274,0.055702551208923666
1,0.121224344,0.12495229,0.16368249362336743
0,0.34304044,0.3617273,0.3708222444189793
0,0.1864121,0.20031904,0.19827979383240923
0,0.07789346,0.09797182,0.05209314526420127
0,0.1213649,0.10961944,0.16168871175461838
0,0.08601954,0.11020881,0.1519522172249185
0,0.09421251,0.1282784,0.11934158041826558
0,0.14006874,0.1166756,0.16951142409047365
0,0.39146602,0.40411544,0.32635571350840775
0,0.09435506,0.0796612,0.16288499420974425
0,0.077939905,0.097988315,0.069167052664063
0,0.05707898,0.058536623,0.03251580824208826
0,0.042668045,0.046203382,0.03409119179770203
0,0.055568516,0.06526153,0.033736127463447986
0,0.10134973,0.11044114,0.11493291507072127
0,0.052877173,0.047814727,0.038831264005493776
0,0.07244361,0.06059617,0.06380051695336492
0,0.090688564,0.06717182,0.06855867223361978
0,0.10897975,0.07728825,0.12508884136211526
0,0.041497823,0.034462497,0.03181396922313352
0,0.043007873,0.03933451,0.03755253688602433
0,0.053701635,0.0528713,0.0769553681158759
0,0.08491896,0.05028015,0.12088789105321998
0,0.11841661,0.13551804,0.1358212426138519
0,0.07716617,0.10204487,0.10957419481716768
0,0.12978502,0.16024931,0.17270367111017482
0,0.0874943,0.0948919,0.07321496229603139
0,0.07752289,0.10567847,0.07951878162799073
0,0.15684962,0.14463344,0.13632700036512777
0,0.15703773,0.10290534,0.16143957043877596
0,0.116473205,0.1069432,0.10002106850223615
0,0.06706504,0.06500705,0.055380880895394016
0,0.1335637,0.15030271,0.11258785504967923
0,0.060162988,0.068488896,0.07402225513896493
0,0.07137864,0.07152735,0.061711315896316114
0,0.06234306,0.06860302,0.07818045411505517
0,0.058869865,0.055873226,0.07381534782475474
0,0.15262693,0.17044394,0.16122665547759624
0,0.05019361,0.056023534,0.05818662512801962
0,0.100947455,0.105230264,0.10001727953418017
0,0.09562821,0.11096868,0.10554923307402048
0,0.18445367,0.2514332,0.16556992586436853
0,0.11031192,0.08664855,0.09240292076974624
0,0.08091825,0.054996096,0.07701397795022107
0,0.03481905,0.031507447,0.036071455706041776
0,0.29442367,0.23050657,0.32573013392529815
0,0.09202784,0.09152606,0.06278305634038023
0,0.1173779,0.11733868,0.15412584303884874
0,0.08730317,0.08384411,0.0877385724249088
0,0.099918835,0.088340774,0.11506906216900277
0,0.11053466,0.10697668,0.14068464133995193
0,0.094811685,0.09031137,0.12544088208457152
0,0.101384774,0.08374401,0.1287944552174849
0,0.11244777,0.09366493,0.08586377713931047
0,0.06354182,0.06128239,0.06219619657325301
0,0.18488602,0.14014217,0.09759665279422887
0,0.114348404,0.07984782,0.08657976099323063
0,0.07347339,0.069461055,0.054700346763928424
0,0.113125294,0.09753015,0.10779485657881772
0,0.124018535,0.12515253,0.12047428248356255
0,0.08978135,0.08419198,0.06304059025451156
0,0.055433314,0.06534029,0.1046079823586548
0,0.056775473,0.041947536,0.0539971662210895
0,0.090992585,0.10280377,0.10231541938779547
0,0.03272198,0.0316697,0.027020642593835322
1,0.49122465,0.53075224,0.4515116431898252
0,0.15004177,0.18585826,0.16472137000649512
0,0.0944704,0.09716002,0.08361051314929055
0,0.051757168,0.05795921,0.05133430770370307
0,0.09570712,0.10641237,0.10979743026504762
0,0.09035355,0.06934552,0.05516000767526958
0,0.081111,0.08068737,0.11623669812388665
0,0.39288047,0.23766655,0.3362864376017967
0,0.033367116,0.044727992,0.04694312831282649
1,0.06899131,0.06571862,0.06979790848769704
0,0.046359133,0.058968157,0.06227272320982928
0,0.06447673,0.056147277,0.04479388438192912
0,0.09799985,0.10220972,0.0902463792638277
1,0.13162361,0.13887788,0.13703966044910268
0,0.06680592,0.067773946,0.05914079986145308
0,0.03206897,0.028267335,0.03308313100477484
0,0.056708235,0.04453587,0.042413826491460645
0,0.078116186,0.07772627,0.06845946271171673
1,0.15579829,0.14068393,0.13724355373994546
0,0.072146796,0.07406333,0.08266171929695078
0,0.059619766,0.06753229,0.07014883102998394
0,0.09553387,0.09060911,0.07924718155478956
0,0.16784573,0.13737413,0.1633630930937103
0,0.04285782,0.048291214,0.06171916044243997
1,0.14027517,0.15045398,0.12286366547867447
0,0.070263766,0.079196446,0.09083686266377078
0,0.16009495,0.1726243,0.16180684341771748
0,0.08246467,0.08519508,0.09080007498360053
0,0.1391934,0.08587099,0.08678657568225764
1,0.37194422,0.4342577,0.372164622005674
1,0.2991785,0.4823377,0.3421008213891807
0,0.0732535,0.06752812,0.11993846017230396
0,0.18889497,0.19178692,0.1721217204705718
0,0.06281882,0.07030092,0.06332230538139462
0,0.0482327,0.04635121,0.05305819922802533
0,0.14578813,0.1463692,0.16331018981688558
0,0.1206318,0.13433196,0.09800556612555099
1,0.055388544,0.05212997,0.057634313831649395
0,0.14152788,0.12494141,0.1949803279971458
0,0.07146872,0.07079505,0.06241319001732294
0,0.06976803,0.07400388,0.05888808596175599
0,0.07040076,0.08551491,0.07357797667147832
0,0.11213829,0.12628222,0.10749757450509834
0,0.21262018,0.16811107,0.18972120098800554
0,0.10538688,0.094742134,0.12546535476919088
0,0.16286111,0.19125746,0.14536336164797395
0,0.26848665,0.26692072,0.2439456247868526
0,0.058102608,0.051042534,0.06302124439947163
0,0.07741139,0.08261129,0.07863545093076586
0,0.116839305,0.111023545,0.10665973840690973
0,0.1121714,0.09293258,0.07819824775198851
0,0.055650633,0.06599044,0.06715623255891086
0,0.16014653,0.16947411,0.1507171141238265
1,0.29022643,0.25335547,0.2984175025299295
0,0.066152394,0.06125096,0.05849045254089835
0,0.078186184,0.072306454,0.1068808438241688
0,0.29500112,0.27860135,0.25319208794426107
0,0.22361574,0.22631514,0.17025218313121354
0,0.14776573,0.13162495,0.1295709622048932
1,0.06167687,0.07853486,0.08315423456556163
0,0.07350329,0.06988806,0.0685102044500073
0,0.21922198,0.2146494,0.18679961238239914
0,0.060212743,0.046891138,0.06228869137444659
0,0.094155736,0.10015548,0.10483773360097888
0,0.098738,0.110568546,0.09695526443199144
0,0.15514806,0.10283907,0.10536088573240741
0,0.114544615,0.09605575,0.13348878808432824
0,0.14615433,0.14425683,0.12482867125276148
0,0.059029717,0.059318025,0.07426048712453444
0,0.23438968,0.22207059,0.24637216030421472
0,0.12791713,0.12865734,0.10164844326227533
1,0.10057157,0.09478136,0.11448020808922549
0,0.09282477,0.09086837,0.05471330302695946
0,0.06689995,0.047292512,0.0558558578608067
1,0.0792977,0.0869646,0.08638000058976213
0,0.0909097,0.10542769,0.08345595556043371
0,0.101521656,0.09494483,0.09356600142931146
0,0.04440567,0.057814315,0.06228959434322369
0,0.090797804,0.10267817,0.07952897909986804
1,0.25319657,0.21567583,0.2080368343133806
0,0.14485203,0.10249698,0.09775362564394305
0,0.101768084,0.08981241,0.12029779934306233
0,0.14676882,0.16211067,0.1339712610454167
1,0.11862535,0.120761834,0.14204420943572793
0,0.11743831,0.1334239,0.11853311348948894
0,0.10968833,0.119506165,0.1507487486049627
0,0.13367543,0.12201285,0.13310709949697425
0,0.078582026,0.1007411,0.09109460875013836
0,0.09754439,0.10103051,0.07759835935956003
0,0.1784207,0.17138396,0.19268019818861928
0,0.07931932,0.06521973,0.07129708162045938
0,0.06484726,0.044230666,0.07376102968809121
0,0.069874905,0.0794809,0.052988491114005526
1,0.12609419,0.13808848,0.18668031778280106
1,0.25691468,0.22400588,0.22642713711618423
0,0.19960886,0.20043091,0.2276689196266898
0,0.08336931,0.083098866,0.05718778170347079
0,0.11951059,0.121334866,0.13990778379018903
0,0.06772494,0.085207924,0.07495642945882715
0,0.10583985,0.11232552,0.08557635365385148
0,0.076815136,0.07132897,0.06124325678554728
0,0.10885187,0.1205591,0.11741504884226192
0,0.13121447,0.12987138,0.12974872356514358
0,0.079759434,0.078532286,0.06151973835857129
0,0.07636501,0.09475574,0.0778948535655875
0,0.053123,0.056022134,0.04689524360317558
0,0.03545063,0.036505144,0.027497795111777835
0,0.20533316,0.22614676,0.18538304635461134
0,0.08022709,0.06951696,0.08262441227412938
1,0.47366196,0.37088707,0.3595837290767953
0,0.39748123,0.40310556,0.36330343187578484
1,0.16633137,0.12874894,0.1594447563391179
0,0.17878333,0.18373322,0.18945905151890238
0,0.14527427,0.117296465,0.17074899800597165
1,0.074913815,0.07686827,0.0732218907822146
1,0.085536614,0.095146656,0.11094802552585933
1,0.10635795,0.11804909,0.1174537492847581
0,0.10112978,0.06902711,0.07835934105026085
0,0.09430107,0.09239036,0.07356210873493559
0,0.13501015,0.14522548,0.14253621309954304
0,0.065712675,0.058639057,0.06310314103009453
0,0.15869047,0.13753386,0.14182238332146685
0,0.096510574,0.10795516,0.11190977942264185
0,0.11669022,0.1108986,0.08827851354385446
0,0.06308239,0.058637597,0.05564729028598248
0,0.09173503,0.07821791,0.12115261622983081
0,0.07273906,0.08325625,0.07186302938907921
0,0.18023798,0.15885283,0.15175098902747175
0,0.070411325,0.06230721,0.06847396393926564
0,0.07432967,0.07915796,0.0577069023110665
0,0.049608815,0.045586523,0.04019262965558719
0,0.111106426,0.08546891,0.13790869757790306
0,0.11832696,0.10712165,0.13343595106362618
0,0.06032809,0.043286346,0.04897658354143376
0,0.1096415,0.10461796,0.11854624928542774
1,0.14799385,0.13859195,0.13877118675461766
0,0.08835412,0.086169176,0.09535428816339474
1,0.19163954,0.16043858,0.2280757122053275
1,0.11170762,0.10361039,0.09374797215234486
0,0.19955902,0.18494193,0.18860752826683888
0,0.13523228,0.14074413,0.14487489839243112
0,0.080219604,0.075971946,0.07324476340348436
0,0.066668116,0.061197396,0.09205648151253423
0,0.5252066,0.49336487,0.41389264735362735
0,0.06262177,0.070037186,0.09785870280889418
0,0.12270042,0.13638604,0.11642900647553492
0,0.087641835,0.088591404,0.07973884688810422
0,0.0646863,0.063728474,0.10154511405843938
0,0.03810633,0.036654737,0.04713396961723205
1,0.079394415,0.07411618,0.108809826288985
0,0.11321644,0.11384957,0.10472676525014042
0,0.09905416,0.15666705,0.1365053981624526
0,0.058057375,0.06584812,0.05637577448587528
0,0.11744221,0.118988134,0.08647200883856943
0,0.11669865,0.095307805,0.1316167253431197
0,0.18821713,0.18706098,0.17619724432033113
0,0.07245877,0.06596902,0.06321220999454323
0,0.13234667,0.12010618,0.17497361399448555
0,0.11200681,0.111878894,0.09455773926872173
0,0.08238173,0.07865648,0.07260512740317612
0,0.07772716,0.07763818,0.08014166933133307
0,0.08493408,0.108686835,0.12177445530857893
1,0.13692802,0.12998411,0.1468683172966288
0,0.11460676,0.109577484,0.11365422297604388
0,0.08537977,0.068458036,0.07128734676805114
0,0.13522388,0.13542765,0.08731319329520895
1,0.20726208,0.22714403,0.219747397478077
0,0.13000911,0.09913278,0.13552623482250076
0,0.1119161,0.13154085,0.11374782533733165
0,0.051135357,0.052879002,0.04408596941491307
0,0.06290531,0.06087401,0.05894779202557581
1,0.08242768,0.09874668,0.07959116536678416
0,0.122414134,0.11262716,0.10217169623818617
1,0.24391226,0.23175721,0.2918531222468975
0,0.13401072,0.1176312,0.13904369646725334
1,0.13120718,0.1350574,0.14670662678038182
0,0.15866628,0.15633316,0.16327402019822132
0,0.10039838,0.09994609,0.1282322674510512
0,0.07509946,0.09800043,0.09986222352095002
0,0.04557555,0.043978237,0.046140931769228274
1,0.105965905,0.13341117,0.10625254793944378
0,0.11194516,0.11107156,0.10200817289905645
0,0.049674965,0.05827142,0.06709197908112578
1,0.12580615,0.12018819,0.14390406632604394
0,0.15160045,0.10693739,0.11388190767802517
0,0.09651084,0.087343164,0.09994345953253754
0,0.10664903,0.12226186,0.07200083925194711
0,0.10262587,0.1262155,0.11881320092277718
0,0.1021647,0.11538734,0.09526298011904798
0,0.111875914,0.11205879,0.1487130156690607
0,0.044055033,0.044262864,0.044985891895761645
0,0.11984879,0.12551904,0.13621497240685104
1,0.0690875,0.07463127,0.0686864404438232
0,0.15323259,0.17384674,0.1728264589318988
1,0.12204066,0.10280876,0.09456362977307764
0,0.051913686,0.04778191,0.0709979814051429
0,0.06103683,0.059094228,0.059201403347057736
0,0.05152813,0.058572263,0.04883444065939127
1,0.09115182,0.094597295,0.08408171110493215
1,0.13156556,0.12921612,0.12249025203234253
0,0.049167547,0.048605077,0.060081950879362654
0,0.09419084,0.10264618,0.102913615204896
1,0.07916631,0.08041265,0.05456982003125644
1,0.116961524,0.11080773,0.13833271284433996
1,0.089691065,0.07254026,0.10402566390973424
0,0.118005596,0.15130296,0.1415237627028356
0,0.15105978,0.13347109,0.12004404068221415
0,0.10961697,0.10851472,0.10995048854838256
1,0.06807702,0.072266065,0.07699933305394827
0,0.09870582,0.09408164,0.06784266247547747
0,0.13149737,0.13114567,0.13803618061855147
0,0.055766895,0.052601237,0.060725091282489194
0,0.11435559,0.12431315,0.11055163587940868
0,0.25387922,0.22931683,0.19276920029621036
0,0.093745,0.088114664,0.07354329386507559
0,0.057256848,0.04362616,0.052362067950841217
0,0.0630601,0.049336173,0.05704742499695832
0,0.0755691,0.053709466,0.04484305606387804
0,0.14400505,0.10582527,0.17152624465240968
0,0.099212125,0.084873006,0.08363661576859889
0,0.061893884,0.06209919,0.03682720522590423
0,0.04625925,0.036609784,0.0404184245043042
0,0.14531188,0.16839969,0.11848283562192441
0,0.045110043,0.045119297,0.025857752293374458
0,0.090362586,0.09485096,0.09384935994882218
0,0.16174476,0.18597469,0.18441151502029196
1,0.10717819,0.10667578,0.12372848595292243
0,0.18057361,0.18923745,0.1490517769159207
0,0.056230105,0.06764113,0.07953819557857535
0,0.11610786,0.09667697,0.11932188862075167
0,0.05393013,0.04287404,0.05640144307536713
0,0.11356289,0.13605036,0.13370398817953624
0,0.052958176,0.045117345,0.05564633983856052
0,0.057603747,0.08375619,0.07067678782458056
0,0.19865322,0.20983683,0.22108475388172172
0,0.26490435,0.29170454,0.29465881294405316
0,0.110273354,0.09757895,0.07900609983287714
0,0.054481838,0.048245322,0.04417742521930447
0,0.06991841,0.075274095,0.07435096124585193
0,0.18590243,0.17916237,0.20663718205784942
0,0.07323972,0.069778025,0.07218833471040038
1,0.10003738,0.080234244,0.10144806218252983
0,0.10628865,0.09876694,0.13578563214201736
0,0.05384322,0.039514005,0.05774650909080488
0,0.11487232,0.09010824,0.18879385862435297
0,0.2134813,0.22655357,0.2154320451692767
0,0.23316969,0.23573089,0.22493976551756098
0,0.1296569,0.1420248,0.12092025385309325
0,0.1065768,0.14345981,0.11876225366786672
0,0.06480136,0.06608829,0.05918745529078589
0,0.12964344,0.114852324,0.13424475790683318
0,0.14533608,0.12647428,0.11939006245585251
0,0.07019788,0.06170817,0.05940697655916796
0,0.17474093,0.21419899,0.18166432064333002
0,0.055384126,0.06757488,0.06014704547601041
0,0.06856264,0.068383545,0.0820555252645547
0,0.11888765,0.10289898,0.11793341222577437
0,0.05831861,0.06163388,0.04484441723623416
0,0.0766553,0.059004903,0.055575917535962506
0,0.13710289,0.14317308,0.15771307470333362
0,0.06988304,0.061486702,0.08377634794834211
0,0.25273043,0.26659155,0.25582374493646853
0,0.03795006,0.057143368,0.04511435086502418
0,0.15613528,0.14583665,0.12823631426727608
0,0.10137064,0.09947224,0.14217959815514025
0,0.12256415,0.11820678,0.11157747731103815
0,0.058317393,0.08287824,0.051580441388741946
0,0.07416984,0.09639573,0.11686318163343358
0,0.0609279,0.0540525,0.056636906971242774
0,0.104458764,0.0947759,0.09091232805772731
0,0.08235327,0.075651534,0.14835397411185036
0,0.078524575,0.07939269,0.06281769471117671
1,0.05989281,0.061436366,0.0572533365736014
0,0.15256971,0.14019173,0.11599174923249542
0,0.045468964,0.04154323,0.05840284403663017
0,0.057743404,0.06467354,0.08613344629529845
0,0.081699826,0.06298922,0.10597842449387572
0,0.12212049,0.13202205,0.12254691316702081
0,0.083218895,0.07943544,0.10137787820387381
0,0.16059507,0.11355053,0.1323616807246728
