modelo,balanceo,optimizador,presupuesto,folds_externos,folds_internos,fraccion_busqueda,multifidelidad,semilla,n_jobs,folds_en_paralelo,n_evaluaciones,n_ajustes,auc_roc_media,auc_roc_sd,auc_roc_por_fold,auc_pr_media,auc_pr_sd,auc_pr_por_fold,exactitud_media,exactitud_sd,exactitud_por_fold,precision_media,precision_sd,precision_por_fold,recall_media,recall_sd,recall_por_fold,f1_media,f1_sd,f1_por_fold,exactitud_balanceada_media,exactitud_balanceada_sd,exactitud_balanceada_por_fold,brier_media,brier_sd,brier_por_fold,tiempo_busqueda_s,tiempo_ajuste_s,tiempo_inferencia_s,tiempo_por_evaluacion_s,tiempo_trabajo_s,tiempo_real_s,hiperparametros_por_fold,curvas_anytime,curvas_diversidad,tiempo_total_s,estado,detalle
knn,ninguno,grid,8.0,5.0,3.0,1.0,False,42.0,4,False,40.0,125.0,0.6504369370761734,0.010473137496354,"[0.665275003491286, 0.6488178286482226, 0.6370145738190671, 0.6463092079070051, 0.654768071515287]",0.2058463798536675,0.0160177052839505,"[0.23297830929776123, 0.20007509696112347, 0.19534658479055117, 0.19379804338269618, 0.20703386483620584]",0.8862003487359404,0.0002661685583411,"[0.886560966402416, 0.8861977856064419, 0.8861763040332222, 0.8858131487889274, 0.8862535388486945]",0.7203243616287095,0.2438940507082848,"[0.8888888888888888, 0.75, 0.5714285714285714, 0.391304347826087, 1.0]",0.0028727451333319,0.0017208701166023,"[0.004419889502762431, 0.0016565433462175593, 0.0022099447513812156, 0.004972375690607734, 0.0011049723756906078]",0.0057064323101828,0.003397489810321,"[0.008796041781198461, 0.003305785123966942, 0.004402861860209136, 0.009819967266775777, 0.002207505518763797]",0.5013014737590824,0.0007325684927707,"[0.5021744434733352, 0.5007927729155652, 0.5009984609789712, 0.501989205239695, 0.5005524861878453]",0.0974321541371042,0.0007167178791312,"[0.09622106579194266, 0.09774312493254168, 0.09797154314260509, 0.09787261187039911, 0.09735242494803242]",1125.6999026999983,17.73766460000479,41.61881659999199,28.14249756749996,1222.0239298000088,1238.8297123000084,"[{""modelo__n_neighbors"": 201, ""modelo__weights"": ""distance""}, {""modelo__n_neighbors"": 201, ""modelo__weights"": ""distance""}, {""modelo__n_neighbors"": 201, ""modelo__weights"": ""distance""}, {""modelo__n_neighbors"": 201, ""modelo__weights"": ""distance""}, {""modelo__n_neighbors"": 201, ""modelo__weights"": ""distance""}]","[[0.170022704936148, 0.17914068199981506, 0.18104795909657112, 0.1879776533310256, 0.1881003306808262, 0.19271496091543253, 0.19505177305216595, 0.1977581777109799], [0.17308792652015684, 0.18345229127989793, 0.1860957828510783, 0.1936057412203014, 0.19508245647420241, 0.20018431756331742, 0.202414813616166, 0.20553589448203988], [0.17515186956828097, 0.18538268964219606, 0.18780662820618185, 0.1953881616748345, 0.19577227856691415, 0.20081812952545663, 0.20257890968885303, 0.20550879719345447], [0.17393075735314145, 0.18445205125230402, 0.18874785783698114, 0.19622331100083082, 0.19811141907107552, 0.20312914932524295, 0.20382506279594903, 0.2068538025477854], [0.17174593899523014, 0.18187518096100874, 0.18467568898346587, 0.1924680013667062, 0.19331424329063274, 0.19838713258133234, 0.20062049416845226, 0.20358474255760897]]","[[], [], [], [], []]",1238.8298527000006,completada,
knn,ninguno,random,8.0,5.0,3.0,1.0,False,42.0,4,False,40.0,125.0,0.6501305157529116,0.0119289076456644,"[0.6655138819804143, 0.6521324834801406, 0.632168795652295, 0.6487231234199621, 0.652114294231746]",0.2052081134205567,0.0147713517994387,"[0.23065043574330132, 0.20219485039521545, 0.1944624830265007, 0.1953253602001157, 0.2034074377376507]",0.8861500176517401,8.817326768464412e-05,"[0.8861205486347049, 0.8860719677906391, 0.8863021455986912, 0.8861277131173325, 0.8861277131173325]",0.3272727272727272,0.3039002663717596,"[0.0, 0.5, 0.6363636363636364, 0.0, 0.5]",0.0014364030739098,0.0017731658216837,"[0.0, 0.0005521811154058532, 0.0038674033149171273, 0.0, 0.0027624309392265192]",0.0028571465850825,0.0035247947328267,"[0.0, 0.0011031439602868175, 0.007688083470620538, 0.0, 0.005494505494505495]",0.5006471999887776,0.0008097270453547,"[0.5, 0.5002405918001595, 0.5017916864618326, 0.5, 0.5012037216818959]",0.0974936155663479,0.0007325071701327,"[0.09626800761022633, 0.097631541243892, 0.09809646178315787, 0.09800452204952692, 0.0974675451449365]",3024.6390274000005,17.69517089999863,79.19957859998976,75.61597568500001,3158.840951800012,3175.554991600002,"[{""modelo__n_neighbors"": 251, ""modelo__weights"": ""uniform"", ""modelo__p"": 2}, {""modelo__n_neighbors"": 235, ""modelo__weights"": ""distance"", ""modelo__p"": 2}, {""modelo__n_neighbors"": 131, ""modelo__weights"": ""distance"", ""modelo__p"": 2}, {""modelo__n_neighbors"": 230, ""modelo__weights"": ""distance"", ""modelo__p"": 1}, {""modelo__n_neighbors"": 108, ""modelo__weights"": ""distance"", ""modelo__p"": 2}]","[[0.18044907558411646, 0.18044907558411646, 0.1848795100577749, 0.18488730030091996, 0.18488730030091996, 0.1962333045058875, 0.1962333045058875, 0.1962333045058875], [0.15129353466960294, 0.17458934972958282, 0.17458934972958282, 0.17458934972958282, 0.19889196986297078, 0.19927359868535563, 0.20612611707429454, 0.20612611707429454], [0.19555126208682727, 0.20200379757688722, 0.20200379757688722, 0.203498807104739, 0.203498807104739, 0.203498807104739, 0.203498807104739, 0.203498807104739], [0.19760836711389665, 0.19760836711389665, 0.20191037863981284, 0.20191037863981284, 0.20191037863981284, 0.20191037863981284, 0.20191037863981284, 0.20191037863981284], [0.19823097947540266, 0.19823097947540266, 0.19823097947540266, 0.19823097947540266, 0.19823097947540266, 0.1988869772512231, 0.1988869772512231, 0.1988869772512231]]","[[], [], [], [], []]",3175.555132399997,completada,
knn,ninguno,optuna,8.0,5.0,3.0,1.0,True,42.0,4,False,40.0,75.0,0.6520314509831151,0.0083958004917906,"[0.6637077103284004, 0.651834458571421, 0.6408316637394013, 0.6487207699111746, 0.6550626523651782]",0.205661568131243,0.014023241529861,"[0.228802529868816, 0.2005881118073346, 0.19532594065185244, 0.19513811539315257, 0.20845314293505968]",0.8860996794421417,7.555709040372285e-05,"[0.8861205486347049, 0.8860719677906391, 0.8859875416850186, 0.8861277131173325, 0.8861906259830136]",0.3,0.4472135954999579,"[0.0, 0.5, 0.0, 0.0, 1.0]",0.0002209334606502,0.000302525619492,"[0.0, 0.0005521811154058532, 0.0, 0.0, 0.0005524861878453039]",0.0004415012382197,0.0006045506217871,"[0.0, 0.0011031439602868175, 0.0, 0.0, 0.0011043622308117063]",0.5000891654592539,0.0001577056947064,"[0.5, 0.5002405918001595, 0.499928992402187, 0.5, 0.5002762430939226]",0.0974548773581518,0.0006459530052009,"[0.09639519944633194, 0.09765734450318335, 0.09789023817798113, 0.09800239792413022, 0.09732920673913241]",1693.804997500003,17.91610820000642,81.3207371999888,42.34512493750008,1830.7205403999976,1847.264357699998,"[{""modelo__n_neighbors"": 300, ""modelo__weights"": ""uniform"", ""modelo__p"": 2}, {""modelo__n_neighbors"": 283, ""modelo__weights"": ""uniform"", ""modelo__p"": 2}, {""modelo__n_neighbors"": 288, ""modelo__weights"": ""uniform"", ""modelo__p"": 2}, {""modelo__n_neighbors"": 227, ""modelo__weights"": ""distance"", ""modelo__p"": 1}, {""modelo__n_neighbors"": 293, ""modelo__weights"": ""distance"", ""modelo__p"": 2}]","[[0.14080420339888808, 0.1932864207114259, 0.1932864207114259, 0.1962583540070686, 0.1962583540070686, 0.1962583540070686, 0.1962583540070686, 0.1962583540070686], [0.19998119780180543, 0.19998119780180543, 0.20386225116872916, 0.20386225116872916, 0.20399638454303534, 0.20399638454303534, 0.20399638454303534, 0.20399638454303534], [0.2041259610536694, 0.2041259610536694, 0.2041259610536694, 0.2041259610536694, 0.2041259610536694, 0.2041259610536694, 0.2041259610536694, 0.2041259610536694], [0.19361622831053912, 0.20171251682864386, 0.20171251682864386, 0.20171251682864386, 0.2019777271856453, 0.2019777271856453, 0.2019777271856453, 0.2019777271856453], [0.1451074207635966, 0.19018234615629595, 0.19018234615629595, 0.19677003400186946, 0.20142024211565243, 0.20142024211565243, 0.20492865852108055, 0.20492865852108055]]","[[], [], [], [], []]",1847.264428399998,completada,
knn,ninguno,deap,8.0,5.0,3.0,1.0,False,42.0,4,False,40.0,125.0,0.645052918438896,0.007900277902506,"[0.6472016362754806, 0.636727022395188, 0.6374554878476969, 0.6485395497345439, 0.6553408959415703]",0.1998079644605513,0.0087729621423066,"[0.2125455169990536, 0.19128816330185075, 0.19494057495076447, 0.1951767414022093, 0.2050888256488787]",0.886137428744961,0.0001142375285566,"[0.8863092991065811, 0.8861348766985405, 0.8859875416850186, 0.8861277131173325, 0.8861277131173325]",0.3433333333333334,0.373348213989151,"[0.8, 0.6666666666666666, 0.25, 0.0, 0.0]",0.0007733586340076,0.0009244315611214,"[0.0022099447513812156, 0.0011043622308117063, 0.0005524861878453039, 0.0, 0.0]",0.0015430641991732,0.0018439515300624,"[0.004407713498622589, 0.002205071664829107, 0.0011025358324145535, 0.0, 0.0]",0.5003511770305421,0.0004535723213439,"[0.5010694710976445, 0.5005166823578624, 0.5001697316972031, 0.5, 0.5]",0.097902130878475,0.0003338719177961,"[0.09739103727530204, 0.09830152364262343, 0.09798894641278559, 0.09800758966523913, 0.09782155739642479]",3624.5987218999935,18.44595759999356,192.072032400014,90.61496804749986,3872.926351100032,3890.21223450001,"[{""modelo__n_neighbors"": 58, ""modelo__weights"": ""distance"", ""modelo__p"": 1}, {""modelo__n_neighbors"": 77, ""modelo__weights"": ""distance"", ""modelo__p"": 1}, {""modelo__n_neighbors"": 229, ""modelo__weights"": ""distance"", ""modelo__p"": 2}, {""modelo__n_neighbors"": 229, ""modelo__weights"": ""distance"", ""modelo__p"": 1}, {""modelo__n_neighbors"": 301, ""modelo__weights"": ""uniform"", ""modelo__p"": 1}]","[[0.18189368882640947, 0.18189368882640947, 0.18189368882640947, 0.18550529389702766, 0.18550529389702766, 0.18550529389702766, 0.18550529389702766, 0.18550529389702766], [0.19247917891726588, 0.19247917891726588, 0.19247917891726588, 0.19247917891726588, 0.19344577314984313, 0.19344577314984313, 0.19344577314984313, 0.19344577314984313], [0.2058429661210642, 0.2058429661210642, 0.2058429661210642, 0.2058429661210642, 0.2058429661210642, 0.2058429661210642, 0.2058429661210642, 0.2058429661210642], [0.18627966988434394, 0.18627966988434394, 0.18627966988434394, 0.201810741498584, 0.201810741498584, 0.201810741498584, 0.201810741498584, 0.201810741498584], [0.15471483883459475, 0.1905172279485, 0.1905172279485, 0.19726979923067411, 0.19726979923067411, 0.19726979923067411, 0.19726979923067411, 0.19726979923067411]]","[[1.0, 0.25, 0.5], [1.0, 0.5, 1.0], [1.0, 1.0, 0.5], [1.0, 0.75, 0.5], [1.0, 0.75, 0.5]]",3890.214131200002,completada,
random_forest,ninguno,grid,8.0,5.0,3.0,1.0,False,42.0,4,False,40.0,125.0,0.6710354499562945,0.0070807786508422,"[0.6819746477724027, 0.6700770172105268, 0.6624834299258971, 0.6720250962487031, 0.6686170586239426]",0.2273236245849491,0.0158834252873765,"[0.2544714002949559, 0.21913241636314285, 0.216813570633318, 0.21767348345374707, 0.22852725217958159]",0.8863513443633089,0.0003925595002541,"[0.8870013841701271, 0.8861348766985405, 0.8861133832504876, 0.8860648002516515, 0.8864422774457377]",0.5802560646900269,0.3765387098598575,"[0.7916666666666666, 1.0, 0.0, 0.49056603773584906, 0.6190476190476191]",0.0065192760020866,0.0062434112724066,"[0.010497237569060774, 0.0005521811154058532, 0.0, 0.014364640883977901, 0.0071823204419889505]",0.0127870703494797,0.0121829280929796,"[0.020719738276990186, 0.0011037527593818985, 0.0, 0.027911969940955447, 0.014199890770071]",0.5029756454201929,0.0027925710159921,"[0.5050711123943004, 0.500276090557703, 0.5, 0.5062238539883148, 0.5033071701606465]",0.0962176002890507,0.0008166857012717,"[0.09486978583982529, 0.09672020631089591, 0.09691498999413571, 0.09651668507938863, 0.09606633422100835]",2384.8343371999945,208.99360009998784,3.17868240000098,59.62085842999986,2635.2954813999822,2652.1821856000024,"[{""modelo__max_depth"": 16, ""modelo__max_features"": 0.3, ""modelo__min_samples_leaf"": 5}, {""modelo__max_depth"": 16, ""modelo__max_features"": ""sqrt"", ""modelo__min_samples_leaf"": 5}, {""modelo__max_depth"": 16, ""modelo__max_features"": ""sqrt"", ""modelo__min_samples_leaf"": 5}, {""modelo__max_depth"": 16, ""modelo__max_features"": 0.3, ""modelo__min_samples_leaf"": 5}, {""modelo__max_depth"": 16, ""modelo__max_features"": 0.3, ""modelo__min_samples_leaf"": 5}]","[[0.2147968349744974, 0.2147968349744974, 0.21824506736661928, 0.21824506736661928, 0.21837731942834038, 0.21837731942834038, 0.21875488602352325, 0.21875488602352325], [0.223973597420714, 0.223973597420714, 0.22618556353109173, 0.22618556353109173, 0.22875637274973717, 0.22875637274973717, 0.22875637274973717, 0.22875637274973717], [0.22283656482854922, 0.22283656482854922, 0.22492870847995194, 0.22492870847995194, 0.22569247746739074, 0.22569247746739074, 0.22569247746739074, 0.22569247746739074], [0.2222190175964965, 0.2222190175964965, 0.22738634922159476, 0.22738634922159476, 0.22738634922159476, 0.22738634922159476, 0.2275587827881201, 0.2275587827881201], [0.2191415008597002, 0.2191415008597002, 0.2220083846710178, 0.2220083846710178, 0.2223496689449426, 0.2223496689449426, 0.2230588766228844, 0.2230588766228844]]","[[], [], [], [], []]",2652.183300600009,completada,
random_forest,ninguno,random,8.0,5.0,3.0,1.0,False,42.0,4,False,40.0,125.0,0.6698781002049812,0.0084582781302844,"[0.6819285941807718, 0.6661472596664528, 0.6592314780996484, 0.6733844829243131, 0.6686986861537195]",0.226510752706793,0.013472154472039,"[0.24959812717000757, 0.21936993510919078, 0.21734498200009528, 0.21893844823463596, 0.22730227102003575]",0.8862758505085996,0.0002056186370426,"[0.8861205486347049, 0.8861348766985405, 0.8866167495123639, 0.8861906259830136, 0.8863164517143756]",0.4828038628038628,0.2744777031596842,"[0.0, 0.6, 0.6538461538461539, 0.5238095238095238, 0.6363636363636364]",0.0041987119841606,0.0036981021352171,"[0.0, 0.0016565433462175593, 0.009392265193370166, 0.0060773480662983425, 0.0038674033149171273]",0.0083051717873816,0.0072877670279558,"[0.0, 0.003303964757709251, 0.018518518518518517, 0.012015292190060076, 0.007688083470620538]",0.5019218531299094,0.0017082788223296,"[0.5, 0.5007572741580217, 0.5043765984065267, 0.5026836864577143, 0.5017917066272847]",0.0962501465881483,0.0005624804733484,"[0.09532527667990683, 0.09654177796760571, 0.09679463275204923, 0.0964056538848707, 0.0961833916563091]",3822.956413299995,271.4715371999919,3.0851755000039702,95.57391033249988,4135.244859700018,4152.244399700008,"[{""modelo__n_estimators"": 210, ""modelo__max_depth"": 26, ""modelo__min_samples_leaf"": 15, ""modelo__max_features"": 0.17358787661199343}, {""modelo__n_estimators"": 317, ""modelo__max_depth"": 18, ""modelo__min_samples_leaf"": 2, ""modelo__max_features"": 0.14943627685605715}, {""modelo__n_estimators"": 470, ""modelo__max_depth"": 19, ""modelo__min_samples_leaf"": 11, ""modelo__max_features"": 0.47000763189105926}, {""modelo__n_estimators"": 199, ""modelo__max_depth"": 14, ""modelo__min_samples_leaf"": 4, ""modelo__max_features"": 0.18842682017233076}, {""modelo__n_estimators"": 280, ""modelo__max_depth"": 8, ""modelo__min_samples_leaf"": 32, ""modelo__max_features"": 0.4861380209361219}]","[[0.21259443139803022, 0.2182251696299573, 0.2182251696299573, 0.2182251696299573, 0.2182251696299573, 0.2182251696299573, 0.2182251696299573, 0.2182251696299573], [0.22483657573277305, 0.22483657573277305, 0.22572136436582738, 0.22572136436582738, 0.22572136436582738, 0.22572136436582738, 0.2263250711849456, 0.2263250711849456], [0.22319363254572108, 0.22319363254572108, 0.22319363254572108, 0.22319363254572108, 0.22319363254572108, 0.22319363254572108, 0.22319363254572108, 0.22319363254572108], [0.21658605931906352, 0.2168141484958419, 0.22367353759749864, 0.22367353759749864, 0.22367353759749864, 0.22367353759749864, 0.22949816776730145, 0.22949816776730145], [0.22078552466286228, 0.22078552466286228, 0.22078552466286228, 0.22109961246174367, 0.22109961246174367, 0.22109961246174367, 0.22109961246174367, 0.22109961246174367]]","[[], [], [], [], []]",4152.244777400003,completada,
random_forest,ninguno,optuna,8.0,5.0,3.0,1.0,True,42.0,4,False,40.0,69.0,0.6704217120944357,0.0096953935236473,"[0.6845446264794814, 0.6629335930172316, 0.6608337782750489, 0.6753757082590508, 0.6684208544413653]",0.227387244343962,0.0137494142016538,"[0.2511202242080355, 0.21932677511690113, 0.21956487492857546, 0.21922199423841424, 0.22770235322788396]",0.8861500113186949,0.000116330868893,"[0.8861205486347049, 0.8863236034222446, 0.8861763040332222, 0.8860018873859704, 0.8861277131173325]",0.47,0.3768288736283354,"[0.0, 0.6, 1.0, 0.25, 0.5]",0.0019882181023884,0.002721922821863,"[0.0, 0.006626173384870237, 0.0005524861878453039, 0.0005524861878453039, 0.0022099447513812156]",0.0039429859174592,0.0053822007223197,"[0.0, 0.013107591480065538, 0.0011043622308117063, 0.0011025358324145535, 0.0044004400440044]",0.5008876127785638,0.0012518579972815,"[0.5, 0.5030290966320872, 0.5002762430939226, 0.5001697468212921, 0.5009629773455166]",0.0962770709961741,0.0005615464470964,"[0.09536452321465735, 0.09662175063098918, 0.09676768025796842, 0.09649750834463336, 0.09613389253262232]",2068.951655200013,220.36603829999515,3.8354200000030687,51.72379138000033,2330.280230400007,2347.117192299993,"[{""modelo__n_estimators"": 450, ""modelo__max_depth"": 25, ""modelo__min_samples_leaf"": 5, ""modelo__max_features"": 0.09494876755565435}, {""modelo__n_estimators"": 244, ""modelo__max_depth"": 20, ""modelo__min_samples_leaf"": 4, ""modelo__max_features"": 0.27498993542349426}, {""modelo__n_estimators"": 496, ""modelo__max_depth"": 18, ""modelo__min_samples_leaf"": 2, ""modelo__max_features"": 0.09250926134354498}, {""modelo__n_estimators"": 466, ""modelo__max_depth"": 16, ""modelo__min_samples_leaf"": 7, ""modelo__max_features"": 0.09669937513708507}, {""modelo__n_estimators"": 383, ""modelo__max_depth"": 25, ""modelo__min_samples_leaf"": 15, ""modelo__max_features"": 0.2780297839534915}]","[[0.21047599032645437, 0.21778261691614423, 0.21778261691614423, 0.21778261691614423, 0.21778261691614423, 0.21868537757452974, 0.21868537757452974, 0.21868537757452974], [0.22234110250402628, 0.22481749630899409, 0.22481749630899409, 0.22481749630899409, 0.22481749630899409, 0.22481749630899409, 0.22481749630899409, 0.22481749630899409], [0.22573459568253737, 0.22573459568253737, 0.22573459568253737, 0.22573459568253737, 0.22573459568253737, 0.22573459568253737, 0.22573459568253737, 0.22573459568253737], [0.22137505472246147, 0.22137505472246147, 0.22630725961603634, 0.22630725961603634, 0.22630725961603634, 0.22630725961603634, 0.22630725961603634, 0.22630725961603634], [0.22130725661669673, 0.2226031565379792, 0.2226031565379792, 0.2226031565379792, 0.2226031565379792, 0.2226031565379792, 0.2226031565379792, 0.2226031565379792]]","[[], [], [], [], []]",2347.117354999995,completada,
random_forest,ninguno,deap,8.0,5.0,3.0,1.0,False,42.0,4,False,40.0,125.0,0.6697942136749113,0.0095373598296866,"[0.6839347890557209, 0.6639139938219225, 0.6589442307896005, 0.6731184187558961, 0.6690596359514157]",0.2270597060870828,0.0159270453764624,"[0.253452714414055, 0.21586649372494557, 0.2176366693622709, 0.2175635616638909, 0.23077909127025203]",0.8862884402069346,0.0003219954622137,"[0.8863092991065811, 0.8861348766985405, 0.8868055118605676, 0.8859389745202894, 0.8862535388486945]",0.6970537296804578,0.2119806388830182,"[0.8, 1.0, 0.6774193548387096, 0.46938775510204084, 0.5384615384615384]",0.0069612649523629,0.0054498555676126,"[0.0022099447513812156, 0.0005521811154058532, 0.011602209944751382, 0.01270718232044199, 0.0077348066298342545]",0.0136640370832378,0.0106354330560636,"[0.004407713498622589, 0.0011037527593818985, 0.022813688212927757, 0.02474448628294782, 0.015250544662309368]",0.5031327340654288,0.002405439512433,"[0.5010694710976445, 0.500276090557703, 0.5054460669833108, 0.5054306234640904, 0.5034414182243953]",0.0962622600092647,0.0007633673745062,"[0.09504549003329509, 0.09690286358205503, 0.09679869111547394, 0.09655732677050984, 0.09600692854498968]",4268.456905600004,326.2102748000034,3.042954700009432,106.7114226400001,4634.925741799991,4652.866327099997,"[{""modelo__n_estimators"": 447, ""modelo__max_depth"": 18, ""modelo__min_samples_leaf"": 9, ""modelo__max_features"": 0.19666666666666666}, {""modelo__n_estimators"": 100, ""modelo__max_depth"": 7, ""modelo__min_samples_leaf"": 2, ""modelo__max_features"": 0.23333333333333328}, {""modelo__n_estimators"": 340, ""modelo__max_depth"": 18, ""modelo__min_samples_leaf"": 9, ""modelo__max_features"": 0.48999999999999994}, {""modelo__n_estimators"": 313, ""modelo__max_depth"": 11, ""modelo__min_samples_leaf"": 5, ""modelo__max_features"": 0.37999999999999995}, {""modelo__n_estimators"": 447, ""modelo__max_depth"": 9, ""modelo__min_samples_leaf"": 9, ""modelo__max_features"": 0.5266666666666666}]","[[0.2158409704987397, 0.2158409704987397, 0.2158409704987397, 0.21889624828745693, 0.21889624828745693, 0.21889624828745693, 0.21889624828745693, 0.21932453591736537], [0.22004568922418266, 0.22176919255970254, 0.22176919255970254, 0.22342658331506135, 0.22342658331506135, 0.22342658331506135, 0.22342658331506135, 0.22342658331506135], [0.22208538710931938, 0.22208538710931938, 0.2230976383684127, 0.2230976383684127, 0.2230976383684127, 0.2230976383684127, 0.2230976383684127, 0.2230976383684127], [0.22466276108502772, 0.22926663338358536, 0.22926663338358536, 0.22926663338358536, 0.22926663338358536, 0.22926663338358536, 0.22926663338358536, 0.22926663338358536], [0.2210480250594357, 0.22193140224503868, 0.22193140224503868, 0.22427549588280474, 0.22427549588280474, 0.22427549588280474, 0.22427549588280474, 0.22427549588280474]]","[[1.0, 1.0, 1.0], [1.0, 0.25, 0.5], [1.0, 0.75, 0.5], [1.0, 0.75, 0.5], [1.0, 0.5, 0.5]]",4652.866491699999,completada,
xgboost,ninguno,grid,8.0,5.0,3.0,1.0,False,42.0,4,False,40.0,125.0,0.6694355075781295,0.007561295130581,"[0.678731929653335, 0.667559153651599, 0.6580497900568179, 0.6706275042804442, 0.6722091602484521]",0.2240588111849117,0.0129726530290557,"[0.24477748894169832, 0.22001548196602763, 0.2113776240053869, 0.21664150834575974, 0.22748195266568616]",0.8861877724961481,0.000201135169728,"[0.8863722159305398, 0.8860090588827378, 0.8864279871641603, 0.8860018873859704, 0.8861277131173325]",0.5416666666666667,0.0820479092386322,"[0.5833333333333334, 0.47619047619047616, 0.6666666666666666, 0.48214285714285715, 0.5]",0.008949666098215,0.0040303904783269,"[0.0077348066298342545, 0.005521811154058531, 0.0055248618784530384, 0.014917127071823204, 0.011049723756906077]",0.0175407277247653,0.0077287609883903,"[0.015267175572519083, 0.010917030567685589, 0.010958904109589041, 0.028938906752411574, 0.021621621621621623]",0.5039423416035872,0.0016914278929246,"[0.5035123905344571, 0.5023704192440509, 0.5025849119446941, 0.5064290995671505, 0.5048148867275833]",0.0963176637887954,0.0006765155330044,"[0.09530381113290787, 0.0965094342827797, 0.0970272421836853, 0.09673181921243668, 0.09601601213216782]",520.195352699986,33.40218159997312,1.5024320999946212,13.00488381749965,592.2682380000042,609.0851349000004,"[{""modelo__learning_rate"": 0.2, ""modelo__max_depth"": 3, ""modelo__min_child_weight"": 1}, {""modelo__learning_rate"": 0.2, ""modelo__max_depth"": 3, ""modelo__min_child_weight"": 1}, {""modelo__learning_rate"": 0.05, ""modelo__max_depth"": 3, ""modelo__min_child_weight"": 1}, {""modelo__learning_rate"": 0.2, ""modelo__max_depth"": 3, ""modelo__min_child_weight"": 1}, {""modelo__learning_rate"": 0.05, ""modelo__max_depth"": 6, ""modelo__min_child_weight"": 10}]","[[0.2082571709672976, 0.20967649079968287, 0.20967649079968287, 0.20982793531540886, 0.2131141954943828, 0.2131141954943828, 0.2131141954943828, 0.2131141954943828], [0.22236807392528699, 0.22236807392528699, 0.22236807392528699, 0.22236807392528699, 0.2248919631807391, 0.2248919631807391, 0.2248919631807391, 0.2248919631807391], [0.22353407837323366, 0.22353407837323366, 0.22353407837323366, 0.22353407837323366, 0.22353407837323366, 0.22353407837323366, 0.22353407837323366, 0.22353407837323366], [0.2217276196534491, 0.2217276196534491, 0.2217276196534491, 0.2217276196534491, 0.22656772542095113, 0.22656772542095113, 0.22656772542095113, 0.22656772542095113], [0.21675305987803536, 0.2174847939683503, 0.2174847939683503, 0.2222089611867728, 0.2222089611867728, 0.2222089611867728, 0.2222089611867728, 0.2222089611867728]]","[[], [], [], [], []]",609.0898730000044,completada,
xgboost,ninguno,random,8.0,5.0,3.0,1.0,False,42.0,4,False,40.0,125.0,0.6706174997153245,0.0080389019664211,"[0.6826199668602434, 0.6623263506042336, 0.6642403579724467, 0.6728083635857276, 0.6710924595539709]",0.2269958804935231,0.0169320557058247,"[0.25640835553918273, 0.21320607691281285, 0.21930009873353162, 0.22236804738866567, 0.22369682389342305]",0.886389105541061,0.000710231768892,"[0.8876305524097143, 0.8860719677906391, 0.8863021455986912, 0.8858760616546084, 0.8860648002516515]",0.551846514682428,0.1142100117171146,"[0.74, 0.5, 0.5789473684210527, 0.4696969696969697, 0.47058823529411764]",0.0097236958915894,0.0085911972279716,"[0.020441988950276244, 0.0005521811154058532, 0.0060773480662983425, 0.01712707182320442, 0.004419889502762431]",0.0189446175088002,0.0166070971246152,"[0.03978494623655914, 0.0011031439602868175, 0.01202843083652269, 0.03304904051172708, 0.00875752599890531]",0.5043932497267333,0.0039862941905184,"[0.50975947786054, 0.5002405918001595, 0.5027546436418974, 0.5073210793975802, 0.5018904559334898]",0.0961489051580429,0.0008901748965329,"[0.09464839845895767, 0.09697294980287552, 0.09658227860927582, 0.09637465327978134, 0.09616624563932419]",524.6850375000213,39.51491420001548,1.751911400016979,13.117125937500532,603.2685359000025,620.3382828999893,"[{""modelo__learning_rate"": 0.09194436237832149, ""modelo__max_depth"": 5, ""modelo__min_child_weight"": 1.0815078281742725, ""modelo__subsample"": 0.919606291255515, ""modelo__colsample_bytree"": 0.7935715237940293}, {""modelo__learning_rate"": 0.06409337275163554, ""modelo__max_depth"": 3, ""modelo__min_child_weight"": 2.216210845657445, ""modelo__subsample"": 0.6506401689513397, ""modelo__colsample_bytree"": 0.9885772382652176}, {""modelo__learning_rate"": 0.016879753036116673, ""modelo__max_depth"": 6, ""modelo__min_child_weight"": 1.6331765445449284, ""modelo__subsample"": 0.8889051465445672, ""modelo__colsample_bytree"": 0.5872879896601507}, {""modelo__learning_rate"": 0.2176142473288359, ""modelo__max_depth"": 3, ""modelo__min_child_weight"": 2.9046100747564125, ""modelo__subsample"": 0.8109252411230665, ""modelo__colsample_bytree"": 0.9670142041446821}, {""modelo__learning_rate"": 0.04245363466917044, ""modelo__max_depth"": 8, ""modelo__min_child_weight"": 34.12673920348173, ""modelo__subsample"": 0.9972674528686554, ""modelo__colsample_bytree"": 0.9255997361634289}]","[[0.21440444392523364, 0.21440444392523364, 0.21440444392523364, 0.21440444392523364, 0.21440444392523364, 0.21440444392523364, 0.21440444392523364, 0.21440444392523364], [0.21559925904331467, 0.21852941211678067, 0.22216259397684746, 0.22216259397684746, 0.22216259397684746, 0.22264322033923675, 0.22264322033923675, 0.22264322033923675], [0.21470530425191958, 0.22007246042096687, 0.22116308117047648, 0.22116308117047648, 0.22116308117047648, 0.22116308117047648, 0.22556522381785826, 0.22556522381785826], [0.2249296044943356, 0.2249296044943356, 0.2249296044943356, 0.2249296044943356, 0.2249296044943356, 0.2249296044943356, 0.2249296044943356, 0.2249296044943356], [0.21720740769104374, 0.21720740769104374, 0.21720740769104374, 0.21720740769104374, 0.21720740769104374, 0.21720740769104374, 0.21934727530893708, 0.2218877170858914]]","[[], [], [], [], []]",620.3455828000006,completada,
xgboost,ninguno,optuna,8.0,5.0,3.0,1.0,True,42.0,4,False,40.0,73.0,0.6689987376911081,0.0051585881383059,"[0.674984563808938, 0.6662661638427415, 0.6620114059386675, 0.6727831418165557, 0.6689484130486373]",0.2227300800024423,0.0089784739139823,"[0.23751784282428762, 0.21914695810063067, 0.21362054903542635, 0.21998591278956167, 0.22337913726230535]",0.8861248517142105,0.000195698485535,"[0.8861205486347049, 0.8862606945143432, 0.8863650663814258, 0.8858760616546084, 0.8860018873859704]",0.4,0.2868502359267631,"[0.0, 0.5454545454545454, 0.75, 0.25, 0.45454545454545453]",0.0039768022917041,0.003951197503105,"[0.0, 0.009939260077305357, 0.0033149171270718232, 0.0011049723756906078, 0.0055248618784530384]",0.0078481374456725,0.0077582816419529,"[0.0, 0.019522776572668113, 0.006600660066006601, 0.0022002200220022, 0.010917030567685589]",0.5017399078265025,0.0017778465870822,"[0.5, 0.5044371486755004, 0.501586450965723, 0.5003394936425843, 0.5023364458487047]",0.0971677422523498,0.001218643684135,"[0.09929715842008591, 0.0965840220451355, 0.09690118581056595, 0.09682488441467285, 0.09623146057128906]",294.5057976000098,31.85784560001048,1.6965325999772176,7.362644940000246,365.2908360000147,382.1534055000084,"[{""modelo__learning_rate"": 0.01478936561466647, ""modelo__max_depth"": 7, ""modelo__min_child_weight"": 1.6851060855600115, ""modelo__subsample"": 0.6202948099826744, ""modelo__colsample_bytree"": 0.6635695279055699}, {""modelo__learning_rate"": 0.0794180027914026, ""modelo__max_depth"": 5, ""modelo__min_child_weight"": 4.954525793935095, ""modelo__subsample"": 0.7549512047948033, ""modelo__colsample_bytree"": 0.8550739966635368}, {""modelo__learning_rate"": 0.04168438879029473, ""modelo__max_depth"": 9, ""modelo__min_child_weight"": 23.73379170335526, ""modelo__subsample"": 0.7738808595726556, ""modelo__colsample_bytree"": 0.5379606964324146}, {""modelo__learning_rate"": 0.03956014307911635, ""modelo__max_depth"": 8, ""modelo__min_child_weight"": 1.3711888717589558, ""modelo__subsample"": 0.9700839285271059, ""modelo__colsample_bytree"": 0.6960209509341999}, {""modelo__learning_rate"": 0.08042344139153235, ""modelo__max_depth"": 10, ""modelo__min_child_weight"": 20.309018517937275, ""modelo__subsample"": 0.5311553151294233, ""modelo__colsample_bytree"": 0.536498091156655}]","[[0.21596897356774772, 0.21596897356774772, 0.21596897356774772, 0.21596897356774772, 0.21596897356774772, 0.21596897356774772, 0.21596897356774772, 0.21596897356774772], [0.2181344273186061, 0.22171578914975032, 0.22171578914975032, 0.22171578914975032, 0.22171578914975032, 0.22171578914975032, 0.22171578914975032, 0.22171578914975032], [0.2042216412054582, 0.2105975207373946, 0.21523321408484106, 0.21523321408484106, 0.2209334575550257, 0.2209334575550257, 0.2209334575550257, 0.2209334575550257], [0.22063770284034004, 0.22063770284034004, 0.22063770284034004, 0.22063770284034004, 0.22063770284034004, 0.22063770284034004, 0.22466359160513594, 0.22466359160513594], [0.2136816520868002, 0.21719098640499168, 0.21719098640499168, 0.21719098640499168, 0.21894961689630435, 0.21894961689630435, 0.21894961689630435, 0.21894961689630435]]","[[], [], [], [], []]",382.1593231000006,completada,
xgboost,ninguno,deap,8.0,5.0,3.0,1.0,False,42.0,4,False,40.0,125.0,0.6683217230822864,0.0043488595638626,"[0.6709635243001346, 0.6656030956641531, 0.6622584613791245, 0.6730750357439147, 0.6697084983241056]",0.2232168242615491,0.0069352347331437,"[0.23430045842412608, 0.21810078454652795, 0.2176236250512476, 0.22057859101519883, 0.2254806622706454]",0.8862758544675747,0.0003581140590923,"[0.8861205486347049, 0.8863236034222446, 0.8868684326433021, 0.8859389745202894, 0.8861277131173325]",0.3711038961038961,0.3519351725251594,"[0.0, 0.625, 0.75, 0.4805194805194805, 0.0]",0.00718171029711,0.0085055654829706,"[0.0, 0.005521811154058531, 0.009944751381215469, 0.020441988950276244, 0.0]",0.0139583639018474,0.0163464959752923,"[0.0, 0.010946907498631636, 0.019629225736095966, 0.0392156862745098, 0.0]",0.5032216620204671,0.0036981802446864,"[0.5, 0.5025479130317684, 0.5047593528971689, 0.5088010441733987, 0.5]",0.0973328873515129,0.0011597108750202,"[0.09929144382476807, 0.09663130342960358, 0.0967445820569992, 0.09650769084692001, 0.09748941659927368]",701.9253870999964,47.28982720000204,2.21842929997365,17.54813467749991,802.3419645999966,819.5588881000003,"[{""modelo__learning_rate"": 0.024768459798162147, ""modelo__max_depth"": 4, ""modelo__min_child_weight"": 4.781762498950186, ""modelo__subsample"": 0.8333333333333333, ""modelo__colsample_bytree"": 0.7333333333333334}, {""modelo__learning_rate"": 0.031072325059538584, ""modelo__max_depth"": 5, ""modelo__min_child_weight"": 13.572088082974531, ""modelo__subsample"": 0.8666666666666667, ""modelo__colsample_bytree"": 0.8}, {""modelo__learning_rate"": 0.07696136340726076, ""modelo__max_depth"": 4, ""modelo__min_child_weight"": 4.781762498950186, ""modelo__subsample"": 0.7666666666666666, ""modelo__colsample_bytree"": 0.8333333333333333}, {""modelo__learning_rate"": 0.15194870523363546, ""modelo__max_depth"": 4, ""modelo__min_child_weight"": 6.206584445546916, ""modelo__subsample"": 0.7333333333333334, ""modelo__colsample_bytree"": 0.8666666666666667}, {""modelo__learning_rate"": 0.012545117989873634, ""modelo__max_depth"": 8, ""modelo__min_child_weight"": 8.055960639651632, ""modelo__subsample"": 0.9, ""modelo__colsample_bytree"": 0.7}]","[[0.21127921957070414, 0.21127921957070414, 0.21127921957070414, 0.2128452193341959, 0.2128452193341959, 0.2128452193341959, 0.2128452193341959, 0.2128452193341959], [0.21907120533863836, 0.21907120533863836, 0.21907120533863836, 0.22257562040517143, 0.22257562040517143, 0.22257562040517143, 0.22257562040517143, 0.22257562040517143], [0.210533239230743, 0.21850616848307056, 0.220774838420836, 0.22374856299454424, 0.22374856299454424, 0.22374856299454424, 0.22374856299454424, 0.22374856299454424], [0.21390392278554693, 0.21868964663583715, 0.21922129761144257, 0.219728750706662, 0.219728750706662, 0.219728750706662, 0.219728750706662, 0.22254213847209248], [0.22054657381865542, 0.22054657381865542, 0.22054657381865542, 0.22054657381865542, 0.22054657381865542, 0.22054657381865542, 0.22054657381865542, 0.22054657381865542]]","[[1.0, 0.75, 1.0], [1.0, 1.0, 1.0], [1.0, 0.75, 0.5], [1.0, 0.5, 1.0], [1.0, 0.75, 0.5]]",819.5673090000055,completada,
xgboost,smote,grid,8.0,5.0,3.0,1.0,False,42.0,4,False,40.0,125.0,0.6645815543463801,0.0114009047696943,"[0.679651805034042, 0.6655235909923716, 0.6587089445642507, 0.649362120668318, 0.669661310472918]",0.2227781792014184,0.0202056365552227,"[0.2541687602140966, 0.22190158751060773, 0.2148659228332985, 0.19865329155312583, 0.2243013338959633]",0.8864016809897952,0.000464755101796,"[0.8871901346420032, 0.8863236034222446, 0.8863650663814258, 0.8861277131173325, 0.8860018873859704]",0.4786429018136335,0.2829870274487778,"[0.7073170731707317, 0.5384615384615384, 0.6666666666666666, 0.0, 0.4807692307692308]",0.0099430429755545,0.0072756944140273,"[0.016022099447513812, 0.015461071231363888, 0.004419889502762431, 0.0, 0.013812154696132596]",0.0194055727021105,0.0141483349154519,"[0.031334413830361965, 0.030059044551798177, 0.008781558726673985, 0.0, 0.02685284640171858]",0.5044958280543981,0.0032952794881,"[0.5075850343872048, 0.5068785654346383, 0.5020679295557553, 0.5, 0.5059476108943921]",0.0965956568717956,0.0013023594656615,"[0.09483589231967926, 0.09650951623916626, 0.09690526127815247, 0.09846025705337524, 0.09626735746860504]",2041.9135958999973,117.2611127999844,2.174906199972611,51.04783989749994,2219.701928900002,2244.846141499991,"[{""modelo__learning_rate"": 0.2, ""modelo__max_depth"": 6, ""modelo__min_child_weight"": 1}, {""modelo__learning_rate"": 0.05, ""modelo__max_depth"": 6, ""modelo__min_child_weight"": 10}, {""modelo__learning_rate"": 0.05, ""modelo__max_depth"": 6, ""modelo__min_child_weight"": 1}, {""modelo__learning_rate"": 0.05, ""modelo__max_depth"": 6, ""modelo__min_child_weight"": 1}, {""modelo__learning_rate"": 0.2, ""modelo__max_depth"": 6, ""modelo__min_child_weight"": 1}]","[[0.20828380013724246, 0.21154984234909735, 0.21377889579022122, 0.21483824961033804, 0.21483824961033804, 0.21483824961033804, 0.21577836695297534, 0.21577836695297534], [0.21288829764277653, 0.2159027560314223, 0.220664825537117, 0.22304504548011875, 0.22304504548011875, 0.22304504548011875, 0.22304504548011875, 0.22304504548011875], [0.21123042620775145, 0.21206819903555188, 0.2237177404584684, 0.2237177404584684, 0.2237177404584684, 0.2237177404584684, 0.2237177404584684, 0.2237177404584684], [0.2196119453191406, 0.2196119453191406, 0.2252443022725262, 0.2252443022725262, 0.2252443022725262, 0.2252443022725262, 0.2252443022725262, 0.2252443022725262], [0.21528861427410254, 0.21985549507353344, 0.21985549507353344, 0.22093385976452937, 0.22093385976452937, 0.22093385976452937, 0.22230269414505202, 0.22230269414505202]]","[[], [], [], [], []]",2244.846366499987,completada,
xgboost,smote,random,8.0,5.0,3.0,1.0,False,42.0,4,False,40.0,125.0,0.670903676927576,0.0076505036576252,"[0.6805763681525684, 0.6698690623133547, 0.6596084852902465, 0.670185534942741, 0.6742789339389696]",0.2272706514460057,0.0171068479536598,"[0.2554207282418429, 0.2222552537659327, 0.21213178696753696, 0.2164961591989707, 0.23004932905574543]",0.8864016770312189,0.0002838244365933,"[0.8868755505222097, 0.8861977856064419, 0.8863021455986912, 0.8861906259830136, 0.8864422774457377]",0.5667088967840848,0.0557947962714636,"[0.6578947368421053, 0.5384615384615384, 0.5555555555555556, 0.5102040816326531, 0.5714285714285714]",0.0109383723165065,0.0029089554947796,"[0.013812154696132596, 0.007730535615681944, 0.008287292817679558, 0.013812154696132596, 0.011049723756906077]",0.0214411783605478,0.0056099133312115,"[0.027056277056277056, 0.015242242787152967, 0.01633097441480675, 0.02689618074233459, 0.02168021680216802]",0.5049295863910145,0.001346620900201,"[0.5064445607334681, 0.5034392827173192, 0.5037176008219619, 0.5060541071670226, 0.5049923805153007]",0.0961580514907836,0.0008430720496326,"[0.09486944228410721, 0.09637848287820816, 0.09704048931598663, 0.09666203707456589, 0.09583980590105057]",1572.2148974000302,137.87286689999746,2.088898199988762,39.30537243500076,1763.0437130999635,1787.807667199988,"[{""modelo__learning_rate"": 0.09194436237832149, ""modelo__max_depth"": 5, ""modelo__min_child_weight"": 1.0815078281742725, ""modelo__subsample"": 0.919606291255515, ""modelo__colsample_bytree"": 0.7935715237940293}, {""modelo__learning_rate"": 0.015172044905427633, ""modelo__max_depth"": 9, ""modelo__min_child_weight"": 4.890939550589085, ""modelo__subsample"": 0.984591974072211, ""modelo__colsample_bytree"": 0.5811585623927834}, {""modelo__learning_rate"": 0.09807463421368925, ""modelo__max_depth"": 6, ""modelo__min_child_weight"": 26.74697818949873, ""modelo__subsample"": 0.862081744256384, ""modelo__colsample_bytree"": 0.764509204069523}, {""modelo__learning_rate"": 0.2176142473288359, ""modelo__max_depth"": 3, ""modelo__min_child_weight"": 2.9046100747564125, ""modelo__subsample"": 0.8109252411230665, ""modelo__colsample_bytree"": 0.9670142041446821}, {""modelo__learning_rate"": 0.029770567704674036, ""modelo__max_depth"": 8, ""modelo__min_child_weight"": 2.1895622479763364, ""modelo__subsample"": 0.9288795945965471, ""modelo__colsample_bytree"": 0.7565730452927448}]","[[0.2181498857101858, 0.2181498857101858, 0.2181498857101858, 0.2181498857101858, 0.2181498857101858, 0.2181498857101858, 0.2181498857101858, 0.2181498857101858], [0.22468407490787526, 0.22468407490787526, 0.22468407490787526, 0.22468407490787526, 0.22468407490787526, 0.22468407490787526, 0.22468407490787526, 0.22468407490787526], [0.2228418619552722, 0.2228418619552722, 0.22313331072417364, 0.22313331072417364, 0.22313331072417364, 0.22313331072417364, 0.22313331072417364, 0.22313331072417364], [0.2224805932472785, 0.2224805932472785, 0.2224805932472785, 0.2224805932472785, 0.2224805932472785, 0.2224805932472785, 0.2224805932472785, 0.2224805932472785], [0.21753678552608355, 0.22473634753807956, 0.22473634753807956, 0.22473634753807956, 0.22473634753807956, 0.22473634753807956, 0.22473634753807956, 0.22473634753807956]]","[[], [], [], [], []]",1787.8121365999978,completada,
xgboost,smote,optuna,8.0,5.0,3.0,1.0,True,42.0,4,False,40.0,71.0,0.667867069955018,0.0138518894571985,"[0.6808552591318703, 0.6688199966010577, 0.644471960433468, 0.6743084312491051, 0.6708797023595887]",0.2244316843501431,0.0174847757695272,"[0.2519207839443309, 0.2229062148010503, 0.20346055143647074, 0.2194213801454637, 0.22444949142339982]",0.886263261601721,0.0003359500925441,"[0.8868126336982509, 0.8863236034222446, 0.8861133832504876, 0.8861277131173325, 0.8859389745202894]",0.4388834154351396,0.2604789858457682,"[0.6896551724137931, 0.5476190476190477, 0.0, 0.5, 0.45714285714285713]",0.0093908618601486,0.0056332444239901,"[0.011049723756906077, 0.012700165654334622, 0.0, 0.014364640883977901, 0.008839779005524863]",0.0183693388092468,0.0109879196743511,"[0.021750951604132682, 0.0248246087425796, 0.0, 0.027926960257787327, 0.017344173441734417]",0.504177144533035,0.0025136186483479,"[0.505205350376039, 0.505675606433841, 0.5, 0.5062593527458583, 0.5037454131094362]",0.0964557066559791,0.0011549983681533,"[0.0950273871421814, 0.0963735282421112, 0.09824150055646896, 0.09649452567100525, 0.09614159166812897]",803.1301471999905,141.68074420001358,1.842480399995111,20.07825367999976,978.8342721999798,993.6920899000252,"[{""modelo__learning_rate"": 0.01478936561466647, ""modelo__max_depth"": 7, ""modelo__min_child_weight"": 1.6851060855600115, ""modelo__subsample"": 0.6202948099826744, ""modelo__colsample_bytree"": 0.6635695279055699}, {""modelo__learning_rate"": 0.036088052103321056, ""modelo__max_depth"": 6, ""modelo__min_child_weight"": 2.9652516386278536, ""modelo__subsample"": 0.8438622412853647, ""modelo__colsample_bytree"": 0.5210700081327733}, {""modelo__learning_rate"": 0.010482492738039874, ""modelo__max_depth"": 8, ""modelo__min_child_weight"": 1.134488524468204, ""modelo__subsample"": 0.7779822553434516, ""modelo__colsample_bytree"": 0.6983041264520872}, {""modelo__learning_rate"": 0.03956014307911635, ""modelo__max_depth"": 8, ""modelo__min_child_weight"": 1.3711888717589558, ""modelo__subsample"": 0.9700839285271059, ""modelo__colsample_bytree"": 0.6960209509341999}, {""modelo__learning_rate"": 0.014710798066129455, ""modelo__max_depth"": 10, ""modelo__min_child_weight"": 17.302078713039553, ""modelo__subsample"": 0.6757339029463507, ""modelo__colsample_bytree"": 0.8538025691295406}]","[[0.21631154959203738, 0.21631154959203738, 0.21631154959203738, 0.21631154959203738, 0.21631154959203738, 0.21631154959203738, 0.21631154959203738, 0.21631154959203738], [0.21615425560224874, 0.21615425560224874, 0.21639698054943268, 0.22406160774437667, 0.22406160774437667, 0.22406160774437667, 0.22406160774437667, 0.2270566290581171], [0.21036256485263802, 0.21036256485263802, 0.21495047812524115, 0.21495047812524115, 0.21495047812524115, 0.21807895149871515, 0.21807895149871515, 0.22628405235070403], [0.21851497649930418, 0.21851497649930418, 0.21851497649930418, 0.21851497649930418, 0.21851497649930418, 0.21851497649930418, 0.22419367037989413, 0.22419367037989413], [0.22207145716213228, 0.22207145716213228, 0.22207145716213228, 0.22207145716213228, 0.22207145716213228, 0.22207145716213228, 0.22207145716213228, 0.22207145716213228]]","[[], [], [], [], []]",993.6922185999864,completada,
xgboost,smote,deap,8.0,5.0,3.0,1.0,False,42.0,4,False,40.0,125.0,0.6698991263791247,0.007001188154907,"[0.6812795680534002, 0.665753833071944, 0.6633264980347372, 0.6678430876466285, 0.6712926450889137]",0.2262221980145265,0.0139981812483476,"[0.250136312622096, 0.21697487868073848, 0.21803399702766407, 0.21860307248670965, 0.2273627292554246]",0.8862507004027865,0.0004697570916342,"[0.8866868000503335, 0.8855057876195269, 0.8866167495123639, 0.8861906259830136, 0.8862535388486945]",0.5380384708684338,0.0951795120681713,"[0.6097560975609756, 0.4, 0.6428571428571429, 0.5063291139240507, 0.53125]",0.0130375757723671,0.0053658853893289,"[0.013812154696132596, 0.009939260077305357, 0.009944751381215469, 0.022099447513812154, 0.009392265193370166]",0.0253608264195391,0.010098721574603,"[0.02701242571582928, 0.01939655172413793, 0.01958650707290533, 0.04235044997353097, 0.018458197611292075]",0.5057590963264189,0.0023715887117141,"[0.5063380568993301, 0.5040111635849785, 0.5046173377015429, 0.5096652722127101, 0.5041636512335328]",0.0962241783738136,0.0007374322124249,"[0.0949946865439415, 0.09668899327516556, 0.09670762717723846, 0.09665996581315994, 0.09606961905956268]",1732.688307399978,154.95284850001917,1.9955034000158776,43.317207684999445,1926.0374969000115,1940.2781706000096,"[{""modelo__learning_rate"": 0.031072325059538584, ""modelo__max_depth"": 4, ""modelo__min_child_weight"": 4.781762498950186, ""modelo__subsample"": 0.8333333333333333, ""modelo__colsample_bytree"": 0.7333333333333334}, {""modelo__learning_rate"": 0.031072325059538584, ""modelo__max_depth"": 8, ""modelo__min_child_weight"": 13.572088082974531, ""modelo__subsample"": 0.8666666666666667, ""modelo__colsample_bytree"": 1.0}, {""modelo__learning_rate"": 0.03898059840916188, ""modelo__max_depth"": 9, ""modelo__min_child_weight"": 10.456395525912734, ""modelo__subsample"": 0.9, ""modelo__colsample_bytree"": 0.9}, {""modelo__learning_rate"": 0.061347660077317435, ""modelo__max_depth"": 10, ""modelo__min_child_weight"": 2.1867241478865562, ""modelo__subsample"": 0.5333333333333333, ""modelo__colsample_bytree"": 0.7666666666666666}, {""modelo__learning_rate"": 0.04890162063588163, ""modelo__max_depth"": 3, ""modelo__min_child_weight"": 1.2979700365523266, ""modelo__subsample"": 0.5333333333333333, ""modelo__colsample_bytree"": 1.0}]","[[0.21252176957905686, 0.21252176957905686, 0.21252176957905686, 0.21424055681755969, 0.21424055681755969, 0.216851448174, 0.216851448174, 0.216851448174], [0.21807634305741672, 0.21807634305741672, 0.21807634305741672, 0.2240634175206538, 0.2240634175206538, 0.2240634175206538, 0.2240634175206538, 0.22407265915375327], [0.21775818626459018, 0.22031905428581447, 0.22413495027451114, 0.22413495027451114, 0.22413495027451114, 0.22413495027451114, 0.22413495027451114, 0.22413495027451114], [0.22124402716907207, 0.22124402716907207, 0.22124402716907207, 0.22124402716907207, 0.22124402716907207, 0.22124402716907207, 0.22124402716907207, 0.22124402716907207], [0.1985308638312202, 0.22161859238906248, 0.22161859238906248, 0.22161859238906248, 0.22161859238906248, 0.22161859238906248, 0.22161859238906248, 0.22161859238906248]]","[[1.0, 0.75, 1.0], [1.0, 1.0, 1.0], [1.0, 0.75, 0.5], [1.0, 0.5, 1.0], [1.0, 0.5, 0.5]]",1940.279975099984,completada,
xgboost,adasyn,grid,8.0,5.0,3.0,1.0,False,42.0,4,False,40.0,125.0,0.6623747696241752,0.0092332989064261,"[0.678040831569384, 0.6612959457517827, 0.6601387865076148, 0.6536350139347332, 0.6587632703573607]",0.2181717048326662,0.0172516843932685,"[0.24772610581983512, 0.2122495515636298, 0.21255196070146834, 0.20252688113958622, 0.2158040249388118]",0.8862506861529866,0.0003601996663183,"[0.8868755505222097, 0.8859461499748364, 0.8861763040332222, 0.8861277131173325, 0.8861277131173325]",0.315406162464986,0.3178784251676712,"[0.7142857142857143, 0.3333333333333333, 0.5294117647058824, 0.0, 0.0]",0.0034252923356651,0.0047269808843884,"[0.011049723756906077, 0.0011043622308117063, 0.004972375690607734, 0.0, 0.0]",0.0067632866630869,0.0093115664529688,"[0.02176278563656148, 0.002201430930104568, 0.009852216748768473, 0.0, 0.0]",0.5015706390386738,0.0022444231546239,"[0.5052408516540849, 0.5004101860852319, 0.5022021574540521, 0.5, 0.5]",0.0969268441200256,0.0010448735857833,"[0.0952131375670433, 0.09700217097997665, 0.09699409455060959, 0.09801723062992096, 0.09740758687257767]",2545.31329619998,171.7583588999696,1.5801894000032917,63.6328324049995,2756.224185400002,2773.258044799993,"[{""modelo__learning_rate"": 0.05, ""modelo__max_depth"": 6, ""modelo__min_child_weight"": 10}, {""modelo__learning_rate"": 0.2, ""modelo__max_depth"": 6, ""modelo__min_child_weight"": 1}, {""modelo__learning_rate"": 0.2, ""modelo__max_depth"": 3, ""modelo__min_child_weight"": 10}, {""modelo__learning_rate"": 0.05, ""modelo__max_depth"": 6, ""modelo__min_child_weight"": 1}, {""modelo__learning_rate"": 0.05, ""modelo__max_depth"": 6, ""modelo__min_child_weight"": 1}]","[[0.21018008836779214, 0.21018008836779214, 0.21350762632668654, 0.2159158881107963, 0.2159158881107963, 0.2159158881107963, 0.2159158881107963, 0.2159158881107963], [0.21599144652533794, 0.21681552820874406, 0.22323107291440858, 0.22323107291440858, 0.22323107291440858, 0.22323107291440858, 0.22478302740033937, 0.22478302740033937], [0.207926018442068, 0.2129101810216021, 0.2189284258065862, 0.2189284258065862, 0.2189284258065862, 0.21952806877970832, 0.21952806877970832, 0.21952806877970832], [0.200544199251618, 0.20192728828869053, 0.22451445986520743, 0.22451445986520743, 0.22451445986520743, 0.22451445986520743, 0.22451445986520743, 0.22451445986520743], [0.19726424754405728, 0.19726424754405728, 0.22454385881299851, 0.22454385881299851, 0.22454385881299851, 0.22454385881299851, 0.22454385881299851, 0.22454385881299851]]","[[], [], [], [], []]",2773.2582013999927,completada,
xgboost,adasyn,random,8.0,5.0,3.0,1.0,False,42.0,4,False,40.0,125.0,0.6702794170475949,0.0074002939499704,"[0.680494166022021, 0.6681464610914212, 0.6601463972667175, 0.6696641542960361, 0.6729459065617787]",0.2277377996910791,0.0143975445995371,"[0.24908354311608455, 0.2188700186156835, 0.21332840261625716, 0.2221696470554925, 0.23523738705187805]",0.8863513364468532,0.0002984379541863,"[0.8868126336982509, 0.8863236034222446, 0.8859875416850186, 0.8863793645800566, 0.8862535388486945]",0.5494555309189456,0.0698646606054454,"[0.6341463414634146, 0.5909090909090909, 0.45, 0.5222222222222223, 0.55]",0.0117119139939778,0.0087744380950374,"[0.014364640883977901, 0.00717835450027609, 0.004972375690607734, 0.025966850828729283, 0.0060773480662983425]",0.0227217855230754,0.0165675166190608,"[0.028092922744462453, 0.014184397163120567, 0.009836065573770493, 0.049473684210526316, 0.012021857923497269]",0.5052382599632261,0.0038974974968761,"[0.5066498012712988, 0.5032696884322466, 0.5020956460573326, 0.5114569788399947, 0.5027191852152578]",0.0961463928222656,0.0007486330823084,"[0.09503211826086044, 0.09655966609716415, 0.09690680354833603, 0.09646982699632645, 0.09576354920864105]",2443.4220916000486,201.95004109997527,1.7788991999696009,61.08555229000122,2685.035085999989,2702.5780477999942,"[{""modelo__learning_rate"": 0.09194436237832149, ""modelo__max_depth"": 5, ""modelo__min_child_weight"": 1.0815078281742725, ""modelo__subsample"": 0.919606291255515, ""modelo__colsample_bytree"": 0.7935715237940293}, {""modelo__learning_rate"": 0.059403072105465256, ""modelo__max_depth"": 9, ""modelo__min_child_weight"": 2.0284405127848033, ""modelo__subsample"": 0.9226975695627594, ""modelo__colsample_bytree"": 0.5436205466572333}, {""modelo__learning_rate"": 0.07023983377213391, ""modelo__max_depth"": 8, ""modelo__min_child_weight"": 19.83439012754786, ""modelo__subsample"": 0.9058463835048035, ""modelo__colsample_bytree"": 0.7551144276003618}, {""modelo__learning_rate"": 0.12753713611836032, ""modelo__max_depth"": 8, ""modelo__min_child_weight"": 7.047501423022365, ""modelo__subsample"": 0.8974525581015089, ""modelo__colsample_bytree"": 0.5275861446018538}, {""modelo__learning_rate"": 0.029770567704674036, ""modelo__max_depth"": 8, ""modelo__min_child_weight"": 2.1895622479763364, ""modelo__subsample"": 0.9288795945965471, ""modelo__colsample_bytree"": 0.7565730452927448}]","[[0.21637333359273328, 0.21637333359273328, 0.21637333359273328, 0.21637333359273328, 0.21637333359273328, 0.21637333359273328, 0.21637333359273328, 0.21637333359273328], [0.2181933765606043, 0.22056190403320822, 0.225128232053487, 0.225128232053487, 0.22687965610828167, 0.22687965610828167, 0.22687965610828167, 0.22687965610828167], [0.22571686774447108, 0.22571686774447108, 0.22571686774447108, 0.22571686774447108, 0.22571686774447108, 0.22571686774447108, 0.22571686774447108, 0.22571686774447108], [0.2206379123631157, 0.2206379123631157, 0.22198367318274856, 0.22198367318274856, 0.22198367318274856, 0.22198367318274856, 0.22198367318274856, 0.22198367318274856], [0.21675863063826376, 0.22356869204846053, 0.22356869204846053, 0.22356869204846053, 0.22356869204846053, 0.22356869204846053, 0.22356869204846053, 0.22356869204846053]]","[[], [], [], [], []]",2702.57971369999,completada,
xgboost,adasyn,optuna,8.0,5.0,3.0,1.0,True,42.0,4,False,40.0,63.0,0.6691977453588379,0.0075355997852703,"[0.6797053315466318, 0.6701256883397264, 0.6584685779610462, 0.6683415215826561, 0.6693476073641289]",0.2257397794813281,0.0150180904669207,"[0.2509399353779614, 0.2226464272054342, 0.2127525208312752, 0.2163166983437655, 0.22604331564820418]",0.8863639332701876,0.0004120782440428,"[0.8870643009940858, 0.8861977856064419, 0.8863650663814258, 0.8861906259830136, 0.8860018873859704]",0.5717197792081403,0.111949779890851,"[0.7586206896551724, 0.5357142857142857, 0.5833333333333334, 0.5072463768115942, 0.47368421052631576]",0.0114907974898639,0.0047115131167915,"[0.012154696132596685, 0.008282716731087797, 0.0077348066298342545, 0.019337016574585635, 0.009944751381215469]",0.0224481627912043,0.0089359365641407,"[0.02392604676454595, 0.01631321370309951, 0.015267175572519083, 0.03725385843533795, 0.01948051948051948]",0.5051490060067719,0.0020650746712299,"[0.5058288391199763, 0.5036798745174785, 0.5035123653258523, 0.5084615505308143, 0.504262400539738]",0.0962655991315841,0.0007606238245662,"[0.09506715834140778, 0.09633176773786545, 0.09701178967952728, 0.09680665284395218, 0.09611062705516815]",1335.2234553000017,272.8570335000404,2.522258300014073,33.38058638250004,1648.9250313999946,1666.0493609000114,"[{""modelo__learning_rate"": 0.01478936561466647, ""modelo__max_depth"": 7, ""modelo__min_child_weight"": 1.6851060855600115, ""modelo__subsample"": 0.6202948099826744, ""modelo__colsample_bytree"": 0.6635695279055699}, {""modelo__learning_rate"": 0.0794180027914026, ""modelo__max_depth"": 5, ""modelo__min_child_weight"": 4.954525793935095, ""modelo__subsample"": 0.7549512047948033, ""modelo__colsample_bytree"": 0.8550739966635368}, {""modelo__learning_rate"": 0.08837092471809864, ""modelo__max_depth"": 8, ""modelo__min_child_weight"": 2.564791138346221, ""modelo__subsample"": 0.9679958044303165, ""modelo__colsample_bytree"": 0.6556916227691618}, {""modelo__learning_rate"": 0.14381872209915225, ""modelo__max_depth"": 7, ""modelo__min_child_weight"": 2.649212175019651, ""modelo__subsample"": 0.8790379323249089, ""modelo__colsample_bytree"": 0.6565384678158399}, {""modelo__learning_rate"": 0.014710798066129455, ""modelo__max_depth"": 10, ""modelo__min_child_weight"": 17.302078713039553, ""modelo__subsample"": 0.6757339029463507, ""modelo__colsample_bytree"": 0.8538025691295406}]","[[0.21310113678425988, 0.21310113678425988, 0.21310113678425988, 0.21310113678425988, 0.21310113678425988, 0.21310113678425988, 0.21310113678425988, 0.21310113678425988], [0.21690485785877192, 0.2235667910520759, 0.2235667910520759, 0.2235667910520759, 0.2235667910520759, 0.2235667910520759, 0.2235667910520759, 0.2235667910520759], [0.21418382039338457, 0.21418382039338457, 0.21418382039338457, 0.21418382039338457, 0.22186605568140852, 0.22186605568140852, 0.22186605568140852, 0.22186605568140852], [0.2213364726563113, 0.2213364726563113, 0.2213364726563113, 0.2213364726563113, 0.2213364726563113, 0.2213364726563113, 0.2213364726563113, 0.2213364726563113], [0.22126058357978715, 0.22126058357978715, 0.22126058357978715, 0.22126058357978715, 0.22126058357978715, 0.22126058357978715, 0.22126058357978715, 0.22126058357978715]]","[[], [], [], [], []]",1666.0550315,completada,
xgboost,adasyn,deap,8.0,5.0,3.0,1.0,False,42.0,4,False,40.0,125.0,0.6573302954853666,0.0154039515292816,"[0.6636721305944916, 0.6659653946899269, 0.6576364159915387, 0.6686289830684655, 0.6307485530824102]",0.2152011655672394,0.0155360225176402,"[0.23305240279970169, 0.2185516934413489, 0.21694508142846347, 0.21731666373898126, 0.19013998642770183]",0.8861122730988541,0.0001612398991563,"[0.8861205486347049, 0.8859461499748364, 0.8863650663814258, 0.8860018873859704, 0.8861277131173325]",0.300852514919011,0.2759315693605329,"[0.0, 0.47058823529411764, 0.5434782608695652, 0.49019607843137253, 0.0]",0.0100542723869782,0.0114727017366191,"[0.0, 0.00883489784649365, 0.013812154696132596, 0.027624309392265192, 0.0]",0.0193170167688547,0.0217729820396241,"[0.0, 0.017344173441734417, 0.02693965517241379, 0.05230125523012552, 0.0]",0.5043810376324731,0.0049862693051888,"[0.5, 0.5037784712874641, 0.5061604975710301, 0.5119662193038713, 0.5]",0.1003911763429641,0.0075191310196747,"[0.0977189689874649, 0.09660585224628448, 0.0969030112028122, 0.09690665453672409, 0.11382139474153519]",3603.9444902999967,269.6441475999891,2.4558890000043903,90.09861225749992,3941.9547216999927,3970.1607456000056,"[{""modelo__learning_rate"": 0.031072325059538584, ""modelo__max_depth"": 4, ""modelo__min_child_weight"": 4.781762498950186, ""modelo__subsample"": 0.8333333333333333, ""modelo__colsample_bytree"": 0.7333333333333334}, {""modelo__learning_rate"": 0.031072325059538584, ""modelo__max_depth"": 8, ""modelo__min_child_weight"": 13.572088082974531, ""modelo__subsample"": 0.8666666666666667, ""modelo__colsample_bytree"": 1.0}, {""modelo__learning_rate"": 0.07696136340726076, ""modelo__max_depth"": 9, ""modelo__min_child_weight"": 4.781762498950186, ""modelo__subsample"": 0.8, ""modelo__colsample_bytree"": 0.8333333333333333}, {""modelo__learning_rate"": 0.15194870523363546, ""modelo__max_depth"": 4, ""modelo__min_child_weight"": 6.206584445546916, ""modelo__subsample"": 0.7333333333333334, ""modelo__colsample_bytree"": 0.8666666666666667}, {""modelo__learning_rate"": 0.012545117989873634, ""modelo__max_depth"": 8, ""modelo__min_child_weight"": 8.055960639651632, ""modelo__subsample"": 0.9, ""modelo__colsample_bytree"": 0.7}]","[[0.21412395878974863, 0.21412395878974863, 0.21412395878974863, 0.21430752721564975, 0.21430752721564975, 0.21466670648920314, 0.21466670648920314, 0.21466670648920314], [0.21585598774128065, 0.21585598774128065, 0.21585598774128065, 0.22292287112290374, 0.22292287112290374, 0.2241505149508097, 0.2241505149508097, 0.22460784859125746], [0.21693749325775671, 0.22225730653947895, 0.22225730653947895, 0.22225730653947895, 0.22225730653947895, 0.2236573904016577, 0.2236573904016577, 0.2236573904016577], [0.2192099976600378, 0.22025455637456995, 0.22025455637456995, 0.2229444621090543, 0.2229444621090543, 0.2229444621090543, 0.2229444621090543, 0.22351012445597593], [0.2198320187253705, 0.2198320187253705, 0.2198320187253705, 0.2198320187253705, 0.2198320187253705, 0.2198320187253705, 0.2198320187253705, 0.2198320187253705]]","[[1.0, 0.75, 1.0], [1.0, 1.0, 1.0], [1.0, 1.0, 0.5], [1.0, 0.5, 1.0], [1.0, 0.75, 0.5]]",3970.16675080001,completada,
xgboost,class_weight,grid,8.0,5.0,3.0,1.0,False,42.0,4,False,40.0,125.0,0.6653070496099717,0.0056116374440362,"[0.6647185160544233, 0.6662976834463472, 0.6562971970044994, 0.6714011810691598, 0.6678206704754284]",0.2163685197112767,0.0057717214446836,"[0.2217481623929603, 0.21562616224377293, 0.20761151760557178, 0.21537974696948525, 0.22147700934459325]",0.6444448581380413,0.0094507197669536,"[0.6333836667925004, 0.6486537493709109, 0.6351853017051532, 0.651588549858446, 0.6534130229631959]",0.1769155758342635,0.0030883476738764,"[0.17494740249231266, 0.1776563033823027, 0.17332896461336827, 0.18147641831852357, 0.17716879036481062]",0.5807100255955777,0.0138119542487774,"[0.5972375690607735, 0.5742683600220873, 0.5845303867403315, 0.5867403314917127, 0.5607734806629834]",0.2711676831576173,0.0037039452809297,"[0.270622105394918, 0.2713633398564905, 0.26737427343947434, 0.27721221613155833, 0.2692664809656453]",0.6166732337441283,0.0042210449034708,"[0.6176332690518296, 0.6162431611967021, 0.6131130240880526, 0.6233311171125585, 0.6130455972714988]",0.2253979623317718,0.0065621025890617,"[0.23666107654571533, 0.22147168219089508, 0.2257726788520813, 0.22176232933998108, 0.22132204473018646]",719.3705033000151,43.48620229997323,1.9740366999758407,17.984262582500378,828.7150461000274,857.0356615999772,"[{""modelo__learning_rate"": 0.05, ""modelo__max_depth"": 6, ""modelo__min_child_weight"": 10}, {""modelo__learning_rate"": 0.2, ""modelo__max_depth"": 3, ""modelo__min_child_weight"": 10}, {""modelo__learning_rate"": 0.2, ""modelo__max_depth"": 3, ""modelo__min_child_weight"": 1}, {""modelo__learning_rate"": 0.05, ""modelo__max_depth"": 3, ""modelo__min_child_weight"": 10}, {""modelo__learning_rate"": 0.2, ""modelo__max_depth"": 3, ""modelo__min_child_weight"": 1}]","[[0.20004810188367247, 0.20968153922609875, 0.20968153922609875, 0.21156120514097398, 0.21156120514097398, 0.21156120514097398, 0.21156120514097398, 0.21156120514097398], [0.21437275238234477, 0.21800270837005745, 0.21800270837005745, 0.21800270837005745, 0.21800270837005745, 0.22101692278374804, 0.22101692278374804, 0.22101692278374804], [0.21328077373418744, 0.2160065310056608, 0.2160065310056608, 0.2160065310056608, 0.21771776767374137, 0.21771776767374137, 0.21771776767374137, 0.21771776767374137], [0.22041029497827583, 0.22172367309383798, 0.22172367309383798, 0.22172367309383798, 0.22172367309383798, 0.22172367309383798, 0.22172367309383798, 0.22172367309383798], [0.2132205302204245, 0.2132205302204245, 0.2141803193315134, 0.2141803193315134, 0.21518705970003518, 0.21518705970003518, 0.21518705970003518, 0.21518705970003518]]","[[], [], [], [], []]",857.0359163999965,completada,
xgboost,class_weight,random,8.0,5.0,3.0,1.0,False,42.0,4,False,40.0,125.0,0.6659374359924501,0.0092955273209103,"[0.6765259469230396, 0.6661733495870992, 0.653881918680216, 0.6731621351816223, 0.6599438295902736]",0.2196086001771707,0.0143695133321913,"[0.2424733887431872, 0.21916510079481533, 0.20270802184234762, 0.21583145235614792, 0.21786503714935565]",0.6584369906680106,0.0133480519429223,"[0.6454636969925758, 0.6789129340714645, 0.6566412886176304, 0.6628499528153508, 0.6483170808430324]",0.1800821796541325,0.0045015081858369,"[0.17862544110233575, 0.18427612655800577, 0.1758222222222222, 0.18542811558234357, 0.17625899280575538]",0.5621513098285188,0.0232430197257225,"[0.587292817679558, 0.5306460519050249, 0.5464088397790056, 0.5779005524861879, 0.5685082872928177]",0.2726771564524418,0.0055843529103898,"[0.2739337714212086, 0.27355536578423, 0.2660390047074647, 0.28076768219031, 0.26908995815899583]",0.616482077044603,0.0066334035917244,"[0.6201161617508838, 0.6143113113625231, 0.6086088081590476, 0.6258334853307759, 0.6135406186197847]",0.2276073694229126,0.0153209037971544,"[0.2232312560081482, 0.20938795804977417, 0.24641576409339905, 0.21884973347187042, 0.24015213549137115]",691.1774236000201,40.04509580001468,1.909429999999702,17.279435590000503,793.8736750000098,822.6454961000127,"[{""modelo__learning_rate"": 0.13316281968464377, ""modelo__max_depth"": 3, ""modelo__min_child_weight"": 3.8087350017330017, ""modelo__subsample"": 0.650009644898236, ""modelo__colsample_bytree"": 0.7755225452948615}, {""modelo__learning_rate"": 0.08141336942093674, ""modelo__max_depth"": 5, ""modelo__min_child_weight"": 4.9998570358947605, ""modelo__subsample"": 0.9698209059891972, ""modelo__colsample_bytree"": 0.9633743463767801}, {""modelo__learning_rate"": 0.016879753036116673, ""modelo__max_depth"": 6, ""modelo__min_child_weight"": 1.6331765445449284, ""modelo__subsample"": 0.8889051465445672, ""modelo__colsample_bytree"": 0.5872879896601507}, {""modelo__learning_rate"": 0.10135351725334511, ""modelo__max_depth"": 4, ""modelo__min_child_weight"": 17.650202882690774, ""modelo__subsample"": 0.8266550589599577, ""modelo__colsample_bytree"": 0.9500009170374987}, {""modelo__learning_rate"": 0.04245363466917044, ""modelo__max_depth"": 8, ""modelo__min_child_weight"": 34.12673920348173, ""modelo__subsample"": 0.9972674528686554, ""modelo__colsample_bytree"": 0.9255997361634289}]","[[0.20737717975997325, 0.20737717975997325, 0.20737717975997325, 0.20737717975997325, 0.20737717975997325, 0.20737717975997325, 0.21033291596165152, 0.21033291596165152], [0.2129492434820434, 0.2129492434820434, 0.21715429480909676, 0.21715429480909676, 0.21715429480909676, 0.21715429480909676, 0.21715429480909676, 0.21715429480909676], [0.21835698029951045, 0.21835698029951045, 0.21835698029951045, 0.21835698029951045, 0.21835698029951045, 0.21835698029951045, 0.2183653871744122, 0.2183653871744122], [0.2180937095882666, 0.2180937095882666, 0.2180937095882666, 0.2180937095882666, 0.2180937095882666, 0.2180937095882666, 0.21961768802743706, 0.21961768802743706], [0.20783998713537621, 0.20953706986236695, 0.2100967913288713, 0.2100967913288713, 0.2100967913288713, 0.21086880418064732, 0.21086880418064732, 0.21980532323684918]]","[[], [], [], [], []]",822.6457889000012,completada,
xgboost,class_weight,optuna,8.0,5.0,3.0,1.0,True,42.0,4,False,40.0,73.0,0.6691047553502862,0.0087503344172481,"[0.6792811991507938, 0.6656038013269204, 0.6568692004740639, 0.675440822002169, 0.6683287537974845]",0.2219099358769485,0.0145013135369355,"[0.243754008267553, 0.21516942377632908, 0.20456865659113888, 0.22026015719148562, 0.22579743355823606]",0.6632811387920899,0.0154272295051797,"[0.6497420410217692, 0.6692249622546552, 0.6439942112879884, 0.6768795218622208, 0.6765649575338156]",0.1829479018425648,0.0059422554294632,"[0.18166412472462296, 0.1828886844526219, 0.17456021650879566, 0.19112184249628528, 0.1845046410304982]",0.5635857604388161,0.0209468085108157,"[0.5922651933701657, 0.548868028713418, 0.5701657458563536, 0.5685082872928177, 0.538121546961326]",0.276110908748376,0.0068118747665195,"[0.27804435222409546, 0.27435826662986473, 0.26728826728826727, 0.28607172643869894, 0.2747919311609536]",0.6198401936344026,0.0071854721280806,"[0.6246969250009022, 0.6167840321060878, 0.6118243342645397, 0.6296570545445275, 0.6162386222559558]",0.2193081766366958,0.0050267674880049,"[0.22025154531002045, 0.2153829038143158, 0.22545328736305237, 0.21314342319965363, 0.22230972349643707]",389.9725038000033,51.25465410007746,2.0125686000392307,9.749312595000085,499.237451700028,524.459301200026,"[{""modelo__learning_rate"": 0.0154837965181816, ""modelo__max_depth"": 6, ""modelo__min_child_weight"": 49.81169575897705, ""modelo__subsample"": 0.5780134430420552, ""modelo__colsample_bytree"": 0.8217939880891774}, {""modelo__learning_rate"": 0.0794180027914026, ""modelo__max_depth"": 5, ""modelo__min_child_weight"": 4.954525793935095, ""modelo__subsample"": 0.7549512047948033, ""modelo__colsample_bytree"": 0.8550739966635368}, {""modelo__learning_rate"": 0.04993380966666889, ""modelo__max_depth"": 2, ""modelo__min_child_weight"": 1.8944508331779124, ""modelo__subsample"": 0.5579753557489722, ""modelo__colsample_bytree"": 0.8136958413522131}, {""modelo__learning_rate"": 0.029597673792505906, ""modelo__max_depth"": 9, ""modelo__min_child_weight"": 40.16808659754925, ""modelo__subsample"": 0.8421154180509884, ""modelo__colsample_bytree"": 0.5123088351971499}, {""modelo__learning_rate"": 0.014710798066129455, ""modelo__max_depth"": 10, ""modelo__min_child_weight"": 17.302078713039553, ""modelo__subsample"": 0.6757339029463507, ""modelo__colsample_bytree"": 0.8538025691295406}]","[[0.20886265450092653, 0.20886265450092653, 0.20886265450092653, 0.20886265450092653, 0.20886265450092653, 0.20886265450092653, 0.20886265450092653, 0.21186043548130304], [0.2133968594896881, 0.2157217732273935, 0.2157217732273935, 0.2157217732273935, 0.2157217732273935, 0.2157217732273935, 0.2157217732273935, 0.2157217732273935], [0.19532448295767701, 0.21135911703863397, 0.21135911703863397, 0.21135911703863397, 0.21135911703863397, 0.21135911703863397, 0.21135911703863397, 0.21135911703863397], [0.2116317150623693, 0.21768053948862867, 0.21768053948862867, 0.21768053948862867, 0.22249185983525424, 0.22249185983525424, 0.22249185983525424, 0.22249185983525424], [0.2175032061263055, 0.2175032061263055, 0.2175032061263055, 0.2175032061263055, 0.2175032061263055, 0.2175032061263055, 0.2175032061263055, 0.2175032061263055]]","[[], [], [], [], []]",524.4595996999997,completada,
xgboost,class_weight,deap,8.0,5.0,3.0,1.0,False,42.0,4,False,40.0,125.0,0.6669281986399946,0.0074123910501752,"[0.6703753406945855, 0.6591310899921926, 0.6590515268006605, 0.6707711467667693, 0.6753118889457653]",0.2210160551557389,0.0130571282307138,"[0.24065046778427285, 0.21021869681058547, 0.21058706266881716, 0.2159031213932796, 0.22772092712173947]",0.6548385116526788,0.006967342454423,"[0.6496791241978105, 0.6536235530951182, 0.6473290127729189, 0.6643598615916955, 0.6592010066058509]",0.1794907716715358,0.0022582414339975,"[0.17967950903511762, 0.1786397634371195, 0.17613927291346645, 0.18191662154845695, 0.181078691423519]",0.5684456254137545,0.0091890828862617,"[0.5823204419889503, 0.5670900055218111, 0.5701657458563536, 0.5569060773480663, 0.5657458563535912]",0.272809231056765,0.0023698520558085,"[0.27462219906201146, 0.2716931216931217, 0.269135480505933, 0.2742484015780166, 0.2743469524447421]",0.6171938658013095,0.0025188585955953,"[0.6203280710370767, 0.6159198696405648, 0.6137060356065833, 0.6175371707294113, 0.618478181992912]",0.2240164846181869,0.0101338436522597,"[0.22081440687179565, 0.24169377982616425, 0.22202317416667938, 0.21601957082748413, 0.21953149139881134]",710.1167787000013,45.01350610004738,1.9523197000671644,17.752919467500032,816.0854036000383,841.1763745000062,"[{""modelo__learning_rate"": 0.3, ""modelo__max_depth"": 4, ""modelo__min_child_weight"": 29.67841274828377, ""modelo__subsample"": 0.9, ""modelo__colsample_bytree"": 0.7}, {""modelo__learning_rate"": 0.031072325059538584, ""modelo__max_depth"": 5, ""modelo__min_child_weight"": 13.572088082974531, ""modelo__subsample"": 0.8666666666666667, ""modelo__colsample_bytree"": 0.5666666666666667}, {""modelo__learning_rate"": 0.07696136340726076, ""modelo__max_depth"": 4, ""modelo__min_child_weight"": 4.781762498950186, ""modelo__subsample"": 0.7666666666666666, ""modelo__colsample_bytree"": 0.8333333333333333}, {""modelo__learning_rate"": 0.15194870523363546, ""modelo__max_depth"": 4, ""modelo__min_child_weight"": 8.055960639651632, ""modelo__subsample"": 0.7333333333333334, ""modelo__colsample_bytree"": 0.8666666666666667}, {""modelo__learning_rate"": 0.031072325059538584, ""modelo__max_depth"": 4, ""modelo__min_child_weight"": 29.67841274828377, ""modelo__subsample"": 0.6, ""modelo__colsample_bytree"": 0.5666666666666667}]","[[0.20266778526268314, 0.20449747100630752, 0.20996988277849912, 0.20996988277849912, 0.20996988277849912, 0.20996988277849912, 0.20996988277849912, 0.20996988277849912], [0.21142271219519237, 0.21166228980732513, 0.21166228980732513, 0.21832644925581712, 0.21832644925581712, 0.21832644925581712, 0.21895609110104117, 0.21895609110104117], [0.20749186493034136, 0.21147045551766608, 0.21472682990903724, 0.21981799613714262, 0.21981799613714262, 0.21981799613714262, 0.21981799613714262, 0.21981799613714262], [0.19737939140874708, 0.21381546148915478, 0.21745683647933664, 0.22030591831894122, 0.22030591831894122, 0.22030591831894122, 0.22030591831894122, 0.22030591831894122], [0.21559866469899627, 0.21559866469899627, 0.2159208541010087, 0.2159208541010087, 0.21715136731517792, 0.21715136731517792, 0.21715136731517792, 0.21715136731517792]]","[[1.0, 0.5, 1.0], [1.0, 1.0, 1.0], [1.0, 0.75, 0.5], [1.0, 0.5, 1.0], [1.0, 0.75, 1.0]]",841.1813368000148,completada,
knn,smote,grid,8.0,5.0,3.0,1.0,False,42.0,4,False,40.0,125.0,0.6406014213763849,0.0107047907233525,"[0.655551105364655, 0.6433951239094815, 0.62607861914153, 0.6366486427118697, 0.6413336157543879]",0.1937288003553647,0.0124210320873286,"[0.21250958149984084, 0.19907730548117913, 0.18160629248381716, 0.18482995401365615, 0.19062086829833033]",0.2363572072817639,0.0040113441349298,"[0.24097143576192273, 0.2307498741821842, 0.2394135783049141, 0.23560868197546397, 0.2350424661843347]",0.1240913300362122,0.0004526502294442,"[0.12472551602986386, 0.1236904847915613, 0.12417727073277754, 0.12361677344205009, 0.12424660518480865]",0.941663498997837,0.0036009638916619,"[0.9414364640883978, 0.9453340695748206, 0.938121546961326, 0.938121546961326, 0.945303867403315]",0.219284994987116,0.000718258327651,"[0.2202688728024819, 0.21875798619984665, 0.21932317230689743, 0.21844847549208798, 0.2196264681342661]",0.5436854958777004,0.0018297957408283,"[0.5461939491700154, 0.5421026045424688, 0.5438672777766227, 0.5417267301721788, 0.5445369177272166]",0.3868118324942414,0.0015700789365054,"[0.38705798888118254, 0.38777528857685856, 0.3863763217087707, 0.38847203157887433, 0.38437753172552125]",2356.342530099966,31.028635599970585,89.66776989997015,58.90856325249915,2541.601910700003,2570.1966319000057,"[{""modelo__n_neighbors"": 201, ""modelo__weights"": ""distance""}, {""modelo__n_neighbors"": 201, ""modelo__weights"": ""distance""}, {""modelo__n_neighbors"": 201, ""modelo__weights"": ""distance""}, {""modelo__n_neighbors"": 201, ""modelo__weights"": ""distance""}, {""modelo__n_neighbors"": 201, ""modelo__weights"": ""distance""}]","[[0.15355129581790206, 0.15587129028063967, 0.16567599267413413, 0.1680987883166004, 0.17657181012496756, 0.17861599160356634, 0.18375920905470647, 0.18541628631623], [0.1547001692593107, 0.15728511482276816, 0.16620332689637315, 0.1688654163687443, 0.17542796542423958, 0.17769911681422323, 0.18476612791915037, 0.18624203842554132], [0.15656000233164327, 0.15932458145092757, 0.16780641696724238, 0.1704958893383792, 0.1797556885089641, 0.18193959119844036, 0.19014726925601352, 0.1915865310573046], [0.15564639246896253, 0.15875562387375672, 0.16951260074340815, 0.172917540683989, 0.18045861760826773, 0.183027403976318, 0.18992920012815848, 0.19171430910692822], [0.15606999564627516, 0.15924999790476413, 0.16726226525065005, 0.17019473799330712, 0.17695835719751396, 0.17925306814248124, 0.18436618019967196, 0.18605808035325275]]","[[], [], [], [], []]",2570.2006391999894,completada,
knn,smote,random,8.0,5.0,3.0,1.0,False,42.0,4,False,40.0,125.0,0.6385163859303677,0.0142685584449567,"[0.6560728956960683, 0.6449968607807728, 0.6224077617189017, 0.6252456965111193, 0.6438587149449768]",0.193118774819841,0.013902805597592,"[0.21262390257965288, 0.20066918124535427, 0.18013924964203848, 0.18024303620130588, 0.19191850443085334]",0.5068936998783529,0.2549379298623775,"[0.22958349062539324, 0.22584297936587822, 0.6865286604165356, 0.6892733564013841, 0.7032400125825732]",0.1532845329125979,0.0277043975975342,"[0.12358415698723035, 0.12359228175884084, 0.16666666666666666, 0.17042342532125554, 0.1821561338289963]",0.648624153805321,0.2742393153038573,"[0.9464088397790055, 0.951408061844285, 0.438121546961326, 0.44696132596685084, 0.46022099447513815]",0.2373250100643305,0.0184479044119188,"[0.21862038159657968, 0.21876587100050787, 0.24147381242387334, 0.24675918865334756, 0.2610057966473445]",0.5686470032121951,0.0253346544942472,"[0.5419348941865775, 0.5419802112558307, 0.578288210816458, 0.5836865557771777, 0.5973451440249316]",0.2783028238396451,0.099474337089992,"[0.38714148972374757, 0.3873955235209586, 0.20677182038759948, 0.2054802500295736, 0.20472503553634613]",6491.783220599988,28.23829999996815,372.5739734999952,162.2945805149997,6947.120927100012,6975.476180099999,"[{""modelo__n_neighbors"": 251, ""modelo__weights"": ""uniform"", ""modelo__p"": 2}, {""modelo__n_neighbors"": 235, ""modelo__weights"": ""distance"", ""modelo__p"": 2}, {""modelo__n_neighbors"": 260, ""modelo__weights"": ""uniform"", ""modelo__p"": 1}, {""modelo__n_neighbors"": 230, ""modelo__weights"": ""distance"", ""modelo__p"": 1}, {""modelo__n_neighbors"": 263, ""modelo__weights"": ""uniform"", ""modelo__p"": 1}]","[[0.16727718395787403, 0.16727718395787403, 0.16727718395787403, 0.17357709396440857, 0.17357709396440857, 0.18538817109070274, 0.18538817109070274, 0.18538817109070274], [0.13856369169461233, 0.15530987955972342, 0.15530987955972342, 0.15530987955972342, 0.17478161065078446, 0.1856490039555251, 0.18736195235223252, 0.18736195235223252], [0.1707895759099662, 0.18467500071566625, 0.18467500071566625, 0.18723356460258442, 0.18723356460258442, 0.18723356460258442, 0.18723356460258442, 0.19001136773738583], [0.1848655545544532, 0.1848655545544532, 0.18723124058234406, 0.18723124058234406, 0.18723124058234406, 0.18723124058234406, 0.18723124058234406, 0.18723124058234406], [0.17976290422666952, 0.17976290422666952, 0.18261051896432498, 0.18261051896432498, 0.18261051896432498, 0.18261051896432498, 0.18261051896432498, 0.18261051896432498]]","[[], [], [], [], []]",6975.476779699995,completada,
knn,smote,optuna,8.0,5.0,3.0,1.0,True,42.0,4,False,40.0,75.0,0.640605402266746,0.0127541434700266,"[0.656215783436712, 0.6461378782719965, 0.6294956734403729, 0.6255234889983271, 0.6456541871863214]",0.1940345614849604,0.0137719822011914,"[0.21433548869558358, 0.19810142711346218, 0.18236704787207686, 0.18016034341566478, 0.19520850032801493]",0.3139156425929655,0.2098010366150017,"[0.22115263621492387, 0.21766482133870155, 0.2211036305291638, 0.689210443535703, 0.22044668134633533]",0.1322714819646363,0.0212310097574381,"[0.12288589167201884, 0.12271855692067325, 0.12245481174537401, 0.17024863042562158, 0.12304951905949413]",0.8506127990091248,0.2259760327112694,"[0.9513812154696133, 0.9541689674213142, 0.9469613259668508, 0.44640883977900553, 0.9541436464088398]",0.2232940407160402,0.0129743274308026,"[0.217657839853378, 0.21746790838157565, 0.2168659454671981, 0.24649176327028677, 0.2179867466077627]",0.5477727320209642,0.019948098364179,"[0.539344399271302, 0.5385683317759749, 0.5373875010150948, 0.5834103126832549, 0.5401531153591944]",0.3497418425148693,0.0805928454244499,"[0.38645825119192423, 0.38716556825247567, 0.38606212660205247, 0.20559515010070553, 0.3834281164271887]",4127.016852699948,32.367674299981445,189.1759646999708,103.17542131749867,4424.216142699996,4457.346004899999,"[{""modelo__n_neighbors"": 300, ""modelo__weights"": ""uniform"", ""modelo__p"": 2}, {""modelo__n_neighbors"": 283, ""modelo__weights"": ""uniform"", ""modelo__p"": 2}, {""modelo__n_neighbors"": 288, ""modelo__weights"": ""uniform"", ""modelo__p"": 2}, {""modelo__n_neighbors"": 232, ""modelo__weights"": ""distance"", ""modelo__p"": 1}, {""modelo__n_neighbors"": 293, ""modelo__weights"": ""distance"", ""modelo__p"": 2}]","[[0.13948160105481106, 0.18190200599104792, 0.18190200599104792, 0.18660088896196414, 0.18660088896196414, 0.18660088896196414, 0.18660088896196414, 0.18660088896196414], [0.1822104170290312, 0.1822104170290312, 0.18696802280670366, 0.18696802280670366, 0.18841709064583456, 0.18841709064583456, 0.18841709064583456, 0.18841709064583456], [0.19360991431272176, 0.19360991431272176, 0.19360991431272176, 0.19360991431272176, 0.19360991431272176, 0.19360991431272176, 0.19360991431272176, 0.19360991431272176], [0.1779555276972704, 0.18722254843882166, 0.18722254843882166, 0.18722254843882166, 0.18722254843882166, 0.18722254843882166, 0.18722254843882166, 0.18722254843882166], [0.14122129792936464, 0.17388346325346346, 0.17388346325346346, 0.18312832665282444, 0.18724926796246588, 0.18724926796246588, 0.19039607816409834, 0.19039607816409834]]","[[], [], [], [], []]",4457.351669800002,completada,
knn,smote,deap,8.0,5.0,3.0,1.0,False,42.0,4,False,40.0,125.0,0.6269097742204167,0.0117851420047054,"[0.6244992946817909, 0.6122079266706615, 0.6274426711724452, 0.6253030044500929, 0.6450959741270933]",0.1818613780959788,0.0092765878505332,"[0.18629855575895107, 0.16738840050458226, 0.18294540022087316, 0.1802618066970073, 0.19241272729848047]",0.610499798577113,0.2113946172433423,"[0.7189505473763684, 0.7133241066935078, 0.23293273768325679, 0.6895879207297892, 0.6977036804026423]",0.1634828602641397,0.022934156097501,"[0.1741476575913662, 0.16947520462205104, 0.12324889308267402, 0.16990701606086223, 0.18063552996374493]",0.5262553883419618,0.2327181413095594,"[0.39226519337016574, 0.3887355052457206, 0.938121546961326, 0.44419889502762433, 0.46795580110497237]",0.2403157558765879,0.0155437314885848,"[0.24120944453881435, 0.23604358759430008, 0.21787386925001603, 0.2457963925405075, 0.26065548545930145]",0.5737918442089338,0.021120316476942,"[0.5765997935041683, 0.5718970390978336, 0.5402103864892549, 0.5826603278829993, 0.597591674070413]",0.235759090814533,0.0845137587873284,"[0.18804333331000225, 0.19257021114482872, 0.38626359298656493, 0.20543393066661209, 0.20648438596465704]",8110.791556299984,30.72355709999101,452.553665799991,202.7697889074996,8669.640425299993,8703.341066099994,"[{""modelo__n_neighbors"": 58, ""modelo__weights"": ""distance"", ""modelo__p"": 1}, {""modelo__n_neighbors"": 77, ""modelo__weights"": ""distance"", ""modelo__p"": 1}, {""modelo__n_neighbors"": 229, ""modelo__weights"": ""distance"", ""modelo__p"": 2}, {""modelo__n_neighbors"": 229, ""modelo__weights"": ""distance"", ""modelo__p"": 1}, {""modelo__n_neighbors"": 301, ""modelo__weights"": ""uniform"", ""modelo__p"": 1}]","[[0.16161574469805176, 0.16161574469805176, 0.16161574469805176, 0.16582171681067562, 0.16582171681067562, 0.16582171681067562, 0.16582171681067562, 0.16582171681067562], [0.17188942508894545, 0.17188942508894545, 0.17188942508894545, 0.17188942508894545, 0.1737962407407986, 0.1737962407407986, 0.1737962407407986, 0.1737962407407986], [0.19275741448653946, 0.19275741448653946, 0.19275741448653946, 0.19275741448653946, 0.19275741448653946, 0.19275741448653946, 0.19275741448653946, 0.19275741448653946], [0.16563576571536462, 0.16563576571536462, 0.16563576571536462, 0.18720005675670567, 0.18720005675670567, 0.18720005675670567, 0.18720005675670567, 0.18720005675670567], [0.14426362079690588, 0.17419193369895222, 0.17419193369895222, 0.18386090442503225, 0.18386090442503225, 0.18386090442503225, 0.18386090442503225, 0.18386090442503225]]","[[1.0, 0.25, 0.5], [1.0, 0.5, 1.0], [1.0, 1.0, 0.5], [1.0, 0.75, 0.5], [1.0, 0.75, 0.5]]",8703.347873599996,completada,
knn,adasyn,grid,8.0,5.0,3.0,1.0,False,42.0,4,False,40.0,125.0,0.6360393854963531,0.0107446198075459,"[0.6504135408543216, 0.6393125119693147, 0.6212452771120542, 0.6313324193874208, 0.637893178158654]",0.1837310112185738,0.0085364787427154,"[0.19537989504386108, 0.18813870211227024, 0.17392180264756701, 0.17739592041377922, 0.18381873587539174]",0.2152052953711923,0.0023826349325282,"[0.21574178935447338, 0.21294665324609965, 0.21902724469892407, 0.2136520918527839, 0.2146586977036804]",0.1224026950551422,0.0003417360678709,"[0.12224349429199462, 0.12254832792436857, 0.12254343491882655, 0.12189600282985497, 0.12278221531066658]",0.954811144906358,0.0042386779723028,"[0.9524861878453039, 0.9591385974599669, 0.950828729281768, 0.9519337016574586, 0.9596685082872928]",0.2169882055252198,0.0006132952688554,"[0.21667818764532143, 0.2173287456990929, 0.21710609309953324, 0.21611790529946692, 0.21771009588268472]",0.5374792040194014,0.0014857898985878,"[0.5367727729910984, 0.5380712511616483, 0.537901050716294, 0.5353562721989813, 0.5392946730289854]",0.3937799116137089,0.001122283104831,"[0.39492502999700074, 0.39464203628626476, 0.392708159255678, 0.39414801848468756, 0.3924763140449139]",1909.9413237000408,37.57066840000334,61.96678740001517,47.74853309250102,2062.482438900013,2089.6326324999973,"[{""modelo__n_neighbors"": 201, ""modelo__weights"": ""distance""}, {""modelo__n_neighbors"": 201, ""modelo__weights"": ""distance""}, {""modelo__n_neighbors"": 201, ""modelo__weights"": ""distance""}, {""modelo__n_neighbors"": 201, ""modelo__weights"": ""distance""}, {""modelo__n_neighbors"": 201, ""modelo__weights"": ""distance""}]","[[0.14894095462555215, 0.15071913389435465, 0.1601425351996191, 0.16213077313834925, 0.17004801352615342, 0.1719920358532845, 0.17537288100960305, 0.17698684220781416], [0.14846862005872297, 0.15037938670397039, 0.15900700220134376, 0.16111734427293015, 0.1665209967917485, 0.1684540704728754, 0.1754222989933212, 0.17695973466459758], [0.15200200812008935, 0.15466048994854412, 0.1615652010344499, 0.16391822476877185, 0.17130900386927006, 0.173105026742006, 0.1805591297738495, 0.18203810346273228], [0.15034105337298423, 0.15285364485457295, 0.1612432322033275, 0.1639228688211626, 0.16886759515579067, 0.17081682609306878, 0.17702477241331901, 0.1786010904383283], [0.15178504370035617, 0.15446252113855294, 0.16174889726783845, 0.16402030884952923, 0.16974237222395663, 0.1716704311965894, 0.17561166048440255, 0.1771295709772691]]","[[], [], [], [], []]",2089.636367900006,completada,
knn,adasyn,random,8.0,5.0,3.0,1.0,False,42.0,4,False,40.0,125.0,0.6306154923543217,0.015414157625608,"[0.6523521067752913, 0.6248426813068169, 0.6143648174222045, 0.621260147055074, 0.6402577092122218]",0.1813641419043095,0.0100945060306602,"[0.1963750014990666, 0.17581276056412715, 0.17368083154132108, 0.17373655415144884, 0.18721556176558396]",0.5880828819920229,0.2141559265707967,"[0.2051088461054486, 0.6774031202818319, 0.679670295098471, 0.6888329663416168, 0.6893991821327461]",0.1595106823007359,0.0223176057574152,"[0.12116757664846703, 0.16365848712228756, 0.16279547790339158, 0.17210372229192805, 0.17782814753760562]",0.5542049049546814,0.2252856541797105,"[0.956353591160221, 0.44561016013252347, 0.4375690607734807, 0.45469613259668507, 0.4767955801104972]",0.2401043554914536,0.0164697142302584,"[0.2150844930417495, 0.23939483832690597, 0.23730337078651687, 0.24969660194174756, 0.2590424733603482]",0.5733220487500882,0.0245520990060641,"[0.5324582497124593, 0.5764082039569256, 0.5741775574406351, 0.5868084851836816, 0.5967577474567396]",0.2456116905061725,0.0833921386536822,"[0.3947815641140612, 0.20922567186713636, 0.20869596026236106, 0.20711004631471672, 0.2082452099725874]",4916.2574936000165,36.59232460000203,331.3312311999616,122.9064373400004,5320.287136499974,5335.505533899996,"[{""modelo__n_neighbors"": 251, ""modelo__weights"": ""uniform"", ""modelo__p"": 2}, {""modelo__n_neighbors"": 250, ""modelo__weights"": ""uniform"", ""modelo__p"": 1}, {""modelo__n_neighbors"": 260, ""modelo__weights"": ""uniform"", ""modelo__p"": 1}, {""modelo__n_neighbors"": 230, ""modelo__weights"": ""distance"", ""modelo__p"": 1}, {""modelo__n_neighbors"": 263, ""modelo__weights"": ""uniform"", ""modelo__p"": 1}]","[[0.16330503434635738, 0.16330503434635738, 0.16330503434635738, 0.16923528949263542, 0.16923528949263542, 0.1772907464700387, 0.1772907464700387, 0.1772907464700387], [0.13593728207634959, 0.14898522133790162, 0.14898522133790162, 0.14898522133790162, 0.16589415658801762, 0.1788089606656876, 0.1788089606656876, 0.1788089606656876], [0.1643461661526697, 0.17502199196818077, 0.17502199196818077, 0.17725858007355133, 0.17725858007355133, 0.17725858007355133, 0.17725858007355133, 0.183891706159105], [0.1772410579978897, 0.1772410579978897, 0.17978216216082257, 0.17978216216082257, 0.17978216216082257, 0.17978216216082257, 0.17978216216082257, 0.17978216216082257], [0.17188040114277958, 0.17188040114277958, 0.176830960182313, 0.176830960182313, 0.176830960182313, 0.176830960182313, 0.176830960182313, 0.176830960182313]]","[[], [], [], [], []]",5335.5085886000015,completada,
knn,adasyn,optuna,8.0,5.0,3.0,1.0,True,42.0,4,False,40.0,69.0,0.6314249799431243,0.0148920790875698,"[0.6522417978317938, 0.6270102617087585, 0.6156095296119337, 0.621540881428266, 0.6407224291348697]",0.1827765901528317,0.0116042499342151,"[0.201319086999162, 0.17771945843798476, 0.17418407617366408, 0.1738712791084257, 0.1867890500449223]",0.5884099030367691,0.2181904476663497,"[0.19812507864602996, 0.6853296426774032, 0.682124205625118, 0.6881409248191255, 0.6883296634161686]",0.1598586396341537,0.0225896786422034,"[0.12070759625390219, 0.1655837350660239, 0.1632737847943498, 0.1722557800458238, 0.17747230201066885]",0.5533219643004232,0.2287689735626076,"[0.9613259668508287, 0.43622308117062397, 0.43425414364640885, 0.4569060773480663, 0.47790055248618785]",0.2401734815527205,0.0167062189305834,"[0.21448382126348228, 0.24004861744150713, 0.23731884057971014, 0.2501890788080472, 0.2588270496708558]",0.5731219548544612,0.025355610458676,"[0.530684284192242, 0.5767909868046943, 0.574117769827891, 0.5873809761962199, 0.5966357572512586]",0.2456376077090661,0.082979691162411,"[0.39406821581868773, 0.2085764249683761, 0.20957445781680625, 0.20718711544801216, 0.2087818244934485]",3160.850050499983,38.635327800002415,335.4614787999599,79.02125126249958,3573.141707899951,3590.3464165999903,"[{""modelo__n_neighbors"": 300, ""modelo__weights"": ""uniform"", ""modelo__p"": 2}, {""modelo__n_neighbors"": 283, ""modelo__weights"": ""distance"", ""modelo__p"": 1}, {""modelo__n_neighbors"": 279, ""modelo__weights"": ""uniform"", ""modelo__p"": 1}, {""modelo__n_neighbors"": 232, ""modelo__weights"": ""distance"", ""modelo__p"": 1}, {""modelo__n_neighbors"": 273, ""modelo__weights"": ""uniform"", ""modelo__p"": 1}]","[[0.1368524250529045, 0.17461087522671645, 0.17461087522671645, 0.17883304535753056, 0.17883304535753056, 0.17883304535753056, 0.17883304535753056, 0.17883304535753056], [0.1740330753623578, 0.1740330753623578, 0.1740330753623578, 0.1740330753623578, 0.18151251696886592, 0.18151251696886592, 0.18151251696886592, 0.18151251696886592], [0.18406253688306307, 0.18406253688306307, 0.18406253688306307, 0.18406253688306307, 0.1848281769151167, 0.1848281769151167, 0.1848281769151167, 0.1848281769151167], [0.17050111253470343, 0.17979662949834888, 0.17979662949834888, 0.17979662949834888, 0.17979662949834888, 0.17979662949834888, 0.17979662949834888, 0.17979662949834888], [0.13893879749589474, 0.1688796576979191, 0.1688796576979191, 0.17729996809999782, 0.17729996809999782, 0.17729996809999782, 0.17729996809999782, 0.17729996809999782]]","[[], [], [], [], []]",3590.3517938999867,completada,
knn,adasyn,deap,8.0,5.0,3.0,1.0,False,42.0,4,False,40.0,125.0,0.6230151311582115,0.0123659677522062,"[0.6201595282292042, 0.6082663100717484, 0.6227761381517546, 0.6212894090143309, 0.6425842703240193]",0.1743779734184539,0.0095094342714484,"[0.17633292152897626, 0.1609145843743101, 0.17320358314367496, 0.17383366474211162, 0.18760511330319657]",0.602031201162301,0.2174283453182448,"[0.7127217818044546, 0.7104932058379466, 0.21374189894922294, 0.68902170493866, 0.6841774142812205]",0.1620692853470985,0.0228226568909885,"[0.17438563327032136, 0.16590854680392628, 0.12181483578708947, 0.17234888098724116, 0.1758885298869144]",0.5355378274571296,0.2353553634353528,"[0.40773480662983425, 0.3826615129762562, 0.950828729281768, 0.4552486187845304, 0.48121546961325967]",0.239873753732592,0.0164326276989622,"[0.2442899702085402, 0.23146292585170342, 0.2159618521771866, 0.2500379305113033, 0.2576160899142266]",0.5730581571402574,0.0236786752150623,"[0.5798259378221594, 0.5676530852066229, 0.5349187316081495, 0.5871557257926912, 0.5957373052716636]",0.2385782408439293,0.0865327759515149,"[0.1901875770447315, 0.19297653366358772, 0.392603809866498, 0.20703768833741906, 0.21008559530741028]",6321.034451900021,38.42681440000888,332.814848399983,158.0258612975005,6730.710880800005,6747.918010900001,"[{""modelo__n_neighbors"": 58, ""modelo__weights"": ""distance"", ""modelo__p"": 1}, {""modelo__n_neighbors"": 77, ""modelo__weights"": ""distance"", ""modelo__p"": 1}, {""modelo__n_neighbors"": 229, ""modelo__weights"": ""distance"", ""modelo__p"": 2}, {""modelo__n_neighbors"": 229, ""modelo__weights"": ""distance"", ""modelo__p"": 1}, {""modelo__n_neighbors"": 301, ""modelo__weights"": ""uniform"", ""modelo__p"": 1}]","[[0.1574653817627714, 0.1574653817627714, 0.1574653817627714, 0.16081869335846607, 0.16081869335846607, 0.16081869335846607, 0.16081869335846607, 0.16081869335846607], [0.16386207757513693, 0.16386207757513693, 0.16386207757513693, 0.16386207757513693, 0.16628659944372545, 0.16628659944372545, 0.16628659944372545, 0.16628659944372545], [0.18308278240270304, 0.18308278240270304, 0.18308278240270304, 0.18308278240270304, 0.18308278240270304, 0.18308278240270304, 0.18308278240270304, 0.18308278240270304], [0.15823038200269166, 0.15823038200269166, 0.15823038200269166, 0.179798717652467, 0.179798717652467, 0.179798717652467, 0.179798717652467, 0.179798717652467], [0.14195084344320977, 0.16903394674734273, 0.16903394674734273, 0.17814024132717743, 0.17814024132717743, 0.17814024132717743, 0.17814024132717743, 0.17814024132717743]]","[[1.0, 0.25, 0.5], [1.0, 0.5, 1.0], [1.0, 1.0, 0.5], [1.0, 0.75, 0.5], [1.0, 0.75, 0.5]]",6747.92397449998,completada,
knn,class_weight,grid,,,,,,,4,,,,,,,,,,,,,,,,,,,,,,,,,,,,,,,,,,,,,,no aplicable,'knn' no tiene equivalente de class_weight: su predicción es un voto de vecinos sin ponderación de clase.
knn,class_weight,random,,,,,,,4,,,,,,,,,,,,,,,,,,,,,,,,,,,,,,,,,,,,,,no aplicable,'knn' no tiene equivalente de class_weight: su predicción es un voto de vecinos sin ponderación de clase.
knn,class_weight,optuna,,,,,,,4,,,,,,,,,,,,,,,,,,,,,,,,,,,,,,,,,,,,,,no aplicable,'knn' no tiene equivalente de class_weight: su predicción es un voto de vecinos sin ponderación de clase.
knn,class_weight,deap,,,,,,,4,,,,,,,,,,,,,,,,,,,,,,,,,,,,,,,,,,,,,,no aplicable,'knn' no tiene equivalente de class_weight: su predicción es un voto de vecinos sin ponderación de clase.
random_forest,smote,grid,8.0,5.0,3.0,1.0,False,42.0,4,False,40.0,125.0,0.6631880291968889,0.0081282494765723,"[0.6759931727707943, 0.6595538996002617, 0.6538562814066409, 0.6632493719073423, 0.6632874202994055]",0.2132520321639433,0.0142531316503079,"[0.23495078001006253, 0.20509914432614823, 0.1977988961313536, 0.21004132478809362, 0.21837001556405877]",0.8795565593063343,0.0020100846332345,"[0.8805209513023783, 0.8788374433819829, 0.8779336814949978, 0.8778861277131174, 0.8826045926391947]",0.350146845770601,0.0413749672757672,"[0.3957845433255269, 0.3186119873817035, 0.3153409090909091, 0.32625994694960214, 0.39473684210526316]",0.0672866552162811,0.0152888075682004,"[0.09337016574585635, 0.05577029265599116, 0.06132596685082873, 0.06795580110497237, 0.058011049723756904]",0.1124683305257293,0.0224918729202037,"[0.1510952168082253, 0.09492481203007519, 0.1026827012025902, 0.11248285322359397, 0.10115606936416185]",0.525620235351686,0.0068764260126375,"[0.5375257531370577, 0.5202174146986026, 0.5221065678889519, 0.5249612161364408, 0.5232902248973772]",0.1075839379511216,0.0016365979802357,"[0.11016951943638481, 0.10656312429021875, 0.10780903326321768, 0.10750572136539177, 0.10587229140039511]",5575.813245399972,660.4589003000292,4.373295399942435,139.39533113499928,6299.269435399969,6316.461907899997,"[{""modelo__max_depth"": 16, ""modelo__max_features"": 0.3, ""modelo__min_samples_leaf"": 25}, {""modelo__max_depth"": 16, ""modelo__max_features"": 0.3, ""modelo__min_samples_leaf"": 5}, {""modelo__max_depth"": 16, ""modelo__max_features"": 0.3, ""modelo__min_samples_leaf"": 5}, {""modelo__max_depth"": 16, ""modelo__max_features"": 0.3, ""modelo__min_samples_leaf"": 5}, {""modelo__max_depth"": 16, ""modelo__max_features"": 0.3, ""modelo__min_samples_leaf"": 5}]","[[0.17948087266691867, 0.1804348776445239, 0.19180344896268894, 0.1926194649232523, 0.1926194649232523, 0.1937545640892481, 0.20651963682019311, 0.20731274269583513], [0.1871207786926936, 0.18796960098410795, 0.20221904958673145, 0.20222251636193134, 0.20222251636193134, 0.20376274217283474, 0.2144757572070827, 0.2144757572070827], [0.18808167226705252, 0.18808167226705252, 0.19978520270964553, 0.20144935872924782, 0.20218970920390059, 0.20243244635730195, 0.2145701568892997, 0.2145701568892997], [0.18501301353007057, 0.18545250108122058, 0.1997435614070394, 0.20144928655791025, 0.20144928655791025, 0.20144928655791025, 0.21302191016085473, 0.21302191016085473], [0.18358337574845285, 0.18358337574845285, 0.19616905407453777, 0.19662117809576482, 0.1975389948784244, 0.19974752567001405, 0.20968781778739545, 0.20968781778739545]]","[[], [], [], [], []]",6316.469048600004,completada,
random_forest,smote,random,8.0,5.0,3.0,1.0,False,42.0,4,False,40.0,125.0,0.6601354059405464,0.0068507021343772,"[0.670770797472466, 0.6545242490229021, 0.6541360748804542, 0.6587975139102176, 0.6624483944166927]",0.2166628287136592,0.0154911781903712,"[0.24094118476224216, 0.20712998896144663, 0.20174427366111478, 0.21141012789218355, 0.2220885682913089]",0.8838850531467466,0.0030373368034774,"[0.8862463822826224, 0.8851912430800202, 0.8817718492418045, 0.8865681031770997, 0.8796476879521862]",0.4440283617826766,0.0804483780762641,"[0.503968253968254, 0.43636363636363634, 0.37545126353790614, 0.5454545454545454, 0.3589041095890411]",0.0499418226857967,0.0236271804404783,"[0.07016574585635359, 0.02650469353948095, 0.057458563535911604, 0.023204419889502764, 0.07237569060773481]",0.0875589625935679,0.0379584349446214,"[0.12318137730358875, 0.04997397188964081, 0.09966459032103497, 0.04451510333863275, 0.12045977011494254]",0.5205049302002049,0.009405619059536,"[0.5306452131724255, 0.5110514238020444, 0.5225871245571342, 0.5103597534307294, 0.5278811360386917]",0.1012603377381579,0.0029928650464821,"[0.09978971858498106, 0.09898347225420194, 0.1031830395419865, 0.09877269759618537, 0.10557276071343501]",7625.994714699998,913.8980131000008,4.324585100001059,190.64986786749995,8595.807844400004,8622.5828289,"[{""modelo__n_estimators"": 430, ""modelo__max_depth"": 29, ""modelo__min_samples_leaf"": 15, ""modelo__max_features"": 0.5685773552127906}, {""modelo__n_estimators"": 397, ""modelo__max_depth"": 26, ""modelo__min_samples_leaf"": 1, ""modelo__max_features"": 0.3504135359848732}, {""modelo__n_estimators"": 470, ""modelo__max_depth"": 19, ""modelo__min_samples_leaf"": 11, ""modelo__max_features"": 0.47000763189105926}, {""modelo__n_estimators"": 301, ""modelo__max_depth"": 28, ""modelo__min_samples_leaf"": 1, ""modelo__max_features"": 0.19991336575525076}, {""modelo__n_estimators"": 210, ""modelo__max_depth"": 15, ""modelo__min_samples_leaf"": 4, ""modelo__max_features"": 0.44293472259285627}]","[[0.19151084881537161, 0.20785190774110693, 0.2087699035191671, 0.2087699035191671, 0.2087699035191671, 0.2087699035191671, 0.2087699035191671, 0.20925947072223447], [0.1997340335332253, 0.20713118481186057, 0.20713118481186057, 0.2105718226940169, 0.2127439957043377, 0.2127439957043377, 0.2127439957043377, 0.21599068328935456], [0.21657779290589632, 0.21657779290589632, 0.21657779290589632, 0.21657779290589632, 0.21657779290589632, 0.21657779290589632, 0.21657779290589632, 0.21657779290589632], [0.2123795721485655, 0.2123795721485655, 0.2123795721485655, 0.2123795721485655, 0.2123795721485655, 0.2123795721485655, 0.2123795721485655, 0.2123795721485655], [0.20932200824175337, 0.20932200824175337, 0.20932200824175337, 0.20932200824175337, 0.20987814795083928, 0.21007333382616525, 0.21007333382616525, 0.21007333382616525]]","[[], [], [], [], []]",8622.583291899999,completada,
random_forest,smote,optuna,8.0,5.0,3.0,1.0,True,42.0,4,False,40.0,73.0,0.661813148278814,0.0077414659505707,"[0.6750578611990252, 0.6568637955208839, 0.6557246050741794, 0.6603241958354662, 0.6610952837645157]",0.2163232378375458,0.0168387956967979,"[0.24330890827652016, 0.2063389915895919, 0.2000403328403754, 0.2114430574367114, 0.2204848990445304]",0.8834067546512351,0.004642648624262,"[0.8866238832263748, 0.8852541519879215, 0.8752280878374127, 0.8843661528782636, 0.8855614973262033]",0.4284407640627323,0.0799092253814866,"[0.5190476190476191, 0.42528735632183906, 0.30205949656750575, 0.4306930693069307, 0.46511627906976744]",0.0469590684307988,0.0208923835017334,"[0.06022099447513812, 0.020430701270016567, 0.07292817679558011, 0.04806629834254143, 0.03314917127071823]",0.0825535743624833,0.032420986817885,"[0.10792079207920792, 0.03898840885142255, 0.11748998664886515, 0.08648111332007952, 0.06188757091284167]",0.5189353348125395,0.0076942267807139,"[0.526524868154922, 0.508440412757834, 0.5256354297313127, 0.5199507920537698, 0.5141251713648586]",0.1027548140501761,0.0047629235541129,"[0.10154795626154742, 0.0988542679521625, 0.11084625282279041, 0.09982276465732275, 0.10270282855705748]",5401.126512799998,838.473453599996,4.568831399999908,135.02816281999995,6296.239288899997,6313.1209466,"[{""modelo__n_estimators"": 231, ""modelo__max_depth"": 27, ""modelo__min_samples_leaf"": 17, ""modelo__max_features"": 0.347639216755872}, {""modelo__n_estimators"": 456, ""modelo__max_depth"": 26, ""modelo__min_samples_leaf"": 1, ""modelo__max_features"": 0.28297888920971037}, {""modelo__n_estimators"": 146, ""modelo__max_depth"": 20, ""modelo__min_samples_leaf"": 47, ""modelo__max_features"": 0.40755633159815385}, {""modelo__n_estimators"": 414, ""modelo__max_depth"": 21, ""modelo__min_samples_leaf"": 2, ""modelo__max_features"": 0.46694172555739966}, {""modelo__n_estimators"": 383, ""modelo__max_depth"": 25, ""modelo__min_samples_leaf"": 15, ""modelo__max_features"": 0.2780297839534915}]","[[0.20576454366210786, 0.21025420916725782, 0.21025420916725782, 0.21025420916725782, 0.21025420916725782, 0.21025420916725782, 0.21025420916725782, 0.21025420916725782], [0.19583874030634862, 0.21659298558310924, 0.21659298558310924, 0.21659298558310924, 0.21659298558310924, 0.21659298558310924, 0.21659298558310924, 0.21743039458215083], [0.20661406925597584, 0.20781404833723602, 0.2139175457970239, 0.2139175457970239, 0.2139175457970239, 0.2139175457970239, 0.2139175457970239, 0.2139175457970239], [0.2141104922966268, 0.2141104922966268, 0.2141104922966268, 0.2141104922966268, 0.2141104922966268, 0.2141104922966268, 0.2141104922966268, 0.2141104922966268], [0.20845102405120286, 0.21244270650711805, 0.21244270650711805, 0.21244270650711805, 0.21244270650711805, 0.21244270650711805, 0.21244270650711805, 0.21244270650711805]]","[[], [], [], [], []]",6313.121095499999,completada,
random_forest,smote,deap,8.0,5.0,3.0,1.0,False,42.0,4,False,40.0,125.0,0.6617763062690549,0.0119274369283204,"[0.6828619835838953, 0.6576999274931506, 0.6533566782253436, 0.6576411565926684, 0.6573217854502165]",0.2163930593028296,0.0185380106689253,"[0.24703407779573378, 0.2055713651985423, 0.202477003957712, 0.20610761977933806, 0.22077522978282219]",0.8810792667772803,0.0055120943881216,"[0.8873788851138794, 0.8751887267237041, 0.8812684829799283, 0.8759358288770054, 0.8856244101918842]",0.4110633761258588,0.1172201235584435,"[0.5961538461538461, 0.31634819532908703, 0.3712374581939799, 0.31919642857142855, 0.4523809523809524]",0.0555710193385419,0.0271355113919287,"[0.03425414364640884, 0.08227498619547212, 0.06132596685082873, 0.07900552486187845, 0.020994475138121547]",0.0934847257412864,0.0396442963125703,"[0.06478578892371996, 0.13058720420683612, 0.10526315789473684, 0.1266607617360496, 0.04012671594508976]",0.5213742233294475,0.0089303225120242,"[0.515636018145272, 0.5297068931687335, 0.5239882692309956, 0.528675641380176, 0.5088642947220604]",0.10469236157432,0.0044061199067432,"[0.10072825248592329, 0.10788275109321244, 0.10328140600611915, 0.11065222551903024, 0.10091717276731497]",9020.539637699992,745.3384517999948,3.758085799992841,225.5134909424998,9830.973318099996,9863.862300499995,"[{""modelo__n_estimators"": 447, ""modelo__max_depth"": 25, ""modelo__min_samples_leaf"": 9, ""modelo__max_features"": 0.19666666666666666}, {""modelo__n_estimators"": 367, ""modelo__max_depth"": 14, ""modelo__min_samples_leaf"": 2, ""modelo__max_features"": 0.5266666666666666}, {""modelo__n_estimators"": 340, ""modelo__max_depth"": 18, ""modelo__min_samples_leaf"": 9, ""modelo__max_features"": 0.48999999999999994}, {""modelo__n_estimators"": 420, ""modelo__max_depth"": 21, ""modelo__min_samples_leaf"": 54, ""modelo__max_features"": 0.48999999999999994}, {""modelo__n_estimators"": 127, ""modelo__max_depth"": 30, ""modelo__min_samples_leaf"": 9, ""modelo__max_features"": 0.23333333333333328}]","[[0.19039672134455732, 0.19039672134455732, 0.20005214465906765, 0.20871929195052372, 0.20871929195052372, 0.20871929195052372, 0.20871929195052372, 0.20871929195052372], [0.19292517162378311, 0.21477811699110524, 0.21477811699110524, 0.21477811699110524, 0.21477811699110524, 0.21490321087039052, 0.21490321087039052, 0.21490321087039052], [0.2143668346282853, 0.2143668346282853, 0.21657433067786278, 0.21657433067786278, 0.21657433067786278, 0.21657433067786278, 0.21657433067786278, 0.21657433067786278], [0.20907219444870304, 0.20907219444870304, 0.20907219444870304, 0.21138793649274826, 0.21138793649274826, 0.21138793649274826, 0.21138793649274826, 0.21138793649274826], [0.2107430690851367, 0.2107430690851367, 0.21102981168421805, 0.21102981168421805, 0.21102981168421805, 0.21102981168421805, 0.21102981168421805, 0.21102981168421805]]","[[1.0, 1.0, 1.0], [1.0, 1.0, 0.5], [1.0, 0.75, 0.5], [1.0, 0.75, 0.5], [1.0, 0.75, 1.0]]",9863.862706600004,completada,
random_forest,adasyn,grid,8.0,5.0,3.0,1.0,False,42.0,4,False,40.0,125.0,0.6619751720906399,0.0082769357952148,"[0.6751615798500238, 0.6597980981212317, 0.6524637478751663, 0.662608354563944, 0.6598440800428338]",0.2133972796216918,0.0149105327772478,"[0.2356640257662817, 0.2044289457907204, 0.19696306040158826, 0.21060303043074782, 0.219327335719121]",0.8835705181039188,0.0020705081742097,"[0.8864980495784572, 0.8821087065928536, 0.8812684829799283, 0.8833595470273671, 0.8846178043409877]",0.4065912582355028,0.0719953972037454,"[0.5163043478260869, 0.35071090047393366, 0.33476394849785407, 0.4043478260869565, 0.4268292682926829]",0.045299352331211,0.0062668540078742,"[0.052486187845303865, 0.040861402540033134, 0.0430939226519337, 0.05138121546961326, 0.03867403314917127]",0.0813874934353632,0.0110784426748192,"[0.09528585757271815, 0.07319485657764589, 0.0763582966226138, 0.09117647058823529, 0.07092198581560284]",0.518304427095085,0.0034320356529592,"[0.523083480176557, 0.515567371486559, 0.516043872495462, 0.520827277951349, 0.5160001333654979]",0.106077483414773,0.0007593602535163,"[0.10523662411239766, 0.1062372111147793, 0.10712706729535595, 0.10634295151117586, 0.10544356304015633]",5120.155508999999,568.6693244999988,3.85678519999874,128.00388772499997,5757.422314400002,5785.4640543,"[{""modelo__max_depth"": 16, ""modelo__max_features"": 0.3, ""modelo__min_samples_leaf"": 5}, {""modelo__max_depth"": 16, ""modelo__max_features"": 0.3, ""modelo__min_samples_leaf"": 5}, {""modelo__max_depth"": 16, ""modelo__max_features"": 0.3, ""modelo__min_samples_leaf"": 5}, {""modelo__max_depth"": 16, ""modelo__max_features"": 0.3, ""modelo__min_samples_leaf"": 5}, {""modelo__max_depth"": 16, ""modelo__max_features"": 0.3, ""modelo__min_samples_leaf"": 5}]","[[0.1771759941659771, 0.1771759941659771, 0.19226000727542591, 0.19276694256803653, 0.19276694256803653, 0.19276694256803653, 0.20853869860891935, 0.20853869860891935], [0.18194016648226938, 0.18201222270847484, 0.19908634509079778, 0.19933508453835844, 0.19933508453835844, 0.2003172380951024, 0.21512926116331835, 0.21512926116331835], [0.18223089698233705, 0.18223089698233705, 0.20051840248672922, 0.20062627246729794, 0.20062627246729794, 0.20071949427700805, 0.2145782335491434, 0.2145782335491434], [0.1810773220530256, 0.1810773220530256, 0.1982847340345337, 0.1982847340345337, 0.1982847340345337, 0.1982847340345337, 0.21191652376521156, 0.21191652376521156], [0.17699820276343048, 0.1773894115835918, 0.19392098583767592, 0.19451406220372425, 0.19451406220372425, 0.19610553311289566, 0.2086562009512948, 0.2086562009512948]]","[[], [], [], [], []]",5785.464778099999,completada,
random_forest,adasyn,random,8.0,5.0,3.0,1.0,False,42.0,4,False,40.0,125.0,0.659358056269047,0.0087664727862539,"[0.6744918021468662, 0.6528731157579004, 0.6546413665157198, 0.6556113337138172, 0.6591726632109313]",0.215895154932442,0.0155915087403673,"[0.24113453097381776, 0.20553826936913955, 0.20287424515470837, 0.20963461013752208, 0.22029411902702267]",0.8847155338506931,0.0022797064103601,"[0.8868126336982509, 0.8855686965274283, 0.8829044233310263, 0.8865681031770997, 0.8817238125196603]",0.4577971708149908,0.081950117924031,"[0.5282051282051282, 0.45, 0.37438423645320196, 0.5538461538461539, 0.3825503355704698]",0.0403292951911431,0.0201666376224072,"[0.0569060773480663, 0.019878520154610713, 0.041988950276243095, 0.019889502762430938, 0.06298342541436464]",0.0725773635481857,0.0337014446823692,"[0.10274314214463841, 0.03807509254362771, 0.07550919026328863, 0.0384, 0.10815939278937381]",0.5167849914495651,0.0082178646226649,"[0.5251869210938003, 0.5083773147453919, 0.5164854926769982, 0.5089152874124544, 0.5249599413191809]",0.1009922551126905,0.0027879233324572,"[0.09958202074285999, 0.09897230821916549, 0.10255734739730303, 0.09869739140883217, 0.10515220779529212]",7661.634367799999,877.0377966000015,4.472526599998673,191.540859195,8596.9301566,8626.8109027,"[{""modelo__n_estimators"": 430, ""modelo__max_depth"": 29, ""modelo__min_samples_leaf"": 15, ""modelo__max_features"": 0.5685773552127906}, {""modelo__n_estimators"": 397, ""modelo__max_depth"": 26, ""modelo__min_samples_leaf"": 1, ""modelo__max_features"": 0.3504135359848732}, {""modelo__n_estimators"": 470, ""modelo__max_depth"": 19, ""modelo__min_samples_leaf"": 11, ""modelo__max_features"": 0.47000763189105926}, {""modelo__n_estimators"": 301, ""modelo__max_depth"": 28, ""modelo__min_samples_leaf"": 1, ""modelo__max_features"": 0.19991336575525076}, {""modelo__n_estimators"": 210, ""modelo__max_depth"": 15, ""modelo__min_samples_leaf"": 4, ""modelo__max_features"": 0.44293472259285627}]","[[0.19196885181070825, 0.20627042184944, 0.21066105185327702, 0.21066105185327702, 0.21066105185327702, 0.21066105185327702, 0.21066105185327702, 0.21118707380642188], [0.19617461261338978, 0.20881065629682305, 0.20881065629682305, 0.20881065629682305, 0.2096737984435857, 0.2096737984435857, 0.21160580884703553, 0.2153611019890852], [0.21643831794658416, 0.21643831794658416, 0.21643831794658416, 0.21643831794658416, 0.21643831794658416, 0.21643831794658416, 0.21643831794658416, 0.21643831794658416], [0.2126789640803128, 0.2126789640803128, 0.2126789640803128, 0.2126789640803128, 0.2126789640803128, 0.2126789640803128, 0.2126789640803128, 0.2126789640803128], [0.20848322697743224, 0.20848322697743224, 0.20848322697743224, 0.20848322697743224, 0.2090802681771287, 0.21074599647349967, 0.21074599647349967, 0.21074599647349967]]","[[], [], [], [], []]",8626.811523100001,completada,
random_forest,adasyn,optuna,8.0,5.0,3.0,1.0,True,42.0,4,False,40.0,77.0,0.6628987523393894,0.0099546869709402,"[0.6796095173238391, 0.6618721978082507, 0.654188761733417, 0.6622308517544427, 0.6565924330769971]",0.2161494573711007,0.0171042492004749,"[0.2435791963457793, 0.20927758381517705, 0.1972988092369144, 0.21266869190508858, 0.21792300555254443]",0.8839982464243976,0.0030387228766752,"[0.8868126336982509, 0.8840588827377956, 0.8789404140187503, 0.8843661528782636, 0.8858131487889274]",0.4222051428607866,0.0879835905486101,"[0.544, 0.35964912280701755, 0.32407407407407407, 0.41139240506329117, 0.47191011235955055]",0.035467111665665,0.0143854791463651,"[0.03756906077348066, 0.02263942573163998, 0.058011049723756904, 0.03591160220994475, 0.023204419889502764]",0.0643158212101746,0.0227805929515358,"[0.0702842377260982, 0.0425974025974026, 0.09840674789128398, 0.06605691056910569, 0.044233807266982623]",0.5142615277996516,0.0051066103321291,"[0.5167609575381178, 0.5087283035651455, 0.5212301929013586, 0.5146544166534281, 0.5099337683402075]",0.1026607199819324,0.0044495713492004,"[0.1001317305890305, 0.10094586933851246, 0.11028566499941878, 0.09923775317581586, 0.10270258180688452]",5872.123772399995,710.1765300000006,4.499645100000635,146.80309430999986,6662.692277999999,6695.8786693,"[{""modelo__n_estimators"": 356, ""modelo__max_depth"": 19, ""modelo__min_samples_leaf"": 6, ""modelo__max_features"": 0.3192826777551862}, {""modelo__n_estimators"": 244, ""modelo__max_depth"": 20, ""modelo__min_samples_leaf"": 4, ""modelo__max_features"": 0.27498993542349426}, {""modelo__n_estimators"": 146, ""modelo__max_depth"": 20, ""modelo__min_samples_leaf"": 47, ""modelo__max_features"": 0.40755633159815385}, {""modelo__n_estimators"": 414, ""modelo__max_depth"": 21, ""modelo__min_samples_leaf"": 2, ""modelo__max_features"": 0.46694172555739966}, {""modelo__n_estimators"": 383, ""modelo__max_depth"": 25, ""modelo__min_samples_leaf"": 15, ""modelo__max_features"": 0.2780297839534915}]","[[0.20562439833477075, 0.21043454020869104, 0.21043454020869104, 0.21043454020869104, 0.21043454020869104, 0.21043454020869104, 0.21043454020869104, 0.2111979534959081], [0.1905903649838818, 0.21736709049198974, 0.21736709049198974, 0.21736709049198974, 0.21736709049198974, 0.21736709049198974, 0.21736709049198974, 0.21736709049198974], [0.2030834055062213, 0.2052406984284204, 0.21213342788678244, 0.21213342788678244, 0.21213342788678244, 0.21213342788678244, 0.21213342788678244, 0.21213342788678244], [0.21484158064047323, 0.21484158064047323, 0.21484158064047323, 0.21484158064047323, 0.21484158064047323, 0.21484158064047323, 0.21484158064047323, 0.21484158064047323], [0.20757114554121206, 0.21035148399114723, 0.21035148399114723, 0.21035148399114723, 0.21035148399114723, 0.21035148399114723, 0.21035148399114723, 0.21035148399114723]]","[[], [], [], [], []]",6695.878822999999,completada,
random_forest,adasyn,deap,8.0,5.0,3.0,1.0,False,42.0,4,False,40.0,125.0,0.6610669304350314,0.011715907127716,"[0.6819939086867901, 0.655429888777747, 0.6550119790994432, 0.6565726243780363, 0.6563262512331405]",0.2146006625907016,0.01689759475696,"[0.24309527155122979, 0.20595627798270172, 0.20216873203739882, 0.204834359985257, 0.21694867139692064]",0.8824130108278823,0.0033832259040185,"[0.8871272178180446, 0.8780196275792652, 0.8824639778518845, 0.8807801195344448, 0.8836741113557722]",0.4238254698266377,0.1208858750982484,"[0.6333333333333333, 0.3324607329842932, 0.37280701754385964, 0.36421725239616615, 0.41630901287553645]",0.0509314776793749,0.0189260252163696,"[0.020994475138121547, 0.07012700165654334, 0.04696132596685083, 0.06298342541436464, 0.05359116022099448]",0.0884466974994126,0.0294174577770274,"[0.040641711229946524, 0.11582307341541268, 0.08341511285574092, 0.10739519547809703, 0.09495839451786588]",0.5201052711774283,0.0064780349245146,"[0.5097162094520485, 0.5260113176546828, 0.5184036197397983, 0.5244274599560286, 0.5219677490845831]",0.1046377238570501,0.0035749011949525,"[0.10074366999841845, 0.10670834000612776, 0.10264850275443747, 0.10974119130518552, 0.10334691522108147]",8124.3273276,777.8523304000009,3.6358770999977423,203.10818319,8951.8771475,8974.163508499998,"[{""modelo__n_estimators"": 447, ""modelo__max_depth"": 25, ""modelo__min_samples_leaf"": 9, ""modelo__max_features"": 0.19666666666666666}, {""modelo__n_estimators"": 367, ""modelo__max_depth"": 14, ""modelo__min_samples_leaf"": 2, ""modelo__max_features"": 0.6}, {""modelo__n_estimators"": 393, ""modelo__max_depth"": 18, ""modelo__min_samples_leaf"": 9, ""modelo__max_features"": 0.48999999999999994}, {""modelo__n_estimators"": 420, ""modelo__max_depth"": 21, ""modelo__min_samples_leaf"": 54, ""modelo__max_features"": 0.48999999999999994}, {""modelo__n_estimators"": 127, ""modelo__max_depth"": 18, ""modelo__min_samples_leaf"": 16, ""modelo__max_features"": 0.48999999999999994}]","[[0.1895321484348669, 0.1895321484348669, 0.19872040051083348, 0.2096099175763887, 0.2096099175763887, 0.2096099175763887, 0.2096099175763887, 0.2096099175763887], [0.18711098393876135, 0.21545370360427074, 0.21545370360427074, 0.21545370360427074, 0.21545370360427074, 0.21545370360427074, 0.21545370360427074, 0.21545370360427074], [0.21378206915212297, 0.21378206915212297, 0.21584248551899887, 0.21584248551899887, 0.21584248551899887, 0.21584248551899887, 0.2159506297454842, 0.2159506297454842], [0.2092228760901125, 0.2092228760901125, 0.2092228760901125, 0.21024675703437332, 0.21024675703437332, 0.21024675703437332, 0.21024675703437332, 0.21024675703437332], [0.20843574197066686, 0.20843574197066686, 0.20902100231170548, 0.20902100231170548, 0.20902100231170548, 0.2099580574255562, 0.2099580574255562, 0.2099580574255562]]","[[1.0, 1.0, 1.0], [1.0, 1.0, 0.5], [1.0, 0.75, 1.0], [1.0, 0.75, 0.5], [1.0, 0.75, 0.5]]",8974.175244600003,completada,
random_forest,class_weight,grid,8.0,5.0,3.0,1.0,False,42.0,4,False,40.0,125.0,0.6702028453531234,0.0075993592171343,"[0.6803329588373469, 0.6675583499801141, 0.6594479924269023, 0.6722720185456492, 0.671402906975604]",0.2216004101086892,0.0128550909841965,"[0.2416694015157012, 0.2156760060006804, 0.20850038670476606, 0.21602865756170067, 0.22612759876059774]",0.6734982713197518,0.0184426276650931,"[0.6747829369573424, 0.6826245596376447, 0.641477379978607, 0.68719723183391, 0.6814092481912551]",0.1860932521660703,0.0053157479569024,"[0.18880859736890865, 0.18723404255319148, 0.17718365991364995, 0.1910902696365768, 0.1861496913580247]",0.552095634108319,0.024106061799825,"[0.5629834254143646, 0.5345113197128658, 0.5895027624309392, 0.5403314917127072, 0.5331491712707183]",0.2781720168284914,0.0043787346762292,"[0.2827806299431109, 0.27732416559232204, 0.27247191011235955, 0.2823325635103926, 0.2759508149842722]",0.6205986545800033,0.0038886670183791,"[0.626067117421752, 0.6180898806587048, 0.6188300576338464, 0.6232008896263217, 0.6168053275593918]",0.2097688430934049,0.0065125280989355,"[0.20762606437634193, 0.20668576472222408, 0.22135026010261494, 0.20737509922547148, 0.20580702704037204]",2135.298781999998,200.33321679999423,3.5286513999926683,53.38246954999995,2401.106763,2428.900992400002,"[{""modelo__max_depth"": 16, ""modelo__max_features"": 0.3, ""modelo__min_samples_leaf"": 25}, {""modelo__max_depth"": 16, ""modelo__max_features"": 0.3, ""modelo__min_samples_leaf"": 25}, {""modelo__max_depth"": 8, ""modelo__max_features"": 0.3, ""modelo__min_samples_leaf"": 5}, {""modelo__max_depth"": 16, ""modelo__max_features"": 0.3, ""modelo__min_samples_leaf"": 25}, {""modelo__max_depth"": 16, ""modelo__max_features"": 0.3, ""modelo__min_samples_leaf"": 25}]","[[0.2033408467725469, 0.2033408467725469, 0.21308263215459813, 0.21432826729041424, 0.21432826729041424, 0.21432826729041424, 0.21432826729041424, 0.21529302725365715], [0.21258801330037902, 0.21258801330037902, 0.2217228918168904, 0.2223523116637498, 0.2223523116637498, 0.2223523116637498, 0.2223523116637498, 0.22253864797005338], [0.21216715463248673, 0.21216715463248673, 0.221218049684153, 0.221218049684153, 0.221218049684153, 0.221218049684153, 0.221218049684153, 0.221218049684153], [0.2119797364141376, 0.2119797364141376, 0.22175096423715432, 0.22175096423715432, 0.22175096423715432, 0.22175096423715432, 0.22175096423715432, 0.2227100607342376], [0.20636247288040122, 0.20636247288040122, 0.2174128401092329, 0.21797567384202518, 0.21797567384202518, 0.21797567384202518, 0.21797567384202518, 0.2199618599914017]]","[[], [], [], [], []]",2428.9013213,completada,
random_forest,class_weight,random,8.0,5.0,3.0,1.0,False,42.0,4,False,40.0,125.0,0.6688792604877537,0.0072283212495007,"[0.6796251300405931, 0.6628459732236263, 0.6618063469807844, 0.6715271722395793, 0.668591679954185]",0.2207526595741044,0.0121257332618193,"[0.2399127160493863, 0.2124613777961273, 0.21089563790085403, 0.2150214690747845, 0.2254720970493699]",0.6843354411657069,0.0476663610924033,"[0.7386435132754499, 0.6306618017111223, 0.7256024664946832, 0.6817867253853414, 0.6449826989619377]",0.1888352007180177,0.0146935193147046,"[0.21076011846001974, 0.17447081462475947, 0.19463729949724684, 0.18733153638814015, 0.17697623461992246]",0.5278894173421479,0.0660922233517583,"[0.4718232044198895, 0.6007730535615682, 0.44917127071823204, 0.5375690607734807, 0.580110497237569]",0.2764843701231747,0.0088318996756336,"[0.2913681337427499, 0.27041133341617996, 0.27158844162351764, 0.277841233580811, 0.2712127082526153]",0.616165476826612,0.0065214694230792,"[0.6223785150188059, 0.6176389229469184, 0.6051508558377072, 0.618944274795686, 0.6167148155339425]",0.2055849706841346,0.0179049443561673,"[0.18349709162420336, 0.2237913350503048, 0.190896422843794, 0.20875342709789974, 0.22098657680447117]",3169.5137953999947,211.5817180999948,3.272096100008639,79.23784488499987,3441.3667776999937,3469.6185325000006,"[{""modelo__n_estimators"": 105, ""modelo__max_depth"": 26, ""modelo__min_samples_leaf"": 12, ""modelo__max_features"": 0.3170187002766181}, {""modelo__n_estimators"": 367, ""modelo__max_depth"": 7, ""modelo__min_samples_leaf"": 3, ""modelo__max_features"": 0.2731739003016221}, {""modelo__n_estimators"": 327, ""modelo__max_depth"": 25, ""modelo__min_samples_leaf"": 15, ""modelo__max_features"": 0.2747179257927691}, {""modelo__n_estimators"": 407, ""modelo__max_depth"": 20, ""modelo__min_samples_leaf"": 36, ""modelo__max_features"": 0.3312939316567653}, {""modelo__n_estimators"": 280, ""modelo__max_depth"": 8, ""modelo__min_samples_leaf"": 32, ""modelo__max_features"": 0.4861380209361219}]","[[0.19526056295215685, 0.21451631621070466, 0.21451631621070466, 0.21451631621070466, 0.21451631621070466, 0.21451631621070466, 0.21524761050049226, 0.21524761050049226], [0.22113228449762634, 0.22113228449762634, 0.22113228449762634, 0.22113228449762634, 0.22113228449762634, 0.22113228449762634, 0.22113228449762634, 0.22113228449762634], [0.2213909344677151, 0.2213909344677151, 0.2218411675435179, 0.2218411675435179, 0.2218411675435179, 0.2218411675435179, 0.2218411675435179, 0.2218411675435179], [0.20693316404824272, 0.20996401907215423, 0.22194244170833446, 0.22194244170833446, 0.22194244170833446, 0.22194244170833446, 0.22194244170833446, 0.22194244170833446], [0.21882795217058038, 0.21882795217058038, 0.21882795217058038, 0.21926525567051688, 0.21926525567051688, 0.21926525567051688, 0.21926525567051688, 0.21926525567051688]]","[[], [], [], [], []]",3469.618840000003,completada,
random_forest,class_weight,optuna,8.0,5.0,3.0,1.0,True,42.0,4,False,40.0,87.0,0.6697848199751204,0.0076027373769526,"[0.681179419144172, 0.6665044426371638, 0.6603436296965542, 0.670992455043079, 0.6699041533546325]",0.2227593450344642,0.012782549862433,"[0.24374956470365644, 0.21746788838158998, 0.21128204072644868, 0.21593976137802207, 0.22535746998260425]",0.7091324067345923,0.0308656870214499,"[0.7166855417138542, 0.7438978359335682, 0.6626187629774114, 0.6975778546712803, 0.7248820383768481]",0.1953480481743605,0.009992138554768,"[0.2001781340458695, 0.2061882475299012, 0.17976920302921023, 0.19248922634927149, 0.19811542991755005]",0.4936532729696666,0.0442570877026328,"[0.4966850828729282, 0.43787962451684154, 0.550828729281768, 0.518232044198895, 0.46464088397790054]",0.2790565177886522,0.0052308192361546,"[0.285351531502936, 0.2803606151670497, 0.27107123436650354, 0.2807122549753105, 0.2777869529314616]",0.6152405444130805,0.0046496373559174,"[0.6208219506951974, 0.610562105478158, 0.6139075834152928, 0.6194284111658301, 0.611482671310924]",0.1969800395440824,0.0123117226399043,"[0.19178645166029862, 0.18491626112460158, 0.214863551488825, 0.20420984163702496, 0.18912409180966192]",2033.7243906999863,202.56440520000612,3.0677629000128945,50.84310976749966,2290.6322525,2315.799158200003,"[{""modelo__n_estimators"": 231, ""modelo__max_depth"": 27, ""modelo__min_samples_leaf"": 17, ""modelo__max_features"": 0.347639216755872}, {""modelo__n_estimators"": 491, ""modelo__max_depth"": 30, ""modelo__min_samples_leaf"": 14, ""modelo__max_features"": 0.35042767641704514}, {""modelo__n_estimators"": 137, ""modelo__max_depth"": 10, ""modelo__min_samples_leaf"": 16, ""modelo__max_features"": 0.5286933596593609}, {""modelo__n_estimators"": 117, ""modelo__max_depth"": 14, ""modelo__min_samples_leaf"": 16, ""modelo__max_features"": 0.49142814054034584}, {""modelo__n_estimators"": 383, ""modelo__max_depth"": 25, ""modelo__min_samples_leaf"": 15, ""modelo__max_features"": 0.2780297839534915}]","[[0.19692316581097688, 0.21611272303644927, 0.21611272303644927, 0.21611272303644927, 0.21611272303644927, 0.21611272303644927, 0.21611272303644927, 0.21611272303644927], [0.21928201261562882, 0.21928201261562882, 0.21928201261562882, 0.21928201261562882, 0.21928201261562882, 0.2233605367695786, 0.2233605367695786, 0.2233605367695786], [0.2107280253543495, 0.2107280253543495, 0.21994252139182138, 0.21994252139182138, 0.22204091199150444, 0.22204091199150444, 0.22204091199150444, 0.22204091199150444], [0.2089886351891289, 0.2089886351891289, 0.21884724012987578, 0.21884724012987578, 0.22068868476863723, 0.2228560579934656, 0.2228560579934656, 0.2228560579934656], [0.21831865585157892, 0.22066531518761276, 0.22066531518761276, 0.22066531518761276, 0.22066531518761276, 0.22066531518761276, 0.22066531518761276, 0.22066531518761276]]","[[], [], [], [], []]",2315.799273799996,completada,
random_forest,class_weight,deap,8.0,5.0,3.0,1.0,False,42.0,4,False,40.0,125.0,0.6692082159058591,0.008505704401230408,"[0.6830116773706616, 0.6623998767442367, 0.6621620126613216, 0.6704272206826352, 0.6680402920704405]",0.22065226560497378,0.013837669028870623,"[0.24341363395942386, 0.2099965736226184, 0.21089103221690025, 0.21522147675343006, 0.22373861147249635]",0.6806352098458908,0.04558095191307683,"[0.7511639612432365, 0.6259436336185203, 0.6790410872711257, 0.6844919786096256, 0.6625353884869456]",0.18969956693172896,0.01615749796751478,"[0.21679429627673621, 0.17466561762391816, 0.18458884416331225, 0.19033816425120773, 0.1821109123434705]",0.5410372462941325,0.057798482928821754,"[0.4535911602209945, 0.6129210381004969, 0.5320441988950276, 0.5441988950276243, 0.5624309392265193]",0.2792968217295041,0.008737554360636711,"[0.29337144899053064, 0.2718589272593681, 0.27408566956026753, 0.28203292770221905, 0.27513513513513516]",0.619806413518216,0.0031506564492901653,"[0.6214987894260326, 0.6202695357346645, 0.6149889388993351, 0.6233596534066059, 0.6189151501244418]",0.20773642531107067,0.016370572777109585,"[0.18068487463894428, 0.22418150580970958, 0.20917831979266216, 0.20873529563132204, 0.21590213068271535]",3332.0204419999936,241.40681039999617,3.5695355999851017,83.30051104999984,3619.601765099993,3641.2935743999988,"[{""modelo__n_estimators"": 447, ""modelo__max_depth"": 25, ""modelo__min_samples_leaf"": 9, ""modelo__max_features"": 0.19666666666666666}, {""modelo__n_estimators"": 100, ""modelo__max_depth"": 7, ""modelo__min_samples_leaf"": 2, ""modelo__max_features"": 0.23333333333333328}, {""modelo__n_estimators"": 340, ""modelo__max_depth"": 25, ""modelo__min_samples_leaf"": 40, ""modelo__max_features"": 0.37999999999999995}, {""modelo__n_estimators"": 313, ""modelo__max_depth"": 11, ""modelo__min_samples_leaf"": 5, ""modelo__max_features"": 0.37999999999999995}, {""modelo__n_estimators"": 447, ""modelo__max_depth"": 9, ""modelo__min_samples_leaf"": 9, ""modelo__max_features"": 0.5266666666666666}]","[[0.206341279675769, 0.20652475265330258, 0.20652475265330258, 0.21587740286229676, 0.21587740286229676, 0.21587740286229676, 0.21587740286229676, 0.21587740286229676], [0.21517428578113718, 0.21517428578113718, 0.21794702384500744, 0.21921030715085363, 0.21921030715085363, 0.21921030715085363, 0.21921030715085363, 0.21921030715085363], [0.2203587800583703, 0.2203587800583703, 0.2203587800583703, 0.22063407967935703, 0.22063407967935703, 0.22063407967935703, 0.22063407967935703, 0.22063407967935703], [0.21710159328985748, 0.22178986735077255, 0.22178986735077255, 0.22178986735077255, 0.22178986735077255, 0.22178986735077255, 0.22178986735077255, 0.22178986735077255], [0.21894056985279606, 0.21894056985279606, 0.21894056985279606, 0.21955828368548802, 0.21955828368548802, 0.21955828368548802, 0.21955828368548802, 0.21955828368548802]]","[[1.0, 1.0, 1.0], [1.0, 0.25, 0.5], [1.0, 1.0, 0.5], [1.0, 0.75, 0.5], [1.0, 0.5, 0.5]]",3641.299718500006,completada,
