modelo,balanceo,optimizador,presupuesto,folds_externos,folds_internos,fraccion_busqueda,multifidelidad,semilla,n_jobs,folds_en_paralelo,n_evaluaciones,n_ajustes,auc_roc_media,auc_roc_sd,auc_roc_por_fold,auc_pr_media,auc_pr_sd,auc_pr_por_fold,exactitud_media,exactitud_sd,exactitud_por_fold,precision_media,precision_sd,precision_por_fold,recall_media,recall_sd,recall_por_fold,f1_media,f1_sd,f1_por_fold,exactitud_balanceada_media,exactitud_balanceada_sd,exactitud_balanceada_por_fold,brier_media,brier_sd,brier_por_fold,tiempo_busqueda_s,tiempo_ajuste_s,tiempo_inferencia_s,tiempo_por_evaluacion_s,tiempo_trabajo_s,tiempo_real_s,hiperparametros_por_fold,curvas_anytime,curvas_diversidad,tiempo_total_s,estado,detalle
bayes,ninguno,grid,12.0,5.0,3.0,1.0,False,42.0,4,False,60.0,185.0,0.646128173272876,0.0115972762777297,"[0.6489829766468278, 0.640624809495555, 0.6293348667312927, 0.6520714015340954, 0.6596268119566092]",0.1990106725535166,0.0116334330067441,"[0.21595881447721815, 0.18890148434687687, 0.19037347752416878, 0.19375780656537842, 0.20606177985394084]",0.8092303862710644,0.0321763731967244,"[0.79199697999245, 0.7949169602415702, 0.7939344365443907, 0.7986788298206984, 0.8666247247562127]",0.2289266504941549,0.0384560020744349,"[0.21450381679389313, 0.20774505849132716, 0.20641282565130262, 0.21885113268608414, 0.29712041884816753]",0.26074205820172,0.0764348260765523,"[0.3104972375690608, 0.28437327443401433, 0.2845303867403315, 0.2988950276243094, 0.12541436464088399]",0.2324278721251487,0.0320576651926684,"[0.25372460496613997, 0.2400932400932401, 0.23925667828106853, 0.25268566090611866, 0.17637917637917638]",0.5702331000036092,0.0155854638230467,"[0.5821869885658425, 0.5724670774016007, 0.5719676715353295, 0.5808994129956833, 0.5436443495195901]",0.1578665730509874,0.0237376458779697,"[0.169426069788775, 0.1692118925824242, 0.17085366760915524, 0.1641980333845115, 0.11564320189007139]",261.11747169989394,25.833752900070976,1.831231899966952,4.351957861664899,349.3937144999509,376.0964192000101,"[{""modelo__var_smoothing"": 0.01}, {""modelo__var_smoothing"": 0.01}, {""modelo__var_smoothing"": 0.01}, {""modelo__var_smoothing"": 0.01}, {""modelo__var_smoothing"": 0.1}]","[[0.16937235324006075, 0.16969655982501872, 0.16969655982501872, 0.16969846654007537, 0.16969846654007537, 0.16969846654007537, 0.16969846654007537, 0.1702242678788403, 0.17491241107739444, 0.19308027839758143, 0.19308027839758143, 0.19308027839758143], [0.17575877772625448, 0.17590283430844678, 0.17631615350292304, 0.17631615350292304, 0.17631615350292304, 0.1763257279566175, 0.17640378831238537, 0.1771982062475704, 0.18171810137935185, 0.20040641947816842, 0.20040641947816842, 0.20040641947816842], [0.16101827840469682, 0.16407420602148293, 0.1665028557399882, 0.16880865055521965, 0.16949977741592367, 0.16949977741592367, 0.16949977741592367, 0.16958719776318132, 0.17684486061740126, 0.19736602983596016, 0.19736602983596016, 0.19736602983596016], [0.17193479043486967, 0.17197926878439596, 0.17232375719973217, 0.17232375719973217, 0.17258973134836153, 0.17275015600453136, 0.17293983764314028, 0.17347631724197587, 0.1794323148563425, 0.20020254811465024, 0.20020254811465024, 0.20020254811465024], [0.16069023989558529, 0.16589539511347717, 0.16838150261006435, 0.17005846614903672, 0.17137007174745897, 0.17209502185552827, 0.17235040345373806, 0.17331408541556903, 0.1780033940317696, 0.19778456519087653, 0.19863725811110355, 0.19863725811110355]]","[[], [], [], [], []]",376.0978344999603,completada,
bayes,ninguno,random,12.0,5.0,3.0,1.0,False,42.0,4,False,60.0,185.0,0.647864739173854,0.0099527327084134,"[0.6511038543796416, 0.6469332386177086, 0.6313427144439262, 0.6573028200919045, 0.6526410683360889]",0.1994571564667641,0.0115227156871652,"[0.21705127200768398, 0.19126902398612292, 0.19101289845230893, 0.19254490447132672, 0.20540768341637833]",0.8244930499309717,0.020326737860477,"[0.8021265886498049, 0.8280070457976849, 0.8055118605675454, 0.8490720352312048, 0.837747719408619]",0.2341366547345408,0.0177959005670439,"[0.22405952873088053, 0.23027469316189364, 0.2134228187919463, 0.24369016536118362, 0.25923606762680024]",0.2327936398497823,0.0541656005485711,"[0.2994475138121547, 0.21755935946990612, 0.26353591160220996, 0.15469613259668508, 0.2287292817679558]",0.2296381588004884,0.0254747429961533,"[0.2563253724284701, 0.22373651334469052, 0.23584672435105067, 0.18925312605610004, 0.2430290578221309]",0.5666674416180989,0.0135795734055568,"[0.5830878580137172, 0.562027816050182, 0.5693522773235079, 0.5464996459930532, 0.572369610710034]",0.1451390238969223,0.0156271874776033,"[0.16135465977965038, 0.1415784804807347, 0.16124361390171188, 0.12699792288608575, 0.13452044243642894]",266.64809690002585,25.48771120008314,1.739387599984184,4.444134948333764,349.88465369993355,375.3584340999951,"[{""modelo__var_smoothing"": 0.011763890953837328}, {""modelo__var_smoothing"": 0.01938760141918671}, {""modelo__var_smoothing"": 0.012050033902713947}, {""modelo__var_smoothing"": 0.036804229593849574}, {""modelo__var_smoothing"": 0.019638588506314204}]","[[0.17007508085881182, 0.17007508085881182, 0.17007508085881182, 0.1939345433920526, 0.1939345433920526, 0.1939345433920526, 0.1939345433920526, 0.1939345433920526, 0.1939345433920526, 0.1939345433920526, 0.1939345433920526, 0.1939345433920526], [0.17579870553722257, 0.17632772247251863, 0.17632772247251863, 0.19758771998116317, 0.19758771998116317, 0.20202258271452855, 0.20202258271452855, 0.20202258271452855, 0.20202258271452855, 0.20202258271452855, 0.20202258271452855, 0.20202258271452855], [0.1691141659135078, 0.16912997549764705, 0.17948454797361255, 0.19229025438023006, 0.19229025438023006, 0.19229025438023006, 0.19229025438023006, 0.19229025438023006, 0.19229025438023006, 0.19229025438023006, 0.19229025438023006, 0.19851656216628186], [0.20002953995809158, 0.20002953995809158, 0.20002953995809158, 0.20002953995809158, 0.20002953995809158, 0.20002953995809158, 0.20002953995809158, 0.20002953995809158, 0.20002953995809158, 0.20002953995809158, 0.2018911041961641, 0.2018911041961641], [0.17704820505776955, 0.1786048187020123, 0.1786048187020123, 0.1786048187020123, 0.19767735084656488, 0.19767735084656488, 0.19767735084656488, 0.20102231181358068, 0.20102231181358068, 0.20102231181358068, 0.20102231181358068, 0.20102231181358068]]","[[], [], [], [], []]",375.359783300024,completada,
bayes,ninguno,optuna,12.0,5.0,3.0,1.0,True,42.0,4,True,60.0,99.0,0.6479049202073281,0.0091415648111113,"[0.6551013375155538, 0.6411440988853077, 0.6352296546559212, 0.6532473910374462, 0.6548021189424116]",0.1974858762000444,0.0121106403741388,"[0.21460821089852733, 0.18909291702389291, 0.18845165635091166, 0.18923024453056508, 0.20604635219632517]",0.8551723090517689,0.0339120690828597,"[0.8621492387064301, 0.7971187720181178, 0.8771157113194488, 0.8580056621579113, 0.8814721610569362]",0.2904461270531748,0.0626914171433004,"[0.3038105046343975, 0.209531635168447, 0.3161953727506427, 0.25027932960893856, 0.3724137931034483]",0.1391954019481926,0.0901199439945658,"[0.16298342541436464, 0.2816123688569851, 0.06795580110497237, 0.12375690607734807, 0.05966850828729282]",0.1665563969763177,0.0603404492504878,"[0.21215390147428984, 0.24028268551236748, 0.11186903137789904, 0.1656192236598891, 0.10285714285714286]",0.5431931161407988,0.0213957194377933,"[0.5574928487480798, 0.5725065749148255, 0.5245338900433617, 0.5380587867269949, 0.5233734802707319]",0.1234234114712732,0.0257033230515573,"[0.11904423444926544, 0.16720091003514892, 0.1068489090749824, 0.12128024511941256, 0.10274275867755672]",496.84165010001743,33.44663650006987,2.4388473999570124,8.280694168333623,626.2519659998943,248.0198694000137,"[{""modelo__var_smoothing"": 0.0754434793737665}, {""modelo__var_smoothing"": 0.010425713444862945}, {""modelo__var_smoothing"": 0.7381390162726097}, {""modelo__var_smoothing"": 0.09067597673887236}, {""modelo__var_smoothing"": 0.940090950679796}]","[[0.16960265019287582, 0.1697099532189579, 0.1697099532189579, 0.1697099532189579, 0.19295191563723801, 0.19295191563723801, 0.19295191563723801, 0.19295191563723801, 0.19295191563723801, 0.19295191563723801, 0.19295191563723801, 0.19295191563723801], [0.20068660149800754, 0.20068660149800754, 0.20068660149800754, 0.20068660149800754, 0.20068660149800754, 0.20068660149800754, 0.20068660149800754, 0.20068660149800754, 0.20068660149800754, 0.20068660149800754, 0.20068660149800754, 0.20068660149800754], [0.19606254224546352, 0.19606254224546352, 0.19606254224546352, 0.19606254224546352, 0.19606254224546352, 0.19606254224546352, 0.19606254224546352, 0.19606254224546352, 0.19606254224546352, 0.19606254224546352, 0.19606254224546352, 0.19606254224546352], [0.18809115959190859, 0.18809115959190859, 0.18809115959190859, 0.18809115959190859, 0.18809115959190859, 0.19949544011866896, 0.19949544011866896, 0.19949544011866896, 0.19949544011866896, 0.19949544011866896, 0.19949544011866896, 0.19949544011866896], [0.16295966054086364, 0.1976369411925545, 0.1976369411925545, 0.1976369411925545, 0.1976369411925545, 0.1976369411925545, 0.1976369411925545, 0.19771315346968035, 0.19771315346968035, 0.19771315346968035, 0.19771315346968035, 0.19798681353524125]]","[[], [], [], [], []]",248.0207636000123,completada,
bayes,ninguno,deap,12.0,5.0,3.0,1.0,False,42.0,4,False,60.0,185.0,0.6422394425009937,0.0136218211315776,"[0.6216941837530461, 0.6479873419780942, 0.6355500715372125, 0.6505867101281289, 0.6553789051084871]",0.1921635004191375,0.007930473329144,"[0.18760957966009315, 0.1912057152328445, 0.18819626417623123, 0.18770378822768274, 0.20610215479883576]",0.8149047223979254,0.0860899013069988,"[0.6620737385176796, 0.8374433819828888, 0.8640911092933996, 0.861465869770368, 0.849449512425291]",0.2384616064278737,0.0430336918488406,"[0.16812674743709227, 0.23363197794624396, 0.2691292875989446, 0.24479166666666666, 0.27662835249042145]",0.2203108078013124,0.1612231034842415,"[0.4983425414364641, 0.1871893981225842, 0.112707182320442, 0.10386740331491713, 0.1994475138121547]",0.1991572438649177,0.0456515828416918,"[0.25142857142857145, 0.20784794604537093, 0.1588785046728972, 0.14584949573312644, 0.2317817014446228]",0.5558181972210238,0.0239518653905824,"[0.5907290667988909, 0.5541200806729357, 0.5366844865660294, 0.5313444222822367, 0.5662129297850266]",0.1585452085043962,0.0759106677974559,"[0.2937796301024679, 0.1345813434517518, 0.11839238007611923, 0.11819118691277872, 0.12778150197886345]",319.35896380001213,25.45891819993267,1.7533598000300117,5.322649396666869,402.7635825999896,427.8778955999878,"[{""modelo__var_smoothing"": 0.0001}, {""modelo__var_smoothing"": 0.025118864315095822}, {""modelo__var_smoothing"": 0.15848931924611173}, {""modelo__var_smoothing"": 0.15848931924611173}, {""modelo__var_smoothing"": 0.025118864315095822}]","[[0.16960372287433856, 0.1702242678788403, 0.1702242678788403, 0.1702242678788403, 0.1702242678788403, 0.1702242678788403, 0.1702242678788403, 0.1702242678788403, 0.1702242678788403, 0.1702242678788403, 0.1702242678788403, 0.1702242678788403], [0.1771982062475704, 0.1771982062475704, 0.20166622531248235, 0.20166622531248235, 0.20166622531248235, 0.20166622531248235, 0.20166622531248235, 0.20166622531248235, 0.20166622531248235, 0.20166622531248235, 0.20166622531248235, 0.20166622531248235], [0.1958846828411871, 0.1958846828411871, 0.1958846828411871, 0.1958846828411871, 0.1958846828411871, 0.1958846828411871, 0.1958846828411871, 0.1958846828411871, 0.1958846828411871, 0.1958846828411871, 0.1958846828411871, 0.1958846828411871], [0.17276886516634415, 0.1989122839921151, 0.1989122839921151, 0.1989122839921151, 0.1989122839921151, 0.1989122839921151, 0.1989122839921151, 0.1989122839921151, 0.1989122839921151, 0.1989122839921151, 0.1989122839921151, 0.1989122839921151], [0.1589433914051567, 0.17636472356149854, 0.17636472356149854, 0.1898055658028995, 0.1898055658028995, 0.1898055658028995, 0.1898055658028995, 0.1898055658028995, 0.1898055658028995, 0.20122596371113066, 0.20122596371113066, 0.20122596371113066]]","[[1.0, 0.5, 0.25, 0.3333333333333333], [1.0, 0.5, 0.5, 0.3333333333333333], [1.0, 0.75, 0.75, 0.3333333333333333], [1.0, 0.75, 0.5, 0.3333333333333333], [1.0, 0.75, 0.5, 0.3333333333333333]]",427.8791218999541,completada,
bayes,smote,grid,12.0,5.0,3.0,1.0,False,42.0,4,False,60.0,185.0,0.6423280049799122,0.0062799397736174,"[0.6489852126389257, 0.6409544716183415, 0.6329362661694304, 0.64165232006935, 0.647111754403513]",0.1986587061804109,0.0111797561867672,"[0.21597083849752444, 0.19158871328033367, 0.19220991661149478, 0.18963913050698716, 0.20388493200571503]",0.621328533788477,0.0501410736901967,"[0.5539197181326286, 0.6668344237544036, 0.5990687724155288, 0.6748033972947468, 0.6120163573450771]",0.1659945062344432,0.0078368916512794,"[0.15625, 0.1733833177132146, 0.16026213881441764, 0.1739468064453504, 0.1661302681992337]",0.5724297494440054,0.0692453904767236,"[0.6629834254143646, 0.5107675317504141, 0.594475138121547, 0.4950276243093923, 0.5988950276243094]",0.2563579528902039,0.0034911002400825,"[0.2528977871443625, 0.258886090120347, 0.25246363209760675, 0.2574342766843844, 0.26010797840431915]",0.6000220399457413,0.0040062804142627,"[0.6014434309690397, 0.5988342451084339, 0.5970671508260224, 0.5964665988071634, 0.6062987740180474]",0.2554301962442758,0.0055063192969155,"[0.2626244274052409, 0.2501334219834566, 0.25840991142246716, 0.24977498752387292, 0.25620823288634154]",285.54004400002304,30.19969029998174,1.7597188000218011,4.759000733333718,373.40186290000565,399.01990700000897,"[{""modelo__var_smoothing"": 1.0}, {""modelo__var_smoothing"": 1.0}, {""modelo__var_smoothing"": 1.0}, {""modelo__var_smoothing"": 1.0}, {""modelo__var_smoothing"": 1.0}]","[[0.14910314446656112, 0.14983449324465573, 0.15060589139363226, 0.15211131480097576, 0.15366676786749456, 0.1543289474913669, 0.1547432903445678, 0.15540789603230742, 0.15898885744412186, 0.17609039690523734, 0.19026136598394858, 0.1941683014763954], [0.15808919207137945, 0.15895153753961702, 0.16076034324202274, 0.16210425866392578, 0.1632039235808413, 0.16379072351305612, 0.16400238872731301, 0.16501551145098972, 0.1684496590653536, 0.18629017023056785, 0.19620752798540309, 0.2006884095395498], [0.1476642556490275, 0.14866464653383682, 0.150038809758947, 0.15188214530173408, 0.1541599950034375, 0.157731464151161, 0.1590820637005419, 0.15982130136233935, 0.16495160253334212, 0.1828587896466356, 0.19617448041395122, 0.19980754113521804], [0.15402827202836053, 0.15423459895012728, 0.15554353660202738, 0.15717353891922395, 0.15848927886270844, 0.15942773226832707, 0.15965927004211813, 0.16024672791875014, 0.16498140342967718, 0.18493443763108605, 0.19709983014178264, 0.20129924836396537], [0.1434775002111884, 0.14432202186672702, 0.14547355992654998, 0.1477278543194522, 0.15065184580750307, 0.1550556268810994, 0.15836927507446627, 0.16028578301556323, 0.16516224937597943, 0.1830119498330766, 0.1960882175217634, 0.1992270673886194]]","[[], [], [], [], []]",399.0213115000515,completada,
bayes,smote,random,12.0,5.0,3.0,1.0,False,42.0,4,False,60.0,185.0,0.635500005710886,0.0154996182673866,"[0.6457749556332095, 0.638412262693942, 0.6086428211907072, 0.6383253608223158, 0.6463446282142556]",0.1958442964441363,0.0124333032214206,"[0.21429459374978305, 0.18949610798987432, 0.18481496752201895, 0.18771140650237508, 0.20290440645663027]",0.3449574464066539,0.0772294864277039,"[0.2918082295205738, 0.4619401107196779, 0.33159252501101116, 0.26542938030827307, 0.3740169864737339]",0.132094265512516,0.0076090377293202,"[0.12758240025232614, 0.14388337206845553, 0.1274833037450334, 0.12589109661762476, 0.13563115487914054]",0.8466572297592064,0.0640742619936246,"[0.8939226519337017, 0.7520706791827719, 0.8331491712707182, 0.9171270718232044, 0.8370165745856354]",0.2281616448487559,0.0090291360978663,"[0.22329561137179132, 0.2415536046820963, 0.2211305814209253, 0.22139237129901307, 0.23343605546995377]",0.5635682221844334,0.0175519604499853,"[0.5541751856658, 0.5883534084589757, 0.5501398771215481, 0.5494048564653828, 0.5757677832104606]",0.381569620732762,0.1157032036928721,"[0.3489240599122477, 0.28828152221874626, 0.57485309971466, 0.3934689419114668, 0.30232047990668964]",286.5111472000135,29.669255700020585,1.767065799969714,4.775185786666892,373.9187601000304,399.27912469999865,"[{""modelo__var_smoothing"": 0.2909209188966097}, {""modelo__var_smoothing"": 0.4267832612422853}, {""modelo__var_smoothing"": 0.012050033902713947}, {""modelo__var_smoothing"": 0.16156262451164496}, {""modelo__var_smoothing"": 0.40014942568510825}]","[[0.15518081113425777, 0.15518081113425777, 0.15518081113425777, 0.17780184453778333, 0.17780184453778333, 0.17780184453778333, 0.17780184453778333, 0.17780184453778333, 0.17780184453778333, 0.17780184453778333, 0.19240151856306953, 0.19240151856306953], [0.15837432592911724, 0.16085226452971854, 0.1631803764478541, 0.19918162496855907, 0.19918162496855907, 0.19918162496855907, 0.19918162496855907, 0.19918162496855907, 0.19918162496855907, 0.19918162496855907, 0.19918162496855907, 0.19918162496855907], [0.1592922452239469, 0.1592922452239469, 0.1666971726871965, 0.17678728428547053, 0.17678728428547053, 0.17678728428547053, 0.17678728428547053, 0.17678728428547053, 0.17678728428547053, 0.17678728428547053, 0.17678728428547053, 0.18470979986362948], [0.19645082585509746, 0.19645082585509746, 0.19645082585509746, 0.19645082585509746, 0.19820341643668052, 0.19820341643668052, 0.19820341643668052, 0.19820341643668052, 0.19820341643668052, 0.19820341643668052, 0.19820341643668052, 0.19820341643668052], [0.16428714014512838, 0.16559873775130668, 0.16559873775130668, 0.16559873775130668, 0.19809409346600626, 0.19809409346600626, 0.19809409346600626, 0.19809409346600626, 0.19809409346600626, 0.19809409346600626, 0.19809409346600626, 0.19809409346600626]]","[[], [], [], [], []]",399.2801431000116,completada,
bayes,smote,optuna,12.0,5.0,3.0,1.0,True,42.0,4,True,60.0,105.0,0.6420835237769467,0.0064319266783736,"[0.6489318234240963, 0.6407159576029968, 0.6323565930946877, 0.6416491820576335, 0.646764062705319]",0.1983546159443685,0.0112369217640267,"[0.21591546310431095, 0.19126113616657286, 0.19168698218725289, 0.1895737424155013, 0.2033357558482046]",0.5615344614532076,0.0981802061567397,"[0.5446709450106959, 0.6456341217916457, 0.5261435852262002, 0.6669392890846179, 0.4242843661528783]",0.1574282449819193,0.0133896251364697,"[0.1548149090446508, 0.17040358744394618, 0.14974898983714952, 0.1715686274509804, 0.14060511113286986]",0.6379507674097215,0.1157340001156145,"[0.6723756906077348, 0.5455549420209829, 0.6756906077348066, 0.5027624309392266, 0.7933701657458564]",0.2502491367748274,0.008331121079602,"[0.25168028125323133, 0.25969246944407937, 0.24516387691690888, 0.2558335676131572, 0.23887548864676036]",0.5948329776381153,0.0068755960633217,"[0.6003173539661792, 0.6020284472263239, 0.5913069242607853, 0.595399674823536, 0.5851124879137517]",0.2650291386111585,0.0146406080989031,"[0.2640153738327327, 0.25352790407820575, 0.2691587142653144, 0.25089328738676775, 0.2875504134927721]",590.9724666000693,36.74544270004844,2.267933099938091,9.849541110001155,709.4319570000516,257.5414205999696,"[{""modelo__var_smoothing"": 0.9616470944896098}, {""modelo__var_smoothing"": 0.8831107337374025}, {""modelo__var_smoothing"": 0.7510886750089019}, {""modelo__var_smoothing"": 0.958790477851343}, {""modelo__var_smoothing"": 0.49407983949633943}]","[[0.14946710630163476, 0.1548041410455447, 0.1548041410455447, 0.1548041410455447, 0.18940797129211862, 0.19412424986904134, 0.19412424986904134, 0.19412424986904134, 0.19412424986904134, 0.19412424986904134, 0.19412424986904134, 0.19412424986904134], [0.18669484937896952, 0.18669484937896952, 0.18669484937896952, 0.18669484937896952, 0.20034454945283628, 0.20034454945283628, 0.20034454945283628, 0.20034454945283628, 0.20034454945283628, 0.20034454945283628, 0.20034454945283628, 0.20049856235024344], [0.1993985779917349, 0.1993985779917349, 0.1993985779917349, 0.1993985779917349, 0.1993985779917349, 0.1994192483426075, 0.1994192483426075, 0.1994192483426075, 0.1994192483426075, 0.1994192483426075, 0.1994192483426075, 0.1994192483426075], [0.17108826913941355, 0.17108826913941355, 0.17108826913941355, 0.17108826913941355, 0.17108826913941355, 0.19686122043483847, 0.20123087370162926, 0.20123087370162926, 0.20123087370162926, 0.20123087370162926, 0.20123087370162926, 0.20123087370162926], [0.14376445377005984, 0.19834116326730156, 0.19834116326730156, 0.19834116326730156, 0.19834116326730156, 0.19834116326730156, 0.19834116326730156, 0.19834116326730156, 0.19834116326730156, 0.19834116326730156, 0.19834116326730156, 0.19834116326730156]]","[[], [], [], [], []]",257.543038600008,completada,
bayes,smote,deap,12.0,5.0,3.0,1.0,False,42.0,4,False,60.0,185.0,0.6149422889270607,0.0277084460245725,"[0.5676835984879987, 0.6147053456110814, 0.6260995291137036, 0.6382529119768101, 0.6279700594457095]",0.1847625719960251,0.0081335381901152,"[0.17423336916854024, 0.178590433389272, 0.1894441850437762, 0.18749341721817192, 0.19405145516036554]",0.28614840145549,0.0697182514924762,"[0.4103435258588147, 0.25704579768495217, 0.2454539734474297, 0.2631645171437559, 0.2547341931424976]",0.1233197187845097,0.0012817606991828,"[0.1223531761885737, 0.12259379482146901, 0.12305641936916926, 0.12554832854333686, 0.123046875]",0.862773840648462,0.1043460116756811,"[0.6767955801104972, 0.8967421314191054, 0.918232044198895, 0.9171270718232044, 0.9049723756906077]",0.2154936299730163,0.0050159092497494,"[0.20724073760784978, 0.215699296055253, 0.21702794463306346, 0.22086216072378925, 0.2166380108451263]",0.5374053375948211,0.0077392991932175,"[0.5264480598649618, 0.5357690067816152, 0.5386090278510629, 0.5481269011938174, 0.5380736922826486]",0.5107854891787972,0.0976323797801682,"[0.5666016273347635, 0.5873992022085787, 0.4128763932606821, 0.39615676019898716, 0.5908934628909749]",365.9810206000111,29.33771729998989,1.7597926000598818,6.099683676666852,453.292391300085,478.9937588999746,"[{""modelo__var_smoothing"": 0.0001}, {""modelo__var_smoothing"": 0.025118864315095822}, {""modelo__var_smoothing"": 0.15848931924611173}, {""modelo__var_smoothing"": 0.15848931924611173}, {""modelo__var_smoothing"": 0.025118864315095822}]","[[0.15466230741135806, 0.15540789603230742, 0.15540789603230742, 0.15540789603230742, 0.15540789603230742, 0.15540789603230742, 0.15540789603230742, 0.15540789603230742, 0.15540789603230742, 0.15540789603230742, 0.15540789603230742, 0.15540789603230742], [0.16501551145098972, 0.16501551145098972, 0.19245680944682764, 0.19245680944682764, 0.19245680944682764, 0.19245680944682764, 0.19245680944682764, 0.19245680944682764, 0.19245680944682764, 0.19245680944682764, 0.19245680944682764, 0.19245680944682764], [0.19694338888258464, 0.19694338888258464, 0.19694338888258464, 0.19694338888258464, 0.19694338888258464, 0.19694338888258464, 0.19694338888258464, 0.19694338888258464, 0.19694338888258464, 0.19694338888258464, 0.19694338888258464, 0.19694338888258464], [0.15960332242206388, 0.1981296312632578, 0.1981296312632578, 0.1981296312632578, 0.1981296312632578, 0.1981296312632578, 0.1981296312632578, 0.1981296312632578, 0.1981296312632578, 0.1981296312632578, 0.1981296312632578, 0.1981296312632578], [0.1433825656600405, 0.1632453909550973, 0.1632453909550973, 0.17350045902606628, 0.17350045902606628, 0.17350045902606628, 0.17350045902606628, 0.17350045902606628, 0.17350045902606628, 0.19090545774384945, 0.19090545774384945, 0.19090545774384945]]","[[1.0, 0.5, 0.25, 0.3333333333333333], [1.0, 0.5, 0.5, 0.3333333333333333], [1.0, 0.75, 0.75, 0.3333333333333333], [1.0, 0.75, 0.5, 0.3333333333333333], [1.0, 0.75, 0.5, 0.3333333333333333]]",478.995674100006,completada,
bayes,adasyn,grid,12.0,5.0,3.0,1.0,False,42.0,4,False,60.0,185.0,0.6420184969288044,0.0066501619822322,"[0.648202850772241, 0.6413312955360753, 0.6318214861144839, 0.6409657231057687, 0.6477711291154533]",0.1984581811557474,0.0111614004999644,"[0.21575981141460784, 0.19203779796804718, 0.19103493854219816, 0.1897773343416119, 0.20368102351227232]",0.3260729229706655,0.0391988080169158,"[0.27909903108091105, 0.3514720684448918, 0.3589630655005348, 0.35319282793331236, 0.28763762189367725]",0.131041171246134,0.0030362176727687,"[0.12702953456007424, 0.13301088270858524, 0.13260831433081915, 0.13395557860167662, 0.1286015460295151]",0.8719502365836769,0.0345415297524663,"[0.9077348066298343, 0.8503589177250138, 0.8353591160220994, 0.856353591160221, 0.9099447513812154]",0.2277637103756272,0.0035866690076773,"[0.22287032013022245, 0.23003958473373665, 0.22888283378746593, 0.23167177341005904, 0.22535403981665184]",0.5639324756212983,0.0078850554924732,"[0.5530224728974221, 0.5688429306409947, 0.566546986825933, 0.5724437462368375, 0.5588062415053042]",0.2854152466524273,0.0046115200981256,"[0.29225613035756015, 0.28179151955775705, 0.2824519831713627, 0.2824315343273729, 0.28814506584808397]",476.2662587999948,49.68715080001857,1.7720312000601552,7.937770979999914,583.4364980999962,608.7291970999795,"[{""modelo__var_smoothing"": 1.0}, {""modelo__var_smoothing"": 1.0}, {""modelo__var_smoothing"": 1.0}, {""modelo__var_smoothing"": 1.0}, {""modelo__var_smoothing"": 1.0}]","[[0.14799339691863997, 0.1487769979341518, 0.1495616343967194, 0.15139341219208247, 0.15280697653958142, 0.1531465347732812, 0.1531465347732812, 0.1531465347732812, 0.15581510882714042, 0.1710501556503721, 0.18883634316223483, 0.19347052200968418], [0.15405515868364303, 0.1547862985745776, 0.1559864045382147, 0.15784629061224317, 0.15940705707852376, 0.15976360954261992, 0.16008707345033382, 0.16063130883547874, 0.1650895809084496, 0.1817391284489951, 0.1955440697800763, 0.20053674561977164], [0.1451442095386458, 0.14595246987117308, 0.14726475012516896, 0.14922496106685398, 0.1505719973214113, 0.15370577508050956, 0.15552367561437216, 0.15619159445611108, 0.16080383811281973, 0.17777676961496405, 0.19509518959216474, 0.19972799849264966], [0.1522084898023418, 0.15226699951313896, 0.15382715376305253, 0.15545791786520782, 0.1567715569177878, 0.1573347345579087, 0.15753277989763947, 0.15825948679118632, 0.16221633127261892, 0.18006626242201454, 0.19693106450510425, 0.20180054228481206], [0.14202811924113048, 0.14266972224592522, 0.14373886953826825, 0.14625155618479865, 0.14849670000091897, 0.15302944864415427, 0.15678081507957226, 0.15797792365463537, 0.1621708763200471, 0.17836076677441182, 0.1948331846023071, 0.1991097985937165]]","[[], [], [], [], []]",608.7303450999898,completada,
bayes,adasyn,random,12.0,5.0,3.0,1.0,False,42.0,4,False,60.0,185.0,0.6332168438565723,0.017503962369713,"[0.643844843331487, 0.6379106540768588, 0.6028414808340293, 0.6355186250801664, 0.6459686159603198]",0.1948608304667007,0.0131198651839447,"[0.21357142774970694, 0.1898515336896944, 0.18081284432898678, 0.18742043783589424, 0.2026479087292212]",0.2248331846218859,0.0633445872199684,"[0.18365420913552283, 0.2308756919979869, 0.33228465362109105, 0.1798049701163888, 0.19754639823843975]",0.121653835471484,0.002838267379546,"[0.11990195410907606, 0.12278160086925027, 0.12608326253186067, 0.11903630810994231, 0.12046605173729108]",0.9314987903877776,0.0640258721299753,"[0.9729281767955801, 0.9359469906129211, 0.8198895027624309, 0.969060773480663, 0.9596685082872928]",0.2150448311576424,0.0026913117418024,"[0.21349336242953265, 0.21708504098360656, 0.21855670103092784, 0.21202780296161983, 0.2140612483825251]",0.5327541623409087,0.0085219821489059,"[0.5275745683750692, 0.5380835414548454, 0.5447526758291313, 0.52372101506834, 0.5296390109771573]",0.4347646502975341,0.0973750733664594,"[0.40935077888001775, 0.3439905841415608, 0.5819470591820557, 0.477999150503487, 0.36053567878054954]",583.2734812999843,63.05063140008133,2.4498717999085784,9.721224688333072,728.2140853000456,756.9126004000427,"[{""modelo__var_smoothing"": 0.2909209188966097}, {""modelo__var_smoothing"": 0.4267832612422853}, {""modelo__var_smoothing"": 0.012050033902713947}, {""modelo__var_smoothing"": 0.16156262451164496}, {""modelo__var_smoothing"": 0.40014942568510825}]","[[0.15307481479163115, 0.15307481479163115, 0.15307481479163115, 0.17276996665338837, 0.17276996665338837, 0.17276996665338837, 0.17276996665338837, 0.17276996665338837, 0.17276996665338837, 0.17276996665338837, 0.191382565538644, 0.191382565538644], [0.15446471458933578, 0.1561419083749889, 0.159142996609995, 0.19906772271282658, 0.19906772271282658, 0.19906772271282658, 0.19906772271282658, 0.19906772271282658, 0.19906772271282658, 0.19906772271282658, 0.19906772271282658, 0.19906772271282658], [0.15557609685049176, 0.15557609685049176, 0.162223217849041, 0.17149643183948834, 0.17149643183948834, 0.17149643183948834, 0.17149643183948834, 0.17149643183948834, 0.17149643183948834, 0.17149643183948834, 0.17149643183948834, 0.1799039015732137], [0.19597248417309132, 0.19597248417309132, 0.19597248417309132, 0.19597248417309132, 0.19834708266687198, 0.19834708266687198, 0.19834708266687198, 0.19834708266687198, 0.19834708266687198, 0.19834708266687198, 0.19834708266687198, 0.19834708266687198], [0.16103183775363378, 0.162481978637023, 0.162481978637023, 0.162481978637023, 0.19767972586284485, 0.19767972586284485, 0.19767972586284485, 0.19767972586284485, 0.19767972586284485, 0.19767972586284485, 0.19767972586284485, 0.19767972586284485]]","[[], [], [], [], []]",756.9134463000228,completada,
bayes,adasyn,optuna,12.0,5.0,3.0,1.0,True,42.0,4,True,60.0,105.0,0.6414831619217064,0.0067624916359326,"[0.6481094098393066, 0.6409834037918005, 0.6308593920101937, 0.6409219086171764, 0.646541695350055]",0.1981862889795085,0.0112066245106151,"[0.2157240650414201, 0.19168457553281104, 0.19065077884534087, 0.18974284391067495, 0.20312918156729556]",0.2921617720103554,0.0530651443404313,"[0.27368818422046054, 0.32706341217916457, 0.30510287547977094, 0.3449512425290972, 0.21000314564328404]",0.1280693162294446,0.0043883094884058,"[0.1264200184218606, 0.13067331670822943, 0.12838055376690277, 0.13320825515947468, 0.12166443709075547]",0.8953736984847053,0.0378444190539662,"[0.9099447513812154, 0.8680287134180011, 0.8812154696132597, 0.8629834254143647, 0.9546961325966851]",0.2239753357382833,0.0056328599491325,"[0.22199757379700769, 0.22715121739758687, 0.2241112828438949, 0.23079196217494088, 0.21582464247798663]",0.5550042367990135,0.0136411896499975,"[0.5509323302489718, 0.5627683503192242, 0.5561370964483255, 0.5706823410351909, 0.534501065943355]",0.3010973556857899,0.0219699049417155,"[0.2944840629394475, 0.2882113962328246, 0.2990967426846078, 0.28459110782710323, 0.33910346874496616]",1182.834164299944,88.5738678999478,2.645639900001697,19.7139027383324,1372.165730000008,489.4413910000003,"[{""modelo__var_smoothing"": 0.9616470944896098}, {""modelo__var_smoothing"": 0.8831107337374025}, {""modelo__var_smoothing"": 0.7510886750089019}, {""modelo__var_smoothing"": 0.958790477851343}, {""modelo__var_smoothing"": 0.49407983949633943}]","[[0.1482456178007313, 0.15305625118999705, 0.15305625118999705, 0.15305625118999705, 0.18772565788091145, 0.1934212322392721, 0.1934212322392721, 0.1934212322392721, 0.1934212322392721, 0.1934212322392721, 0.1934212322392721, 0.1934212322392721], [0.1821663096605504, 0.1821663096605504, 0.1821663096605504, 0.1821663096605504, 0.20022155872818534, 0.20022155872818534, 0.20022155872818534, 0.20022155872818534, 0.20022155872818534, 0.20022155872818534, 0.20022155872818534, 0.20039075006118834], [0.19928961791852876, 0.19928961791852876, 0.19928961791852876, 0.19928961791852876, 0.19928961791852876, 0.19931130121351667, 0.19931130121351667, 0.19931130121351667, 0.19931130121351667, 0.19931130121351667, 0.19931130121351667, 0.19931130121351667], [0.16687263148878673, 0.16687263148878673, 0.16687263148878673, 0.16687263148878673, 0.16687263148878673, 0.19660660992028858, 0.2017436706298027, 0.2017436706298027, 0.2017436706298027, 0.2017436706298027, 0.2017436706298027, 0.2017436706298027], [0.14224322063373465, 0.19804686422617024, 0.19804686422617024, 0.19804686422617024, 0.19804686422617024, 0.19804686422617024, 0.19804686422617024, 0.19804686422617024, 0.19804686422617024, 0.19804686422617024, 0.19804686422617024, 0.19804686422617024]]","[[], [], [], [], []]",489.4423930000048,completada,
bayes,adasyn,deap,12.0,5.0,3.0,1.0,False,42.0,4,False,60.0,185.0,0.6097327499326498,0.0287237714798433,"[0.5616878052913773, 0.6067310623145308, 0.6232006733560269, 0.6354296624480023, 0.6216145462533121]",0.1819905789329099,0.0098171499988398,"[0.1686765260718983, 0.17446814995291066, 0.1884172216684884, 0.18738838384054307, 0.19100261313070954]",0.2491416010637148,0.0834559239046933,"[0.38870013841701273, 0.2418847508807247, 0.19096457559932045, 0.17892418999685436, 0.24523435042466185]",0.1203854191106818,0.0015033669423902,"[0.11990384615384615, 0.12102146558105108, 0.11945439515017911, 0.11887163490879502, 0.12267575375953774]",0.8866405728040123,0.1139503542923359,"[0.6889502762430939, 0.9028161236885699, 0.958011049723757, 0.9685082872928177, 0.9149171270718232]",0.2116419831899888,0.0044844384032657,"[0.20425880425880427, 0.21343254356765223, 0.21242190371187064, 0.21175333695717824, 0.21634332745443857]",0.5269236578991563,0.0067869440919036,"[0.5195319401664206, 0.529860316015389, 0.5251959672392128, 0.5229832881263521, 0.5370467779484072]",0.5608449904124366,0.0763465525265232,"[0.5926123599842168, 0.6256586757444307, 0.4764001910649406, 0.4809505926871663, 0.6286031325814287]",697.7022969999234,55.63621519994922,2.011797100014519,11.62837161666539,819.5952359999646,851.7308844000218,"[{""modelo__var_smoothing"": 2.5118864315095823e-06}, {""modelo__var_smoothing"": 0.025118864315095822}, {""modelo__var_smoothing"": 0.15848931924611173}, {""modelo__var_smoothing"": 0.15848931924611173}, {""modelo__var_smoothing"": 0.025118864315095822}]","[[0.1530487591859995, 0.1530487591859995, 0.1530487591859995, 0.1530487591859995, 0.1530487591859995, 0.1530487591859995, 0.1530487591859995, 0.1530487591859995, 0.1530487591859995, 0.1530487591859995, 0.1530487591859995, 0.1530487591859995], [0.16063130883547874, 0.16063130883547874, 0.18984756213656698, 0.18984756213656698, 0.18984756213656698, 0.18984756213656698, 0.18984756213656698, 0.18984756213656698, 0.18984756213656698, 0.18984756213656698, 0.18984756213656698, 0.18984756213656698], [0.19634290502138574, 0.19634290502138574, 0.19634290502138574, 0.19634290502138574, 0.19634290502138574, 0.19634290502138574, 0.19634290502138574, 0.19634290502138574, 0.19634290502138574, 0.19634290502138574, 0.19634290502138574, 0.19634290502138574], [0.15741228404337923, 0.1983548447001889, 0.1983548447001889, 0.1983548447001889, 0.1983548447001889, 0.1983548447001889, 0.1983548447001889, 0.1983548447001889, 0.1983548447001889, 0.1983548447001889, 0.1983548447001889, 0.1983548447001889], [0.14199555385451096, 0.160430937902695, 0.160430937902695, 0.16953207077869092, 0.16953207077869092, 0.16953207077869092, 0.16953207077869092, 0.16953207077869092, 0.16953207077869092, 0.18778153789064142, 0.18778153789064142, 0.18778153789064142]]","[[1.0, 0.5, 0.25, 0.6666666666666666], [1.0, 0.5, 0.5, 0.3333333333333333], [1.0, 0.75, 0.75, 0.3333333333333333], [1.0, 0.75, 0.5, 0.3333333333333333], [1.0, 0.75, 0.5, 0.3333333333333333]]",851.732073399995,completada,
bayes,class_weight,grid,12.0,5.0,3.0,1.0,False,42.0,4,False,60.0,185.0,0.6461279066944837,0.0115977117266295,"[0.6489845457640895, 0.6406233981700205, 0.6293339644248012, 0.6520713034712293, 0.6596263216422785]",0.198959149663207,0.0118671385805339,"[0.21639684223635003, 0.18863643741148206, 0.1901594717632017, 0.19372568707699128, 0.20587730982801034]",0.6984755118680549,0.0478434413361872,"[0.6706933434000252, 0.6808002013085053, 0.6757062857861952, 0.6814721610569362, 0.7837055677886128]",0.1836869422987998,0.0165284629066678,"[0.17843726521412473, 0.17635389803610393, 0.16917293233082706, 0.18251024790162015, 0.21196036801132342]",0.4671280785622546,0.0789266613748675,"[0.5248618784530387, 0.49088901159580345, 0.4723756906077348, 0.5165745856353591, 0.330939226519337]",0.2606158671005426,0.0079651197479655,"[0.26633024950939166, 0.25948628137769997, 0.2491258741258741, 0.2697245059858647, 0.25841242450388263]",0.5976683567324104,0.0108515175484797,"[0.6071483490532731, 0.598053664477348, 0.5871073936955453, 0.6096184962255602, 0.5864138802103253]",0.2360740275594287,0.0368586384655653,"[0.2571718821426472, 0.25059398445030046, 0.2542037710053114, 0.24796364052560568, 0.17043685967327915]",309.53803129994776,30.2223833000171,2.1146384000312537,5.158967188332463,411.19955550000304,442.40169109997805,"[{""modelo__var_smoothing"": 0.01}, {""modelo__var_smoothing"": 0.01}, {""modelo__var_smoothing"": 0.01}, {""modelo__var_smoothing"": 0.01}, {""modelo__var_smoothing"": 0.1}]","[[0.16914196669249337, 0.16954795402266512, 0.16982567051074282, 0.16982567051074282, 0.16986368717056408, 0.16986368717056408, 0.16987177649064558, 0.17034694620166302, 0.17508691036277635, 0.19334954426103237, 0.19334954426103237, 0.19334954426103237], [0.1755424047259387, 0.17564438520148817, 0.1759045095220796, 0.1761784510861009, 0.1761784510861009, 0.1761784510861009, 0.1762387659498863, 0.17698378395637052, 0.18179478956740822, 0.2002404191021392, 0.2002404191021392, 0.2002404191021392], [0.15797560882202633, 0.1629805864854152, 0.16538600596749284, 0.16813815389495912, 0.1690427066074782, 0.1690427066074782, 0.1690427066074782, 0.16966844359993316, 0.17673761407157465, 0.19731107364805553, 0.19731107364805553, 0.19731107364805553], [0.17199658110342617, 0.1720950524521299, 0.1722172070870743, 0.17237623181964737, 0.17237623181964737, 0.17274629535548625, 0.17293719888869116, 0.1736283802283688, 0.17942153355263232, 0.20023826288206423, 0.20023826288206423, 0.20023826288206423], [0.15688287858098723, 0.16379434576473414, 0.16694943982055707, 0.16925113208373718, 0.17086521292570067, 0.17164861733529588, 0.17231430578665088, 0.17298283106665555, 0.17812813896856192, 0.1977774747978409, 0.1984515856845929, 0.1984515856845929]]","[[], [], [], [], []]",442.40284789999714,completada,
bayes,class_weight,random,12.0,5.0,3.0,1.0,False,42.0,4,False,60.0,185.0,0.6478644372193141,0.0099525378110196,"[0.6511038151517101, 0.6469325329549412, 0.6313427732900018, 0.6573020944266952, 0.6526409702732228]",0.1993870566755205,0.0115655216090889,"[0.2170395709331055, 0.19112584136796248, 0.19102852327133207, 0.19235961256884498, 0.20538173523635778]",0.7043012068700434,0.0241265031568509,"[0.6781175286271549, 0.7078510317060895, 0.6840747498898886, 0.7380308273041837, 0.7134318968229003]",0.1842509840889745,0.0088966116650036,"[0.18088803088803088, 0.18473180503004674, 0.17201225740551584, 0.19633642930856554, 0.1872863978127136]",0.4631537778645539,0.0350219896867492,"[0.5176795580110497, 0.4583103257868581, 0.46519337016574586, 0.42044198895027624, 0.45414364640883975]",0.2630914130292651,0.0069470009212148,"[0.2680972818311874, 0.2633248730964467, 0.2511558538404176, 0.26767499120647203, 0.2652040651718019]",0.5992241956313655,0.006948947260559,"[0.6082078562563058, 0.5991232140116399, 0.5886997881148973, 0.5996423647271792, 0.6004477550468054]",0.2236347646976395,0.0229475837096025,"[0.24875985068786116, 0.21903492940132696, 0.24411630686296917, 0.19329099576752, 0.21297174076852007]",307.0452798000188,29.8380451000412,2.145535600022413,5.117421330000313,408.4735887999996,439.6483218999929,"[{""modelo__var_smoothing"": 0.011763890953837328}, {""modelo__var_smoothing"": 0.01938760141918671}, {""modelo__var_smoothing"": 0.012050033902713947}, {""modelo__var_smoothing"": 0.036804229593849574}, {""modelo__var_smoothing"": 0.019638588506314204}]","[[0.1700678804982322, 0.1700678804982322, 0.1700678804982322, 0.19403228302819017, 0.19403228302819017, 0.19403228302819017, 0.19403228302819017, 0.19403228302819017, 0.19403228302819017, 0.19403228302819017, 0.19403228302819017, 0.19403228302819017], [0.17564139998941863, 0.17591270265317172, 0.17605522281425146, 0.19756223557789543, 0.19756223557789543, 0.2020380093463722, 0.2020380093463722, 0.2020380093463722, 0.2020380093463722, 0.2020380093463722, 0.2020380093463722, 0.2020380093463722], [0.16893885465833447, 0.1689968793153418, 0.1796990898174018, 0.1922252234161894, 0.1922252234161894, 0.1922252234161894, 0.1922252234161894, 0.1922252234161894, 0.1922252234161894, 0.1922252234161894, 0.1922252234161894, 0.19849328808350852], [0.20010425066500667, 0.20010425066500667, 0.20010425066500667, 0.20010425066500667, 0.20010425066500667, 0.20010425066500667, 0.20010425066500667, 0.20010425066500667, 0.20010425066500667, 0.20010425066500667, 0.20185631211329755, 0.20185631211329755], [0.17710785821342312, 0.17864635247376848, 0.17864635247376848, 0.17864635247376848, 0.19776241630096356, 0.19776241630096356, 0.19776241630096356, 0.20091882272589645, 0.20091882272589645, 0.20091882272589645, 0.20091882272589645, 0.20091882272589645]]","[[], [], [], [], []]",439.6497152000084,completada,
bayes,class_weight,optuna,12.0,5.0,3.0,1.0,True,42.0,4,True,60.0,103.0,0.6479033158550888,0.0091432694552621,"[0.6551004548870942, 0.6411430403911568, 0.635224436970557, 0.6532465280842241, 0.6548021189424116]",0.1973071994542254,0.0121131075052776,"[0.21431736400818718, 0.18889802957139673, 0.18837586853675073, 0.18889838295846728, 0.20604635219632517]",0.7741141455780759,0.0620046263375062,"[0.7534918837297093, 0.6821841972823351, 0.8252060655634557, 0.7731991192198805, 0.8364894620949984]",0.2094374501879315,0.0268038202000402,"[0.20005691519635743, 0.17686939182452643, 0.218931475029036, 0.202124128775307, 0.24920534011443102]",0.3279016812542138,0.1189963376542423,"[0.3883977900552486, 0.4897846493649917, 0.20828729281767955, 0.3364640883977901, 0.2165745856353591]",0.2443478960546056,0.0212724685533017,"[0.26408715251690457, 0.259888661002051, 0.21347678369195924, 0.2525399129172714, 0.23174697014484186]",0.5796811168172148,0.0179968927855044,"[0.5944048024402911, 0.5983534535429857, 0.5563910368796201, 0.5828930310643547, 0.5663632601588227]",0.1926673895992601,0.0314750861295546,"[0.18467713889793608, 0.24857463359236234, 0.17467979658813115, 0.17674818766124634, 0.17865719125662458]",606.9183040999924,37.96344279998448,2.7505824999534525,10.115305068333209,748.8360531999497,289.8405763999908,"[{""modelo__var_smoothing"": 0.0754434793737665}, {""modelo__var_smoothing"": 0.010425713444862945}, {""modelo__var_smoothing"": 0.7510886750089019}, {""modelo__var_smoothing"": 0.09067597673887236}, {""modelo__var_smoothing"": 0.940090950679796}]","[[0.1693736948705202, 0.16986338345024707, 0.16986338345024707, 0.16986338345024707, 0.19289543306962842, 0.19289543306962842, 0.19289543306962842, 0.19289543306962842, 0.19289543306962842, 0.19289543306962842, 0.19289543306962842, 0.19289543306962842], [0.20048712373615996, 0.20048712373615996, 0.20048712373615996, 0.20048712373615996, 0.20048712373615996, 0.20048712373615996, 0.20048712373615996, 0.20048712373615996, 0.20048712373615996, 0.20048712373615996, 0.20048712373615996, 0.20048712373615996], [0.19606254224546352, 0.19606254224546352, 0.19606254224546352, 0.19606254224546352, 0.19606254224546352, 0.1960817043033322, 0.1960817043033322, 0.1960817043033322, 0.1960817043033322, 0.1960817043033322, 0.1960817043033322, 0.1960817043033322], [0.1881957919756331, 0.1881957919756331, 0.1881957919756331, 0.1881957919756331, 0.1881957919756331, 0.19966716268889315, 0.19966716268889315, 0.19966716268889315, 0.19966716268889315, 0.19966716268889315, 0.19966716268889315, 0.19966716268889315], [0.15990935021351516, 0.19767244739941883, 0.19767244739941883, 0.19767244739941883, 0.19767244739941883, 0.19767244739941883, 0.19767244739941883, 0.1979356032628792, 0.1979356032628792, 0.1979356032628792, 0.1979356032628792, 0.19800982743563708]]","[[], [], [], [], []]",289.84136990003753,completada,
bayes,class_weight,deap,12.0,5.0,3.0,1.0,False,42.0,4,False,60.0,185.0,0.6422391797348979,0.0136224533668133,"[0.6216931638268259, 0.6479866559170705, 0.6355494046150232, 0.6505869062538613, 0.6553797680617091]",0.1921515778014537,0.0080797329031891,"[0.18752704670910536, 0.19105662633168494, 0.18798617403374793, 0.18781132062709205, 0.2063767213056384]",0.7137263942838732,0.1018318257820059,"[0.5421542720523468, 0.7195520885757424, 0.79129176366954, 0.7902485058194401, 0.7253853413022964]",0.1878022299857161,0.0226385737121837,"[0.14950634696755993, 0.1877801368247228, 0.20392927308447936, 0.20510835913312694, 0.19268703391869135]",0.4211669020808991,0.1458437488597481,"[0.6441988950276243, 0.4395361678630591, 0.2867403314917127, 0.292817679558011, 0.4425414364640884]",0.2507782085332292,0.0139378011679414,"[0.24268914559267354, 0.2631404958677686, 0.23834672789896671, 0.24123805188893946, 0.2684766214177979]",0.5862472161612099,0.0138038358218487,"[0.5866194702346301, 0.5975458617093073, 0.5714394691613218, 0.5734943917846853, 0.6021368879161053]",0.2285581085084974,0.0912996055471243,"[0.3891626720652405, 0.20824888740814582, 0.1723909109595227, 0.17161695415006198, 0.20137111795951623]",390.9299368999782,30.459328999975696,2.122800200013444,6.51549894833297,493.1149395999964,524.7809490999789,"[{""modelo__var_smoothing"": 0.0001}, {""modelo__var_smoothing"": 0.025118864315095822}, {""modelo__var_smoothing"": 0.15848931924611173}, {""modelo__var_smoothing"": 0.15848931924611173}, {""modelo__var_smoothing"": 0.025118864315095822}]","[[0.16982426461688385, 0.17034694620166302, 0.17034694620166302, 0.17034694620166302, 0.17034694620166302, 0.17034694620166302, 0.17034694620166302, 0.17034694620166302, 0.17034694620166302, 0.17034694620166302, 0.17034694620166302, 0.17034694620166302], [0.17698378395637052, 0.17698378395637052, 0.20158374731335882, 0.20158374731335882, 0.20158374731335882, 0.20158374731335882, 0.20158374731335882, 0.20158374731335882, 0.20158374731335882, 0.20158374731335882, 0.20158374731335882, 0.20158374731335882], [0.19599239047170225, 0.19599239047170225, 0.19599239047170225, 0.19599239047170225, 0.19599239047170225, 0.19599239047170225, 0.19599239047170225, 0.19599239047170225, 0.19599239047170225, 0.19599239047170225, 0.19599239047170225, 0.19599239047170225], [0.1727368950968554, 0.1989297019351349, 0.1989297019351349, 0.1989297019351349, 0.1989297019351349, 0.1989297019351349, 0.1989297019351349, 0.1989297019351349, 0.1989297019351349, 0.1989297019351349, 0.1989297019351349, 0.1989297019351349], [0.1557692251262042, 0.17626475983196854, 0.17626475983196854, 0.18995358327039913, 0.18995358327039913, 0.18995358327039913, 0.18995358327039913, 0.18995358327039913, 0.18995358327039913, 0.20103913640316765, 0.20103913640316765, 0.20103913640316765]]","[[1.0, 0.5, 0.25, 0.3333333333333333], [1.0, 0.5, 0.5, 0.3333333333333333], [1.0, 0.75, 0.75, 0.3333333333333333], [1.0, 0.75, 0.5, 0.3333333333333333], [1.0, 0.75, 0.5, 0.3333333333333333]]",524.7820528000011,completada,
logistica,ninguno,grid,12.0,5.0,3.0,1.0,False,42.0,4,False,60.0,185.0,0.6620918595151037,0.006930178474252,"[0.6696880673339599, 0.6591532791658752, 0.6518790140379275, 0.6631317356931182, 0.666607201344638]",0.2107476332648451,0.0118799789888054,"[0.23112147203849112, 0.2017149277250651, 0.2054866331491001, 0.20441436190118784, 0.21100077151038155]",0.8861877819956163,0.0005767528603774,"[0.8870643009940858, 0.8858203321590338, 0.8863650663814258, 0.8855614973262033, 0.8861277131173325]",0.5132265275707899,0.0823361544701554,"[0.6229508196721312, 0.4583333333333333, 0.5666666666666667, 0.41818181818181815, 0.5]",0.0129268344768465,0.0047625633899837,"[0.020994475138121547, 0.012147984538928768, 0.009392265193370166, 0.01270718232044199, 0.009392265193370166]",0.0251739892928207,0.009100935712928,"[0.040619989310529125, 0.023668639053254437, 0.01847826086956522, 0.024664879356568366, 0.01843817787418655]",0.5056753201191023,0.0022971751385189,"[0.5096807081740026, 0.5051510245733337, 0.5042345832109008, 0.5052176309188294, 0.5040926537184458]",0.0970655544829067,0.0006922846796556,"[0.0959085838981993, 0.09764345263722839, 0.09738702569915024, 0.09742669338262493, 0.09696201679733102]",433.7176753000822,46.74936189997243,1.8679167000227608,7.228627921668036,552.5893478000071,584.2043151999824,"[{""modelo__C"": 0.1, ""modelo__penalty"": ""l2""}, {""modelo__C"": 0.1, ""modelo__penalty"": ""l1""}, {""modelo__C"": 0.1, ""modelo__penalty"": ""l1""}, {""modelo__C"": 0.1, ""modelo__penalty"": ""l1""}, {""modelo__C"": 0.1, ""modelo__penalty"": ""l1""}]","[[0.18332929687499688, 0.19799452473414147, 0.19799452473414147, 0.20300878055719943, 0.20371170243576683, 0.20375559520044687, 0.20375559520044687, 0.20375559520044687, 0.20375559520044687, 0.20375559520044687, 0.20375559520044687, 0.20375559520044687], [0.19124279717531859, 0.20629627390692043, 0.20629627390692043, 0.21314077035361598, 0.21420684628810097, 0.21420684628810097, 0.21420684628810097, 0.21420684628810097, 0.21420684628810097, 0.21420684628810097, 0.21420684628810097, 0.21420684628810097], [0.1908120852980607, 0.20570177065887027, 0.20570177065887027, 0.21075343777512012, 0.2114007869995135, 0.2114007869995135, 0.2114007869995135, 0.2114007869995135, 0.2114007869995135, 0.2114007869995135, 0.2114007869995135, 0.2114007869995135], [0.192962093787542, 0.2069662217084082, 0.2077298594153177, 0.2123884406546291, 0.21398134378776965, 0.21398134378776965, 0.21398134378776965, 0.21398134378776965, 0.21398134378776965, 0.21398134378776965, 0.21398134378776965, 0.21398134378776965], [0.18902146737946712, 0.20431456030469763, 0.20431456030469763, 0.20958601227318518, 0.21134670777190187, 0.21134670777190187, 0.21134670777190187, 0.21134670777190187, 0.21134670777190187, 0.21134670777190187, 0.21134670777190187, 0.21134670777190187]]","[[], [], [], [], []]",584.2048537000082,completada,
logistica,ninguno,random,12.0,5.0,3.0,1.0,False,42.0,4,False,60.0,185.0,0.6611978161931048,0.0068802592599967,"[0.6690910966717454, 0.6588307520777358, 0.6509138207069923, 0.6620991729377871, 0.6650542385712633]",0.2108540680292794,0.011904595610848,"[0.23121192282059047, 0.20119342756610348, 0.20593042720564447, 0.2049508225666924, 0.21098373998736641]",0.8861248699213915,0.0005795884048898,"[0.8870013841701271, 0.885694514343231, 0.8863650663814258, 0.8855614973262033, 0.8860018873859704]",0.5006262102635456,0.0856510686065259,"[0.6129032258064516, 0.43478260869565216, 0.5666666666666667, 0.41509433962264153, 0.47368421052631576]",0.0127059620306841,0.0047531986061005,"[0.020994475138121547, 0.011043622308117063, 0.009392265193370166, 0.012154696132596685, 0.009944751381215469]",0.0247430020276593,0.0090809605225901,"[0.0405982905982906, 0.021540118470651588, 0.01847826086956522, 0.023617820719269995, 0.01948051948051948]",0.5055435841373946,0.0023125691968154,"[0.5096452068959565, 0.5045988434579278, 0.5042345832109008, 0.5049768865824503, 0.504262400539738]",0.097062974008259,0.0006907128683376,"[0.09591275896779305, 0.09765752652249282, 0.09736916104458673, 0.09741899104671407, 0.09695643245970867]",440.0675376998842,54.443931300076656,1.8114493999164551,7.334458961664738,566.3516490999609,598.1064230999909,"[{""modelo__C"": 0.8199654931124793, ""modelo__penalty"": ""l1""}, {""modelo__C"": 0.029403882946498167, ""modelo__penalty"": ""l2""}, {""modelo__C"": 0.02827927566291598, ""modelo__penalty"": ""l2""}, {""modelo__C"": 0.5383973250319642, ""modelo__penalty"": ""l1""}, {""modelo__C"": 0.061813484983356835, ""modelo__penalty"": ""l2""}]","[[0.20379460570287722, 0.20379460570287722, 0.20379460570287722, 0.20379460570287722, 0.20379460570287722, 0.20379460570287722, 0.20379460570287722, 0.20379460570287722, 0.20379460570287722, 0.20379460570287722, 0.20379460570287722, 0.20379460570287722], [0.20464163645335334, 0.21100896811718062, 0.21304738626970168, 0.21306899637238644, 0.21306899637238644, 0.21358653320076348, 0.21392871713861517, 0.2142322580193473, 0.2142322580193473, 0.2142322580193473, 0.2142322580193473, 0.2142322580193473], [0.21078140413822322, 0.21078140413822322, 0.21078140413822322, 0.21078140413822322, 0.21078140413822322, 0.21136367957438992, 0.21136367957438992, 0.21136367957438992, 0.21136367957438992, 0.21136367957438992, 0.21136367957438992, 0.21136367957438992], [0.21161448907940547, 0.21161448907940547, 0.21258986198064908, 0.21258986198064908, 0.21258986198064908, 0.21258986198064908, 0.21258986198064908, 0.21258986198064908, 0.21258986198064908, 0.21258986198064908, 0.21258986198064908, 0.21258986198064908], [0.20938397288543134, 0.2102444472507319, 0.2102444472507319, 0.2102444472507319, 0.2102444472507319, 0.2102444472507319, 0.2102444472507319, 0.2102444472507319, 0.2102444472507319, 0.2102444472507319, 0.2102444472507319, 0.2102444472507319]]","[[], [], [], [], []]",598.1072289999574,completada,
logistica,ninguno,optuna,12.0,5.0,3.0,1.0,True,42.0,4,True,60.0,113.0,0.6619353720616827,0.0079065890027563,"[0.671949557587388, 0.6590685212268261, 0.6506012695844643, 0.662557793350161, 0.6654997185595741]",0.2110251537112327,0.0130558539380865,"[0.233386451544032, 0.20125094314133363, 0.20601711739603065, 0.20320716570122732, 0.21126409077354008]",0.8861626144741779,0.0004831035093456,"[0.8869384673461683, 0.8857574232511324, 0.8863021455986912, 0.8858131487889274, 0.8860018873859704]",0.5045073825995432,0.0715518197370951,"[0.6101694915254238, 0.4418604651162791, 0.5454545454545454, 0.4528301886792453, 0.4722222222222222]",0.012595525807603,0.004340444707439,"[0.019889502762430938, 0.010491441192711209, 0.009944751381215469, 0.013259668508287293, 0.009392265193370166]",0.0245471930422391,0.008305524695105,"[0.038523274478330656, 0.020496224379719527, 0.019533369506239826, 0.02576489533011272, 0.018418201516793065]",0.5055167635194442,0.0021039211484628,"[0.5091282219861573, 0.504393750415312, 0.5044398187070105, 0.5056003702853825, 0.5040216562033588]",0.0970524972614087,0.0007472091323298,"[0.09580005872546528, 0.09764419616414587, 0.09738857117757076, 0.09748770965461209, 0.09694195058524958]",944.5582005000324,68.00670639995951,2.377477200003341,15.74263667500054,1118.3850044999854,398.3789617999573,"[{""modelo__C"": 0.11747157705544872, ""modelo__penalty"": ""l1""}, {""modelo__C"": 0.023050338448711138, ""modelo__penalty"": ""l2""}, {""modelo__C"": 0.5812327757754039, ""modelo__penalty"": ""l1""}, {""modelo__C"": 0.05370608731190936, ""modelo__penalty"": ""l1""}, {""modelo__C"": 0.02196782952370221, ""modelo__penalty"": ""l2""}]","[[0.11386608800840055, 0.20044922729781298, 0.20374243940404166, 0.20374243940404166, 0.20374243940404166, 0.20386912993600556, 0.20386912993600556, 0.20386912993600556, 0.20386912993600556, 0.20386912993600556, 0.20386912993600556, 0.20386912993600556], [0.21308696328865961, 0.21369476072396018, 0.2141482528146187, 0.2141482528146187, 0.2141482528146187, 0.2141482528146187, 0.2141482528146187, 0.2141482528146187, 0.2141482528146187, 0.2141482528146187, 0.2141482528146187, 0.2141482528146187], [0.21036038884867372, 0.21036038884867372, 0.21036038884867372, 0.2110267205003354, 0.2110267205003354, 0.2110267205003354, 0.2110267205003354, 0.2110267205003354, 0.2110267205003354, 0.2110267205003354, 0.2110267205003354, 0.2110267205003354], [0.21172437054793267, 0.21172437054793267, 0.21172437054793267, 0.2137645256258992, 0.2137645256258992, 0.2137645256258992, 0.2137645256258992, 0.2137645256258992, 0.2137645256258992, 0.2137645256258992, 0.2137645256258992, 0.2137645256258992], [0.1139614410237521, 0.2099914666130933, 0.2099914666130933, 0.2099914666130933, 0.2099914666130933, 0.2099914666130933, 0.21019766120724134, 0.21019766120724134, 0.21019766120724134, 0.21019766120724134, 0.21019766120724134, 0.21031830726356873]]","[[], [], [], [], []]",398.3795987999765,completada,
logistica,ninguno,deap,12.0,5.0,3.0,1.0,False,42.0,4,False,60.0,185.0,0.6613254408488509,0.0080103130484257,"[0.6712798583400936, 0.6575780830553316, 0.6499783642595615, 0.6630119028706924, 0.6647789957185752]",0.2109703835915021,0.012724741324284,"[0.23281123107210266, 0.20076344869738566, 0.20575081329069425, 0.20470901690219004, 0.21081740799513818]",0.8860997039831646,0.0005598209453399,"[0.8869384673461683, 0.8855686965274283, 0.8863021455986912, 0.8856244101918842, 0.8860648002516515]",0.4982749905461769,0.0803973890164947,"[0.6101694915254238, 0.42, 0.5454545454545454, 0.42857142857142855, 0.48717948717948717]",0.0130373927289034,0.0040340989359633,"[0.019889502762430938, 0.011595803423522915, 0.009944751381215469, 0.013259668508287293, 0.010497237569060774]",0.0253800555493202,0.0077179038775413,"[0.038523274478330656, 0.022568511552928532, 0.019533369506239826, 0.02572347266881029, 0.02055164954029205]",0.5056737992165161,0.001974612319116,"[0.5091282219861573, 0.5047684377430004, 0.5044398187070105, 0.505493874012752, 0.5045386436336606]",0.0970687668311975,0.0007478625654069,"[0.09582306925587625, 0.09773649320535063, 0.09740288122481223, 0.0974122885648958, 0.09696910190505284]",533.1278776999679,55.34269160008989,1.9634869000292383,8.8854646283328,655.9211700999294,683.8773903999827,"[{""modelo__C"": 0.15848931924611143, ""modelo__penalty"": ""l1""}, {""modelo__C"": 1.0, ""modelo__penalty"": ""l1""}, {""modelo__C"": 0.15848931924611143, ""modelo__penalty"": ""l2""}, {""modelo__C"": 0.15848931924611143, ""modelo__penalty"": ""l1""}, {""modelo__C"": 0.15848931924611143, ""modelo__penalty"": ""l2""}]","[[0.2037014490471455, 0.2037014490471455, 0.20403213340868429, 0.20403213340868429, 0.20403809125102704, 0.20403809125102704, 0.20403809125102704, 0.20403809125102704, 0.20403809125102704, 0.20403809125102704, 0.20403809125102704, 0.20403809125102704], [0.21362345331690127, 0.21362345331690127, 0.21362345331690127, 0.21362345331690127, 0.21362345331690127, 0.21362345331690127, 0.21362345331690127, 0.21362345331690127, 0.21362345331690127, 0.21362345331690127, 0.21362345331690127, 0.21362345331690127], [0.21034562518379463, 0.2104198213185625, 0.21093702777890685, 0.21093702777890685, 0.21093702777890685, 0.21093702777890685, 0.21093702777890685, 0.21093702777890685, 0.21093702777890685, 0.21093702777890685, 0.21093702777890685, 0.21093702777890685], [0.2121992555960669, 0.2121992555960669, 0.21368852121571255, 0.21368852121571255, 0.21368852121571255, 0.21368852121571255, 0.21368852121571255, 0.21368852121571255, 0.21368852121571255, 0.21368852121571255, 0.21368852121571255, 0.21368852121571255], [0.20081762942240314, 0.209922666174527, 0.209922666174527, 0.209922666174527, 0.209922666174527, 0.209922666174527, 0.209922666174527, 0.209922666174527, 0.209922666174527, 0.209922666174527, 0.209922666174527, 0.209922666174527]]","[[1.0, 0.5, 0.25, 0.3333333333333333], [0.75, 0.25, 0.5, 0.6666666666666666], [0.75, 0.5, 0.25, 0.3333333333333333], [1.0, 0.25, 0.25, 0.6666666666666666], [1.0, 0.25, 0.25, 0.6666666666666666]]",683.8778095999733,completada,
logistica,smote,grid,12.0,5.0,3.0,1.0,False,42.0,4,False,60.0,185.0,0.6495926124638952,0.006752332723023,"[0.6575016358047453, 0.6456608894447943, 0.6431414310502495, 0.645366627637646, 0.6562924783820411]",0.2031438048328288,0.0129557427834158,"[0.22404196576943458, 0.1916956913290177, 0.2002303224946011, 0.1938025934205419, 0.20594845115054888]",0.6514286454214234,0.0052899202183458,"[0.6464703661759155, 0.6545671867136387, 0.6498458440823004, 0.6472475621264548, 0.6590122680088079]",0.1730958626279289,0.0035909510175514,"[0.17349562832161838, 0.1743362831858407, 0.16939602042613136, 0.16999826177646446, 0.17825311942959002]",0.5454647626078812,0.0107203939719166,"[0.5591160220994476, 0.5438983986747653, 0.5314917127071823, 0.5403314917127072, 0.5524861878453039]",0.2627873191223661,0.0050783319632104,"[0.2648174800471019, 0.2640396729660903, 0.2569101348644679, 0.2586275287584292, 0.2695417789757412]",0.6052562564264065,0.0058058737758304,"[0.6084063495899112, 0.6063474953970205, 0.5982744369117109, 0.6006591785862081, 0.6125938216471816]",0.2273254410078739,0.0007874439095409,"[0.22781233766597858, 0.22739129128296334, 0.226867512497614, 0.22828418119910932, 0.2262718823937044]",1356.4086986000766,53.64939189999132,1.602652199973818,22.60681164333461,1475.290571600024,1503.758879799978,"[{""modelo__C"": 0.01, ""modelo__penalty"": ""l1""}, {""modelo__C"": 0.01, ""modelo__penalty"": ""l1""}, {""modelo__C"": 0.01, ""modelo__penalty"": ""l1""}, {""modelo__C"": 0.01, ""modelo__penalty"": ""l1""}, {""modelo__C"": 0.01, ""modelo__penalty"": ""l1""}]","[[0.195520650266916, 0.195520650266916, 0.19613733380388218, 0.19613733380388218, 0.19613733380388218, 0.19613733380388218, 0.19613733380388218, 0.19613733380388218, 0.19613733380388218, 0.19613733380388218, 0.19613733380388218, 0.19613733380388218], [0.20250351853595835, 0.2026364608999598, 0.20598869478660342, 0.20598869478660342, 0.20598869478660342, 0.20598869478660342, 0.20598869478660342, 0.20598869478660342, 0.20598869478660342, 0.20598869478660342, 0.20598869478660342, 0.20598869478660342], [0.20248041597916286, 0.20248041597916286, 0.2038812076195955, 0.2038812076195955, 0.2038812076195955, 0.2038812076195955, 0.2038812076195955, 0.2038812076195955, 0.2038812076195955, 0.2038812076195955, 0.2038812076195955, 0.2038812076195955], [0.2039037769696922, 0.2039037769696922, 0.2056258074678653, 0.2056258074678653, 0.2056258074678653, 0.2056258074678653, 0.2056258074678653, 0.2056258074678653, 0.2056258074678653, 0.2056258074678653, 0.2056258074678653, 0.2056258074678653], [0.20049445688681658, 0.20049445688681658, 0.2031590860616772, 0.2031590860616772, 0.2031590860616772, 0.2031590860616772, 0.2031590860616772, 0.2031590860616772, 0.2031590860616772, 0.2031590860616772, 0.2031590860616772, 0.2031590860616772]]","[[], [], [], [], []]",1503.7604391999776,completada,
logistica,smote,random,12.0,5.0,3.0,1.0,False,42.0,4,False,60.0,185.0,0.6481491411959921,0.0056837842441956,"[0.6551131255089823, 0.643849884359514, 0.6419301826621416, 0.6469894896220069, 0.6528630238273152]",0.2016086761707579,0.0125642991446563,"[0.22190783687787125, 0.1895082930077511, 0.2001396067214284, 0.19333624617828976, 0.20315139806844945]",0.6492517676343038,0.0047762435109272,"[0.6422549389706808, 0.6510442878711625, 0.6465110425973699, 0.6532871972318339, 0.6531613715004718]",0.171975960904591,0.002434142666271,"[0.17130257801899593, 0.1713581984517945, 0.16863905325443787, 0.17357558652319632, 0.17500438827453046]",0.5451339420545408,0.0093466544004391,"[0.5580110497237569, 0.5378244064053009, 0.5353591160220994, 0.543646408839779, 0.550828729281768]",0.2614560916837755,0.0034541561143678,"[0.2621334025434726, 0.2599066044029353, 0.2564849126521969, 0.26313678299237864, 0.26561875582789396]",0.603883795130369,0.0040557428177551,"[0.6055462803290752, 0.6017130551728316, 0.5980779106347804, 0.6055115253286577, 0.6085702041864999]",0.2269982753856007,0.0018150160591326,"[0.22673596082489217, 0.22669474291997993, 0.22605744088332375, 0.23009639525657855, 0.22540683704322914]",1268.2174667999498,70.70618239999749,1.5846874000271782,21.13695777999916,1398.81931790011,1424.7110661999905,"[{""modelo__C"": 0.03310300794756023, ""modelo__penalty"": ""l1""}, {""modelo__C"": 0.027203473880223986, ""modelo__penalty"": ""l1""}, {""modelo__C"": 0.06494193771066208, ""modelo__penalty"": ""l1""}, {""modelo__C"": 0.004319351380936459, ""modelo__penalty"": ""l1""}, {""modelo__C"": 0.04000710048768882, ""modelo__penalty"": ""l1""}]","[[0.19282158576880462, 0.19282158576880462, 0.19282158576880462, 0.19352514079837912, 0.19352514079837912, 0.1948902958305377, 0.1948902958305377, 0.1948902958305377, 0.1948902958305377, 0.1948902958305377, 0.1948902958305377, 0.1948902958305377], [0.20227412813621506, 0.20539739141309343, 0.20539739141309343, 0.20539739141309343, 0.20539739141309343, 0.20539739141309343, 0.20539739141309343, 0.20539739141309343, 0.20539739141309343, 0.20539739141309343, 0.20539739141309343, 0.20539739141309343], [0.20051409739337944, 0.20051409739337944, 0.20051409739337944, 0.20051409739337944, 0.20051409739337944, 0.20109608879467875, 0.20109608879467875, 0.20109608879467875, 0.20109608879467875, 0.20109608879467875, 0.20201787563365048, 0.20201787563365048], [0.20099329659590037, 0.20637759123368796, 0.20637759123368796, 0.20637759123368796, 0.20637759123368796, 0.20637759123368796, 0.20637759123368796, 0.20637759123368796, 0.20637759123368796, 0.20637759123368796, 0.20637759123368796, 0.20637759123368796], [0.19935152848047802, 0.1998167896184845, 0.1998167896184845, 0.20047248897378775, 0.20047248897378775, 0.20047248897378775, 0.20047248897378775, 0.20047248897378775, 0.20047248897378775, 0.20047248897378775, 0.2021355025281613, 0.2021355025281613]]","[[], [], [], [], []]",1424.7125225999623,completada,
logistica,smote,optuna,12.0,5.0,3.0,1.0,True,42.0,4,True,60.0,125.0,0.6494904839420793,0.0078876586494338,"[0.6576197118786883, 0.6418735973727391, 0.6418144128162045, 0.6485902874614858, 0.657554410181279]",0.2025573924685502,0.0140148411445836,"[0.22403087829952073, 0.1880916642239709, 0.1997830789050504, 0.19341794442098986, 0.20746339649321943]",0.6503214407223178,0.0040039778857263,"[0.646092865232163, 0.6476472068444892, 0.6490278739067514, 0.6530355457691098, 0.6558037118590752]",0.1728469481009037,0.0028540783601212,"[0.17331734886110636, 0.1714632454923717, 0.1691253951527924, 0.17345319936541512, 0.1768755516328332]",0.5469009826383274,0.01031881960108,"[0.5591160220994476, 0.5461071231363888, 0.5320441988950276, 0.543646408839779, 0.5535911602209945]",0.2626693869338697,0.0042488000422156,"[0.264609752908877, 0.2609842987201478, 0.2566631130063966, 0.2629961245489777, 0.26809364548494985]",0.6052572743988318,0.0050011949736661,"[0.6081933419216352, 0.6034049992678749, 0.5980536268209428, 0.6053695302984837, 0.6112648736852222]",0.2289029135973307,0.0017611401643713,"[0.22805889806094443, 0.22681327399311962, 0.22844233172093692, 0.23142311918641986, 0.22977694502523283]",2062.952210000076,69.16493540006923,2.0648851000587456,34.3825368333346,2220.0177650999976,714.6332173999981,"[{""modelo__C"": 0.008803003726239541, ""modelo__penalty"": ""l1""}, {""modelo__C"": 0.00617669065352221, ""modelo__penalty"": ""l2""}, {""modelo__C"": 0.005025703740136701, ""modelo__penalty"": ""l1""}, {""modelo__C"": 0.0030248279358170748, ""modelo__penalty"": ""l1""}, {""modelo__C"": 0.003537377122853269, ""modelo__penalty"": ""l1""}]","[[0.19251538410321403, 0.19360085477670355, 0.19360085477670355, 0.19360085477670355, 0.19360085477670355, 0.19360085477670355, 0.19360085477670355, 0.19360085477670355, 0.19360085477670355, 0.19611244700490285, 0.19611244700490285, 0.1962770255701831], [0.20239186353970504, 0.203668803973315, 0.203668803973315, 0.203668803973315, 0.203668803973315, 0.203668803973315, 0.203668803973315, 0.203668803973315, 0.20387389784359397, 0.20387389784359397, 0.20387389784359397, 0.20388614356044008], [0.2003416986609031, 0.20122920647077938, 0.20122920647077938, 0.20122920647077938, 0.20122920647077938, 0.20122920647077938, 0.20148474687594065, 0.20148474687594065, 0.20349615681564528, 0.20349615681564528, 0.20349615681564528, 0.20462090969769264], [0.20102791700390735, 0.20102791700390735, 0.2024258249695663, 0.2024258249695663, 0.20262106167564273, 0.20265093484421795, 0.20265093484421795, 0.20325897833740203, 0.20596013373114408, 0.20596013373114408, 0.20596013373114408, 0.20596013373114408], [0.1926592643327174, 0.200308348561395, 0.200308348561395, 0.20274018463833898, 0.20274018463833898, 0.20274018463833898, 0.20274018463833898, 0.20274018463833898, 0.20274018463833898, 0.20274018463833898, 0.20290515965109676, 0.20315477113087585]]","[[], [], [], [], []]",714.6335704000085,completada,
logistica,smote,deap,12.0,5.0,3.0,1.0,False,42.0,4,False,60.0,185.0,0.6478773447665539,0.0081935053720288,"[0.6557629754229163, 0.6391061056098818, 0.6402231757030046, 0.6480019887149254, 0.6562924783820411]",0.2012908741530336,0.0138551992387774,"[0.22242037492329128, 0.18690691945208454, 0.19931782417379798, 0.19186080106544529, 0.20594845115054888]",0.6486981969465399,0.0059941385015534,"[0.6447086951050711, 0.6457599396074484, 0.6451267853772101, 0.6488832966341617, 0.6590122680088079]",0.1721412499785114,0.0039245998882091,"[0.1734468085106383, 0.1688626907073509, 0.16879972327914217, 0.1713439079658358, 0.17825311942959002]",0.547122892330784,0.0105518788860992,"[0.5629834254143646, 0.5378244064053009, 0.5392265193370166, 0.5430939226519337, 0.5524861878453039]",0.2618746631438646,0.0054282061797031,"[0.2651919323357189, 0.25702599287504946, 0.2571127502634352, 0.26050086126937855, 0.2695417789757412]",0.6044380715580611,0.0061905958682859,"[0.6090975065157594, 0.5987311595391787, 0.598982002123951, 0.6027858679642345, 0.6125938216471816]",0.2282300287387356,0.0037412548574429,"[0.22682585892943002, 0.22694389761734488, 0.22621122593341378, 0.23489727881978495, 0.2262718823937044]",1567.7731219000998,129.59298789995955,1.6130045000463724,26.12955203166833,1758.292444300023,1786.047753299994,"[{""modelo__C"": 0.025118864315095822, ""modelo__penalty"": ""l1""}, {""modelo__C"": 1.0, ""modelo__penalty"": ""l1""}, {""modelo__C"": 0.15848931924611143, ""modelo__penalty"": ""l2""}, {""modelo__C"": 0.001584893192461114, ""modelo__penalty"": ""l1""}, {""modelo__C"": 0.01, ""modelo__penalty"": ""l1""}]","[[0.1928008118493506, 0.19517137858761333, 0.19517137858761333, 0.19517137858761333, 0.19517137858761333, 0.19517137858761333, 0.19517137858761333, 0.19517137858761333, 0.19517137858761333, 0.19517137858761333, 0.19517137858761333, 0.19517137858761333], [0.20255675407623677, 0.20255675407623677, 0.20255675407623677, 0.20255675407623677, 0.20255675407623677, 0.20255675407623677, 0.20255675407623677, 0.20255675407623677, 0.20255675407623677, 0.20255675407623677, 0.20255675407623677, 0.20255675407623677], [0.20033898306394438, 0.20035589414097696, 0.20059818582051459, 0.20059818582051459, 0.20059818582051459, 0.20059818582051459, 0.20059818582051459, 0.20059818582051459, 0.20059818582051459, 0.20059818582051459, 0.20059818582051459, 0.20059818582051459], [0.2012585816867051, 0.2035729169344889, 0.2035729169344889, 0.2035729169344889, 0.2035729169344889, 0.2035729169344889, 0.2035729169344889, 0.2035729169344889, 0.2035729169344889, 0.2035729169344889, 0.2035729169344889, 0.2035729169344889], [0.1999961402555682, 0.1999961402555682, 0.2027108273059702, 0.2027108273059702, 0.2027108273059702, 0.2027108273059702, 0.2027108273059702, 0.2027108273059702, 0.2027108273059702, 0.2027108273059702, 0.2031590860616772, 0.2031590860616772]]","[[1.0, 0.5, 0.25, 0.3333333333333333], [0.75, 0.25, 0.5, 0.6666666666666666], [0.75, 0.5, 0.25, 0.3333333333333333], [1.0, 0.5, 0.25, 0.6666666666666666], [1.0, 0.75, 0.25, 0.6666666666666666]]",1786.0493494999828,completada,
logistica,adasyn,grid,12.0,5.0,3.0,1.0,False,42.0,4,False,60.0,185.0,0.6434544736993935,0.0083548950679957,"[0.6476643885699223, 0.6414580796132654, 0.6306177111779689, 0.644505871023796, 0.6530263181120153]",0.1974305663148331,0.0110623464002475,"[0.2151639877612186, 0.187550666958682, 0.1933501382475118, 0.19036486051222035, 0.20072317809453294]",0.6391348642197354,0.0096064089746809,"[0.62746948534038, 0.6441872169099144, 0.6300257975209211, 0.6476879521862221, 0.6463038691412394]",0.1686932750364675,0.0051526958284483,"[0.1656092402798113, 0.17164816396242527, 0.161847789963443, 0.16928446771378708, 0.17507671326287078]",0.5517618848595599,0.0141940709377582,"[0.5624309392265193, 0.5549420209828824, 0.538121546961326, 0.5359116022099447, 0.567403314917127]",0.2583608076901525,0.0070286366214436,"[0.25587532989820283, 0.2621967127576311, 0.24885028104241186, 0.2572944297082228, 0.2675872850442939]",0.6010631895241574,0.0081673849675006,"[0.5991294145152761, 0.6053020364055341, 0.5899796117963627, 0.598981715197979, 0.6119231697056349]",0.2340767791481476,0.0051293868368469,"[0.23851189205607543, 0.2290361793217501, 0.2366257373622232, 0.23819320799535676, 0.22801687900533243]",2209.1510661001084,162.77270620007766,1.6396575000253506,36.81918443500181,2430.987231999985,2456.456826100009,"[{""modelo__C"": 0.001, ""modelo__penalty"": ""l1""}, {""modelo__C"": 0.01, ""modelo__penalty"": ""l1""}, {""modelo__C"": 0.001, ""modelo__penalty"": ""l1""}, {""modelo__C"": 0.001, ""modelo__penalty"": ""l1""}, {""modelo__C"": 0.01, ""modelo__penalty"": ""l1""}]","[[0.19427382905711213, 0.19427382905711213, 0.19427382905711213, 0.19427382905711213, 0.19427382905711213, 0.19427382905711213, 0.19427382905711213, 0.19427382905711213, 0.19427382905711213, 0.19427382905711213, 0.19427382905711213, 0.19427382905711213], [0.20151314475415258, 0.20151314475415258, 0.20225831321279344, 0.20225831321279344, 0.20225831321279344, 0.20225831321279344, 0.20225831321279344, 0.20225831321279344, 0.20225831321279344, 0.20225831321279344, 0.20225831321279344, 0.20225831321279344], [0.2013941638685173, 0.2013941638685173, 0.2013941638685173, 0.2013941638685173, 0.2013941638685173, 0.2013941638685173, 0.2013941638685173, 0.2013941638685173, 0.2013941638685173, 0.2013941638685173, 0.2013941638685173, 0.2013941638685173], [0.20315217411085504, 0.20315217411085504, 0.20315217411085504, 0.20315217411085504, 0.20315217411085504, 0.20315217411085504, 0.20315217411085504, 0.20315217411085504, 0.20315217411085504, 0.20315217411085504, 0.20315217411085504, 0.20315217411085504], [0.19866938256637692, 0.19866938256637692, 0.19945856656592356, 0.19945856656592356, 0.19945856656592356, 0.19945856656592356, 0.19945856656592356, 0.19945856656592356, 0.19945856656592356, 0.19945856656592356, 0.19945856656592356, 0.19945856656592356]]","[[], [], [], [], []]",2456.4584371999954,completada,
logistica,adasyn,random,12.0,5.0,3.0,1.0,False,42.0,4,False,60.0,185.0,0.6459854532040724,0.0049055800486582,"[0.6502963277948725, 0.6475490273908884, 0.6383763896991123, 0.6440395624827163, 0.6496659586527731]",0.1997796999841591,0.009795390435509,"[0.21579997768757667, 0.19598431676721614, 0.19492345082040127, 0.1905270364212537, 0.2016637182243481]",0.6381789069121918,0.0038748181440789,"[0.6319365798414496, 0.6394690488173125, 0.6380796577109419, 0.6388801509908776, 0.6425290972003774]",0.1686889088424986,0.0013573521839244,"[0.16809069996713769, 0.16992253283933983, 0.16672303009807238, 0.16874578556979097, 0.16996249573815206]",0.5541925800281277,0.0076084057494284,"[0.5651933701657459, 0.5571507454445058, 0.5447513812154696, 0.5530386740331492, 0.550828729281768]",0.258641519329684,0.0019863470152054,"[0.2591185410334346, 0.26042069944508967, 0.2553081305023304, 0.2585895117540687, 0.2597707139134966]",0.6015829116908439,0.0024529504046499,"[0.602853714335926, 0.6036019967904105, 0.5974129695965866, 0.6014749635696452, 0.6025709141616508]",0.2322380064320886,0.0043883199674434,"[0.22868088075467938, 0.23716296309310037, 0.2272804067334449, 0.23189981169318719, 0.23616596988603142]",2274.710251500015,191.8559572999948,1.899858899996616,37.91183752500025,2532.647849400004,2558.388769900019,"[{""modelo__C"": 0.03310300794756023, ""modelo__penalty"": ""l1""}, {""modelo__C"": 0.0009511995286995147, ""modelo__penalty"": ""l1""}, {""modelo__C"": 0.06494193771066208, ""modelo__penalty"": ""l1""}, {""modelo__C"": 0.004319351380936459, ""modelo__penalty"": ""l1""}, {""modelo__C"": 0.0011897078542477814, ""modelo__penalty"": ""l1""}]","[[0.18817585249309873, 0.18817585249309873, 0.18817585249309873, 0.18938649751895206, 0.18938649751895206, 0.1904410628341914, 0.1904410628341914, 0.1904410628341914, 0.1904410628341914, 0.1904410628341914, 0.1904410628341914, 0.1904410628341914], [0.19904023986282748, 0.20096362279996635, 0.20096362279996635, 0.20096362279996635, 0.20165310386906973, 0.20165310386906973, 0.20165310386906973, 0.20165310386906973, 0.20165310386906973, 0.20165310386906973, 0.20165310386906973, 0.20165310386906973], [0.1940939375225872, 0.1940939375225872, 0.1940939375225872, 0.1940939375225872, 0.1940939375225872, 0.19492388343129186, 0.19492388343129186, 0.19492388343129186, 0.19492388343129186, 0.19492388343129186, 0.19593135403398754, 0.19593135403398754], [0.19619556899564639, 0.2033150941851346, 0.2033150941851346, 0.2033150941851346, 0.2033150941851346, 0.2033150941851346, 0.2033150941851346, 0.2033150941851346, 0.2033150941851346, 0.2033150941851346, 0.2033150941851346, 0.2033150941851346], [0.1943339155053394, 0.19490475344715943, 0.19490475344715943, 0.19604076103618184, 0.19866934896498148, 0.19866934896498148, 0.19906001941413146, 0.19906001941413146, 0.19906001941413146, 0.19906001941413146, 0.19906001941413146, 0.19906001941413146]]","[[], [], [], [], []]",2558.3894628999988,completada,
logistica,adasyn,optuna,12.0,5.0,3.0,1.0,True,42.0,4,True,60.0,117.0,0.6456991108576776,0.0059795666057549,"[0.6474068375853795, 0.6416545282869821, 0.6388907043992933, 0.6460543032927549, 0.6544891807239785]",0.198665412158021,0.010444553710952,"[0.21463783425464433, 0.18898164239967538, 0.1959123604257938, 0.19083000875099226, 0.20296521495899977]",0.6395880775364444,0.0073145021354454,"[0.62746948534038, 0.6464519375943634, 0.6407223305857925, 0.6393834539163259, 0.6439131802453602]",0.1687023130236621,0.003004306052674,"[0.16517348102296792, 0.16941503211248046, 0.1664385904892234, 0.16964285714285715, 0.17284160435078177]",0.5509901736167253,0.0118124160345573,"[0.5602209944751381, 0.5389287686361126, 0.5375690607734807, 0.556353591160221, 0.561878453038674]",0.2582930056861791,0.0040914431700652,"[0.2551264309976098, 0.2577918647649234, 0.25417972831765934, 0.26000516395559, 0.26436184039511307]",0.6009827976486306,0.0048348471338,"[0.5981664472517696, 0.5996028294724759, 0.5957745183154487, 0.6032034196482681, 0.6081667735551908]",0.2329756742975125,0.0033788552425821,"[0.2379688653714341, 0.2334863878264016, 0.228710326331685, 0.2332263560502088, 0.2314864359078332]",3651.4503282999503,240.36093500000425,2.6068505000439472,60.85750547166584,3994.0604683999554,1414.4872371000238,"[{""modelo__C"": 0.0011069024728793508, ""modelo__penalty"": ""l1""}, {""modelo__C"": 0.00012545780010266675, ""modelo__penalty"": ""l2""}, {""modelo__C"": 0.0072289479978355055, ""modelo__penalty"": ""l1""}, {""modelo__C"": 0.0030248279358170748, ""modelo__penalty"": ""l1""}, {""modelo__C"": 0.003537377122853269, ""modelo__penalty"": ""l1""}]","[[0.1917488195869411, 0.1917488195869411, 0.1917488195869411, 0.1917488195869411, 0.1941706123672029, 0.1941706123672029, 0.1941706123672029, 0.1941706123672029, 0.1941706123672029, 0.1941706123672029, 0.1941706123672029, 0.1941706123672029], [0.19736662155865412, 0.19909322470024957, 0.19909322470024957, 0.19909322470024957, 0.2001721543245006, 0.2001721543245006, 0.2001721543245006, 0.2001721543245006, 0.2001721543245006, 0.2001721543245006, 0.2001721543245006, 0.2001721543245006], [0.19392628894021968, 0.1981410679301693, 0.1981410679301693, 0.1981410679301693, 0.1981410679301693, 0.1981410679301693, 0.1981410679301693, 0.1981410679301693, 0.19893043076535966, 0.19893043076535966, 0.19893043076535966, 0.19967815405350617], [0.19622690815647037, 0.19622690815647037, 0.20017856789239918, 0.20017856789239918, 0.2008742406797622, 0.2009386433338549, 0.2009386433338549, 0.20144483931055532, 0.20309434009834815, 0.20309434009834815, 0.20309434009834815, 0.20309434009834815], [0.19487877521830743, 0.19487877521830743, 0.19487877521830743, 0.20000592634066716, 0.20000592634066716, 0.20000592634066716, 0.20000592634066716, 0.20000592634066716, 0.20000592634066716, 0.20000592634066716, 0.20021942597228848, 0.20042305332406904]]","[[], [], [], [], []]",1414.4883393000346,completada,
logistica,adasyn,deap,12.0,5.0,3.0,1.0,False,42.0,4,False,60.0,185.0,0.6453526387510677,0.006760996490125,"[0.6508333974056215, 0.6406566819305444, 0.6368751478507648, 0.6453716484563925, 0.6530263181120153]",0.1976786723384855,0.0116575187408958,"[0.216414360218527, 0.1872102116037228, 0.1942284391721278, 0.1898171726035171, 0.20072317809453294]",0.6394119222908446,0.0051364400724483,"[0.6338240845602114, 0.6429290387518872, 0.6358145095324986, 0.6381881094683863, 0.6463038691412394]",0.1699682241936178,0.0030890999049153,"[0.16979578392621872, 0.16892239163954087, 0.1667225201072386, 0.16932371203222016, 0.17507671326287078]",0.5577298949635592,0.010900705127676,"[0.5696132596685083, 0.5444505797901712, 0.5497237569060773, 0.5574585635359116, 0.567403314917127]",0.2605282649104684,0.0044913539031677,"[0.26160872874904845, 0.25784518828451886, 0.25584983286191826, 0.25975028961256275, 0.2675872850442939]",0.6038201184760776,0.0053689826869303,"[0.6058446872043195, 0.6000208170516351, 0.5983014864910987, 0.6030104319277002, 0.6119231697056349]",0.2304454232947148,0.0036715317430492,"[0.2287731019375747, 0.23162730541924795, 0.22745693700289024, 0.23635289310852858, 0.22801687900533243]",2018.3273631000773,192.2325652000145,1.8587092000525445,33.63878938500129,2281.043884899933,2313.1797727000085,"[{""modelo__C"": 0.025118864315095822, ""modelo__penalty"": ""l1""}, {""modelo__C"": 0.00025118864315095795, ""modelo__penalty"": ""l2""}, {""modelo__C"": 0.15848931924611143, ""modelo__penalty"": ""l2""}, {""modelo__C"": 0.001584893192461114, ""modelo__penalty"": ""l1""}, {""modelo__C"": 0.01, ""modelo__penalty"": ""l1""}]","[[0.18817449027586206, 0.19084382470568054, 0.19084382470568054, 0.19084382470568054, 0.19084382470568054, 0.19084382470568054, 0.19084382470568054, 0.19084382470568054, 0.19084382470568054, 0.19084382470568054, 0.19084382470568054, 0.19084382470568054], [0.1975533710454057, 0.1975533710454057, 0.1975533710454057, 0.19955068473636717, 0.19955068473636717, 0.19955068473636717, 0.19955068473636717, 0.19955068473636717, 0.19955068473636717, 0.19955068473636717, 0.19955068473636717, 0.19955068473636717], [0.19392461240130188, 0.19394378346095922, 0.19418764477245842, 0.19418764477245842, 0.19418764477245842, 0.19418764477245842, 0.19418764477245842, 0.19418764477245842, 0.19418764477245842, 0.19418764477245842, 0.19418764477245842, 0.19418764477245842], [0.19644032590927482, 0.2020051771440067, 0.2020051771440067, 0.2020051771440067, 0.2020051771440067, 0.2020051771440067, 0.2020051771440067, 0.2020051771440067, 0.2020051771440067, 0.2020051771440067, 0.2020051771440067, 0.2020051771440067], [0.19757630998105435, 0.19757630998105435, 0.19806260536892376, 0.19806260536892376, 0.19806260536892376, 0.19806260536892376, 0.19806260536892376, 0.19806260536892376, 0.19806260536892376, 0.19806260536892376, 0.19945856656592356, 0.19945856656592356]]","[[1.0, 0.5, 0.25, 0.3333333333333333], [0.75, 0.25, 0.5, 1.0], [0.75, 0.5, 0.25, 0.3333333333333333], [1.0, 0.5, 0.25, 0.6666666666666666], [1.0, 0.75, 0.25, 0.6666666666666666]]",2313.181281200028,completada,
logistica,class_weight,grid,12.0,5.0,3.0,1.0,False,42.0,4,False,60.0,185.0,0.6634278017878832,0.0064515522263301,"[0.6704501875879686, 0.6607407459678722, 0.6539617728047176, 0.6640973411234474, 0.6678889614554099]",0.2100800018369823,0.0117196142567956,"[0.23000326134835675, 0.20050118286005067, 0.20569933605387242, 0.20365327386875418, 0.21054295505387755]",0.6606014837624109,0.0050749133447703,"[0.6535170504592929, 0.6643809763462506, 0.6568929717485685, 0.6644227744573765, 0.6637936458005662]",0.1798832109674589,0.0031882992156024,"[0.1796915612545486, 0.18056562726613487, 0.17455779882079686, 0.18206423673763983, 0.18253683075817465]",0.5562928207302824,0.0124104846087701,"[0.5729281767955801, 0.5499723909442297, 0.5397790055248619, 0.5574585635359116, 0.5613259668508287]",0.2718451115024124,0.0046874177184448,"[0.2735786835509827, 0.27187116145762247, 0.26380450924800863, 0.27448313384113165, 0.2754880694143167]",0.6151503703487811,0.0054832050618982,"[0.6184010381279803, 0.6145318113755582, 0.6058619518144795, 0.6178134138233339, 0.6191436366025531]",0.2265868171012008,0.0007434892127882,"[0.2275908865966723, 0.2261269320374098, 0.22649980748426937, 0.22702132091509125, 0.2256951384725617]",1399.1321740000276,50.571279100026,1.8485557999229056,23.318869566667125,1521.9016737000202,1553.037240100035,"[{""modelo__C"": 0.1, ""modelo__penalty"": ""l1""}, {""modelo__C"": 0.1, ""modelo__penalty"": ""l1""}, {""modelo__C"": 0.1, ""modelo__penalty"": ""l1""}, {""modelo__C"": 0.1, ""modelo__penalty"": ""l1""}, {""modelo__C"": 0.1, ""modelo__penalty"": ""l1""}]","[[0.1881850860115677, 0.19943002799857348, 0.2009780638654053, 0.2025661200168937, 0.2034507380063181, 0.2034507380063181, 0.2034507380063181, 0.2034507380063181, 0.2034507380063181, 0.2034507380063181, 0.2034507380063181, 0.2034507380063181], [0.18992960680418902, 0.20799767486711895, 0.21028477110637692, 0.2126105289136383, 0.21337472957680922, 0.21337472957680922, 0.21337472957680922, 0.21337472957680922, 0.21337472957680922, 0.21337472957680922, 0.21337472957680922, 0.21337472957680922], [0.19217337583040658, 0.2068246157859358, 0.2087179011067437, 0.21003673739026382, 0.21083681981058833, 0.21083681981058833, 0.21083681981058833, 0.21083681981058833, 0.21083681981058833, 0.21083681981058833, 0.21083681981058833, 0.21083681981058833], [0.19112953445258365, 0.20797714976511195, 0.21112840268065347, 0.211257904184564, 0.21228434591208023, 0.21228434591208023, 0.21228434591208023, 0.21228434591208023, 0.21228434591208023, 0.21228434591208023, 0.21228434591208023, 0.21228434591208023], [0.18856375182998977, 0.2053498154919131, 0.2070251878870781, 0.20893366570201258, 0.21008730235754705, 0.21008730235754705, 0.21008730235754705, 0.21008730235754705, 0.21008730235754705, 0.21008730235754705, 0.21008730235754705, 0.21008730235754705]]","[[], [], [], [], []]",1553.037405800016,completada,
logistica,class_weight,random,12.0,5.0,3.0,1.0,False,42.0,4,False,60.0,185.0,0.6638721619334907,0.0066630427165312,"[0.6713040619738555, 0.6610889905435309, 0.6544076299036925, 0.6636885366470737, 0.6688715905993013]",0.2105452971463584,0.0118855874804503,"[0.23076244387286032, 0.2012120332314199, 0.2056221957920013, 0.20387549337369304, 0.21125431946181739]",0.6611676971846497,0.0052611287831161,"[0.6537687177551277, 0.6670860593860091, 0.6580255458377903, 0.6630386914123938, 0.6639194715319283]",0.1796261266518076,0.002552893719522,"[0.1791485664639444, 0.18128547885002746, 0.1753537524628336, 0.18100035984166968, 0.18134247564056297]",0.5536412531155522,0.0108840394455858,"[0.5696132596685083, 0.5466593042517945, 0.5408839779005525, 0.5558011049723757, 0.5552486187845304]",0.2712322287908364,0.0035966874026078,"[0.272571050892267, 0.2722772277227723, 0.26484512376572433, 0.2730727470141151, 0.2733949945593036]",0.6143144905688828,0.0042027862786544,"[0.6170985923449046, 0.6146147071489715, 0.6069824987848286, 0.6163102081482397, 0.6165664464174693]",0.2267682970063696,0.0006618061676849,"[0.22771834117359518, 0.22662267563243074, 0.22654440730935682, 0.22703008307155575, 0.22592597784490998]",981.718959899852,41.3200785999652,1.9381167000392447,16.361982664997534,1095.1566551000578,1125.1617770000012,"[{""modelo__C"": 0.05083798422236118, ""modelo__penalty"": ""l1""}, {""modelo__C"": 0.027203473880223986, ""modelo__penalty"": ""l1""}, {""modelo__C"": 0.06494193771066208, ""modelo__penalty"": ""l1""}, {""modelo__C"": 0.5383973250319642, ""modelo__penalty"": ""l1""}, {""modelo__C"": 0.04000710048768882, ""modelo__penalty"": ""l1""}]","[[0.2026696871200638, 0.2026696871200638, 0.2026696871200638, 0.2026696871200638, 0.2026696871200638, 0.2032333317844063, 0.2035094126777112, 0.2035094126777112, 0.2035094126777112, 0.2035094126777112, 0.2035094126777112, 0.2035094126777112], [0.20669867921175003, 0.2132240545185179, 0.2132240545185179, 0.2132240545185179, 0.2132240545185179, 0.2132240545185179, 0.2132240545185179, 0.2132240545185179, 0.2132240545185179, 0.2132240545185179, 0.2132240545185179, 0.2132240545185179], [0.20953089932707433, 0.20953089932707433, 0.20953089932707433, 0.20953089932707433, 0.20953089932707433, 0.21010181043070197, 0.21010181043070197, 0.21010181043070197, 0.21010181043070197, 0.21010181043070197, 0.21104365637598665, 0.21104365637598665], [0.2104490990698299, 0.2104490990698299, 0.21097197208533613, 0.21097197208533613, 0.21097197208533613, 0.21097197208533613, 0.21097197208533613, 0.21097197208533613, 0.21097197208533613, 0.21097197208533613, 0.21097197208533613, 0.21097197208533613], [0.20829634667969174, 0.20881396834773827, 0.20881396834773827, 0.20881396834773827, 0.20881396834773827, 0.20881396834773827, 0.20881396834773827, 0.20881396834773827, 0.20881396834773827, 0.20881396834773827, 0.21047022649483374, 0.21047022649483374]]","[[], [], [], [], []]",1125.162730899989,completada,
logistica,class_weight,optuna,12.0,5.0,3.0,1.0,True,42.0,4,True,60.0,109.0,0.6635246316449476,0.0061533427768605,"[0.6705667730005131, 0.6607803022863278, 0.6545627089280873, 0.664604012340231, 0.667109361669579]",0.2097188176762086,0.0113580185553207,"[0.22887991894802792, 0.20010717589450203, 0.20554072341254834, 0.20352566956427273, 0.21054060056169216]",0.6598465586644978,0.0047178818509453,"[0.6525732980999119, 0.662871162556618, 0.6577738627068521, 0.6641711229946524, 0.6618433469644542]",0.1800594479742512,0.0026830866305945,"[0.18033069238718566, 0.18059056535830031, 0.17546056161688428, 0.18216216216216216, 0.1817532583467238]",0.5590548245680936,0.0132890284608002,"[0.5784530386740332, 0.5538376587520707, 0.541988950276243, 0.5585635359116022, 0.5624309392265193]",0.2723742245224406,0.0042018427347495,"[0.27494747899159666, 0.2723693143245078, 0.2650993109039319, 0.2747282608695652, 0.27472675752260156]",0.6159278908696608,0.0051229736099911,"[0.6202759371160567, 0.6153639837956306, 0.607321962179235, 0.6181529074659182, 0.6185246637914634]",0.2266893898373344,0.000708060152051,"[0.22766542300605763, 0.2262447355650462, 0.2265802788795517, 0.22709225026548388, 0.22586426147053257]",1609.8945938000688,43.85674880002625,2.3279229999752715,26.83157656333448,1755.5040466000792,604.233052800002,"[{""modelo__C"": 0.025277984585181292, ""modelo__penalty"": ""l2""}, {""modelo__C"": 0.014554758960454807, ""modelo__penalty"": ""l2""}, {""modelo__C"": 0.05443599061458911, ""modelo__penalty"": ""l1""}, {""modelo__C"": 0.05370608731190936, ""modelo__penalty"": ""l1""}, {""modelo__C"": 0.01753370585727018, ""modelo__penalty"": ""l2""}]","[[0.17092450571665788, 0.20125226765364224, 0.20125226765364224, 0.20125226765364224, 0.20125226765364224, 0.2016577764375526, 0.2016577764375526, 0.20277670278991974, 0.20277670278991974, 0.20277670278991974, 0.20277670278991974, 0.20277670278991974], [0.21199748057259182, 0.21277729978573037, 0.21277729978573037, 0.21277729978573037, 0.21277729978573037, 0.21277729978573037, 0.21277729978573037, 0.21277729978573037, 0.21277729978573037, 0.21277729978573037, 0.21277729978573037, 0.21277729978573037], [0.20930420964746368, 0.20930420964746368, 0.20930420964746368, 0.20962516850958576, 0.20962516850958576, 0.21108703240011026, 0.21108703240011026, 0.21108703240011026, 0.21108703240011026, 0.21108703240011026, 0.21108703240011026, 0.21108703240011026], [0.21049475255218617, 0.21049475255218617, 0.21049475255218617, 0.21292714014445416, 0.21292714014445416, 0.21292714014445416, 0.21292714014445416, 0.21292714014445416, 0.21292714014445416, 0.21292714014445416, 0.21292714014445416, 0.21292714014445416], [0.18445095667934552, 0.20901206501941286, 0.20901206501941286, 0.20901206501941286, 0.20901206501941286, 0.20901206501941286, 0.2090451727305557, 0.2090451727305557, 0.2090451727305557, 0.2090451727305557, 0.2090451727305557, 0.2090451727305557]]","[[], [], [], [], []]",604.2333339999896,completada,
logistica,class_weight,deap,12.0,5.0,3.0,1.0,False,42.0,4,False,60.0,185.0,0.6631913064504538,0.0078792403667289,"[0.6718304615872248, 0.6598395362070665, 0.6517310750040309, 0.6638209607415122, 0.6687344987124346]",0.2102938094911368,0.0124331851935398,"[0.23121155896623985, 0.1997312301374922, 0.20529312586501441, 0.20375172789113843, 0.21148140459579912]",0.6605008128847036,0.0056433208319321,"[0.6523845476280358, 0.6638147961751384, 0.6567671301830995, 0.6644856873230576, 0.6650519031141868]",0.1798221007467709,0.0031779885124617,"[0.1784663320062316, 0.18142470694319207, 0.17484388938447815, 0.1820970943872947, 0.18227848101265823]",0.5561817133478344,0.0100057050427893,"[0.5696132596685083, 0.5554942020982883, 0.5414364640883977, 0.5574585635359116, 0.5569060773480663]",0.2717615661114511,0.0043109542510274,"[0.27178067747462764, 0.27351821642196844, 0.2643290627107215, 0.2745204734049789, 0.27465940054495913]",0.6150451073064271,0.0048233391166545,"[0.6163175642278923, 0.6166182405592613, 0.606513162101715, 0.6178489125808774, 0.6179276570623895]",0.2268660272610606,0.0008681483094976,"[0.22829014879425555, 0.2261036681117596, 0.22659296662916145, 0.2270289617756175, 0.22631439099450917]",743.3521754000103,68.65648890001466,1.4450480000232346,12.389202923333505,862.6614053999656,884.6635956999962,"[{""modelo__C"": 0.025118864315095822, ""modelo__penalty"": ""l1""}, {""modelo__C"": 1.0, ""modelo__penalty"": ""l1""}, {""modelo__C"": 0.15848931924611143, ""modelo__penalty"": ""l2""}, {""modelo__C"": 0.15848931924611143, ""modelo__penalty"": ""l1""}, {""modelo__C"": 0.025118864315095822, ""modelo__penalty"": ""l1""}]","[[0.2026140786257523, 0.2029754452180342, 0.2029754452180342, 0.2029754452180342, 0.2029754452180342, 0.2029754452180342, 0.2029754452180342, 0.2029754452180342, 0.2029754452180342, 0.2029754452180342, 0.2029754452180342, 0.2029754452180342], [0.21221399591698775, 0.21221399591698775, 0.21221399591698775, 0.21221399591698775, 0.21221399591698775, 0.21221399591698775, 0.21221399591698775, 0.21221399591698775, 0.21221399591698775, 0.21221399591698775, 0.21221399591698775, 0.21221399591698775], [0.2093027968672747, 0.20932029373468045, 0.20962013858593428, 0.20962013858593428, 0.20962013858593428, 0.20962013858593428, 0.20962013858593428, 0.20962013858593428, 0.20962013858593428, 0.20962013858593428, 0.20962013858593428, 0.20962013858593428], [0.21072967740043422, 0.21072967740043422, 0.21178128712405905, 0.21178128712405905, 0.21178128712405905, 0.21178128712405905, 0.21178128712405905, 0.21178128712405905, 0.21178128712405905, 0.21178128712405905, 0.21178128712405905, 0.21178128712405905], [0.202873438018195, 0.20862515023377573, 0.21017821571727857, 0.21017821571727857, 0.21017821571727857, 0.21017821571727857, 0.21017821571727857, 0.21017821571727857, 0.21017821571727857, 0.21017821571727857, 0.21017821571727857, 0.21017821571727857]]","[[1.0, 0.5, 0.25, 0.3333333333333333], [0.75, 0.25, 0.5, 0.6666666666666666], [0.75, 0.5, 0.25, 0.3333333333333333], [1.0, 0.25, 0.25, 0.6666666666666666], [1.0, 0.75, 0.25, 0.6666666666666666]]",884.6637848000391,completada,
arbol,ninguno,grid,12.0,5.0,3.0,1.0,False,42.0,4,False,60.0,185.0,0.6522346276059151,0.0063664355462914,"[0.6582132108689616, 0.6461544417452844, 0.6447581092834391, 0.6544742359431786, 0.6575731401887122]",0.203430064009486,0.0106489196906081,"[0.22075190702116307, 0.19786673623426687, 0.1942360286409139, 0.1979775401405197, 0.2063181080105668]",0.8858605986768241,0.0004944624912776,"[0.8864980495784572, 0.8861348766985405, 0.8853583338576732, 0.8859389745202894, 0.8853727587291601]",0.4480645292529967,0.0860478860254941,"[0.546875, 0.5098039215686274, 0.34210526315789475, 0.46153846153846156, 0.38]",0.0122636069934806,0.0047098520259798,"[0.019337016574585635, 0.01435670900055218, 0.0071823204419889505, 0.009944751381215469, 0.010497237569060774]",0.0238499141396633,0.0090208439790966,"[0.03735325506937033, 0.027926960257787327, 0.01406926406926407, 0.019469983775013522, 0.02043010752688172]",0.5052016962233713,0.0023077055529781,"[0.5086389712239585, 0.5062908855616889, 0.5027035652483324, 0.5042269017821945, 0.5041481573006823]",0.0974370048902164,0.000674669722893,"[0.09643313426091003, 0.09798372675947256, 0.09803379374085182, 0.09763935141851038, 0.09709501827133767]",264.0341241999413,28.11861649999628,1.4392036000499502,4.400568736665688,343.21431430004304,365.56665579997934,"[{""modelo__criterion"": ""entropy"", ""modelo__max_depth"": 8, ""modelo__min_samples_leaf"": 100}, {""modelo__criterion"": ""gini"", ""modelo__max_depth"": 8, ""modelo__min_samples_leaf"": 100}, {""modelo__criterion"": ""entropy"", ""modelo__max_depth"": 8, ""modelo__min_samples_leaf"": 100}, {""modelo__criterion"": ""gini"", ""modelo__max_depth"": 8, ""modelo__min_samples_leaf"": 100}, {""modelo__criterion"": ""entropy"", ""modelo__max_depth"": 8, ""modelo__min_samples_leaf"": 100}]","[[0.1850474797481724, 0.18672433552153445, 0.19151337778501407, 0.19651959069353475, 0.19651959069353475, 0.19651959069353475, 0.19651959069353475, 0.19651959069353475, 0.19651959069353475, 0.1967741131036057, 0.1967741131036057, 0.1967741131036057], [0.1916396126460341, 0.1942767580525877, 0.1969703000191295, 0.20245766052480318, 0.20245766052480318, 0.20245766052480318, 0.20245766052480318, 0.20245766052480318, 0.20245766052480318, 0.20245766052480318, 0.20245766052480318, 0.20245766052480318], [0.19024019544332438, 0.1934622578413936, 0.1934622578413936, 0.1991782784031152, 0.1991782784031152, 0.1991782784031152, 0.1991782784031152, 0.1991782784031152, 0.1991782784031152, 0.19973524885186944, 0.19973524885186944, 0.19973524885186944], [0.19191233140474853, 0.19318389457470975, 0.19958337657119293, 0.2020471475023118, 0.2020471475023118, 0.2020471475023118, 0.2020471475023118, 0.2020471475023118, 0.2020471475023118, 0.2020471475023118, 0.2020471475023118, 0.2020471475023118], [0.19273130416076287, 0.19393951466066273, 0.19994069217875202, 0.2022645765242622, 0.2022645765242622, 0.2022645765242622, 0.2022645765242622, 0.2022645765242622, 0.2022645765242622, 0.20302118689840554, 0.20302118689840554, 0.20302118689840554]]","[[], [], [], [], []]",365.5676309000119,completada,
arbol,ninguno,random,12.0,5.0,3.0,1.0,False,42.0,4,False,60.0,185.0,0.651474917279566,0.004569828560617,"[0.6555335704792555, 0.650394808517428, 0.6447222524080796, 0.6507955055827189, 0.655928449410348]",0.2006551737137683,0.010817522977617,"[0.21664736073360102, 0.1989489554465595, 0.18784009908487342, 0.19522365997186833, 0.20461579333193905]",0.8857725262076549,0.0004845094337438,"[0.8852397130992827, 0.8860719677906391, 0.8861763040332222, 0.8861277131173325, 0.885246932997798]",0.2890801457194899,0.2740019897819681,"[0.4426229508196721, 0.0, 0.6, 0.0, 0.4027777777777778]",0.0095027624309392,0.0132100822367727,"[0.02983425414364641, 0.0, 0.0016574585635359116, 0.0, 0.016022099447513812]",0.0180049369338368,0.0248227978475681,"[0.055900621118012424, 0.0, 0.003305785123966942, 0.0, 0.030818278427205102]",0.5039490729996073,0.0054994169175969,"[0.5125030401646946, 0.5, 0.5007577216839549, 0.5, 0.506484603149387]",0.0973931811715025,0.0003511661986828,"[0.0970087261680146, 0.0976479887593798, 0.09756717107863333, 0.097724055690327, 0.09701796416115775]",267.78247649996774,27.78052030003164,1.3697518999688327,4.463041274999463,345.5141642000526,368.1529319999973,"[{""modelo__max_depth"": 7, ""modelo__min_samples_leaf"": 6, ""modelo__criterion"": ""gini"", ""modelo__ccp_alpha"": 1.2882432460467866e-05}, {""modelo__max_depth"": 23, ""modelo__min_samples_leaf"": 378, ""modelo__criterion"": ""entropy"", ""modelo__ccp_alpha"": 1.1402600385302294e-05}, {""modelo__max_depth"": 10, ""modelo__min_samples_leaf"": 3, ""modelo__criterion"": ""entropy"", ""modelo__ccp_alpha"": 0.00035370019600000646}, {""modelo__max_depth"": 9, ""modelo__min_samples_leaf"": 332, ""modelo__criterion"": ""entropy"", ""modelo__ccp_alpha"": 2.659095497716129e-07}, {""modelo__max_depth"": 29, ""modelo__min_samples_leaf"": 165, ""modelo__criterion"": ""entropy"", ""modelo__ccp_alpha"": 0.00011332982700648891}]","[[0.15287216857014452, 0.18867736815822844, 0.18867736815822844, 0.18867736815822844, 0.19304534638833112, 0.19304534638833112, 0.19304534638833112, 0.19304534638833112, 0.19304534638833112, 0.19304534638833112, 0.19304534638833112, 0.19304534638833112], [0.15180668499907987, 0.1664205600886516, 0.1702667393430024, 0.20235409820105052, 0.20235409820105052, 0.20235409820105052, 0.20235409820105052, 0.20235409820105052, 0.20235409820105052, 0.20235409820105052, 0.20235409820105052, 0.20235409820105052], [0.18490769565910345, 0.18490769565910345, 0.18490769565910345, 0.18490769565910345, 0.18490769565910345, 0.18490769565910345, 0.18490769565910345, 0.19711730252426476, 0.19711730252426476, 0.19711730252426476, 0.1982753179425987, 0.1982753179425987], [0.15299541115003176, 0.2019348508866964, 0.2019348508866964, 0.2019348508866964, 0.2019348508866964, 0.2019348508866964, 0.2019348508866964, 0.2019348508866964, 0.2019348508866964, 0.2019348508866964, 0.2019348508866964, 0.2019348508866964], [0.19412240576365528, 0.19434045675259562, 0.20042787731679024, 0.20042787731679024, 0.20145506850324066, 0.20145506850324066, 0.20145506850324066, 0.20145506850324066, 0.20145506850324066, 0.20145506850324066, 0.20145506850324066, 0.20145506850324066]]","[[], [], [], [], []]",368.1549047000008,completada,
arbol,ninguno,optuna,12.0,5.0,3.0,1.0,True,42.0,4,True,60.0,107.0,0.6485684376800382,0.0073111035116937,"[0.6568000050211752, 0.6464335509714918, 0.6422743929733078, 0.641530663277614, 0.6558035761566026]",0.2005137862052055,0.0104924122026069,"[0.2166525437356442, 0.1968160140880047, 0.19311498180333553, 0.19096504528107489, 0.20502034611796832]",0.8859864489512015,0.0005119928884701,"[0.8861205486347049, 0.8860719677906391, 0.8864909079468949, 0.8861277131173325, 0.885121107266436]",0.225079365079365,0.326309984672939,"[0.0, 0.0, 0.7142857142857143, 0.0, 0.4111111111111111]",0.0051933701657458,0.0088535803863028,"[0.0, 0.0, 0.0055248618784530384, 0.0, 0.020441988950276244]",0.0099824561403508,0.0168736455402985,"[0.0, 0.0, 0.010964912280701754, 0.0, 0.03894736842105263]",0.5021919952137868,0.0036190685957461,"[0.5, 0.5, 0.5026204157436006, 0.5, 0.5083395603253333]",0.0974736655647036,0.0006473299900217,"[0.09673302784941928, 0.09782999811674467, 0.09741890337675244, 0.09836448099348258, 0.0970219174871195]",543.1404206000152,35.39618599991081,1.901731199992355,9.052340343333588,643.5059787000064,256.95248869998613,"[{""modelo__max_depth"": 9, ""modelo__min_samples_leaf"": 253, ""modelo__criterion"": ""entropy"", ""modelo__ccp_alpha"": 8.791368789130448e-07}, {""modelo__max_depth"": 29, ""modelo__min_samples_leaf"": 338, ""modelo__criterion"": ""gini"", ""modelo__ccp_alpha"": 1.1725302629539466e-06}, {""modelo__max_depth"": 15, ""modelo__min_samples_leaf"": 1, ""modelo__criterion"": ""gini"", ""modelo__ccp_alpha"": 0.0001370750501741405}, {""modelo__max_depth"": 18, ""modelo__min_samples_leaf"": 251, ""modelo__criterion"": ""gini"", ""modelo__ccp_alpha"": 1.2353535996517817e-07}, {""modelo__max_depth"": 9, ""modelo__min_samples_leaf"": 1, ""modelo__criterion"": ""entropy"", ""modelo__ccp_alpha"": 0.0001600583697174065}]","[[0.19203588622905965, 0.19203588622905965, 0.19203588622905965, 0.19203588622905965, 0.19941228131062672, 0.19941228131062672, 0.19941228131062672, 0.19941228131062672, 0.19941228131062672, 0.19941228131062672, 0.19941228131062672, 0.19941228131062672], [0.13146778682240723, 0.199449736144006, 0.199449736144006, 0.202427577167997, 0.202427577167997, 0.202427577167997, 0.202427577167997, 0.202427577167997, 0.202427577167997, 0.202427577167997, 0.202427577167997, 0.202427577167997], [0.17341071355052465, 0.20057074764189967, 0.20057074764189967, 0.20057074764189967, 0.20057074764189967, 0.20057074764189967, 0.20057074764189967, 0.20057074764189967, 0.20057074764189967, 0.20057074764189967, 0.20057074764189967, 0.20057074764189967], [0.18070609317797506, 0.18070609317797506, 0.18070609317797506, 0.19826299586267374, 0.19826299586267374, 0.19826299586267374, 0.19932776157378432, 0.19932776157378432, 0.19932776157378432, 0.19932776157378432, 0.19932776157378432, 0.19932776157378432], [0.18007958762081602, 0.18600036219912744, 0.20132806368718206, 0.20132806368718206, 0.20132806368718206, 0.20132806368718206, 0.20132806368718206, 0.20132806368718206, 0.20132806368718206, 0.20132806368718206, 0.20132806368718206, 0.20132806368718206]]","[[], [], [], [], []]",256.95410849998007,completada,
arbol,ninguno,deap,12.0,5.0,3.0,1.0,False,42.0,4,False,60.0,185.0,0.6379158307616203,0.0128025770119346,"[0.6442203527061781, 0.6189661962052201, 0.6428481618251386, 0.6518399143322802, 0.6317045287392842]",0.1919253108067489,0.0166744910286226,"[0.2109761759914107, 0.16502627451485455, 0.19372026004648638, 0.19638691238086134, 0.19351693110013188]",0.8854327618972446,0.0009529305948902,"[0.8861205486347049, 0.8860719677906391, 0.8843516013339205, 0.8861906259830136, 0.8844290657439446]",0.253900081489375,0.2396429541248852,"[0.0, 0.0, 0.3372093023255814, 0.5094339622641509, 0.4228571428571429]",0.0143646408839779,0.0167258292853266,"[0.0, 0.0, 0.016022099447513812, 0.014917127071823204, 0.04088397790055249]",0.0268270837001229,0.0305637159027418,"[0.0, 0.0, 0.03059071729957806, 0.028985507246376812, 0.07455919395465994]",0.5058759086928506,0.0068934045861414,"[0.5, 0.5, 0.5059873331860874, 0.5065355958397809, 0.5168566144383842]",0.0981003459323414,0.0008852211919052,"[0.09764173004859808, 0.0982838393470252, 0.09794769897629814, 0.0971361658252369, 0.09949229546454906]",343.13758230005624,28.951088699977845,1.4451729000429625,5.7189597050009375,423.69052519998513,445.9339280999848,"[{""modelo__max_depth"": 26, ""modelo__min_samples_leaf"": 144, ""modelo__criterion"": ""gini"", ""modelo__ccp_alpha"": 2.1544346900318822e-06}, {""modelo__max_depth"": 2, ""modelo__min_samples_leaf"": 3, ""modelo__criterion"": ""gini"", ""modelo__ccp_alpha"": 4.641588833612773e-06}, {""modelo__max_depth"": 19, ""modelo__min_samples_leaf"": 95, ""modelo__criterion"": ""entropy"", ""modelo__ccp_alpha"": 0.0001}, {""modelo__max_depth"": 17, ""modelo__min_samples_leaf"": 8, ""modelo__criterion"": ""gini"", ""modelo__ccp_alpha"": 0.0001}, {""modelo__max_depth"": 13, ""modelo__min_samples_leaf"": 42, ""modelo__criterion"": ""gini"", ""modelo__ccp_alpha"": 2.1544346900318822e-07}]","[[0.18741778533966377, 0.18741778533966377, 0.18741778533966377, 0.19546666561178638, 0.19546666561178638, 0.19546666561178638, 0.19546666561178638, 0.19546666561178638, 0.19546666561178638, 0.19546666561178638, 0.19546666561178638, 0.19546666561178638], [0.13935759888641186, 0.13935759888641186, 0.16392292860805985, 0.1702667393430024, 0.1702667393430024, 0.1702667393430024, 0.1702667393430024, 0.1702667393430024, 0.1702667393430024, 0.1702667393430024, 0.1702667393430024, 0.1702667393430024], [0.18148448225621164, 0.18206879616934799, 0.18206879616934799, 0.20219544838640532, 0.20219544838640532, 0.20317963462268984, 0.20317963462268984, 0.20317963462268984, 0.20317963462268984, 0.20317963462268984, 0.20317963462268984, 0.20317963462268984], [0.2021231619693673, 0.20216768205451216, 0.20216768205451216, 0.20216768205451216, 0.20216768205451216, 0.20216768205451216, 0.20216768205451216, 0.20216768205451216, 0.20216768205451216, 0.20216768205451216, 0.20216768205451216, 0.20216768205451216], [0.18007958762081602, 0.18596088480120074, 0.1906197717709164, 0.1906197717709164, 0.1906197717709164, 0.19142361432169722, 0.19142361432169722, 0.19142361432169722, 0.19142361432169722, 0.19142361432169722, 0.19142361432169722, 0.19142361432169722]]","[[1.0, 0.75, 0.5, 0.3333333333333333], [1.0, 0.25, 0.25, 0.6666666666666666], [1.0, 1.0, 0.25, 0.6666666666666666], [1.0, 0.75, 0.5, 0.6666666666666666], [1.0, 0.75, 0.5, 0.3333333333333333]]",445.934200699965,completada,
arbol,smote,grid,12.0,5.0,3.0,1.0,False,42.0,4,False,60.0,185.0,0.6280092727064436,0.0061869845645421,"[0.6336014104795066, 0.6262799791515855, 0.6210828423282175, 0.6237884823202459, 0.6352936492526627]",0.1853721123409298,0.0090141340992924,"[0.2001808151384625, 0.18300157070682993, 0.17810283053112688, 0.1786706231660563, 0.18690472216217371]",0.8383855969616129,0.02217997602293,"[0.8203095507738769, 0.8392048314041268, 0.857106902409866, 0.8122680088078011, 0.8630386914123939]",0.2468644149601627,0.0267223684672487,"[0.23612512613521694, 0.2382290934645116, 0.24698133918770582, 0.22127255460588793, 0.2917139614074915]",0.1939019680223068,0.0628563954619044,"[0.2585635359116022, 0.1871893981225842, 0.12430939226519337, 0.2574585635359116, 0.1419889502762431]",0.2101736661866594,0.0335125037145402,"[0.2468354430379747, 0.20964749536178107, 0.16538037486218302, 0.2379979570990807, 0.19100706057227795]",0.5575601077577341,0.0155178717551284,"[0.5755328329941425, 0.5551140458841534, 0.5377990900827494, 0.5705113193966388, 0.5488432504309863]",0.1383437771477071,0.0020800550801504,"[0.1395272423652964, 0.1349335217678521, 0.1382420995661153, 0.1386262895440343, 0.1403897324952374]",347.1729518001084,39.28979660006007,1.3944138999213465,5.786215863335141,436.603124599962,459.1510185999796,"[{""modelo__criterion"": ""entropy"", ""modelo__max_depth"": 8, ""modelo__min_samples_leaf"": 20}, {""modelo__criterion"": ""gini"", ""modelo__max_depth"": 8, ""modelo__min_samples_leaf"": 20}, {""modelo__criterion"": ""gini"", ""modelo__max_depth"": 8, ""modelo__min_samples_leaf"": 20}, {""modelo__criterion"": ""gini"", ""modelo__max_depth"": 8, ""modelo__min_samples_leaf"": 20}, {""modelo__criterion"": ""entropy"", ""modelo__max_depth"": 8, ""modelo__min_samples_leaf"": 20}]","[[0.16944857949717393, 0.16944857949717393, 0.1794409659198605, 0.1794409659198605, 0.1794409659198605, 0.1794409659198605, 0.1794409659198605, 0.1794409659198605, 0.17960623571797765, 0.17960623571797765, 0.17960623571797765, 0.17960623571797765], [0.1749529755988708, 0.1749529755988708, 0.18848863946490538, 0.18848863946490538, 0.18848863946490538, 0.18848863946490538, 0.18848863946490538, 0.18848863946490538, 0.18848863946490538, 0.18848863946490538, 0.18848863946490538, 0.18848863946490538], [0.1737232652158666, 0.1737232652158666, 0.1835925256220492, 0.1835925256220492, 0.1835925256220492, 0.1835925256220492, 0.1835925256220492, 0.1835925256220492, 0.1835925256220492, 0.1835925256220492, 0.1835925256220492, 0.1835925256220492], [0.17469512251769825, 0.17469512251769825, 0.18740643110900804, 0.18740643110900804, 0.18740643110900804, 0.18740643110900804, 0.18740643110900804, 0.18740643110900804, 0.18740643110900804, 0.18740643110900804, 0.18740643110900804, 0.18740643110900804], [0.17293314875074836, 0.17293314875074836, 0.1817050635473795, 0.1817050635473795, 0.1817050635473795, 0.1817050635473795, 0.1817050635473795, 0.1817050635473795, 0.18255807740198718, 0.18255807740198718, 0.18255807740198718, 0.18255807740198718]]","[[], [], [], [], []]",459.1511922999634,completada,
arbol,smote,random,12.0,5.0,3.0,1.0,False,42.0,4,False,60.0,185.0,0.6402161558303645,0.0112136039705406,"[0.6562016417673908, 0.6288592157695242, 0.6313476967449881, 0.638410185201529, 0.6462620396683906]",0.1939485296032077,0.0088374020648715,"[0.20556507704714672, 0.1857360631409544, 0.18921530103118378, 0.1880281526870812, 0.20119805410967256]",0.864067030146692,0.004588176331372,"[0.8693217566377249, 0.8637393054856568, 0.8608192285912036, 0.8585089650833595, 0.8679458949355143]",0.2892179754653889,0.0389085708340518,"[0.34201183431952664, 0.27616645649432536, 0.2635294117647059, 0.24799081515499427, 0.31639135959339265]",0.1322518311973178,0.0169347280688593,"[0.15966850828729282, 0.12092766427388184, 0.12375690607734807, 0.11933701657458563, 0.13756906077348066]",0.1814439787671438,0.02333729104961,"[0.2177024482109228, 0.16820276497695852, 0.16842105263157894, 0.16113390525923163, 0.19175972275702735]",0.545187836940983,0.009696033245132,"[0.5600955435500651, 0.54008754530698, 0.5396530749232157, 0.5364168220963095, 0.5496861988283449]",0.1265138411430825,0.0146088194494549,"[0.15045426255203256, 0.1267098795775722, 0.11646365643779279, 0.11313546765587032, 0.12580593949214472]",372.7182443999336,44.22661899996456,1.365179800079204,6.211970739998893,467.0369585000444,488.7606377999764,"[{""modelo__max_depth"": 20, ""modelo__min_samples_leaf"": 379, ""modelo__criterion"": ""gini"", ""modelo__ccp_alpha"": 0.002880768409488055}, {""modelo__max_depth"": 21, ""modelo__min_samples_leaf"": 2, ""modelo__criterion"": ""gini"", ""modelo__ccp_alpha"": 0.0007257765881358173}, {""modelo__max_depth"": 22, ""modelo__min_samples_leaf"": 24, ""modelo__criterion"": ""entropy"", ""modelo__ccp_alpha"": 0.0007883124072696908}, {""modelo__max_depth"": 16, ""modelo__min_samples_leaf"": 1, ""modelo__criterion"": ""entropy"", ""modelo__ccp_alpha"": 0.00044853455921576435}, {""modelo__max_depth"": 15, ""modelo__min_samples_leaf"": 106, ""modelo__criterion"": ""gini"", ""modelo__ccp_alpha"": 0.0009223401187384427}]","[[0.14922234013112645, 0.1784873379101648, 0.1784873379101648, 0.18086767128923445, 0.18086767128923445, 0.18086767128923445, 0.18086767128923445, 0.18086767128923445, 0.18086767128923445, 0.18086767128923445, 0.18086767128923445, 0.18086767128923445], [0.15271563020085774, 0.17733068760202855, 0.17733068760202855, 0.18093880876184232, 0.18093880876184232, 0.18944875068188874, 0.18944875068188874, 0.18944875068188874, 0.18944875068188874, 0.19564456628293247, 0.19576403187290226, 0.19576403187290226], [0.19725101031133052, 0.20029408332668938, 0.20029408332668938, 0.20029408332668938, 0.20029408332668938, 0.20029408332668938, 0.20029408332668938, 0.20029408332668938, 0.20029408332668938, 0.20029408332668938, 0.20029408332668938, 0.20029408332668938], [0.15415225928323958, 0.18450796357721536, 0.18450796357721536, 0.18450796357721536, 0.1905003374553436, 0.1905003374553436, 0.1905003374553436, 0.1905003374553436, 0.1905003374553436, 0.1905003374553436, 0.1905003374553436, 0.1905003374553436], [0.17236709784779572, 0.17671770558634523, 0.18183243961950699, 0.19367779790187803, 0.19367779790187803, 0.19367779790187803, 0.19367779790187803, 0.19367779790187803, 0.19367779790187803, 0.19367779790187803, 0.19367779790187803, 0.19367779790187803]]","[[], [], [], [], []]",488.7608507000259,completada,
arbol,smote,optuna,12.0,5.0,3.0,1.0,True,42.0,4,True,60.0,105.0,0.6397364937371626,0.0097831341198218,"[0.6538562429683933, 0.6344196423583486, 0.630352256531228, 0.6342405521331616, 0.6458137746946813]",0.1967135830851721,0.0134321373035182,"[0.2194222843691862, 0.19421141642660245, 0.18864826479307106, 0.18512077553831668, 0.19616517429868408]",0.8676153806899436,0.0077717030878527,"[0.8802063671825846, 0.8669476597886261, 0.859560812936513, 0.8634161686064801, 0.8679458949355143]",0.3075341980804602,0.0555420087361867,"[0.4, 0.2853107344632768, 0.26131221719457015, 0.2746566791510612, 0.31639135959339265]",0.1204296640237224,0.0132296484866026,"[0.10386740331491713, 0.11154058531198233, 0.12762430939226518, 0.12154696132596685, 0.13756906077348066]",0.1714126242479166,0.0121072253048701,"[0.1649122807017544, 0.16038110361254465, 0.1714922048997773, 0.1685178092684795, 0.19175972275702735]",0.5420386675912465,0.0045265588410376,"[0.5419223412484838, 0.5378079213389872, 0.5406281740101991, 0.5401487025302181, 0.5496861988283449]",0.1202759604870505,0.0099649770884495,"[0.11406193508832695, 0.11051696511202747, 0.11811920799581391, 0.12247225736329362, 0.13620943687579073]",750.1998954999726,54.33443280000938,1.6735314999241382,12.50333159166621,868.8159701999393,328.5474945000024,"[{""modelo__max_depth"": 26, ""modelo__min_samples_leaf"": 50, ""modelo__criterion"": ""gini"", ""modelo__ccp_alpha"": 0.0004663816788122478}, {""modelo__max_depth"": 19, ""modelo__min_samples_leaf"": 8, ""modelo__criterion"": ""entropy"", ""modelo__ccp_alpha"": 0.0003554184484249777}, {""modelo__max_depth"": 14, ""modelo__min_samples_leaf"": 8, ""modelo__criterion"": ""gini"", ""modelo__ccp_alpha"": 0.00032951476624592244}, {""modelo__max_depth"": 20, ""modelo__min_samples_leaf"": 180, ""modelo__criterion"": ""entropy"", ""modelo__ccp_alpha"": 0.0010126917157111757}, {""modelo__max_depth"": 12, ""modelo__min_samples_leaf"": 1, ""modelo__criterion"": ""entropy"", ""modelo__ccp_alpha"": 0.0025409082160065466}]","[[0.17111291312090168, 0.188968504268884, 0.188968504268884, 0.188968504268884, 0.188968504268884, 0.188968504268884, 0.188968504268884, 0.188968504268884, 0.188968504268884, 0.188968504268884, 0.188968504268884, 0.188968504268884], [0.13028655256706012, 0.19406182783997636, 0.19406182783997636, 0.19406182783997636, 0.19406182783997636, 0.19406182783997636, 0.19406182783997636, 0.19406182783997636, 0.19406182783997636, 0.19406182783997636, 0.19406182783997636, 0.19406182783997636], [0.1686905617762501, 0.18761234564394225, 0.18761234564394225, 0.18761234564394225, 0.18761234564394225, 0.18761234564394225, 0.18761234564394225, 0.18761234564394225, 0.195041639224565, 0.195041639224565, 0.195041639224565, 0.195041639224565], [0.16063253707329714, 0.16063253707329714, 0.19532884796414116, 0.19532884796414116, 0.19532884796414116, 0.19630469260971975, 0.19630469260971975, 0.19630469260971975, 0.19630469260971975, 0.19630469260971975, 0.19630469260971975, 0.19630469260971975], [0.1767180821439109, 0.1767180821439109, 0.18669951992792133, 0.18669951992792133, 0.19384295513176927, 0.19384295513176927, 0.19384295513176927, 0.19384295513176927, 0.19384295513176927, 0.19384295513176927, 0.19384295513176927, 0.19384295513176927]]","[[], [], [], [], []]",328.54896280000685,completada,
arbol,smote,deap,12.0,5.0,3.0,1.0,False,42.0,4,False,60.0,185.0,0.6406617180542082,0.006251139475639,"[0.6454269842664612, 0.6437459167117997, 0.6302879770013844, 0.639346410997162, 0.6445013012942337]",0.1925927747120866,0.00729772812999,"[0.20534266184621072, 0.18929063941670854, 0.18757647985062934, 0.18886352311703714, 0.19189056932984755]",0.8659166683977141,0.003529326563094,"[0.8693217566377249, 0.8637393054856568, 0.8608192285912036, 0.8677571563384712, 0.8679458949355143]",0.2964550231144068,0.0322801957625049,"[0.34201183431952664, 0.27616645649432536, 0.2624113475177305, 0.2852941176470588, 0.31639135959339265]",0.1295998974956603,0.0199603263323788,"[0.15966850828729282, 0.12092766427388184, 0.12265193370165746, 0.10718232044198896, 0.13756906077348066]",0.1801313807632789,0.0247386852524671,"[0.2177024482109228, 0.16820276497695852, 0.16716867469879518, 0.15582329317269075, 0.19175972275702735]",0.5450759296146868,0.00978425490917,"[0.5600955435500651, 0.54008754530698, 0.5391715963331833, 0.5363387640548604, 0.5496861988283449]",0.1309506159249293,0.0123783545486609,"[0.14213591498561848, 0.13277833015338525, 0.1179814650809307, 0.118354040465241, 0.14350332893947151]",484.3316175999935,45.68581790011376,1.378299099917058,8.072193626666557,579.5904351999634,603.4094489999698,"[{""modelo__max_depth"": 19, ""modelo__min_samples_leaf"": 1, ""modelo__criterion"": ""gini"", ""modelo__ccp_alpha"": 0.002154434690031882}, {""modelo__max_depth"": 17, ""modelo__min_samples_leaf"": 3, ""modelo__criterion"": ""entropy"", ""modelo__ccp_alpha"": 0.002154434690031882}, {""modelo__max_depth"": 17, ""modelo__min_samples_leaf"": 95, ""modelo__criterion"": ""entropy"", ""modelo__ccp_alpha"": 0.001}, {""modelo__max_depth"": 24, ""modelo__min_samples_leaf"": 63, ""modelo__criterion"": ""entropy"", ""modelo__ccp_alpha"": 0.001}, {""modelo__max_depth"": 26, ""modelo__min_samples_leaf"": 5, ""modelo__criterion"": ""gini"", ""modelo__ccp_alpha"": 0.002154434690031882}]","[[0.17191447816482075, 0.18380677414630164, 0.18380677414630164, 0.18380677414630164, 0.18380677414630164, 0.18380677414630164, 0.18380677414630164, 0.18380677414630164, 0.18380677414630164, 0.18380677414630164, 0.18380677414630164, 0.18380677414630164], [0.13539032029458184, 0.16428229047650456, 0.19675130538956867, 0.19675130538956867, 0.19675130538956867, 0.19675130538956867, 0.19675130538956867, 0.19675130538956867, 0.19675130538956867, 0.19675130538956867, 0.19675130538956867, 0.19675130538956867], [0.1630963519248738, 0.1968177019449723, 0.1968177019449723, 0.1968177019449723, 0.1968177019449723, 0.19957084555598437, 0.19957084555598437, 0.19957084555598437, 0.19957084555598437, 0.19957084555598437, 0.19957084555598437, 0.19957084555598437], [0.17860077590810317, 0.18088491257761904, 0.18088491257761904, 0.19963853369838444, 0.19963853369838444, 0.19963853369838444, 0.19963853369838444, 0.19963853369838444, 0.19963853369838444, 0.19963853369838444, 0.19963853369838444, 0.19963853369838444], [0.17233998419018834, 0.17716018539935727, 0.17716018539935727, 0.18912162397705204, 0.18912162397705204, 0.18912162397705204, 0.18912162397705204, 0.18912162397705204, 0.18912162397705204, 0.18912162397705204, 0.18912162397705204, 0.18912162397705204]]","[[1.0, 0.25, 0.5, 0.3333333333333333], [1.0, 0.5, 0.25, 0.6666666666666666], [1.0, 0.75, 0.25, 0.6666666666666666], [1.0, 0.75, 0.5, 0.6666666666666666], [1.0, 0.5, 0.75, 0.6666666666666666]]",603.4097099999781,completada,
arbol,adasyn,grid,12.0,5.0,3.0,1.0,False,42.0,4,False,60.0,185.0,0.6276881515388827,0.0082739122115017,"[0.6369811321494866, 0.6217086173380951, 0.6340443573871244, 0.6171716119770062, 0.6285350388427013]",0.1874286004177824,0.0091329250626766,"[0.2013350517454879, 0.1807221235429255, 0.1835110374067704, 0.17968245211658382, 0.19189233727714428]",0.8546046873462361,0.0088684139409615,"[0.840317100792752, 0.8548062405636638, 0.8610079909394073, 0.8629128656810318, 0.8539792387543252]",0.2621883460333322,0.0072908617375632,"[0.26115485564304464, 0.2517482517482518, 0.2661195779601407, 0.27137546468401486, 0.260543580131209]",0.1518078287689412,0.0401391393498651,"[0.21988950276243094, 0.13914964108227498, 0.12541436464088399, 0.12099447513812155, 0.15359116022099448]",0.1898185216443773,0.0291387975855968,"[0.23875224955008997, 0.17923186344238975, 0.17048441607209913, 0.1673672143675965, 0.19325686478971152]",0.5483698792379272,0.0125941344374725,"[0.5699703123014086, 0.5429862511410665, 0.5404818042049837, 0.539623968133491, 0.5487870604086867]",0.1353280121943587,0.0017827556862039,"[0.1350577776827563, 0.13530240076014272, 0.13290441017636426, 0.13544926063060886, 0.13792621172192143]",490.5376317999908,54.26480920001632,1.372884699900169,8.175627196666513,594.1453655000078,615.9241290999926,"[{""modelo__criterion"": ""gini"", ""modelo__max_depth"": 8, ""modelo__min_samples_leaf"": 20}, {""modelo__criterion"": ""gini"", ""modelo__max_depth"": 8, ""modelo__min_samples_leaf"": 20}, {""modelo__criterion"": ""gini"", ""modelo__max_depth"": 8, ""modelo__min_samples_leaf"": 20}, {""modelo__criterion"": ""gini"", ""modelo__max_depth"": 8, ""modelo__min_samples_leaf"": 20}, {""modelo__criterion"": ""entropy"", ""modelo__max_depth"": 8, ""modelo__min_samples_leaf"": 20}]","[[0.1669584143929419, 0.1669584143929419, 0.18061331231224984, 0.18061331231224984, 0.18061331231224984, 0.18061331231224984, 0.18061331231224984, 0.18061331231224984, 0.18061331231224984, 0.18061331231224984, 0.18061331231224984, 0.18061331231224984], [0.1751845190744515, 0.1751845190744515, 0.18637917416655458, 0.18637917416655458, 0.18637917416655458, 0.18637917416655458, 0.18637917416655458, 0.18637917416655458, 0.18637917416655458, 0.18637917416655458, 0.18637917416655458, 0.18637917416655458], [0.17331790750038545, 0.17331790750038545, 0.1856974413886733, 0.1856974413886733, 0.1856974413886733, 0.1856974413886733, 0.1856974413886733, 0.1856974413886733, 0.1856974413886733, 0.1856974413886733, 0.1856974413886733, 0.1856974413886733], [0.17376363104620518, 0.17376363104620518, 0.18335380085405814, 0.18335380085405814, 0.18335380085405814, 0.18335380085405814, 0.18335380085405814, 0.18335380085405814, 0.18335380085405814, 0.18335380085405814, 0.18335380085405814, 0.18335380085405814], [0.17297323160549208, 0.17297323160549208, 0.17855600728933974, 0.17855600728933974, 0.17855600728933974, 0.17855600728933974, 0.17855600728933974, 0.17855600728933974, 0.1792042833752702, 0.1792042833752702, 0.1792042833752702, 0.1792042833752702]]","[[], [], [], [], []]",615.9243062000023,completada,
arbol,adasyn,random,12.0,5.0,3.0,1.0,False,42.0,4,False,60.0,185.0,0.6359562113493193,0.0072614927089757,"[0.6405490105931106, 0.6308353263406073, 0.6286506634110401, 0.6335664483787267, 0.6461796080231114]",0.1917815186390187,0.0069092080043831,"[0.1999588610227899, 0.18732199916160194, 0.18759891674508686, 0.18543400653005992, 0.198593809735555]",0.8675524353612063,0.0056085889300634,"[0.8713350950044042, 0.8626698540513337, 0.8605675454602655, 0.873356401384083, 0.8698332809059452]",0.2988716982040937,0.0336027117190393,"[0.35069885641677256, 0.2726161369193154, 0.26558891454965355, 0.3013698630136986, 0.3040847201210287]",0.1197653992940623,0.0245674481722082,"[0.15248618784530388, 0.12313638873550524, 0.1270718232044199, 0.08508287292817679, 0.11104972375690608]",0.1698972295552813,0.0285442230219313,"[0.21255294570658453, 0.1696462533282617, 0.17189835575485798, 0.13270142180094788, 0.16268717118575476]",0.5417135366795438,0.0102152893728569,"[0.558101940841141, 0.5404464336293784, 0.5409554954976867, 0.5298683800210638, 0.5391954334084494]",0.1230190447898888,0.0115367303474825,"[0.1410475939401146, 0.12145519317194982, 0.11421402426984353, 0.11218754006162089, 0.12619087250591537]",514.542170300032,58.85692969989032,1.3776723999762908,8.575702838333866,622.7487119000289,644.4722229999606,"[{""modelo__max_depth"": 7, ""modelo__min_samples_leaf"": 6, ""modelo__criterion"": ""gini"", ""modelo__ccp_alpha"": 1.2882432460467866e-05}, {""modelo__max_depth"": 21, ""modelo__min_samples_leaf"": 2, ""modelo__criterion"": ""gini"", ""modelo__ccp_alpha"": 0.0007257765881358173}, {""modelo__max_depth"": 28, ""modelo__min_samples_leaf"": 27, ""modelo__criterion"": ""entropy"", ""modelo__ccp_alpha"": 0.0006580383413470919}, {""modelo__max_depth"": 16, ""modelo__min_samples_leaf"": 1, ""modelo__criterion"": ""entropy"", ""modelo__ccp_alpha"": 0.00044853455921576435}, {""modelo__max_depth"": 15, ""modelo__min_samples_leaf"": 106, ""modelo__criterion"": ""gini"", ""modelo__ccp_alpha"": 0.0009223401187384427}]","[[0.15085565936284992, 0.16705274805620748, 0.16705274805620748, 0.1772180239909542, 0.18133114040631484, 0.18133114040631484, 0.18133114040631484, 0.18133114040631484, 0.18133114040631484, 0.18133114040631484, 0.18133114040631484, 0.18133114040631484], [0.15310745042320809, 0.17486414423917215, 0.17486414423917215, 0.17512030856777253, 0.17585803839812844, 0.18564364101991368, 0.18564364101991368, 0.18564364101991368, 0.18564364101991368, 0.19498919956529379, 0.19512510883733877, 0.19512510883733877], [0.199257761914075, 0.199257761914075, 0.199257761914075, 0.199257761914075, 0.199257761914075, 0.199257761914075, 0.199257761914075, 0.199257761914075, 0.199257761914075, 0.199257761914075, 0.199257761914075, 0.199257761914075], [0.15143764484529307, 0.18403060594821238, 0.18403060594821238, 0.18403060594821238, 0.18893441010051693, 0.18893441010051693, 0.18893441010051693, 0.18893441010051693, 0.18893441010051693, 0.18893441010051693, 0.18893441010051693, 0.18893441010051693], [0.17297323160549208, 0.17667785097437597, 0.17667785097437597, 0.1923957296115305, 0.1923957296115305, 0.1923957296115305, 0.1923957296115305, 0.1923957296115305, 0.1923957296115305, 0.1923957296115305, 0.1923957296115305, 0.1923957296115305]]","[[], [], [], [], []]",644.4725552000455,completada,
arbol,adasyn,optuna,12.0,5.0,3.0,1.0,True,42.0,4,True,60.0,111.0,0.6392758766235616,0.0134664368007341,"[0.6557219626204887, 0.6359443835810309, 0.6190486708044611, 0.6406673962543908, 0.6449969698574362]",0.1925274359711586,0.0136242337565536,"[0.21165920497546828, 0.18693598892465985, 0.17677850928443303, 0.18674978885539417, 0.20051368781583787]",0.8687605318058322,0.0063476314029062,"[0.8763055240971436, 0.8637393054856568, 0.8653495249480904, 0.8634161686064801, 0.8749921358917899]",0.3088123739515748,0.0412726219544609,"[0.36597938144329895, 0.27616645649432536, 0.28846153846153844, 0.2746566791510612, 0.33879781420765026]",0.1174452013630636,0.0085397273056131,"[0.11767955801104972, 0.12092766427388184, 0.12430939226519337, 0.12154696132596685, 0.10276243093922652]",0.169250666316986,0.0076418587582439,"[0.17809364548494983, 0.16820276497695852, 0.17374517374517376, 0.1685178092684795, 0.15769393810936838]",0.5413842618929143,0.0028134371592772,"[0.5457398074065473, 0.54008754530698, 0.5424500877394987, 0.5401487025302181, 0.5384951664813278]",0.1297334735960423,0.0095958442624405,"[0.11825073623278362, 0.12822648341702403, 0.14348655551340242, 0.12462115086554269, 0.13408244195145902]",1096.6329939000425,83.75910970009863,1.763687700033188,18.277216565000707,1243.5261835998972,444.17098539997824,"[{""modelo__max_depth"": 24, ""modelo__min_samples_leaf"": 17, ""modelo__criterion"": ""gini"", ""modelo__ccp_alpha"": 0.0005662120043780803}, {""modelo__max_depth"": 14, ""modelo__min_samples_leaf"": 1, ""modelo__criterion"": ""entropy"", ""modelo__ccp_alpha"": 0.0023469868004479684}, {""modelo__max_depth"": 9, ""modelo__min_samples_leaf"": 189, ""modelo__criterion"": ""entropy"", ""modelo__ccp_alpha"": 0.002475067392718707}, {""modelo__max_depth"": 16, ""modelo__min_samples_leaf"": 1, ""modelo__criterion"": ""entropy"", ""modelo__ccp_alpha"": 0.002164746160618903}, {""modelo__max_depth"": 12, ""modelo__min_samples_leaf"": 1, ""modelo__criterion"": ""entropy"", ""modelo__ccp_alpha"": 0.0025409082160065466}]","[[0.15882366161107325, 0.18918447409786762, 0.18918447409786762, 0.18918447409786762, 0.18918447409786762, 0.18918447409786762, 0.18918447409786762, 0.18918447409786762, 0.18918447409786762, 0.18918447409786762, 0.18918447409786762, 0.18949716203053538], [0.13127274534824443, 0.19076048848134483, 0.19076048848134483, 0.19076048848134483, 0.19084396725431454, 0.19084396725431454, 0.19084396725431454, 0.19084396725431454, 0.19084396725431454, 0.19084396725431454, 0.19084396725431454, 0.19390498332264108], [0.16307840866974854, 0.18035781537351714, 0.18035781537351714, 0.18035781537351714, 0.18035781537351714, 0.18779628412669083, 0.18779628412669083, 0.1911077348952022, 0.1911077348952022, 0.1911077348952022, 0.1911077348952022, 0.1911077348952022], [0.16199238558515475, 0.16199238558515475, 0.19310767654368952, 0.19310767654368952, 0.19310767654368952, 0.19310767654368952, 0.19310767654368952, 0.19310767654368952, 0.19310767654368952, 0.19310767654368952, 0.19310767654368952, 0.19310767654368952], [0.17666351198174027, 0.17666351198174027, 0.18327642542300035, 0.18327642542300035, 0.1896792772182163, 0.1896792772182163, 0.1896792772182163, 0.1896792772182163, 0.1896792772182163, 0.1896792772182163, 0.1896792772182163, 0.1896792772182163]]","[[], [], [], [], []]",444.1711643000017,completada,
arbol,adasyn,deap,12.0,5.0,3.0,1.0,False,42.0,4,False,60.0,185.0,0.6428704889744074,0.012680869491075,"[0.6619004599082694, 0.6306739451860764, 0.6398009354956782, 0.633378795278077, 0.6485983090039362]",0.1925431468142,0.0077009166896203,"[0.20436504504615818, 0.1862699097380714, 0.19076379564998222, 0.18576790132491766, 0.19554908231187076]",0.8654763385075537,0.002931853164806,"[0.8693217566377249, 0.8637393054856568, 0.8632102183351161, 0.8631645171437559, 0.8679458949355143]",0.2979560490437672,0.0299407748922432,"[0.34201183431952664, 0.27616645649432536, 0.27858880778588807, 0.2766217870257038, 0.31639135959339265]",0.1339092897608537,0.0156678086867401,"[0.15966850828729282, 0.12092766427388184, 0.12651933701657458, 0.12486187845303867, 0.13756906077348066]",0.1847472954653218,0.0205253745869745,"[0.2177024482109228, 0.16820276497695852, 0.17401215805471124, 0.17205938332698897, 0.19175972275702735]",0.5467052753920905,0.008364050468864,"[0.5600955435500651, 0.54008754530698, 0.5422059157567429, 0.5414511735183192, 0.5496861988283449]",0.1309948384511543,0.0105623278515961,"[0.1435979623633138, 0.12584330230928492, 0.12906743784669783, 0.117234999040102, 0.1392304906963731]",663.2160026000347,56.72456760000205,1.3142711000400595,11.053600043333912,765.0727278999402,786.7453097000252,"[{""modelo__max_depth"": 19, ""modelo__min_samples_leaf"": 1, ""modelo__criterion"": ""gini"", ""modelo__ccp_alpha"": 0.002154434690031882}, {""modelo__max_depth"": 17, ""modelo__min_samples_leaf"": 3, ""modelo__criterion"": ""entropy"", ""modelo__ccp_alpha"": 0.002154434690031882}, {""modelo__max_depth"": 19, ""modelo__min_samples_leaf"": 95, ""modelo__criterion"": ""gini"", ""modelo__ccp_alpha"": 0.001}, {""modelo__max_depth"": 24, ""modelo__min_samples_leaf"": 63, ""modelo__criterion"": ""entropy"", ""modelo__ccp_alpha"": 0.001}, {""modelo__max_depth"": 26, ""modelo__min_samples_leaf"": 5, ""modelo__criterion"": ""gini"", ""modelo__ccp_alpha"": 0.002154434690031882}]","[[0.16523674943358585, 0.18402239858281622, 0.18402239858281622, 0.18402239858281622, 0.18402239858281622, 0.18402239858281622, 0.18402239858281622, 0.18402239858281622, 0.18402239858281622, 0.18402239858281622, 0.18402239858281622, 0.18402239858281622], [0.13764095825404415, 0.1655402963368017, 0.1956390577116154, 0.1956390577116154, 0.1956390577116154, 0.1956390577116154, 0.1956390577116154, 0.1956390577116154, 0.1956390577116154, 0.1956390577116154, 0.1956390577116154, 0.1956390577116154], [0.16227768641690124, 0.19434219529695906, 0.1950403388776483, 0.1950403388776483, 0.1950403388776483, 0.1950898453608821, 0.1950898453608821, 0.1950898453608821, 0.1950898453608821, 0.1950898453608821, 0.1950898453608821, 0.1950898453608821], [0.17724342797836543, 0.17993164237507017, 0.17993164237507017, 0.19659122965290562, 0.19659122965290562, 0.19659122965290562, 0.19659122965290562, 0.19659122965290562, 0.19659122965290562, 0.19659122965290562, 0.19659122965290562, 0.19659122965290562], [0.17297323160549208, 0.17625518100913182, 0.17625518100913182, 0.18755170728360918, 0.18755170728360918, 0.18755170728360918, 0.18755170728360918, 0.18755170728360918, 0.18755170728360918, 0.18755170728360918, 0.18755170728360918, 0.18755170728360918]]","[[1.0, 0.25, 0.5, 0.3333333333333333], [1.0, 0.5, 0.25, 0.6666666666666666], [1.0, 0.75, 0.25, 0.6666666666666666], [1.0, 0.75, 0.5, 0.6666666666666666], [1.0, 0.5, 0.75, 0.6666666666666666]]",786.7455201999983,completada,
arbol,class_weight,grid,12.0,5.0,3.0,1.0,False,42.0,4,False,60.0,185.0,0.6481654781348976,0.0039625748630761,"[0.6536036935451223, 0.6485885078505962, 0.6448122084422148, 0.6438565379493486, 0.6499664428872061]",0.2014896253757205,0.0070915633223814,"[0.21272135385709956, 0.20249699650455594, 0.19370500200089108, 0.20058015427025092, 0.19794462024580517]",0.6490891710663529,0.0297230173710819,"[0.6592424814395369, 0.6223578258681429, 0.6624929214119424, 0.6862535388486946, 0.6150990877634476]",0.1766165214334976,0.0081501844490604,"[0.18133616118769882, 0.1695048880479344, 0.1786618444846293, 0.18650088809946713, 0.1670788253477589]",0.5651277795912639,0.0318872945060656,"[0.5668508287292817, 0.5935946990612921, 0.5458563535911602, 0.5220994475138122, 0.5972375690607735]",0.2687258068261337,0.0062694036605379,"[0.2747723620782003, 0.26370661106341226, 0.26920980926430516, 0.27482914061363967, 0.2611111111111111]",0.6125037270916323,0.0045193398057033,"[0.6189834944555241, 0.6098253935491054, 0.6116699221623343, 0.6147238451626569, 0.6073159801285408]",0.2272892742855228,0.0012755223451315,"[0.22900676880032547, 0.22553734554031743, 0.22675917347210148, 0.22741592931625473, 0.22772715429861481]",272.24237680004444,24.494407100020908,1.182703299971763,4.537372946667407,336.10621380008524,353.04924789996585,"[{""modelo__criterion"": ""gini"", ""modelo__max_depth"": 8, ""modelo__min_samples_leaf"": 20}, {""modelo__criterion"": ""gini"", ""modelo__max_depth"": 8, ""modelo__min_samples_leaf"": 100}, {""modelo__criterion"": ""gini"", ""modelo__max_depth"": 8, ""modelo__min_samples_leaf"": 100}, {""modelo__criterion"": ""gini"", ""modelo__max_depth"": 8, ""modelo__min_samples_leaf"": 20}, {""modelo__criterion"": ""entropy"", ""modelo__max_depth"": 8, ""modelo__min_samples_leaf"": 100}]","[[0.18696188011422907, 0.18785582721545446, 0.19395439344728857, 0.19395439344728857, 0.19395439344728857, 0.19395439344728857, 0.19395439344728857, 0.19395439344728857, 0.19395439344728857, 0.19395439344728857, 0.19395439344728857, 0.19395439344728857], [0.19163485106462996, 0.1944686325870428, 0.1992267560330456, 0.20234073731746646, 0.20234073731746646, 0.20234073731746646, 0.20234073731746646, 0.20234073731746646, 0.20234073731746646, 0.20234073731746646, 0.20234073731746646, 0.20234073731746646], [0.1930375851645966, 0.19555374039101858, 0.19555374039101858, 0.19941476136376446, 0.19941476136376446, 0.19941476136376446, 0.19941476136376446, 0.19941476136376446, 0.19941476136376446, 0.19941476136376446, 0.19941476136376446, 0.19941476136376446], [0.19498026062240523, 0.19498026062240523, 0.20040799996583236, 0.20040799996583236, 0.20040799996583236, 0.20040799996583236, 0.20040799996583236, 0.20040799996583236, 0.20040799996583236, 0.20040799996583236, 0.20040799996583236, 0.20040799996583236], [0.19237965322335995, 0.19546205663213553, 0.20124767284550993, 0.20308023960177315, 0.20308023960177315, 0.20308023960177315, 0.20308023960177315, 0.20308023960177315, 0.20308023960177315, 0.2034088783131308, 0.2034088783131308, 0.2034088783131308]]","[[], [], [], [], []]",353.0504888999858,completada,
arbol,class_weight,random,12.0,5.0,3.0,1.0,False,42.0,4,False,60.0,185.0,0.6509668785025524,0.0046944949914185,"[0.6530872774403302, 0.6513771302929854, 0.6447062070448168, 0.657152548555828, 0.6485112291788019]",0.2033722403158756,0.009325143401473,"[0.2198970021249339, 0.1994346971504963, 0.1971523785449823, 0.20057772867218357, 0.19979939508678218]",0.6344665814950171,0.0151554015136649,"[0.6321882471372845, 0.6279567186713638, 0.6136663940099415, 0.6498899024850582, 0.6486316451714376]",0.1722296243844806,0.0042958298106709,"[0.17420083952211818, 0.17160236913718585, 0.1652752009894867, 0.1766833132426382, 0.17338639903097422]",0.5798240952314128,0.0186109986738387,"[0.5961325966850829, 0.5919381557150746, 0.5906077348066299, 0.5668508287292817, 0.5535911602209945]",0.265484987172477,0.0046558034283897,"[0.2696151924037981, 0.2660709853561678, 0.25827494563904324, 0.2693974005513982, 0.2640664119119779]",0.6106565991377824,0.005174753236904,"[0.616477261137202, 0.6122630075699973, 0.6036188571072132, 0.6137058545492344, 0.6072180153252648]",0.227396824938365,0.0006544500934926,"[0.22754287479777482, 0.22698649900242665, 0.22844444150023213, 0.2272492961973596, 0.22676101319403202]",287.4675920000882,24.56126859993674,1.2552383000729606,4.791126533334803,350.99817169999005,368.3037350999657,"[{""modelo__max_depth"": 10, ""modelo__min_samples_leaf"": 38, ""modelo__criterion"": ""entropy"", ""modelo__ccp_alpha"": 1.3290035805941648e-06}, {""modelo__max_depth"": 23, ""modelo__min_samples_leaf"": 378, ""modelo__criterion"": ""entropy"", ""modelo__ccp_alpha"": 1.1402600385302294e-05}, {""modelo__max_depth"": 10, ""modelo__min_samples_leaf"": 3, ""modelo__criterion"": ""entropy"", ""modelo__ccp_alpha"": 0.00035370019600000646}, {""modelo__max_depth"": 6, ""modelo__min_samples_leaf"": 2, ""modelo__criterion"": ""entropy"", ""modelo__ccp_alpha"": 3.351936693138398e-07}, {""modelo__max_depth"": 7, ""modelo__min_samples_leaf"": 3, ""modelo__criterion"": ""entropy"", ""modelo__ccp_alpha"": 0.00011245630816424851}]","[[0.15521882519450284, 0.19114420313350258, 0.19114420313350258, 0.19114420313350258, 0.19114420313350258, 0.19114420313350258, 0.19114420313350258, 0.19114420313350258, 0.19114420313350258, 0.19114420313350258, 0.19114420313350258, 0.19114420313350258], [0.14517173935509978, 0.17841788207663833, 0.17841788207663833, 0.20263199486091074, 0.20263199486091074, 0.20263199486091074, 0.20263199486091074, 0.20263199486091074, 0.20263199486091074, 0.20263199486091074, 0.20263199486091074, 0.20263199486091074], [0.1947896019441815, 0.1947896019441815, 0.1947896019441815, 0.1947896019441815, 0.1947896019441815, 0.1947896019441815, 0.1947896019441815, 0.20173344995847853, 0.20173344995847853, 0.20173344995847853, 0.20398522875424221, 0.20398522875424221], [0.160261580061731, 0.20191427111672441, 0.20191427111672441, 0.20191427111672441, 0.20191427111672441, 0.20193278521810556, 0.20193278521810556, 0.20193278521810556, 0.20193278521810556, 0.20193278521810556, 0.20193278521810556, 0.20193278521810556], [0.19511394924707415, 0.19511394924707415, 0.19961278053823941, 0.19961278053823941, 0.19961278053823941, 0.19961278053823941, 0.20054189563389369, 0.20054189563389369, 0.20054189563389369, 0.20054189563389369, 0.20054189563389369, 0.20054189563389369]]","[[], [], [], [], []]",368.3043297000113,completada,
arbol,class_weight,optuna,12.0,5.0,3.0,1.0,True,42.0,4,True,60.0,117.0,0.6512205846506227,0.0053815587387925,"[0.6586923996667194, 0.6484961640367988, 0.6441561335460685, 0.6524201326986704, 0.6523380933048559]",0.2021556618380271,0.0099437920298707,"[0.21867554184742272, 0.19811940139733303, 0.19425328173633188, 0.19577990581153154, 0.2039501783975166]",0.639613914791503,0.0297702757848134,"[0.6096011073361016, 0.6198414695520886, 0.6630592084565532, 0.6788298206983329, 0.6267379679144385]",0.1730719350791578,0.0054860653800325,"[0.16820172127434696, 0.16885758998435055, 0.1753068327532515, 0.18151942779818286, 0.17147410358565737]",0.5706523974117654,0.0437507233675533,"[0.6154696132596685, 0.5958034235229155, 0.5287292817679557, 0.5187845303867403, 0.594475138121547]",0.2651519057604622,0.0024358391420922,"[0.264200166014467, 0.26313864162906964, 0.2633099463475031, 0.2689388514964915, 0.26617192331478046]",0.6095645337751605,0.003243278508269,"[0.6121582658743671, 0.6093678104480037, 0.6045265382069914, 0.6090905257542505, 0.6126795285921899]",0.2281235892922369,0.0010545392617201,"[0.22964152982574226, 0.22717054311263096, 0.22879491202298183, 0.22760790434416742, 0.2274030571556622]",633.8675441999803,34.29980860010255,1.9732297000009569,10.564459069999671,736.2385408999398,251.062072700006,"[{""modelo__max_depth"": 9, ""modelo__min_samples_leaf"": 253, ""modelo__criterion"": ""entropy"", ""modelo__ccp_alpha"": 8.791368789130448e-07}, {""modelo__max_depth"": 29, ""modelo__min_samples_leaf"": 338, ""modelo__criterion"": ""gini"", ""modelo__ccp_alpha"": 1.1725302629539466e-06}, {""modelo__max_depth"": 11, ""modelo__min_samples_leaf"": 333, ""modelo__criterion"": ""gini"", ""modelo__ccp_alpha"": 4.2190343334477676e-06}, {""modelo__max_depth"": 8, ""modelo__min_samples_leaf"": 357, ""modelo__criterion"": ""gini"", ""modelo__ccp_alpha"": 4.736508387010148e-05}, {""modelo__max_depth"": 26, ""modelo__min_samples_leaf"": 319, ""modelo__criterion"": ""gini"", ""modelo__ccp_alpha"": 1.5374982857773743e-07}]","[[0.19057981295323648, 0.19057981295323648, 0.19057981295323648, 0.19057981295323648, 0.19616276897833865, 0.19616276897833865, 0.19616276897833865, 0.19616276897833865, 0.19616276897833865, 0.19616276897833865, 0.19616276897833865, 0.19616276897833865], [0.12918398944700324, 0.20017247137352953, 0.20017247137352953, 0.20214195526036646, 0.20214195526036646, 0.20214195526036646, 0.20214195526036646, 0.20214195526036646, 0.20214195526036646, 0.20214195526036646, 0.20214195526036646, 0.20214195526036646], [0.1680154436501297, 0.17788352779640648, 0.19251885392768817, 0.1980547442197312, 0.1980547442197312, 0.1980547442197312, 0.1980547442197312, 0.1980547442197312, 0.1980547442197312, 0.1980547442197312, 0.1980547442197312, 0.2006830744170098], [0.18321810628705124, 0.18321810628705124, 0.18321810628705124, 0.19111011434112923, 0.19315698778924253, 0.19315698778924253, 0.201093284120308, 0.201093284120308, 0.201093284120308, 0.201093284120308, 0.201093284120308, 0.201093284120308], [0.18844975879011994, 0.18844975879011994, 0.18844975879011994, 0.18844975879011994, 0.18844975879011994, 0.18844975879011994, 0.18844975879011994, 0.19457739637739382, 0.19457739637739382, 0.1983863104069883, 0.1983863104069883, 0.1983863104069883]]","[[], [], [], [], []]",251.0623502000235,completada,
arbol,class_weight,deap,12.0,5.0,3.0,1.0,False,42.0,4,False,60.0,185.0,0.6455211338725515,0.0065976984088611,"[0.6492046733019405, 0.6354661206404987, 0.6448269984225329, 0.6449306205222043, 0.6531772564755813]",0.1961306282315869,0.0142999537404219,"[0.21419549027402168, 0.17526576487555087, 0.19411922784451968, 0.1940278692698079, 0.20304478889403427]",0.6166898421991931,0.084196636234953,"[0.609286523216308, 0.4841469552088576, 0.650034606430504, 0.62560553633218, 0.7143755898081158]",0.1694803214691161,0.0155208200757884,"[0.16595809292438507, 0.14907173459299133, 0.1719132563833508, 0.1680295013628347, 0.19242902208201892]",0.5894199657708723,0.1022949659462839,"[0.6038674033149172, 0.7493097736057427, 0.5430939226519337, 0.5790055248618785, 0.4718232044198895]",0.2608058136853554,0.0087388895526555,"[0.26036207717960935, 0.24867143118929816, 0.26115834218916045, 0.2604697402758792, 0.2733674775928297]",0.6048053860874816,0.0034608517886008,"[0.6069251813507275, 0.5996815108710289, 0.6034364735037698, 0.6052997095377906, 0.608684055174091]",0.2287125254962687,0.0014866354690054,"[0.22805050814039668, 0.2310171803840408, 0.22698343151749129, 0.22897613474607437, 0.22853537269334034]",351.5681345000048,25.33199760003481,1.4448360999813303,5.8594689083334135,416.3431736000348,433.2927868000115,"[{""modelo__max_depth"": 26, ""modelo__min_samples_leaf"": 144, ""modelo__criterion"": ""gini"", ""modelo__ccp_alpha"": 2.1544346900318822e-06}, {""modelo__max_depth"": 17, ""modelo__min_samples_leaf"": 3, ""modelo__criterion"": ""entropy"", ""modelo__ccp_alpha"": 0.002154434690031882}, {""modelo__max_depth"": 13, ""modelo__min_samples_leaf"": 144, ""modelo__criterion"": ""entropy"", ""modelo__ccp_alpha"": 0.0001}, {""modelo__max_depth"": 17, ""modelo__min_samples_leaf"": 330, ""modelo__criterion"": ""gini"", ""modelo__ccp_alpha"": 2.1544346900318823e-05}, {""modelo__max_depth"": 4, ""modelo__min_samples_leaf"": 500, ""modelo__criterion"": ""gini"", ""modelo__ccp_alpha"": 4.641588833612773e-06}]","[[0.1849480389930587, 0.1849480389930587, 0.1849480389930587, 0.1929878157561308, 0.1929878157561308, 0.1929878157561308, 0.1929878157561308, 0.1929878157561308, 0.1929878157561308, 0.1929878157561308, 0.1929878157561308, 0.1929878157561308], [0.14457187774041103, 0.14457187774041103, 0.17841788207663833, 0.17841788207663833, 0.17841788207663833, 0.17841788207663833, 0.17841788207663833, 0.17841788207663833, 0.17841788207663833, 0.17841788207663833, 0.17841788207663833, 0.17841788207663833], [0.1834172136378501, 0.188229996273259, 0.188229996273259, 0.1970211709199342, 0.1970211709199342, 0.1970211709199342, 0.1970211709199342, 0.1970211709199342, 0.1970211709199342, 0.1970211709199342, 0.1970211709199342, 0.19802651945106442], [0.20099009044576022, 0.20099009044576022, 0.20099009044576022, 0.20099009044576022, 0.20099009044576022, 0.20099009044576022, 0.20099009044576022, 0.20099009044576022, 0.20099009044576022, 0.20099009044576022, 0.20100391415976857, 0.20100391415976857], [0.18480212529270312, 0.18480212529270312, 0.1908201847440192, 0.1908201847440192, 0.1908201847440192, 0.1908201847440192, 0.1908201847440192, 0.1908201847440192, 0.1908201847440192, 0.1908201847440192, 0.1908201847440192, 0.1908201847440192]]","[[1.0, 0.75, 0.5, 0.3333333333333333], [1.0, 0.5, 0.25, 0.6666666666666666], [1.0, 1.0, 0.5, 1.0], [1.0, 0.5, 0.5, 0.6666666666666666], [1.0, 0.75, 0.75, 0.3333333333333333]]",433.2940622999449,completada,
svm,ninguno,grid,12.0,5.0,3.0,1.0,False,42.0,4,False,60.0,185.0,0.6626159151192756,0.0080429987339022,"[0.6743484632850097, 0.659741919524258, 0.6521084352710823, 0.6627054760265711, 0.6641752814894574]",0.2145058025849915,0.0133038238563196,"[0.2372759362524208, 0.20535738639488255, 0.20904549334071645, 0.20580583762047888, 0.21504435931645888]",0.8860871166602944,0.0004852858990363,"[0.8868755505222097, 0.8857574232511324, 0.8862392248159567, 0.8858131487889274, 0.8857502359232463]",0.489345643173747,0.0591763696356809,"[0.5789473684210527, 0.45614035087719296, 0.5192307692307693, 0.4576271186440678, 0.43478260869565216]",0.0159100158332596,0.0049637783445299,"[0.02430939226519337, 0.01435670900055218, 0.014917127071823204, 0.014917127071823204, 0.011049723756906077]",0.030788422048386,0.0093902801713442,"[0.04665959703075292, 0.027837259100642397, 0.02900107411385607, 0.028892455858747994, 0.021551724137931036]",0.5069184028583289,0.0024166312556632,"[0.5110186552351244, 0.506077893016428, 0.5065709685632496, 0.5063226032945201, 0.5046018941823224]",0.0971030102757724,0.0007738901400758,"[0.09579584273845947, 0.09768340274048086, 0.09736464661077286, 0.09763007142504464, 0.0970410878641043]",332.6584340999834,27.97805340006016,1.4116669999202711,5.544307234999724,399.6362018999644,416.7661891000462,"[{""modelo__estimator__C"": 0.003511191734215131}, {""modelo__estimator__C"": 0.003511191734215131}, {""modelo__estimator__C"": 0.003511191734215131}, {""modelo__estimator__C"": 0.003511191734215131}, {""modelo__estimator__C"": 0.003511191734215131}]","[[0.1804461768368689, 0.1960273263635163, 0.20159119827901517, 0.20580246910587097, 0.20724796620478103, 0.20724796620478103, 0.20724796620478103, 0.20724796620478103, 0.20724796620478103, 0.20724796620478103, 0.20724796620478103, 0.20724796620478103], [0.18974264695561996, 0.20408178212544556, 0.21028148412430728, 0.21550112946050692, 0.21745844688312851, 0.21745844688312851, 0.21745844688312851, 0.21745844688312851, 0.21745844688312851, 0.21745844688312851, 0.21745844688312851, 0.21745844688312851], [0.19022386761799756, 0.20385231088238256, 0.20938681678327561, 0.21375211027562377, 0.21523276877120714, 0.21523276877120714, 0.21523276877120714, 0.21523276877120714, 0.21523276877120714, 0.21523276877120714, 0.21523276877120714, 0.21523276877120714], [0.19027814915119268, 0.2048342469682475, 0.21064322154987095, 0.21514127970275898, 0.21647076508741625, 0.21647076508741625, 0.21647076508741625, 0.21647076508741625, 0.21647076508741625, 0.21647076508741625, 0.21647076508741625, 0.21647076508741625], [0.1890994225301398, 0.2022595819352991, 0.20763927475906618, 0.2119904044262709, 0.21364843096804953, 0.21364843096804953, 0.21364843096804953, 0.21364843096804953, 0.21364843096804953, 0.21364843096804953, 0.21364843096804953, 0.21364843096804953]]","[[], [], [], [], []]",416.76635059999535,completada,
svm,ninguno,random,12.0,5.0,3.0,1.0,False,42.0,4,False,60.0,185.0,0.6623674724307735,0.0081536786140517,"[0.6742281512189688, 0.6602619929837519, 0.6514840784096495, 0.6619997764166653, 0.6638633631248321]",0.2144435877388166,0.0133213301712486,"[0.23726745628281248, 0.20540582001666796, 0.20911254756117142, 0.20557616976784251, 0.2148559450655886]",0.886024203794215,0.0005048123463174,"[0.8868126336982509, 0.8855686965274283, 0.8861763040332222, 0.8859389745202894, 0.8856244101918842]",0.4798246292714377,0.0650162136441329,"[0.5733333333333334, 0.43333333333333335, 0.5106382978723404, 0.4727272727272727, 0.4090909090909091]",0.0151365351702761,0.0051476206056521,"[0.023756906077348067, 0.01435670900055218, 0.013259668508287293, 0.014364640883977901, 0.009944751381215469]",0.0293127243733229,0.00975080891358,"[0.04562334217506631, 0.02779262426509888, 0.025848142164781908, 0.027882037533512063, 0.019417475728155338]",0.5065458640463997,0.0024932160094461,"[0.5107424121412018, 0.5059713967437975, 0.5058132468792945, 0.5061528564732278, 0.5040494079944771]",0.0971016944359506,0.0007724991841848,"[0.09579653153121612, 0.09769242439100512, 0.09735635137737952, 0.09761799187067485, 0.09704517300947738]",349.0144309999887,28.983377899974585,1.28294789994834,5.816907183333145,417.0879628000548,434.1060964000062,"[{""modelo__estimator__C"": 0.004057430560785513}, {""modelo__estimator__C"": 0.001955267794202904}, {""modelo__estimator__C"": 0.012073434812970208}, {""modelo__estimator__C"": 0.009844034671345857}, {""modelo__estimator__C"": 0.005265556847722155}]","[[0.20585612287598684, 0.20585612287598684, 0.20585612287598684, 0.20585612287598684, 0.2060799175244256, 0.2060799175244256, 0.2060799175244256, 0.2060799175244256, 0.20714870276210498, 0.20724771795719188, 0.20724771795719188, 0.20724771795719188], [0.18874602190807277, 0.2083089275233809, 0.2169711226186716, 0.2169711226186716, 0.2169711226186716, 0.2169711226186716, 0.2169711226186716, 0.2169711226186716, 0.2169711226186716, 0.2169711226186716, 0.2169711226186716, 0.21709234324125057], [0.21481485315107665, 0.21506178982361748, 0.21506178982361748, 0.21506178982361748, 0.21515434938847933, 0.21515434938847933, 0.21515434938847933, 0.21515434938847933, 0.21515434938847933, 0.21515434938847933, 0.21515434938847933, 0.21515434938847933], [0.21499037145212307, 0.21499037145212307, 0.21499037145212307, 0.2152820500581519, 0.2152820500581519, 0.2152820500581519, 0.2152820500581519, 0.2152820500581519, 0.21606843429518685, 0.21606843429518685, 0.21606843429518685, 0.21617348152543647], [0.2128350809970414, 0.2128350809970414, 0.2136648485338375, 0.2136648485338375, 0.2136648485338375, 0.2136648485338375, 0.2136648485338375, 0.2136648485338375, 0.2136648485338375, 0.2136648485338375, 0.2136648485338375, 0.2136648485338375]]","[[], [], [], [], []]",434.106315699988,completada,
svm,ninguno,optuna,12.0,5.0,3.0,1.0,True,42.0,4,True,60.0,127.0,0.6620514808435687,0.0083276756013075,"[0.6742540416537868, 0.6590705990116408, 0.651197262637489, 0.6623850850303112, 0.6633504158846153]",0.2143813836656355,0.0133186035876149,"[0.23725977047699354, 0.20521029736906293, 0.20912788365726814, 0.20575682691676092, 0.2145521399080926]",0.8860996984418748,0.0004876450243675,"[0.8868755505222097, 0.8858203321590338, 0.8862392248159567, 0.8859389745202894, 0.8856244101918842]",0.4868741418764302,0.0673356458179706,"[0.5789473684210527, 0.46, 0.5217391304347826, 0.47368421052631576, 0.4]",0.0148052265010326,0.0057608220574256,"[0.02430939226519337, 0.012700165654334622, 0.013259668508287293, 0.014917127071823204, 0.008839779005524863]",0.0286920526867406,0.0109147763720436,"[0.04665959703075292, 0.024717893605588393, 0.02586206896551724, 0.0289234065345474, 0.017297297297297298]",0.5064441084836288,0.0027687399507819,"[0.5110186552351244, 0.5053916163734932, 0.505848750678201, 0.506393600809607, 0.5035679193217187]",0.0971032612496405,0.0007704393854232,"[0.09579627067139314, 0.09767811977311402, 0.09735860889790825, 0.09762161468787826, 0.09706169221790888]",783.062032799935,41.232707699993625,1.895306600024924,13.051033879998917,891.0024230999406,322.5887925000279,"[{""modelo__estimator__C"": 0.0039202853320263525}, {""modelo__estimator__C"": 0.0092136930513597}, {""modelo__estimator__C"": 0.024909087301192734}, {""modelo__estimator__C"": 0.005538043096763935}, {""modelo__estimator__C"": 0.011541269321910913}]","[[0.1752068093191171, 0.20597472868755032, 0.20597472868755032, 0.20597472868755032, 0.20597472868755032, 0.20597472868755032, 0.2067154685485472, 0.2072387854279549, 0.2072387854279549, 0.2072387854279549, 0.2072387854279549, 0.2072387854279549], [0.2159995225385227, 0.2159995225385227, 0.2160352809791353, 0.2160352809791353, 0.2160352809791353, 0.21646796902784804, 0.21733365776648353, 0.21733365776648353, 0.21733365776648353, 0.21733365776648353, 0.21733365776648353, 0.21733365776648353], [0.2142750455957377, 0.21493667033126543, 0.21493667033126543, 0.21493667033126543, 0.21493667033126543, 0.21493667033126543, 0.21493667033126543, 0.21493667033126543, 0.21493667033126543, 0.21493667033126543, 0.21493667033126543, 0.21493667033126543], [0.21500762708121246, 0.2152258350049743, 0.2152258350049743, 0.2152258350049743, 0.2152258350049743, 0.21639022404900246, 0.21639022404900246, 0.21639022404900246, 0.21639022404900246, 0.21639022404900246, 0.21639022404900246, 0.21639022404900246], [0.18380625481218324, 0.2128083457087996, 0.2128430458388224, 0.2128430458388224, 0.2128430458388224, 0.21339457939550946, 0.21362351019609985, 0.21362351019609985, 0.21362351019609985, 0.21362351019609985, 0.21362351019609985, 0.21362351019609985]]","[[], [], [], [], []]",322.5900485999882,completada,
svm,ninguno,deap,12.0,5.0,3.0,1.0,False,42.0,4,False,60.0,185.0,0.6620213532833836,0.0083572382463093,"[0.6748306137915993, 0.6587036935761362, 0.6518743455826016, 0.6616030140602538, 0.6630950994063274]",0.214128264044597,0.0131971072333211,"[0.23675844101692858, 0.20508941650804896, 0.2090914468897027, 0.20533052587845435, 0.2143714899298505]",0.8861374445781716,0.0004500013338515,"[0.8868755505222097, 0.8859461499748364, 0.8862392248159567, 0.8858760616546084, 0.8857502359232463]",0.4903150811812139,0.0578194541312477,"[0.5714285714285714, 0.4782608695652174, 0.5208333333333334, 0.46, 0.42105263157894735]",0.0148052875155205,0.0068054365181805,"[0.026519337016574586, 0.012147984538928768, 0.013812154696132596, 0.01270718232044199, 0.008839779005524863]",0.0286676730170714,0.0128160314326077,"[0.050686378035902854, 0.023694130317716746, 0.02691065662002153, 0.024731182795698924, 0.017316017316017316]",0.5064654352207243,0.0032113277590054,"[0.5119816224986309, 0.5052220220884207, 0.5060894899732171, 0.5053951247065469, 0.5036389168368057]",0.0971114226671282,0.0007567392050298,"[0.09582686708922133, 0.09767712863637808, 0.09735859129008456, 0.09761945501973036, 0.09707507130022694]",407.7652758999029,28.849624300084542,1.4258393000345675,6.796087931665048,476.3490296000382,493.10055099998135,"[{""modelo__estimator__C"": 0.001584893192461114}, {""modelo__estimator__C"": 0.018478497974222907}, {""modelo__estimator__C"": 0.0054116952654646375}, {""modelo__estimator__C"": 0.018478497974222907}, {""modelo__estimator__C"": 0.018478497974222907}]","[[0.20657662033126956, 0.20657662033126956, 0.20685590493165726, 0.20685590493165726, 0.20685590493165726, 0.20685590493165726, 0.20685590493165726, 0.20685590493165726, 0.20685590493165726, 0.20685590493165726, 0.20685590493165726, 0.20685590493165726], [0.21618430289604673, 0.21618430289604673, 0.21618430289604673, 0.21618430289604673, 0.21618430289604673, 0.21618430289604673, 0.21705936398592449, 0.21705936398592449, 0.21705936398592449, 0.21705936398592449, 0.21705936398592449, 0.21705936398592449], [0.21427402348463312, 0.21467590761364075, 0.21467590761364075, 0.21503561947449445, 0.21503561947449445, 0.21503561947449445, 0.21503561947449445, 0.21503561947449445, 0.21529999672457692, 0.21529999672457692, 0.21529999672457692, 0.21529999672457692], [0.21588770815770317, 0.21588770815770317, 0.21588770815770317, 0.21588770815770317, 0.21588770815770317, 0.21588770815770317, 0.21588770815770317, 0.21588770815770317, 0.21588770815770317, 0.21588770815770317, 0.21588770815770317, 0.21588770815770317], [0.13450755773355472, 0.21283713158599796, 0.21344597076849867, 0.21344597076849867, 0.21344597076849867, 0.21344597076849867, 0.21344597076849867, 0.21344597076849867, 0.21344597076849867, 0.21344597076849867, 0.21344597076849867, 0.21344597076849867]]","[[1.0, 0.5, 0.25, 0.6666666666666666], [1.0, 0.5, 0.5, 0.3333333333333333], [1.0, 0.5, 0.75, 0.3333333333333333], [1.0, 0.5, 0.5, 0.3333333333333333], [1.0, 0.5, 0.5, 0.3333333333333333]]",493.1006909999997,completada,
svm,smote,grid,12.0,5.0,3.0,1.0,False,42.0,4,False,60.0,185.0,0.6467620075065124,0.0062471049920374,"[0.6529326801621212, 0.6458929348847722, 0.637740106699704, 0.6448170441106384, 0.6524272716753257]",0.2005938055249536,0.0105030860517759,"[0.21742744945618134, 0.19392992239813917, 0.19565706272684866, 0.19183658435092613, 0.2041180086926726]",0.6893408860104365,0.0060691852256938,"[0.6794387819302882, 0.6901107196779064, 0.688793808594979, 0.6932997798049702, 0.695061340044039]",0.1784508203560705,0.002425351823481,"[0.1781305114638448, 0.1795926764040321, 0.1744186046511628, 0.1794603639405982, 0.18065194532071505]",0.4793942481642265,0.0142632753153516,"[0.5022099447513813, 0.4820541137493098, 0.46408839779005523, 0.4740331491712707, 0.474585635359116]",0.2600531764112803,0.0037540607238678,"[0.2629827860552582, 0.26169064748201437, 0.25354663447026865, 0.2603550295857988, 0.2616907844630617]",0.5978592651034973,0.0042276222272246,"[0.6022126122507261, 0.5994580117912328, 0.5908810944428512, 0.5977549487425399, 0.5989896582901366]",0.2292277755379228,0.0004495635767852,"[0.22994550070857683, 0.229246838122222, 0.2287617840218616, 0.22923224063922693, 0.22895251419772694]",542.6101316999411,33.579092500091065,1.4288850999437273,9.043502194999018,615.6736677999725,632.6968010999844,"[{""modelo__estimator__C"": 1e-05}, {""modelo__estimator__C"": 1e-05}, {""modelo__estimator__C"": 1e-05}, {""modelo__estimator__C"": 1e-05}, {""modelo__estimator__C"": 1e-05}]","[[0.19554585794376078, 0.19554585794376078, 0.19554585794376078, 0.19554585794376078, 0.19554585794376078, 0.19554585794376078, 0.19554585794376078, 0.19554585794376078, 0.19554585794376078, 0.19554585794376078, 0.19554585794376078, 0.19554585794376078], [0.20275735072193388, 0.20275735072193388, 0.20275735072193388, 0.20275735072193388, 0.20275735072193388, 0.20275735072193388, 0.20275735072193388, 0.20275735072193388, 0.20275735072193388, 0.20275735072193388, 0.20275735072193388, 0.20275735072193388], [0.2022039470294629, 0.2022039470294629, 0.2022039470294629, 0.2022039470294629, 0.2022039470294629, 0.2022039470294629, 0.2022039470294629, 0.2022039470294629, 0.2022039470294629, 0.2022039470294629, 0.2022039470294629, 0.2022039470294629], [0.203379432217057, 0.203379432217057, 0.203379432217057, 0.203379432217057, 0.203379432217057, 0.203379432217057, 0.203379432217057, 0.203379432217057, 0.203379432217057, 0.203379432217057, 0.203379432217057, 0.203379432217057], [0.20077848415181718, 0.20077848415181718, 0.20077848415181718, 0.20077848415181718, 0.20077848415181718, 0.20077848415181718, 0.20077848415181718, 0.20077848415181718, 0.20077848415181718, 0.20077848415181718, 0.20077848415181718, 0.20077848415181718]]","[[], [], [], [], []]",632.6975649999804,completada,
svm,smote,random,12.0,5.0,3.0,1.0,False,42.0,4,False,60.0,185.0,0.6451400486428271,0.0079722039991337,"[0.6518672495414255, 0.6459265322731927, 0.6323593784755962, 0.6438280212678744, 0.6517190616560464]",0.1997996461160196,0.0118166157909062,"[0.21847808373525354, 0.1939728243770627, 0.1900504287360092, 0.1920907657367412, 0.20440612799503155]",0.6886230744695199,0.0175631622065951,"[0.6932175663772493, 0.6908027176648214, 0.6582143081859938, 0.7018559295375905, 0.699024850581944]",0.1799531924392851,0.0048091295938798,"[0.18274006622516556, 0.1797358646306232, 0.1716823785351704, 0.18266522210184183, 0.18294243070362473]",0.4863556961600532,0.0221691354715143,"[0.4878453038674033, 0.48094975151849806, 0.5232044198895027, 0.46574585635359117, 0.4740331491712707]",0.2625013830045898,0.0027446215465375,"[0.2658837699488106, 0.26167943518101244, 0.2585312585312585, 0.2624124513618677, 0.264]",0.6004875445193392,0.0019695693006876,"[0.6037281049300095, 0.5993673145238922, 0.5993853527410306, 0.5989716147227665, 0.6009853356789971]",0.2309320523521588,0.0023112167892746,"[0.23135136594328237, 0.22927842380790078, 0.2347699739175761, 0.23004107461724987, 0.22921942347478488]",574.4780384000624,35.24439219996566,1.3145915999775752,9.574633973334372,649.3233505000826,666.4688103999943,"[{""modelo__estimator__C"": 2.239765697839209e-06}, {""modelo__estimator__C"": 9.561457024991127e-06}, {""modelo__estimator__C"": 0.0018561983195763835}, {""modelo__estimator__C"": 4.147766939824786e-06}, {""modelo__estimator__C"": 6.7577206841752695e-06}]","[[0.1835936013638146, 0.19613061438387572, 0.19613061438387572, 0.19613061438387572, 0.19613061438387572, 0.19613061438387572, 0.19613061438387572, 0.19613061438387572, 0.19613061438387572, 0.19613061438387572, 0.19613061438387572, 0.19613061438387572], [0.20276845818444525, 0.20276845818444525, 0.20276845818444525, 0.20276845818444525, 0.20276845818444525, 0.20276845818444525, 0.20276845818444525, 0.20276845818444525, 0.20276845818444525, 0.20276845818444525, 0.20276845818444525, 0.20276845818444525], [0.1915304335923159, 0.19207607519430536, 0.19207607519430536, 0.19207607519430536, 0.1924596770847724, 0.1924596770847724, 0.1924596770847724, 0.1924596770847724, 0.19581818852289193, 0.19581818852289193, 0.19581818852289193, 0.19581818852289193], [0.19066622955048743, 0.2038803990001087, 0.2038803990001087, 0.2038803990001087, 0.2038803990001087, 0.2038803990001087, 0.2038803990001087, 0.2038803990001087, 0.2038803990001087, 0.2038803990001087, 0.2038803990001087, 0.2038803990001087], [0.18846663692222354, 0.18846663692222354, 0.19097537551799512, 0.20090837920029334, 0.20090837920029334, 0.20090837920029334, 0.20090837920029334, 0.20090837920029334, 0.20090837920029334, 0.20090837920029334, 0.20090837920029334, 0.20090837920029334]]","[[], [], [], [], []]",666.4689382000361,completada,
svm,smote,optuna,12.0,5.0,3.0,1.0,True,42.0,4,True,60.0,113.0,0.6452295399252586,0.0059630110037745,"[0.6515014098518597, 0.6454948626770455, 0.6362181510327682, 0.6434205504464803, 0.6495127256181392]",0.2013349641481576,0.0108010382943198,"[0.21865365980101864, 0.19508119709192107, 0.19587273028422436, 0.1921276898967626, 0.2049395436668615]",0.6999859938687549,0.0039058168529428,"[0.695105071096011, 0.701434323100151, 0.6965959856540616, 0.7038062283737024, 0.702988361119849]",0.1807643343090685,0.0037811310689158,"[0.18202764976958524, 0.1827027027027027, 0.17402597402597403, 0.18223684210526317, 0.18282850294181738]",0.4627108736969593,0.0129818636365963,"[0.48011049723756904, 0.46659304251794587, 0.44419889502762433, 0.4591160220994475, 0.46353591160220997]",0.2599550954170436,0.005628217752102,"[0.26397326852976916, 0.26258545680546924, 0.25007776049766717, 0.2609105180533752, 0.26222847319893733]",0.5965963371326966,0.0057827155107436,"[0.6014227578491168, 0.5991112177445959, 0.586616950886673, 0.5971831441700646, 0.5986476150130325]",0.2307214345003764,0.0007955852458278,"[0.2318788818293837, 0.2311222468958656, 0.22982869001763448, 0.23046942543286786, 0.23030792832613073]",960.018226999964,44.90762450004695,2.22365869989153,16.000303783332736,1074.7125644001062,352.119093300018,"[{""modelo__estimator__C"": 1.1669028160188455e-06}, {""modelo__estimator__C"": 1.3381363829955284e-06}, {""modelo__estimator__C"": 3.292690253575186e-06}, {""modelo__estimator__C"": 2.743284052750874e-06}, {""modelo__estimator__C"": 2.0057087882241235e-06}]","[[0.19566720614881772, 0.19566720614881772, 0.19566720614881772, 0.19566720614881772, 0.19566720614881772, 0.19566720614881772, 0.19566720614881772, 0.19566720614881772, 0.19566720614881772, 0.19566720614881772, 0.19566720614881772, 0.19611801650630065], [0.19229752025879523, 0.20292757522759622, 0.20292757522759622, 0.20292757522759622, 0.2032424763864394, 0.20331682743895937, 0.20331682743895937, 0.20331682743895937, 0.20331682743895937, 0.20331682743895937, 0.20331682743895937, 0.20331682743895937], [0.19098191599594705, 0.1917311804520421, 0.19977896022428068, 0.20269907108290167, 0.2027565850737143, 0.2027565850737143, 0.2027565850737143, 0.2027565850737143, 0.2027565850737143, 0.2027565850737143, 0.2027565850737143, 0.2027565850737143], [0.19067162616662328, 0.19080450356585557, 0.20127961766063338, 0.20127961766063338, 0.2039636197905613, 0.2039646381538951, 0.2039646381538951, 0.2039646381538951, 0.2039646381538951, 0.2039646381538951, 0.2039646381538951, 0.2039646381538951], [0.20082649863070656, 0.20082649863070656, 0.20082649863070656, 0.20082649863070656, 0.20082649863070656, 0.20093778284327282, 0.20093778284327282, 0.20093778284327282, 0.20093778284327282, 0.20093778284327282, 0.20093778284327282, 0.2010083761301841]]","[[], [], [], [], []]",352.1204911000096,completada,
svm,smote,deap,12.0,5.0,3.0,1.0,False,42.0,4,False,60.0,185.0,0.6459080134013089,0.0054668808415903,"[0.6514106364182701, 0.6460354395602781, 0.6379539141074835, 0.6436580194831303, 0.650482057437382]",0.2012090785316529,0.0108653237167961,"[0.2186778550671352, 0.19476894356759272, 0.19563646991258998, 0.19217037939543974, 0.2047917447155071]",0.6972301886690487,0.0066538089435772,"[0.6954825720397634, 0.6992954202315048, 0.6865286604165356, 0.7032400125825732, 0.7016042780748664]",0.1804202563157373,0.0039364271334361,"[0.18225671140939598, 0.18082132874650614, 0.17352820090572252, 0.18298800436205018, 0.1825070361550119]",0.4679044879206567,0.0068880711896196,"[0.48011049723756904, 0.46438431805632246, 0.46574585635359117, 0.46353591160220997, 0.46574585635359117]",0.2603992172121322,0.0044429568900013,"[0.26421404682274247, 0.2602909316001238, 0.2528494301139772, 0.26239249413604376, 0.26224918338777414]",0.5973044127215876,0.0042465826375204,"[0.601635765517393, 0.5969418927874797, 0.5903251755672664, 0.5987896100432065, 0.5988296196925925]",0.2301930697218269,0.0011925374487465,"[0.23197936054880033, 0.23025768022214194, 0.22865794561850936, 0.23024387848787375, 0.2298264837318092]",558.4572706000181,32.074914400000125,1.1386576999211684,9.307621176666968,629.6206384999678,646.6654601999908,"[{""modelo__estimator__C"": 1e-06}, {""modelo__estimator__C"": 3.414548873833601e-06}, {""modelo__estimator__C"": 1.165914401179831e-05}, {""modelo__estimator__C"": 3.414548873833601e-06}, {""modelo__estimator__C"": 3.414548873833601e-06}]","[[0.1841508074667455, 0.1841508074667455, 0.18767568959608782, 0.19611901271336474, 0.19611901271336474, 0.19611901271336474, 0.19611901271336474, 0.19611901271336474, 0.19611901271336474, 0.19611901271336474, 0.19611901271336474, 0.19611901271336474], [0.1924029167749326, 0.20321798889096432, 0.20321798889096432, 0.20321798889096432, 0.20321798889096432, 0.20321798889096432, 0.20321798889096432, 0.20321798889096432, 0.20321798889096432, 0.20321798889096432, 0.20321798889096432, 0.20321798889096432], [0.19098094826396006, 0.19133199550132182, 0.19133199550132182, 0.19198435777446762, 0.19198435777446762, 0.19198435777446762, 0.19860823430299393, 0.20208623607074802, 0.20208623607074802, 0.20208623607074802, 0.20208623607074802, 0.20208623607074802], [0.19157574879186368, 0.19157574879186368, 0.2021860862488705, 0.20392430685907895, 0.20392430685907895, 0.20392430685907895, 0.20392430685907895, 0.20392430685907895, 0.20392430685907895, 0.20392430685907895, 0.20392430685907895, 0.20392430685907895], [0.20095398019939784, 0.20095398019939784, 0.20095398019939784, 0.20095398019939784, 0.20095398019939784, 0.20095398019939784, 0.20095398019939784, 0.20095398019939784, 0.20095398019939784, 0.20095398019939784, 0.20095398019939784, 0.20095398019939784]]","[[1.0, 0.25, 0.25, 0.6666666666666666], [1.0, 0.75, 0.5, 0.3333333333333333], [1.0, 0.5, 1.0, 0.3333333333333333], [1.0, 0.5, 0.5, 0.3333333333333333], [1.0, 0.5, 0.5, 0.3333333333333333]]",646.6655940000201,completada,
svm,adasyn,grid,12.0,5.0,3.0,1.0,False,42.0,4,False,60.0,185.0,0.6441958935295592,0.0068825610998032,"[0.6494225648476936, 0.6428477648229856, 0.6341042038459441, 0.6428753209107295, 0.6517296132204433]",0.1983332190826727,0.0102002582154095,"[0.2143997093042246, 0.19075434933688495, 0.1935890392213498, 0.19049929366292123, 0.20242370388798292]",0.673587060272353,0.0063648269363437,"[0.6647791619479049, 0.6747609461499748, 0.6707984647329013, 0.6755583516829191, 0.6820383768480655]",0.1738669913870635,0.0031509745330184,"[0.1731698253437384, 0.17432615861935233, 0.16994598765432098, 0.17320835774262838, 0.17868462757527734]",0.4972932142737293,0.0109113872450276,"[0.5149171270718232, 0.496410822749862, 0.4867403314917127, 0.4900552486187845, 0.4983425414364641]",0.2576291605285926,0.0041001290187238,"[0.25917686318131256, 0.258036739380023, 0.2519302259079211, 0.25595152214687633, 0.26305045202683]",0.5967692407700815,0.0043868120609479,"[0.5994778762311687, 0.5970517017547677, 0.59059731905126, 0.5947258848702727, 0.6019934219429391]",0.2275332878656787,0.0009460640995089,"[0.22901176333037648, 0.22729542945604586, 0.22675831152963027, 0.2278611295423983, 0.22673980546994246]",1385.1830897999462,133.52002369996626,1.2961505000130271,23.0863848299991,1558.1647211000673,1575.6525660000043,"[{""modelo__estimator__C"": 1e-05}, {""modelo__estimator__C"": 1e-05}, {""modelo__estimator__C"": 1e-05}, {""modelo__estimator__C"": 1e-05}, {""modelo__estimator__C"": 1e-05}]","[[0.1936467216515997, 0.1936467216515997, 0.1936467216515997, 0.1936467216515997, 0.1936467216515997, 0.1936467216515997, 0.1936467216515997, 0.1936467216515997, 0.1936467216515997, 0.1936467216515997, 0.1936467216515997, 0.1936467216515997], [0.20088414590922454, 0.20088414590922454, 0.20088414590922454, 0.20088414590922454, 0.20088414590922454, 0.20088414590922454, 0.20088414590922454, 0.20088414590922454, 0.20088414590922454, 0.20088414590922454, 0.20088414590922454, 0.20088414590922454], [0.20033058506921494, 0.20033058506921494, 0.20033058506921494, 0.20033058506921494, 0.20033058506921494, 0.20033058506921494, 0.20033058506921494, 0.20033058506921494, 0.20033058506921494, 0.20033058506921494, 0.20033058506921494, 0.20033058506921494], [0.20154470097556978, 0.20154470097556978, 0.20154470097556978, 0.20154470097556978, 0.20154470097556978, 0.20154470097556978, 0.20154470097556978, 0.20154470097556978, 0.20154470097556978, 0.20154470097556978, 0.20154470097556978, 0.20154470097556978], [0.19878543781969468, 0.19878543781969468, 0.19878543781969468, 0.19878543781969468, 0.19878543781969468, 0.19878543781969468, 0.19878543781969468, 0.19878543781969468, 0.19878543781969468, 0.19878543781969468, 0.19878543781969468, 0.19878543781969468]]","[[], [], [], [], []]",1575.6527899000212,completada,
svm,adasyn,random,12.0,5.0,3.0,1.0,False,42.0,4,False,60.0,185.0,0.6450374041952135,0.005580652905062,"[0.650024439001351, 0.6429197816287363, 0.6381534807649833, 0.6425852117275342, 0.6515041078534627]",0.199012816263963,0.0110600942827139,"[0.21667672984281988, 0.19084475194882705, 0.19319269827928848, 0.19126130745718872, 0.20308859379169114]",0.6813509789510677,0.0051200538872456,"[0.6781175286271549, 0.6745722194262708, 0.6827534134524633, 0.6878263604907203, 0.6834853727587291]",0.1769173180923406,0.002362248307286,"[0.17852975495915985, 0.1743510267338241, 0.17445608380338437, 0.17941415785191211, 0.1778355671134227]",0.4922102803310646,0.0107389027328794,"[0.507182320441989, 0.4969630038652678, 0.47845303867403316, 0.487292817679558, 0.49116022099447515]",0.2602619017230386,0.003351735935734,"[0.26409666283084005, 0.2581385343467661, 0.2556834957189253, 0.2622658340767172, 0.2611249816419445]",0.5989352296716125,0.0037095648769064,"[0.6036337617546497, 0.5971857972822967, 0.5937319514182493, 0.6004444209093566, 0.5996802169935102]",0.2274085007376097,0.0049061909676567,"[0.23271898089215137, 0.2274126196898947, 0.2194923141123175, 0.22971713459138784, 0.227701454402297]",1410.4894530000165,135.66124040004797,1.361602499964647,23.50815755000028,1585.3258903000387,1602.670252699987,"[{""modelo__estimator__C"": 1.4462277651147978e-06}, {""modelo__estimator__C"": 9.561457024991127e-06}, {""modelo__estimator__C"": 0.0018561983195763835}, {""modelo__estimator__C"": 4.147766939824786e-06}, {""modelo__estimator__C"": 6.7577206841752695e-06}]","[[0.18678063324240615, 0.1951310639092797, 0.19526180348699165, 0.19526180348699165, 0.19526180348699165, 0.19526180348699165, 0.19526180348699165, 0.19526180348699165, 0.19526180348699165, 0.19526180348699165, 0.19526180348699165, 0.19526180348699165], [0.20094894324534163, 0.20094894324534163, 0.20094894324534163, 0.20094894324534163, 0.20094894324534163, 0.20094894324534163, 0.20094894324534163, 0.20094894324534163, 0.20094894324534163, 0.20094894324534163, 0.20094894324534163, 0.20094894324534163], [0.19214854027902348, 0.19242072942625013, 0.19242072942625013, 0.19242072942625013, 0.19256959673413818, 0.19256959673413818, 0.19256959673413818, 0.19256959673413818, 0.19393271233288736, 0.19393271233288736, 0.19393271233288736, 0.19393271233288736], [0.19367658251220332, 0.20255914985986836, 0.20255914985986836, 0.20255914985986836, 0.20255914985986836, 0.20255914985986836, 0.20255914985986836, 0.20255914985986836, 0.20255914985986836, 0.20255914985986836, 0.20255914985986836, 0.20255914985986836], [0.19264515250732225, 0.19264515250732225, 0.19358422095935468, 0.19921918448474552, 0.19921918448474552, 0.19921918448474552, 0.19921918448474552, 0.19921918448474552, 0.19921918448474552, 0.19921918448474552, 0.19921918448474552, 0.19921918448474552]]","[[], [], [], [], []]",1602.6703713999595,completada,
svm,adasyn,optuna,12.0,5.0,3.0,1.0,True,42.0,4,True,60.0,117.0,0.6441411723061174,0.0065907483414735,"[0.6500090616521863, 0.644576952230747, 0.6341099315306296, 0.6420327647648355, 0.6499771513521888]",0.2004210992198611,0.0104650825077736,"[0.2168218346867838, 0.1939726342733383, 0.19485831010793137, 0.1916336888236851, 0.2048190282075672]",0.6913037951340038,0.006671053408327,"[0.6803825342896691, 0.6923754403623553, 0.6905555905115459, 0.6972632903428752, 0.6959421201635735]",0.1783351357267683,0.0033691623908517,"[0.17928599450765006, 0.17799623509725998, 0.17270429654591407, 0.18063829787234043, 0.18105085461067735]",0.4742022203172144,0.0189711465945276,"[0.5049723756906077, 0.469906129210381, 0.4530386740331492, 0.469060773480663, 0.4740331491712707]",0.2591485899214403,0.0055737105699349,"[0.26462072958888244, 0.25819174757281554, 0.25007624275693807, 0.2608294930875576, 0.2620247366010078]",0.5967045541743465,0.006220808665357,"[0.6039488405007994, 0.5954429474592906, 0.5870604149119094, 0.597824671440367, 0.5992458965593663]",0.2312436122313676,0.0010410724300591,"[0.23296920340997151, 0.23100054943340548, 0.2304152509367645, 0.23136286547624713, 0.23047019190044976]",2886.545164499956,210.1869066999643,2.253629400045611,48.10908607499926,3166.070618900005,988.9446002999904,"[{""modelo__estimator__C"": 1.1256278378325973e-06}, {""modelo__estimator__C"": 1.2502800331789855e-06}, {""modelo__estimator__C"": 1.1461943877247555e-06}, {""modelo__estimator__C"": 1.208575811559323e-06}, {""modelo__estimator__C"": 1.2359131071798568e-06}]","[[0.19393941790303515, 0.19393941790303515, 0.19393941790303515, 0.19393941790303515, 0.19393941790303515, 0.19393941790303515, 0.1953371359838436, 0.1953371359838436, 0.1953371359838436, 0.1953371359838436, 0.1953371359838436, 0.1953371359838436], [0.19602042034343592, 0.2013118241054919, 0.2013118241054919, 0.2013118241054919, 0.20197684181013695, 0.20236086205619408, 0.20236086205619408, 0.20236086205619408, 0.20236086205619408, 0.20236086205619408, 0.20236086205619408, 0.20237921080070317], [0.19189680649900112, 0.19230532532885256, 0.19561764375254473, 0.20133349453169833, 0.20149724680918613, 0.20149724680918613, 0.20149724680918613, 0.20183000486528835, 0.20183000486528835, 0.20183000486528835, 0.20183000486528835, 0.2019166669137827], [0.19368186083227476, 0.1938007914129186, 0.19800609503701663, 0.19800609503701663, 0.20311329886259744, 0.20311329886259744, 0.20311329886259744, 0.20311329886259744, 0.20311329886259744, 0.20311329886259744, 0.20311329886259744, 0.2031587683184651], [0.19904508004931398, 0.19904508004931398, 0.19904508004931398, 0.19904508004931398, 0.20003508874875672, 0.20003508874875672, 0.20003508874875672, 0.20003508874875672, 0.20003508874875672, 0.20003508874875672, 0.20003508874875672, 0.20003508874875672]]","[[], [], [], [], []]",988.945473800006,completada,
svm,adasyn,deap,12.0,5.0,3.0,1.0,False,42.0,4,False,60.0,185.0,0.6443772959419624,0.0067792278450752,"[0.6499940765823371, 0.6442625402644315, 0.6341379422625845, 0.64249126750177, 0.6510006530986885]",0.1997177025331962,0.0108275198864853,"[0.21684500839449822, 0.19286933544637455, 0.19349026828945926, 0.1913002475210949, 0.20408365301455425]",0.6833260312693807,0.0083089515855103,"[0.6807600352334214, 0.6850150981378963, 0.670295098471025, 0.6905945265806858, 0.6899653979238755]",0.1771923495930716,0.0042035093505957,"[0.17899291896144767, 0.1767799352750809, 0.17006540977298962, 0.18011527377521613, 0.18000821018062396]",0.4883444633928326,0.0083598958428286,"[0.5027624309392266, 0.4826062948647156, 0.48839779005524864, 0.48342541436464087, 0.4845303867403315]",0.2599991667600321,0.0047239620374214,"[0.26399767914128225, 0.2587712805329386, 0.2522831050228311, 0.26244751049790044, 0.26249625860520803]",0.5983652809103102,0.0046805186326268,"[0.6031988809055691, 0.5968232042303698, 0.5910355065450568, 0.6003211558866158, 0.6004476569839393]",0.2296496812025616,0.0023962929619322,"[0.23307283666869522, 0.2296623518185518, 0.22636597059262176, 0.23005132683652454, 0.229095920096415]",1557.4831772999603,157.42814530001488,1.654360500047915,25.958052954999346,1769.5702984998934,1786.634892000002,"[{""modelo__estimator__C"": 1e-06}, {""modelo__estimator__C"": 3.414548873833601e-06}, {""modelo__estimator__C"": 1.165914401179831e-05}, {""modelo__estimator__C"": 3.414548873833601e-06}, {""modelo__estimator__C"": 3.414548873833601e-06}]","[[0.1870036890085526, 0.1870036890085526, 0.1877831675355518, 0.1953567374323416, 0.1953567374323416, 0.1953567374323416, 0.1953567374323416, 0.1953567374323416, 0.1953567374323416, 0.1953567374323416, 0.1953567374323416, 0.1953567374323416], [0.19610935048725142, 0.2019331585226782, 0.2019331585226782, 0.2019331585226782, 0.2019331585226782, 0.2019331585226782, 0.2019331585226782, 0.2019331585226782, 0.2019331585226782, 0.2019331585226782, 0.2019331585226782, 0.2019331585226782], [0.19189430712402347, 0.1920722141148723, 0.1920722141148723, 0.1923987317734146, 0.1923987317734146, 0.1923987317734146, 0.19510768363944728, 0.20007264686180073, 0.20007264686180073, 0.20007264686180073, 0.20007264686180073, 0.20007264686180073], [0.19426995358638247, 0.19426995358638247, 0.19928262654142617, 0.20271462649351543, 0.20271462649351543, 0.20271462649351543, 0.20271462649351543, 0.20271462649351543, 0.20271462649351543, 0.20271462649351543, 0.20271462649351543, 0.20271462649351543], [0.19974513239244893, 0.19974513239244893, 0.19974513239244893, 0.19974513239244893, 0.19974513239244893, 0.19974513239244893, 0.19974513239244893, 0.19974513239244893, 0.19974513239244893, 0.19974513239244893, 0.19974513239244893, 0.19974513239244893]]","[[1.0, 0.25, 0.25, 0.6666666666666666], [1.0, 0.75, 0.5, 0.3333333333333333], [1.0, 0.5, 1.0, 0.3333333333333333], [1.0, 0.5, 0.5, 0.3333333333333333], [1.0, 0.5, 0.5, 0.3333333333333333]]",1786.635100799962,completada,
svm,class_weight,grid,12.0,5.0,3.0,1.0,False,42.0,4,False,60.0,185.0,0.6620616605081416,0.0068757641125581,"[0.6703457236062709, 0.6600104242072125, 0.6517236996292305, 0.6634171770838849, 0.6648112780141093]",0.207126551475198,0.011502548642814,"[0.22692962970228014, 0.19794255149999557, 0.2031659551554273, 0.20107034110333172, 0.2065242799149556]",0.8861374461614828,0.000353355163836,"[0.8866238832263748, 0.8858203321590338, 0.8863650663814258, 0.8858131487889274, 0.8860648002516515]",0.5019230769230769,0.1036857735900659,"[0.625, 0.4230769230769231, 0.6, 0.4, 0.46153846153846156]",0.0065186658572077,0.0028280837583321,"[0.011049723756906077, 0.006073992269464384, 0.0066298342541436465, 0.0055248618784530384, 0.0033149171270718232]",0.0128576134782762,0.005534385675816,"[0.021715526601520086, 0.011976047904191617, 0.013114754098360656, 0.010899182561307902, 0.006582556226001097]",0.5028546329772213,0.0013847672534343,"[0.505098846541901, 0.5025045147715799, 0.50303088673582, 0.5022299495760743, 0.5014089672607315]",0.0971796924201403,0.0005827531652445,"[0.09620247121754955, 0.09771266492625093, 0.09744763394219848, 0.09739443444724223, 0.09714125756746085]",474.5480744999368,45.469748700095806,2.077194200071972,7.909134574998946,587.4735032000463,612.7348038000055,"[{""modelo__estimator__C"": 0.003511191734215131}, {""modelo__estimator__C"": 0.003511191734215131}, {""modelo__estimator__C"": 0.003511191734215131}, {""modelo__estimator__C"": 0.0008111308307896872}, {""modelo__estimator__C"": 0.003511191734215131}]","[[0.1963491469809757, 0.19692137255071165, 0.1985241038078234, 0.20034806569711794, 0.2006872660926052, 0.2006872660926052, 0.2006872660926052, 0.2006872660926052, 0.2006872660926052, 0.2006872660926052, 0.2006872660926052, 0.2006872660926052], [0.20366603878578404, 0.20470808357633397, 0.2070346390008316, 0.20989165412777552, 0.21039997194084412, 0.21039997194084412, 0.21039997194084412, 0.21039997194084412, 0.21039997194084412, 0.21039997194084412, 0.21039997194084412, 0.21039997194084412], [0.20310830634441432, 0.20405325135494914, 0.20596372498051674, 0.20768580199083794, 0.2078938100054463, 0.2078938100054463, 0.2078938100054463, 0.2078938100054463, 0.2078938100054463, 0.2078938100054463, 0.2078938100054463, 0.2078938100054463], [0.2042860355395966, 0.20502670148466942, 0.20694723468837037, 0.20896374541858875, 0.20896374541858875, 0.20896374541858875, 0.20896374541858875, 0.20896374541858875, 0.20896374541858875, 0.20896374541858875, 0.20896374541858875, 0.20896374541858875], [0.20126882126177828, 0.2023293978142926, 0.2044084060624866, 0.20665391533737298, 0.20678207555308434, 0.20678207555308434, 0.20678207555308434, 0.20678207555308434, 0.20678207555308434, 0.20678207555308434, 0.20678207555308434, 0.20678207555308434]]","[[], [], [], [], []]",612.7350325000007,completada,
svm,class_weight,random,12.0,5.0,3.0,1.0,False,42.0,4,False,60.0,185.0,0.6619406735537041,0.0068023352889017,"[0.6705492381151137, 0.6602305909906074, 0.6518939609411135, 0.6624747929402581, 0.6645547847814277]",0.2072594040085792,0.011439918003415,"[0.22700867059650645, 0.19811432481070373, 0.2031947223417613, 0.201548679332465, 0.20643062296146003]",0.8862255257567471,0.0003513651112782,"[0.8867497168742922, 0.8858203321590338, 0.8863650663814258, 0.8861277131173325, 0.8860648002516515]",0.5274337427278604,0.0927962514527357,"[0.6470588235294118, 0.42857142857142855, 0.6, 0.5, 0.46153846153846156]",0.0064081076051508,0.0036144034695329,"[0.012154696132596685, 0.006626173384870237, 0.0066298342541436465, 0.0033149171270718232, 0.0033149171270718232]",0.0126390443396882,0.0070648803342306,"[0.02386117136659436, 0.013050570962479609, 0.013114754098360656, 0.006586169045005488, 0.006582556226001097]",0.5028561518632625,0.001727939496015,"[0.5056513327297463, 0.5027451065717393, 0.50303088673582, 0.501444466018275, 0.5014089672607315]",0.0971807447799231,0.0005917664747184,"[0.09618123638045471, 0.09770974964862437, 0.09744741055820064, 0.09740514120249964, 0.09716018610983632]",554.2584612999344,47.63640169997234,2.0851944999885745,9.237641021665574,675.726774800045,708.4553085000371,"[{""modelo__estimator__C"": 0.002289935646975098}, {""modelo__estimator__C"": 0.001955267794202904}, {""modelo__estimator__C"": 0.0018561983195763835}, {""modelo__estimator__C"": 0.009844034671345857}, {""modelo__estimator__C"": 0.005265556847722155}]","[[0.1992277744193632, 0.1992277744193632, 0.1992277744193632, 0.1992277744193632, 0.1995450209595647, 0.1995450209595647, 0.1995450209595647, 0.1995450209595647, 0.2007029236892838, 0.2007029236892838, 0.2007029236892838, 0.2007029236892838], [0.20365297694856124, 0.20608063862454418, 0.21043803894031543, 0.21043803894031543, 0.21043803894031543, 0.21043803894031543, 0.21043803894031543, 0.21043803894031543, 0.21043803894031543, 0.21043803894031543, 0.21043803894031543, 0.21045310486432145], [0.20698616438071962, 0.20727419306435615, 0.20727419306435615, 0.20727419306435615, 0.20742076311114424, 0.20742076311114424, 0.20742076311114424, 0.20742076311114424, 0.20804226494432523, 0.20804226494432523, 0.20804226494432523, 0.20804226494432523], [0.2072368458970071, 0.2072368458970071, 0.2072368458970071, 0.20746920122526144, 0.20746920122526144, 0.20746920122526144, 0.20746920122526144, 0.20746920122526144, 0.2081625657244277, 0.2081625657244277, 0.2081625657244277, 0.2082746965919564], [0.20536916538511854, 0.20536916538511854, 0.20660315495285164, 0.20660315495285164, 0.20660315495285164, 0.20660315495285164, 0.20660315495285164, 0.20660315495285164, 0.20660315495285164, 0.20660315495285164, 0.20660315495285164, 0.20660315495285164]]","[[], [], [], [], []]",708.4555111000082,completada,
svm,class_weight,optuna,12.0,5.0,3.0,1.0,True,42.0,4,True,60.0,133.0,0.6621439422157657,0.0069271908409507,"[0.6704399098699044, 0.6600707583738159, 0.6517421772969486, 0.6632602764980574, 0.6652065890401018]",0.2073147111945687,0.0114344753849478,"[0.22696534783232897, 0.19799573195724562, 0.20320080760738732, 0.20158442426133105, 0.20682724431455063]",0.8862129423919555,0.0003282665481576,"[0.8866868000503335, 0.8858203321590338, 0.8863650663814258, 0.8860648002516515, 0.8861277131173325]",0.5260057589469354,0.0894367870295988,"[0.6363636363636364, 0.4230769230769231, 0.6, 0.47058823529411764, 0.5]",0.0066291630947768,0.0029496266575839,"[0.011602209944751382, 0.006073992269464384, 0.0066298342541436465, 0.004419889502762431, 0.004419889502762431]",0.0130799162214809,0.005762147725323,"[0.02278893109061313, 0.011976047904191617, 0.013114754098360656, 0.00875752599890531, 0.008762322015334063]",0.5029453803535493,0.0014367720080599,"[0.5053750896358236, 0.5025045147715799, 0.50303088673582, 0.5018904559334898, 0.5019259546910333]",0.097166921745625,0.0005851464123169,"[0.09619231696154892, 0.09771158942491288, 0.09744730273153566, 0.09737067832222406, 0.09711272128790353]",1205.359264600091,57.05441790004261,2.529138400102965,20.089321076668178,1364.9296887000091,528.6104876000318,"[{""modelo__estimator__C"": 0.0029092751608203655}, {""modelo__estimator__C"": 0.003051615335898974}, {""modelo__estimator__C"": 0.003340051752620894}, {""modelo__estimator__C"": 0.0020658383750331234}, {""modelo__estimator__C"": 0.0019667564400083545}]","[[0.19630539842187775, 0.19940002667349918, 0.19940002667349918, 0.19940002667349918, 0.19940002667349918, 0.19940002667349918, 0.20010141508853033, 0.20069610421629125, 0.20070948966356358, 0.20070948966356358, 0.20070948966356358, 0.20071033261902868], [0.20883649121377404, 0.20883649121377404, 0.20887475927575502, 0.2098093554761269, 0.2098093554761269, 0.21025173548400736, 0.21025173548400736, 0.21025173548400736, 0.21038252031848695, 0.21038252031848695, 0.21038252031848695, 0.21047249432255913], [0.20655769541204558, 0.20711835170279969, 0.20711835170279969, 0.20711835170279969, 0.20711835170279969, 0.20711835170279969, 0.20791836957041324, 0.20791836957041324, 0.20791836957041324, 0.20791836957041324, 0.20791836957041324, 0.20791836957041324], [0.20725115626987356, 0.20742568512482998, 0.20742568512482998, 0.20742568512482998, 0.20742568512482998, 0.2086181110753178, 0.20886694278771856, 0.20919095462027318, 0.20919095462027318, 0.20919095462027318, 0.20919095462027318, 0.20919095462027318], [0.2011782290146916, 0.20533655069624435, 0.20538183527051646, 0.20642080659075748, 0.20642080659075748, 0.20694223539532197, 0.20694223539532197, 0.20694265683464527, 0.20694265683464527, 0.20694265683464527, 0.20694265683464527, 0.20694265683464527]]","[[], [], [], [], []]",528.6123016999918,completada,
svm,class_weight,deap,12.0,5.0,3.0,1.0,False,42.0,4,False,60.0,185.0,0.6615599800244156,0.0069362976955775,"[0.6706197699360271, 0.6594291541043993, 0.6515805467428109, 0.6621944508185307, 0.6639759785203098]",0.2069599642554513,0.0115771389171502,"[0.2269415551694698, 0.19756652488126308, 0.20323771174802885, 0.20116116871661416, 0.20589286076188082]",0.8862758576328023,0.0003568309478838,"[0.8868126336982509, 0.8858832410669351, 0.8864279871641603, 0.8861277131173325, 0.8861277131173325]",0.5434586466165413,0.0970382243361109,"[0.6571428571428571, 0.42857142857142855, 0.631578947368421, 0.5, 0.5]",0.0059663016983382,0.0041049566713142,"[0.01270718232044199, 0.004969630038652678, 0.0066298342541436465, 0.0027624309392265192, 0.0027624309392265192]",0.011773702474271,0.0080252391294385,"[0.024932249322493227, 0.009825327510917031, 0.013121924548933843, 0.005494505494505495, 0.005494505494505495]",0.5026920479301983,0.0019646862481737,"[0.5059275758236689, 0.5020588299288045, 0.5030663905347265, 0.5012037216818959, 0.5012037216818959]",0.0971968638468244,0.0006037939582002,"[0.09616920727128679, 0.09773092488905975, 0.09745155069023671, 0.0974248660441148, 0.09720777033942417]",651.0204417998902,53.06163720006589,2.4295596999581903,10.850340696664835,778.7173762000748,811.5294022000162,"[{""modelo__estimator__C"": 0.001584893192461114}, {""modelo__estimator__C"": 0.018478497974222907}, {""modelo__estimator__C"": 0.0054116952654646375}, {""modelo__estimator__C"": 0.018478497974222907}, {""modelo__estimator__C"": 0.018478497974222907}]","[[0.1999883801260863, 0.1999883801260863, 0.2007114837280124, 0.2007114837280124, 0.2007114837280124, 0.2007114837280124, 0.2007114837280124, 0.2007114837280124, 0.2007114837280124, 0.2007114837280124, 0.2007114837280124, 0.2007114837280124], [0.20898280482271295, 0.20898280482271295, 0.20898280482271295, 0.20898280482271295, 0.20898280482271295, 0.20898280482271295, 0.20965239419628756, 0.20965239419628756, 0.20965239419628756, 0.20965239419628756, 0.20965239419628756, 0.20965239419628756], [0.20655814070899012, 0.20686003332594663, 0.20686003332594663, 0.20723044559091594, 0.20723044559091594, 0.20723044559091594, 0.20726822786265753, 0.20726822786265753, 0.20772395221982562, 0.20772395221982562, 0.20772395221982562, 0.20772395221982562], [0.20794903867907, 0.20794903867907, 0.20794903867907, 0.20794903867907, 0.20794903867907, 0.20794903867907, 0.20794903867907, 0.20794903867907, 0.20794903867907, 0.20794903867907, 0.20794903867907, 0.20794903867907], [0.2009731518223886, 0.20537783328316514, 0.2060584801838811, 0.2060584801838811, 0.2060584801838811, 0.2060584801838811, 0.2060584801838811, 0.2060584801838811, 0.2060584801838811, 0.2060584801838811, 0.2060584801838811, 0.2060584801838811]]","[[1.0, 0.5, 0.25, 0.6666666666666666], [1.0, 0.5, 0.5, 0.3333333333333333], [1.0, 0.5, 1.0, 0.3333333333333333], [1.0, 0.5, 0.5, 0.3333333333333333], [1.0, 0.5, 0.5, 0.3333333333333333]]",811.5296869000304,completada,
knn,ninguno,grid,8.0,5.0,3.0,0.25,False,42.0,4,False,40.0,125.0,0.6504369370761734,0.010473137496354,"[0.665275003491286, 0.6488178286482226, 0.6370145738190671, 0.6463092079070051, 0.654768071515287]",0.2058463798536675,0.0160177052839505,"[0.23297830929776123, 0.20007509696112347, 0.19534658479055117, 0.19379804338269618, 0.20703386483620584]",0.8862003487359404,0.0002661685583411,"[0.886560966402416, 0.8861977856064419, 0.8861763040332222, 0.8858131487889274, 0.8862535388486945]",0.7203243616287095,0.2438940507082848,"[0.8888888888888888, 0.75, 0.5714285714285714, 0.391304347826087, 1.0]",0.0028727451333319,0.0017208701166023,"[0.004419889502762431, 0.0016565433462175593, 0.0022099447513812156, 0.004972375690607734, 0.0011049723756906078]",0.0057064323101828,0.003397489810321,"[0.008796041781198461, 0.003305785123966942, 0.004402861860209136, 0.009819967266775777, 0.002207505518763797]",0.5013014737590824,0.0007325684927707,"[0.5021744434733352, 0.5007927729155652, 0.5009984609789712, 0.501989205239695, 0.5005524861878453]",0.0974321541371042,0.0007167178791312,"[0.09622106579194266, 0.09774312493254168, 0.09797154314260509, 0.09787261187039911, 0.09735242494803242]",205.1455774000497,26.48216080002021,50.84398819995113,5.128639435001242,299.0863173999824,330.1210364999715,"[{""modelo__n_neighbors"": 201, ""modelo__weights"": ""distance""}, {""modelo__n_neighbors"": 201, ""modelo__weights"": ""distance""}, {""modelo__n_neighbors"": 201, ""modelo__weights"": ""distance""}, {""modelo__n_neighbors"": 201, ""modelo__weights"": ""distance""}, {""modelo__n_neighbors"": 201, ""modelo__weights"": ""distance""}]","[[0.15674510162039593, 0.16792876815609561, 0.16792876815609561, 0.17099986234791484, 0.17222506235012122, 0.17759211016550566, 0.17759211016550566, 0.18063056356072585], [0.16790889216932423, 0.17940408620179063, 0.17940408620179063, 0.18668526252780962, 0.18668526252780962, 0.19025493784041328, 0.1902773504138072, 0.19492889190716986], [0.15025367139796564, 0.15765558225004764, 0.16405647259311087, 0.16971043019755241, 0.1752732868045923, 0.17887746913148564, 0.1866273487135736, 0.18921955722496778], [0.17807591754748972, 0.1903256177228834, 0.1903256177228834, 0.19400610572947297, 0.19527240537436116, 0.2011855709793491, 0.20502344669583925, 0.20920382050700437], [0.18299372995908417, 0.1928076645949551, 0.19836392679439718, 0.2058600649412883, 0.2058600649412883, 0.210505217869441, 0.210505217869441, 0.21218813602667028]]","[[], [], [], [], []]",330.1224682999891,completada,
knn,ninguno,random,8.0,5.0,3.0,0.25,False,42.0,4,False,40.0,125.0,0.6501305157529116,0.0119289076456644,"[0.6655138819804143, 0.6521324834801406, 0.632168795652295, 0.6487231234199621, 0.652114294231746]",0.2052081134205567,0.0147713517994387,"[0.23065043574330132, 0.20219485039521545, 0.1944624830265007, 0.1953253602001157, 0.2034074377376507]",0.8861500176517401,8.817326768464412e-05,"[0.8861205486347049, 0.8860719677906391, 0.8863021455986912, 0.8861277131173325, 0.8861277131173325]",0.3272727272727272,0.3039002663717596,"[0.0, 0.5, 0.6363636363636364, 0.0, 0.5]",0.0014364030739098,0.0017731658216837,"[0.0, 0.0005521811154058532, 0.0038674033149171273, 0.0, 0.0027624309392265192]",0.0028571465850825,0.0035247947328267,"[0.0, 0.0011031439602868175, 0.007688083470620538, 0.0, 0.005494505494505495]",0.5006471999887776,0.0008097270453547,"[0.5, 0.5002405918001595, 0.5017916864618326, 0.5, 0.5012037216818959]",0.0974936155663479,0.0007325071701327,"[0.09626800761022633, 0.097631541243892, 0.09809646178315787, 0.09800452204952692, 0.0974675451449365]",373.2159781000228,25.29914079984883,101.5916317999945,9.330399452500568,515.6270067000296,543.7019933999982,"[{""modelo__n_neighbors"": 251, ""modelo__weights"": ""uniform"", ""modelo__p"": 2}, {""modelo__n_neighbors"": 235, ""modelo__weights"": ""distance"", ""modelo__p"": 2}, {""modelo__n_neighbors"": 131, ""modelo__weights"": ""distance"", ""modelo__p"": 2}, {""modelo__n_neighbors"": 230, ""modelo__weights"": ""distance"", ""modelo__p"": 1}, {""modelo__n_neighbors"": 108, ""modelo__weights"": ""distance"", ""modelo__p"": 2}]","[[0.16049092761080155, 0.16049092761080155, 0.16522773760390572, 0.16735240434443002, 0.16735240434443002, 0.1786107906000706, 0.1786107906000706, 0.1786107906000706], [0.15293910996018248, 0.16859733378037153, 0.16859733378037153, 0.16859733378037153, 0.19043978255059169, 0.19043978255059169, 0.19660000157265634, 0.19660000157265634], [0.16881266918022855, 0.17915651485024117, 0.17915651485024117, 0.18213169906272486, 0.18213169906272486, 0.18213169906272486, 0.18213169906272486, 0.18213169906272486], [0.19509792810149343, 0.19509792810149343, 0.201459594811911, 0.201459594811911, 0.201459594811911, 0.201459594811911, 0.201459594811911, 0.201459594811911], [0.2109304278857216, 0.2109304278857216, 0.2109304278857216, 0.2109304278857216, 0.2109304278857216, 0.21109598290133583, 0.21109598290133583, 0.21109598290133583]]","[[], [], [], [], []]",543.7028890000074,completada,
knn,ninguno,optuna,8.0,5.0,3.0,0.25,True,42.0,4,False,40.0,71.0,0.6500312548942039,0.0095726783917555,"[0.6637077103284004, 0.6417879769569743, 0.6408316637394013, 0.6487662710810647, 0.6550626523651782]",0.2043847619729143,0.0148708338837449,"[0.228802529868816, 0.19395873678670428, 0.19532594065185244, 0.19538345962213927, 0.20845314293505968]",0.8860996794421417,7.555709040372285e-05,"[0.8861205486347049, 0.8860719677906391, 0.8859875416850186, 0.8861277131173325, 0.8861906259830136]",0.3,0.4472135954999579,"[0.0, 0.5, 0.0, 0.0, 1.0]",0.0002209334606502,0.000302525619492,"[0.0, 0.0005521811154058532, 0.0, 0.0, 0.0005524861878453039]",0.0004415012382197,0.0006045506217871,"[0.0, 0.0011031439602868175, 0.0, 0.0, 0.0011043622308117063]",0.5000891654592539,0.0001577056947064,"[0.5, 0.5002405918001595, 0.499928992402187, 0.5, 0.5002762430939226]",0.0975598203423479,0.0007247966336109,"[0.09639519944633194, 0.09818083726658365, 0.09789023817798113, 0.09800362008171047, 0.09732920673913241]",208.932255599997,25.167975999997,163.5779470000998,5.223306389999925,413.42417730006855,440.2893690000056,"[{""modelo__n_neighbors"": 300, ""modelo__weights"": ""uniform"", ""modelo__p"": 2}, {""modelo__n_neighbors"": 151, ""modelo__weights"": ""distance"", ""modelo__p"": 1}, {""modelo__n_neighbors"": 288, ""modelo__weights"": ""uniform"", ""modelo__p"": 2}, {""modelo__n_neighbors"": 232, ""modelo__weights"": ""distance"", ""modelo__p"": 1}, {""modelo__n_neighbors"": 293, ""modelo__weights"": ""distance"", ""modelo__p"": 2}]","[[0.1366973381908139, 0.17804689642395075, 0.17804689642395075, 0.1781794244471228, 0.1781794244471228, 0.1781794244471228, 0.1781794244471228, 0.1781794244471228], [0.19582553374456216, 0.19582553374456216, 0.19582553374456216, 0.19582553374456216, 0.19582553374456216, 0.19582553374456216, 0.19582553374456216, 0.19582553374456216], [0.18922098832776402, 0.18922098832776402, 0.18922098832776402, 0.18922098832776402, 0.18922098832776402, 0.18922098832776402, 0.18922098832776402, 0.18922098832776402], [0.18982917761882864, 0.2019920449053698, 0.2019920449053698, 0.2019920449053698, 0.2019920449053698, 0.2019920449053698, 0.2019920449053698, 0.2019920449053698], [0.15001444016352208, 0.19705350959686227, 0.19705350959686227, 0.2043305072874941, 0.21067762084603517, 0.21067762084603517, 0.21824414156514682, 0.21824414156514682]]","[[], [], [], [], []]",440.289530900016,completada,
knn,ninguno,deap,8.0,5.0,3.0,0.25,False,42.0,4,False,40.0,125.0,0.6437526341148482,0.0079926983712864,"[0.6407002146552414, 0.636727022395188, 0.6374554878476969, 0.6485395497345439, 0.6553408959415703]",0.1989406626978217,0.0072875010850603,"[0.2082090081854054, 0.19128816330185075, 0.19494057495076447, 0.1951767414022093, 0.2050888256488787]",0.8861877622041281,0.0002175880811553,"[0.886560966402416, 0.8861348766985405, 0.8859875416850186, 0.8861277131173325, 0.8861277131173325]",0.361111111111111,0.4015786748555822,"[0.8888888888888888, 0.6666666666666666, 0.25, 0.0, 0.0]",0.0012153475842838,0.0018489815702238,"[0.004419889502762431, 0.0011043622308117063, 0.0005524861878453039, 0.0, 0.0]",0.0024207298556884,0.0036792870285652,"[0.008796041781198461, 0.002205071664829107, 0.0011025358324145535, 0.0, 0.0]",0.5005721715056801,0.0009202000824725,"[0.5021744434733352, 0.5005166823578624, 0.5001697316972031, 0.5, 0.5]",0.0979744386373493,0.0002126556721766,"[0.0977525760696738, 0.09830152364262343, 0.09798894641278559, 0.09800758966523913, 0.09782155739642479]",424.8963000999647,25.541065099998377,250.3076303999988,10.62240750249912,716.3737372999894,745.5822784000193,"[{""modelo__n_neighbors"": 44, ""modelo__weights"": ""distance"", ""modelo__p"": 1}, {""modelo__n_neighbors"": 77, ""modelo__weights"": ""distance"", ""modelo__p"": 1}, {""modelo__n_neighbors"": 229, ""modelo__weights"": ""distance"", ""modelo__p"": 2}, {""modelo__n_neighbors"": 229, ""modelo__weights"": ""distance"", ""modelo__p"": 1}, {""modelo__n_neighbors"": 301, ""modelo__weights"": ""uniform"", ""modelo__p"": 1}]","[[0.1650247876867818, 0.1650247876867818, 0.1650247876867818, 0.1650247876867818, 0.1650247876867818, 0.1650247876867818, 0.1650247876867818, 0.1650247876867818], [0.1842214261583858, 0.1842214261583858, 0.1842214261583858, 0.1842214261583858, 0.1848325369724125, 0.1848325369724125, 0.1848325369724125, 0.1848325369724125], [0.18852144204947893, 0.18852144204947893, 0.18852144204947893, 0.18852144204947893, 0.18852144204947893, 0.18852144204947893, 0.18852144204947893, 0.18852144204947893], [0.1866840069429617, 0.1866840069429617, 0.1866840069429617, 0.20142164488368505, 0.20142164488368505, 0.20142164488368505, 0.20142164488368505, 0.20142164488368505], [0.16236617347156163, 0.19760123728669418, 0.19760123728669418, 0.2054982334854223, 0.2054982334854223, 0.2054982334854223, 0.2054982334854223, 0.2054982334854223]]","[[1.0, 0.5, 0.5], [1.0, 0.5, 1.0], [1.0, 1.0, 0.5], [1.0, 0.75, 0.5], [1.0, 0.75, 0.5]]",745.5839534000261,completada,
knn,smote,grid,8.0,5.0,3.0,0.25,False,42.0,4,False,40.0,125.0,0.6406014213763849,0.0107047907233525,"[0.655551105364655, 0.6433951239094815, 0.62607861914153, 0.6366486427118697, 0.6413336157543879]",0.1937288003553647,0.0124210320873286,"[0.21250958149984084, 0.19907730548117913, 0.18160629248381716, 0.18482995401365615, 0.19062086829833033]",0.2363572072817639,0.0040113441349298,"[0.24097143576192273, 0.2307498741821842, 0.2394135783049141, 0.23560868197546397, 0.2350424661843347]",0.1240913300362122,0.0004526502294442,"[0.12472551602986386, 0.1236904847915613, 0.12417727073277754, 0.12361677344205009, 0.12424660518480865]",0.941663498997837,0.0036009638916619,"[0.9414364640883978, 0.9453340695748206, 0.938121546961326, 0.938121546961326, 0.945303867403315]",0.219284994987116,0.000718258327651,"[0.2202688728024819, 0.21875798619984665, 0.21932317230689743, 0.21844847549208798, 0.2196264681342661]",0.5436854958777004,0.0018297957408283,"[0.5461939491700154, 0.5421026045424688, 0.5438672777766227, 0.5417267301721788, 0.5445369177272166]",0.3868118324942414,0.0015700789365054,"[0.38705798888118254, 0.38777528857685856, 0.3863763217087707, 0.38847203157887433, 0.38437753172552125]",250.50034609995785,29.58625299995765,83.6395676000393,6.262508652498946,379.1033430000534,405.8635581000126,"[{""modelo__n_neighbors"": 201, ""modelo__weights"": ""distance""}, {""modelo__n_neighbors"": 201, ""modelo__weights"": ""distance""}, {""modelo__n_neighbors"": 201, ""modelo__weights"": ""distance""}, {""modelo__n_neighbors"": 201, ""modelo__weights"": ""distance""}, {""modelo__n_neighbors"": 201, ""modelo__weights"": ""distance""}]","[[0.14512986767931826, 0.14755800011143055, 0.15048804812022318, 0.15307339257016814, 0.15307339257016814, 0.15462227862809566, 0.15716591749960096, 0.15845907717792562], [0.15464707744575365, 0.15823212598319128, 0.15850639580181367, 0.1614321901671469, 0.16921532266095063, 0.1712302583249503, 0.17611374523010118, 0.1780129578321451], [0.14032500778508306, 0.14225166507794054, 0.1470044930680463, 0.14871128435111905, 0.15608420351576818, 0.1573261233231474, 0.16528559859665956, 0.16640182298249964], [0.14866692383223815, 0.15221524113996068, 0.16614665161273856, 0.17076930833770784, 0.17714856061510542, 0.18009959230887787, 0.18009959230887787, 0.18184075072649716], [0.1567378014655164, 0.1604203183620012, 0.17394218496660638, 0.17679845949789472, 0.1885643692933615, 0.19081565777202295, 0.19577862239120727, 0.19753738522629818]]","[[], [], [], [], []]",405.86450620001415,completada,
knn,smote,random,8.0,5.0,3.0,0.25,False,42.0,4,False,40.0,125.0,0.6385163859303677,0.0142685584449567,"[0.6560728956960683, 0.6449968607807728, 0.6224077617189017, 0.6252456965111193, 0.6438587149449768]",0.193118774819841,0.013902805597592,"[0.21262390257965288, 0.20066918124535427, 0.18013924964203848, 0.18024303620130588, 0.19191850443085334]",0.5068936998783529,0.2549379298623775,"[0.22958349062539324, 0.22584297936587822, 0.6865286604165356, 0.6892733564013841, 0.7032400125825732]",0.1532845329125979,0.0277043975975342,"[0.12358415698723035, 0.12359228175884084, 0.16666666666666666, 0.17042342532125554, 0.1821561338289963]",0.648624153805321,0.2742393153038573,"[0.9464088397790055, 0.951408061844285, 0.438121546961326, 0.44696132596685084, 0.46022099447513815]",0.2373250100643305,0.0184479044119188,"[0.21862038159657968, 0.21876587100050787, 0.24147381242387334, 0.24675918865334756, 0.2610057966473445]",0.5686470032121951,0.0253346544942472,"[0.5419348941865775, 0.5419802112558307, 0.578288210816458, 0.5836865557771777, 0.5973451440249316]",0.2783028238396451,0.099474337089992,"[0.38714148972374757, 0.3873955235209586, 0.20677182038759948, 0.2054802500295736, 0.20472503553634613]",550.6615857999423,29.0593434998882,350.4918552999152,13.766539644998556,945.4952634999064,971.9747311000248,"[{""modelo__n_neighbors"": 251, ""modelo__weights"": ""uniform"", ""modelo__p"": 2}, {""modelo__n_neighbors"": 235, ""modelo__weights"": ""distance"", ""modelo__p"": 2}, {""modelo__n_neighbors"": 260, ""modelo__weights"": ""uniform"", ""modelo__p"": 1}, {""modelo__n_neighbors"": 230, ""modelo__weights"": ""distance"", ""modelo__p"": 1}, {""modelo__n_neighbors"": 263, ""modelo__weights"": ""uniform"", ""modelo__p"": 1}]","[[0.15126279325911932, 0.15126279325911932, 0.15258052021435228, 0.15338352201958286, 0.15338352201958286, 0.15897108577616256, 0.15897108577616256, 0.15897108577616256], [0.14515185357381255, 0.15507778438751244, 0.15507778438751244, 0.15507778438751244, 0.16725665317253224, 0.17903807116461687, 0.179060705294755, 0.179060705294755], [0.14903498808925972, 0.15940709713996967, 0.15940709713996967, 0.1605133901813496, 0.1605133901813496, 0.1605133901813496, 0.1605133901813496, 0.16331655403188214], [0.17877854514131322, 0.17877854514131322, 0.1819618430078113, 0.1819618430078113, 0.1819618430078113, 0.1819618430078113, 0.1819618430078113, 0.1819618430078113], [0.1905082445464875, 0.1905082445464875, 0.19397809945818115, 0.19397809945818115, 0.19397809945818115, 0.19397809945818115, 0.19397809945818115, 0.19397809945818115]]","[[], [], [], [], []]",971.9766124000308,completada,
knn,smote,optuna,8.0,5.0,3.0,0.25,True,42.0,4,False,40.0,73.0,0.6404367998298965,0.0126680044688118,"[0.656215783436712, 0.6452948660877488, 0.6294956734403729, 0.6255234889983271, 0.6456541871863214]",0.1940922994950085,0.0137938824831974,"[0.21433548869558358, 0.19839011716370242, 0.18236704787207686, 0.18016034341566478, 0.19520850032801493]",0.3144818227640777,0.2094799262424481,"[0.22115263621492387, 0.2204957221942627, 0.2211036305291638, 0.689210443535703, 0.22044668134633533]",0.1323286827811858,0.0211991992114118,"[0.12288589167201884, 0.12300456100342075, 0.12245481174537401, 0.17024863042562158, 0.12304951905949413]",0.8503919265629623,0.2258500155468913,"[0.9513812154696133, 0.9530646051905025, 0.9469613259668508, 0.44640883977900553, 0.9541436464088398]",0.2233780642912557,0.0129284430971631,"[0.217657839853378, 0.21788802625765322, 0.2168659454671981, 0.24649176327028677, 0.2179867466077627]",0.5479959841187918,0.0198252006719488,"[0.539344399271302, 0.5396845922651128, 0.5373875010150948, 0.5834103126832549, 0.5401531153591944]",0.3498462144468425,0.0806537424271333,"[0.38645825119192423, 0.3876874279123414, 0.38606212660205247, 0.20559515010070553, 0.3834281164271887]",283.4962160999421,27.55392719991505,159.93529699998908,7.087405402498552,485.409418800089,512.4754390999442,"[{""modelo__n_neighbors"": 300, ""modelo__weights"": ""uniform"", ""modelo__p"": 2}, {""modelo__n_neighbors"": 255, ""modelo__weights"": ""uniform"", ""modelo__p"": 2}, {""modelo__n_neighbors"": 288, ""modelo__weights"": ""uniform"", ""modelo__p"": 2}, {""modelo__n_neighbors"": 232, ""modelo__weights"": ""distance"", ""modelo__p"": 1}, {""modelo__n_neighbors"": 293, ""modelo__weights"": ""distance"", ""modelo__p"": 2}]","[[0.13289491206136803, 0.1546549949302403, 0.1546549949302403, 0.16223656501267836, 0.16223656501267836, 0.16223656501267836, 0.16223656501267836, 0.16223656501267836], [0.17654776981053036, 0.17654776981053036, 0.1766239225924496, 0.1766239225924496, 0.1766239225924496, 0.1766239225924496, 0.1766239225924496, 0.1766239225924496], [0.1687143545276946, 0.1687143545276946, 0.1687143545276946, 0.1687143545276946, 0.1687143545276946, 0.1687143545276946, 0.1687143545276946, 0.1687143545276946], [0.1739252842969252, 0.18208745771233825, 0.18208745771233825, 0.18208745771233825, 0.18208745771233825, 0.18208745771233825, 0.18208745771233825, 0.18208745771233825], [0.1443300129185238, 0.18670247789362918, 0.18670247789362918, 0.19362570493349654, 0.1975726736228766, 0.1975726736228766, 0.20356772785152286, 0.20356772785152286]]","[[], [], [], [], []]",512.4764615999884,completada,
knn,smote,deap,8.0,5.0,3.0,0.25,False,42.0,4,False,40.0,125.0,0.6269097742204167,0.0117851420047054,"[0.6244992946817909, 0.6122079266706615, 0.6274426711724452, 0.6253030044500929, 0.6450959741270933]",0.1818613780959788,0.0092765878505332,"[0.18629855575895107, 0.16738840050458226, 0.18294540022087316, 0.1802618066970073, 0.19241272729848047]",0.610499798577113,0.2113946172433423,"[0.7189505473763684, 0.7133241066935078, 0.23293273768325679, 0.6895879207297892, 0.6977036804026423]",0.1634828602641397,0.022934156097501,"[0.1741476575913662, 0.16947520462205104, 0.12324889308267402, 0.16990701606086223, 0.18063552996374493]",0.5262553883419618,0.2327181413095594,"[0.39226519337016574, 0.3887355052457206, 0.938121546961326, 0.44419889502762433, 0.46795580110497237]",0.2403157558765879,0.0155437314885848,"[0.24120944453881435, 0.23604358759430008, 0.21787386925001603, 0.2457963925405075, 0.26065548545930145]",0.5737918442089338,0.021120316476942,"[0.5765997935041683, 0.5718970390978336, 0.5402103864892549, 0.5826603278829993, 0.597591674070413]",0.235759090814533,0.0845137587873284,"[0.18804333331000225, 0.19257021114482872, 0.38626359298656493, 0.20543393066661209, 0.20648438596465704]",577.1061976999044,25.81553500005976,390.6320574999554,14.427654942497613,1006.7739354999504,1029.5862662,"[{""modelo__n_neighbors"": 58, ""modelo__weights"": ""distance"", ""modelo__p"": 1}, {""modelo__n_neighbors"": 77, ""modelo__weights"": ""distance"", ""modelo__p"": 1}, {""modelo__n_neighbors"": 229, ""modelo__weights"": ""distance"", ""modelo__p"": 2}, {""modelo__n_neighbors"": 229, ""modelo__weights"": ""distance"", ""modelo__p"": 1}, {""modelo__n_neighbors"": 301, ""modelo__weights"": ""uniform"", ""modelo__p"": 1}]","[[0.15159480951465887, 0.15159480951465887, 0.15159480951465887, 0.15420699371927818, 0.15420699371927818, 0.15420699371927818, 0.15420699371927818, 0.15420699371927818], [0.16467025026805857, 0.16467025026805857, 0.16467025026805857, 0.16467025026805857, 0.16754207417183975, 0.16754207417183975, 0.16754207417183975, 0.16754207417183975], [0.16785208321212516, 0.16785208321212516, 0.16785208321212516, 0.16785208321212516, 0.16785208321212516, 0.16785208321212516, 0.16785208321212516, 0.16785208321212516], [0.16554608826012798, 0.16554608826012798, 0.16554608826012798, 0.18204882952604043, 0.18204882952604043, 0.18204882952604043, 0.18204882952604043, 0.18204882952604043], [0.1476121291459385, 0.1871352313348272, 0.1871352313348272, 0.19493179837904254, 0.19493179837904254, 0.19493179837904254, 0.19493179837904254, 0.19493179837904254]]","[[1.0, 0.25, 0.5], [1.0, 0.5, 1.0], [1.0, 1.0, 0.5], [1.0, 0.75, 0.5], [1.0, 0.75, 0.5]]",1029.587706799968,completada,
knn,adasyn,grid,8.0,5.0,3.0,0.25,False,42.0,4,False,40.0,125.0,0.6360393854963531,0.0107446198075459,"[0.6504135408543216, 0.6393125119693147, 0.6212452771120542, 0.6313324193874208, 0.637893178158654]",0.1837310112185738,0.0085364787427154,"[0.19537989504386108, 0.18813870211227024, 0.17392180264756701, 0.17739592041377922, 0.18381873587539174]",0.2152052953711923,0.0023826349325282,"[0.21574178935447338, 0.21294665324609965, 0.21902724469892407, 0.2136520918527839, 0.2146586977036804]",0.1224026950551422,0.0003417360678709,"[0.12224349429199462, 0.12254832792436857, 0.12254343491882655, 0.12189600282985497, 0.12278221531066658]",0.954811144906358,0.0042386779723028,"[0.9524861878453039, 0.9591385974599669, 0.950828729281768, 0.9519337016574586, 0.9596685082872928]",0.2169882055252198,0.0006132952688554,"[0.21667818764532143, 0.2173287456990929, 0.21710609309953324, 0.21611790529946692, 0.21771009588268472]",0.5374792040194014,0.0014857898985878,"[0.5367727729910984, 0.5380712511616483, 0.537901050716294, 0.5353562721989813, 0.5392946730289854]",0.3937799116137089,0.001122283104831,"[0.39492502999700074, 0.39464203628626476, 0.392708159255678, 0.39414801848468756, 0.3924763140449139]",265.92476589995204,48.40973329998087,77.27362930006348,6.648119147498801,407.48056739999447,436.51862350001466,"[{""modelo__n_neighbors"": 201, ""modelo__weights"": ""distance""}, {""modelo__n_neighbors"": 201, ""modelo__weights"": ""distance""}, {""modelo__n_neighbors"": 201, ""modelo__weights"": ""distance""}, {""modelo__n_neighbors"": 201, ""modelo__weights"": ""distance""}, {""modelo__n_neighbors"": 201, ""modelo__weights"": ""distance""}]","[[0.14418999456025663, 0.14662303203099095, 0.14662303203099095, 0.14757614391058152, 0.14770302912394914, 0.14937052598307488, 0.15300893386870804, 0.15438305522339288], [0.14859502158540058, 0.15163250786244623, 0.15163250786244623, 0.15237848119790318, 0.1600216635235777, 0.16198759126141135, 0.16697468417870706, 0.16846817733483774], [0.1351289308144828, 0.13646592421785317, 0.14334544070878424, 0.14464980295830235, 0.14970647634977738, 0.1504073243331233, 0.15712744964982964, 0.1582686587588432], [0.14460450330187027, 0.1477004598649356, 0.15538835006688642, 0.15832442705307945, 0.15917486607176942, 0.16177843362063432, 0.16438561343392202, 0.16623713460605935], [0.15113313323946082, 0.1542872146069739, 0.16497067535502966, 0.1676564910634657, 0.17583076325005062, 0.17832400495349962, 0.18376230558863127, 0.18543753299291674]]","[[], [], [], [], []]",436.5199387999601,completada,
knn,adasyn,random,8.0,5.0,3.0,0.25,False,42.0,4,False,40.0,125.0,0.6306154923543217,0.015414157625608,"[0.6523521067752913, 0.6248426813068169, 0.6143648174222045, 0.621260147055074, 0.6402577092122218]",0.1813641419043095,0.0100945060306602,"[0.1963750014990666, 0.17581276056412715, 0.17368083154132108, 0.17373655415144884, 0.18721556176558396]",0.5880828819920229,0.2141559265707967,"[0.2051088461054486, 0.6774031202818319, 0.679670295098471, 0.6888329663416168, 0.6893991821327461]",0.1595106823007359,0.0223176057574152,"[0.12116757664846703, 0.16365848712228756, 0.16279547790339158, 0.17210372229192805, 0.17782814753760562]",0.5542049049546814,0.2252856541797105,"[0.956353591160221, 0.44561016013252347, 0.4375690607734807, 0.45469613259668507, 0.4767955801104972]",0.2401043554914536,0.0164697142302584,"[0.2150844930417495, 0.23939483832690597, 0.23730337078651687, 0.24969660194174756, 0.2590424733603482]",0.5733220487500882,0.0245520990060641,"[0.5324582497124593, 0.5764082039569256, 0.5741775574406351, 0.5868084851836816, 0.5967577474567396]",0.2456116905061725,0.0833921386536822,"[0.3947815641140612, 0.20922567186713636, 0.20869596026236106, 0.20711004631471672, 0.2082452099725874]",591.7509769999888,55.50720899994485,461.2174055998912,14.79377442499972,1125.499511999893,1152.845932700031,"[{""modelo__n_neighbors"": 251, ""modelo__weights"": ""uniform"", ""modelo__p"": 2}, {""modelo__n_neighbors"": 250, ""modelo__weights"": ""uniform"", ""modelo__p"": 1}, {""modelo__n_neighbors"": 260, ""modelo__weights"": ""uniform"", ""modelo__p"": 1}, {""modelo__n_neighbors"": 230, ""modelo__weights"": ""distance"", ""modelo__p"": 1}, {""modelo__n_neighbors"": 263, ""modelo__weights"": ""uniform"", ""modelo__p"": 1}]","[[0.1494464959036077, 0.1494464959036077, 0.1507951095510447, 0.1507951095510447, 0.1507951095510447, 0.15390163238428264, 0.15390163238428264, 0.15390163238428264], [0.1433483579698318, 0.14955771209001, 0.14955771209001, 0.14955771209001, 0.15815738362925577, 0.17061409121713153, 0.17061409121713153, 0.17061409121713153], [0.14458399418013546, 0.15185656166030273, 0.15185656166030273, 0.15472619069974422, 0.15472619069974422, 0.15472619069974422, 0.15472619069974422, 0.15622841957576308], [0.16893437284611879, 0.16893437284611879, 0.1708662853723635, 0.1708662853723635, 0.1708662853723635, 0.1708662853723635, 0.1708662853723635, 0.1708662853723635], [0.17858298019898475, 0.17858298019898475, 0.18687603928241384, 0.18687603928241384, 0.18687603928241384, 0.18687603928241384, 0.18687603928241384, 0.18687603928241384]]","[[], [], [], [], []]",1152.8475343000027,completada,
knn,adasyn,optuna,8.0,5.0,3.0,0.25,True,42.0,4,False,40.0,75.0,0.6356079586617825,0.0132090093013854,"[0.6522417978317938, 0.6408755942023531, 0.6231932979812266, 0.6210066741586696, 0.6407224291348697]",0.1840872026009532,0.0121664077994914,"[0.201319086999162, 0.1874997237373723, 0.1710577887391622, 0.17377036348414743, 0.1867890500449223]",0.3959408422799959,0.2672058929042243,"[0.19812507864602996, 0.2027554101660795, 0.20153526709872271, 0.6889587920729789, 0.6883296634161686]",0.1425948332460801,0.0294228816066122,"[0.12070759625390219, 0.12158584169453734, 0.12116991643454039, 0.17203850983675179, 0.17747230201066885]",0.7636504357959798,0.2718275799050673,"[0.9613259668508287, 0.9635560463832137, 0.9613259668508287, 0.45414364640883975, 0.47790055248618785]",0.2307988233996277,0.0216061072159341,"[0.21448382126348228, 0.21592526139949267, 0.21521335807050093, 0.2495446265938069, 0.2588270496708558]",0.5561618015744736,0.0326011794862471,"[0.530684284192242, 0.5342451868408791, 0.5326050412255989, 0.5866387383623893, 0.5966357572512586]",0.319350040115962,0.1017911961511452,"[0.39406821581868773, 0.3946151251880012, 0.39236804920764473, 0.2069169858720282, 0.2087818244934485]",354.8079555000877,50.64423349994468,269.55834109999705,8.870198887502193,691.1126894999179,720.3894969000248,"[{""modelo__n_neighbors"": 300, ""modelo__weights"": ""uniform"", ""modelo__p"": 2}, {""modelo__n_neighbors"": 255, ""modelo__weights"": ""uniform"", ""modelo__p"": 2}, {""modelo__n_neighbors"": 288, ""modelo__weights"": ""uniform"", ""modelo__p"": 2}, {""modelo__n_neighbors"": 227, ""modelo__weights"": ""distance"", ""modelo__p"": 1}, {""modelo__n_neighbors"": 273, ""modelo__weights"": ""uniform"", ""modelo__p"": 1}]","[[0.13316376805605937, 0.15029303645785977, 0.15029303645785977, 0.15683832296592923, 0.15683832296592923, 0.15683832296592923, 0.15683832296592923, 0.15683832296592923], [0.16578656658174504, 0.16578656658174504, 0.16865389138675638, 0.16865389138675638, 0.16865389138675638, 0.16865389138675638, 0.16865389138675638, 0.16865389138675638], [0.159682574803257, 0.159682574803257, 0.159682574803257, 0.159682574803257, 0.159682574803257, 0.159682574803257, 0.159682574803257, 0.159682574803257], [0.16352138343876754, 0.17099512497923794, 0.17099512497923794, 0.17099512497923794, 0.17104101420859044, 0.17104101420859044, 0.17104101420859044, 0.17104101420859044], [0.14133490359588743, 0.17890169601800224, 0.17890169601800224, 0.1875651048542931, 0.1875651048542931, 0.1875651048542931, 0.1875651048542931, 0.1875651048542931]]","[[], [], [], [], []]",720.3913712999783,completada,
knn,adasyn,deap,8.0,5.0,3.0,0.25,False,42.0,4,False,40.0,125.0,0.6230151311582115,0.0123659677522062,"[0.6201595282292042, 0.6082663100717484, 0.6227761381517546, 0.6212894090143309, 0.6425842703240193]",0.1743779734184539,0.0095094342714484,"[0.17633292152897626, 0.1609145843743101, 0.17320358314367496, 0.17383366474211162, 0.18760511330319657]",0.602031201162301,0.2174283453182448,"[0.7127217818044546, 0.7104932058379466, 0.21374189894922294, 0.68902170493866, 0.6841774142812205]",0.1620692853470985,0.0228226568909885,"[0.17438563327032136, 0.16590854680392628, 0.12181483578708947, 0.17234888098724116, 0.1758885298869144]",0.5355378274571296,0.2353553634353528,"[0.40773480662983425, 0.3826615129762562, 0.950828729281768, 0.4552486187845304, 0.48121546961325967]",0.239873753732592,0.0164326276989622,"[0.2442899702085402, 0.23146292585170342, 0.2159618521771866, 0.2500379305113033, 0.2576160899142266]",0.5730581571402574,0.0236786752150623,"[0.5798259378221594, 0.5676530852066229, 0.5349187316081495, 0.5871557257926912, 0.5957373052716636]",0.2385782408439293,0.0865327759515149,"[0.1901875770447315, 0.19297653366358772, 0.392603809866498, 0.20703768833741906, 0.21008559530741028]",653.0502287999843,47.79098599997815,421.0257870000205,16.326255719999608,1136.9439295999473,1165.0028557999758,"[{""modelo__n_neighbors"": 58, ""modelo__weights"": ""distance"", ""modelo__p"": 1}, {""modelo__n_neighbors"": 77, ""modelo__weights"": ""distance"", ""modelo__p"": 1}, {""modelo__n_neighbors"": 229, ""modelo__weights"": ""distance"", ""modelo__p"": 2}, {""modelo__n_neighbors"": 229, ""modelo__weights"": ""distance"", ""modelo__p"": 1}, {""modelo__n_neighbors"": 301, ""modelo__weights"": ""uniform"", ""modelo__p"": 1}]","[[0.15079966436328915, 0.15079966436328915, 0.15079966436328915, 0.1511472772247585, 0.1511472772247585, 0.1511472772247585, 0.1511472772247585, 0.1511472772247585], [0.15575859778247905, 0.15575859778247905, 0.15575859778247905, 0.15575859778247905, 0.15997331262899714, 0.15997331262899714, 0.15997331262899714, 0.15997331262899714], [0.1588484636707997, 0.1588484636707997, 0.1588484636707997, 0.1588484636707997, 0.1588484636707997, 0.1588484636707997, 0.1588484636707997, 0.1588484636707997], [0.15567410862404532, 0.15567410862404532, 0.15567410862404532, 0.17097507862748326, 0.17097507862748326, 0.17097507862748326, 0.17097507862748326, 0.17097507862748326], [0.14457823602934233, 0.17892855542958672, 0.17892855542958672, 0.18833404688635935, 0.18833404688635935, 0.18833404688635935, 0.18833404688635935, 0.18833404688635935]]","[[1.0, 0.25, 0.5], [1.0, 0.5, 1.0], [1.0, 1.0, 0.5], [1.0, 0.75, 0.5], [1.0, 0.75, 0.5]]",1165.0043529999675,completada,
knn,class_weight,grid,,,,,,,4,,,,,,,,,,,,,,,,,,,,,,,,,,,,,,,,,,,,,,no aplicable,'knn' no tiene equivalente de class_weight: su predicción es un voto de vecinos sin ponderación de clase.
knn,class_weight,random,,,,,,,4,,,,,,,,,,,,,,,,,,,,,,,,,,,,,,,,,,,,,,no aplicable,'knn' no tiene equivalente de class_weight: su predicción es un voto de vecinos sin ponderación de clase.
knn,class_weight,optuna,,,,,,,4,,,,,,,,,,,,,,,,,,,,,,,,,,,,,,,,,,,,,,no aplicable,'knn' no tiene equivalente de class_weight: su predicción es un voto de vecinos sin ponderación de clase.
knn,class_weight,deap,,,,,,,4,,,,,,,,,,,,,,,,,,,,,,,,,,,,,,,,,,,,,,no aplicable,'knn' no tiene equivalente de class_weight: su predicción es un voto de vecinos sin ponderación de clase.
random_forest,ninguno,grid,8.0,5.0,3.0,0.25,False,42.0,4,False,40.0,125.0,0.6684477802010382,0.0075100870125395,"[0.679168752285027, 0.6650680660743411, 0.6586725580742112, 0.6702676135617021, 0.6690619110099103]",0.2243902477973196,0.0165098406459559,"[0.24994417661583243, 0.2202274513314547, 0.20786559348894232, 0.21373929328203947, 0.2301747242683294]",0.8860996802342955,0.000170968023006,"[0.8861205486347049, 0.8862606945143432, 0.8861133832504876, 0.8858131487889274, 0.8861906259830136]",0.4493719806763285,0.292440242977693,"[0.5, 0.8, 0.0, 0.391304347826087, 0.5555555555555556]",0.0022097006934296,0.0018735718980224,"[0.0011049723756906078, 0.0022087244616234127, 0.0, 0.004972375690607734, 0.0027624309392265192]",0.0043855702776932,0.0036999089853576,"[0.002205071664829107, 0.004405286343612335, 0.0, 0.009819967266775777, 0.005497526113249038]",0.5009557545568312,0.0007582160857516,"[0.5004814836317533, 0.5010688634732682, 0.5, 0.501989205239695, 0.5012392204394394]",0.0965250600883727,0.0008572179654782,"[0.0953452495757508, 0.09662956184894582, 0.09769308453367771, 0.09676838991233178, 0.09618901457115756]",474.9471197000239,173.7973212999641,2.812050300068222,11.873677992500598,665.1925761999446,688.1213434999809,"[{""modelo__max_depth"": 8, ""modelo__max_features"": 0.3, ""modelo__min_samples_leaf"": 5}, {""modelo__max_depth"": 8, ""modelo__max_features"": 0.3, ""modelo__min_samples_leaf"": 5}, {""modelo__max_depth"": 8, ""modelo__max_features"": ""sqrt"", ""modelo__min_samples_leaf"": 25}, {""modelo__max_depth"": 8, ""modelo__max_features"": 0.3, ""modelo__min_samples_leaf"": 5}, {""modelo__max_depth"": 8, ""modelo__max_features"": 0.3, ""modelo__min_samples_leaf"": 5}]","[[0.20043598445035324, 0.20043598445035324, 0.20473288864751474, 0.20473288864751474, 0.20473288864751474, 0.20473288864751474, 0.20473288864751474, 0.20473288864751474], [0.20710216191937636, 0.20710216191937636, 0.20855217852232208, 0.20855217852232208, 0.20855217852232208, 0.20855217852232208, 0.20855217852232208, 0.20855217852232208], [0.19373568190360993, 0.19627838191578398, 0.19627838191578398, 0.19627838191578398, 0.19627838191578398, 0.19627838191578398, 0.19627838191578398, 0.19627838191578398], [0.22641081709004104, 0.22641081709004104, 0.22965147252675286, 0.22965147252675286, 0.22965147252675286, 0.22965147252675286, 0.22965147252675286, 0.22965147252675286], [0.22322393681692576, 0.22322393681692576, 0.22481877215295107, 0.22481877215295107, 0.22481877215295107, 0.22481877215295107, 0.22481877215295107, 0.22481877215295107]]","[[], [], [], [], []]",688.121736400004,completada,
random_forest,ninguno,random,8.0,5.0,3.0,0.25,False,42.0,4,False,40.0,125.0,0.668008601252508,0.0085479023455569,"[0.6790039557446168, 0.663145135033471, 0.6571263185934375, 0.6733844829243131, 0.6673831139667018]",0.22159531560377,0.0152446102778791,"[0.24629110562688478, 0.21568317433994652, 0.20493943901436604, 0.21893844823463596, 0.22212441080301717]",0.8862758465495251,0.000301501792759,"[0.8868126336982509, 0.8861348766985405, 0.8861133832504876, 0.8861906259830136, 0.8861277131173325]",0.46265664160401,0.4548047040194821,"[0.7894736842105263, 1.0, 0.0, 0.5238095238095238, 0.0]",0.0029833643998767,0.003918417092298,"[0.008287292817679558, 0.0005521811154058532, 0.0, 0.0060773480662983425, 0.0]",0.0059042901271218,0.0077511486138157,"[0.016402405686167305, 0.0011037527593818985, 0.0, 0.012015292190060076, 0.0]",0.5013922836624146,0.0018438589346354,"[0.5040016412966557, 0.500276090557703, 0.5, 0.5026836864577143, 0.5]",0.0968224169394081,0.0010691615723747,"[0.09526341109528111, 0.09686355191081662, 0.09800783812537463, 0.0964056538848707, 0.0975716296806979]",630.2773905000067,100.59821879991796,2.318624600127805,15.756934762500167,746.2080374000361,768.4808163999696,"[{""modelo__n_estimators"": 105, ""modelo__max_depth"": 26, ""modelo__min_samples_leaf"": 12, ""modelo__max_features"": 0.3170187002766181}, {""modelo__n_estimators"": 367, ""modelo__max_depth"": 7, ""modelo__min_samples_leaf"": 3, ""modelo__max_features"": 0.2731739003016221}, {""modelo__n_estimators"": 218, ""modelo__max_depth"": 7, ""modelo__min_samples_leaf"": 25, ""modelo__max_features"": 0.07424157050591144}, {""modelo__n_estimators"": 199, ""modelo__max_depth"": 14, ""modelo__min_samples_leaf"": 4, ""modelo__max_features"": 0.18842682017233076}, {""modelo__n_estimators"": 102, ""modelo__max_depth"": 5, ""modelo__min_samples_leaf"": 13, ""modelo__max_features"": 0.11183802525437561}]","[[0.20080657885223618, 0.2032282199320952, 0.2032282199320952, 0.2032282199320952, 0.2032282199320952, 0.2032282199320952, 0.20370515333532904, 0.20370515333532904], [0.2098034928912936, 0.2098034928912936, 0.2098034928912936, 0.2098034928912936, 0.2098034928912936, 0.2098034928912936, 0.2098034928912936, 0.2098034928912936], [0.18681769169643525, 0.18681769169643525, 0.18941833259173535, 0.18994994829235637, 0.18994994829235637, 0.1917061979432315, 0.1917061979432315, 0.19686744191558633], [0.2093028971176137, 0.2160916643952442, 0.2228096910780921, 0.2228096910780921, 0.2228096910780921, 0.2228096910780921, 0.2237251836268711, 0.2237251836268711], [0.2187850460504951, 0.2187850460504951, 0.2194556696873654, 0.21969289016851148, 0.21969289016851148, 0.21969289016851148, 0.21969289016851148, 0.22186186200149896]]","[[], [], [], [], []]",768.4816651999718,completada,
random_forest,ninguno,optuna,8.0,5.0,3.0,0.25,True,42.0,4,False,40.0,77.0,0.6693654190531042,0.0109293487859119,"[0.6845446264794814, 0.6699769307080325, 0.6542933508250024, 0.6658760053895352, 0.672136181863469]",0.2232392473462999,0.0176525522577544,"[0.2511202242080355, 0.21819962442894136, 0.207438408077039, 0.21051972944392147, 0.22891825057356252]",0.8860493523164182,0.0001338028936987,"[0.8861205486347049, 0.8860719677906391, 0.8861133832504876, 0.8858131487889274, 0.8861277131173325]",0.0848484848484848,0.189726979909073,"[0.0, 0.0, 0.0, 0.42424242424242425, 0.0]",0.0015469613259668,0.003459110683425,"[0.0, 0.0, 0.0, 0.0077348066298342545, 0.0]",0.003038524145415,0.0067943465404225,"[0.0, 0.0, 0.0, 0.015192620727075421, 0.0]",0.5006385853843182,0.0014279203287732,"[0.5, 0.5, 0.5, 0.5031929269215909, 0.5]",0.0967944247754369,0.0008172344082385,"[0.09536452321465735, 0.0969246367815355, 0.09737390733668502, 0.09706860511899192, 0.0972404514253149]",342.8329923999845,126.83210929995404,3.268452200049069,8.570824809999612,485.6000929000438,507.983510399994,"[{""modelo__n_estimators"": 450, ""modelo__max_depth"": 25, ""modelo__min_samples_leaf"": 5, ""modelo__max_features"": 0.09494876755565435}, {""modelo__n_estimators"": 495, ""modelo__max_depth"": 14, ""modelo__min_samples_leaf"": 4, ""modelo__max_features"": 0.06694717316937177}, {""modelo__n_estimators"": 352, ""modelo__max_depth"": 5, ""modelo__min_samples_leaf"": 47, ""modelo__max_features"": 0.2601339618808135}, {""modelo__n_estimators"": 145, ""modelo__max_depth"": 6, ""modelo__min_samples_leaf"": 1, ""modelo__max_features"": 0.5728795003690936}, {""modelo__n_estimators"": 383, ""modelo__max_depth"": 10, ""modelo__min_samples_leaf"": 2, ""modelo__max_features"": 0.06320624477994852}]","[[0.19786704652726858, 0.19786704652726858, 0.2000533560821549, 0.2000533560821549, 0.2000533560821549, 0.20912326685290528, 0.20912326685290528, 0.20912326685290528], [0.2076332226174974, 0.2076332226174974, 0.2076332226174974, 0.2076332226174974, 0.20912347567153397, 0.20912347567153397, 0.20912347567153397, 0.20912347567153397], [0.18691652035355732, 0.18691652035355732, 0.19195386279467685, 0.19301082461624972, 0.19301082461624972, 0.19301082461624972, 0.19301082461624972, 0.19737212416537075], [0.21490090000190132, 0.21490090000190132, 0.21490090000190132, 0.22811730131547467, 0.22811730131547467, 0.22811730131547467, 0.22811730131547467, 0.22811730131547467], [0.21953176119044326, 0.22038371080260755, 0.22304589400775868, 0.22304589400775868, 0.22304589400775868, 0.22304589400775868, 0.22304589400775868, 0.22304589400775868]]","[[], [], [], [], []]",507.9836173999938,completada,
random_forest,ninguno,deap,8.0,5.0,3.0,0.25,False,42.0,4,False,40.0,125.0,0.670281912581037,0.008726265281496,"[0.6839347890557209, 0.6639139938219225, 0.6618762168878036, 0.6726249271883219, 0.6690596359514157]",0.2257554922752878,0.0170424566701428,"[0.253452714414055, 0.21586649372494557, 0.21199754097752843, 0.21668162098965799, 0.23077909127025203]",0.8862003463608742,7.880361639857782e-05,"[0.8863092991065811, 0.8861348766985405, 0.8861763040332222, 0.8861277131173325, 0.8862535388486945]",0.6676923076923076,0.4185916087444212,"[0.8, 1.0, 1.0, 0.0, 0.5384615384615384]",0.0022098837368933,0.003197784534804,"[0.0022099447513812156, 0.0005521811154058532, 0.0005524861878453039, 0.0, 0.0077348066298342545]",0.0043732746302251,0.0063011364434692,"[0.004407713498622589, 0.0011037527593818985, 0.0011043622308117063, 0.0, 0.015250544662309368]",0.501012644594733,0.0014153108042651,"[0.5010694710976445, 0.500276090557703, 0.5002762430939226, 0.5, 0.5034414182243953]",0.0963468864418286,0.0008228004085109,"[0.09504549003329509, 0.09690286358205503, 0.09690781905700518, 0.09687133099179852, 0.09600692854498968]",668.615459200053,240.8177604000084,3.0927214000257663,16.715386480001325,925.269404599967,948.0453158000018,"[{""modelo__n_estimators"": 447, ""modelo__max_depth"": 18, ""modelo__min_samples_leaf"": 9, ""modelo__max_features"": 0.19666666666666666}, {""modelo__n_estimators"": 100, ""modelo__max_depth"": 7, ""modelo__min_samples_leaf"": 2, ""modelo__max_features"": 0.23333333333333328}, {""modelo__n_estimators"": 340, ""modelo__max_depth"": 25, ""modelo__min_samples_leaf"": 40, ""modelo__max_features"": 0.34333333333333327}, {""modelo__n_estimators"": 313, ""modelo__max_depth"": 11, ""modelo__min_samples_leaf"": 5, ""modelo__max_features"": 0.08666666666666667}, {""modelo__n_estimators"": 447, ""modelo__max_depth"": 9, ""modelo__min_samples_leaf"": 9, ""modelo__max_features"": 0.5266666666666666}]","[[0.19566000007324558, 0.19985671279080186, 0.19985671279080186, 0.20478232599377466, 0.20478232599377466, 0.20478232599377466, 0.20478232599377466, 0.20789903020483236], [0.20347681532040032, 0.20347681532040032, 0.20347681532040032, 0.20953820236649526, 0.20953820236649526, 0.20953820236649526, 0.20953820236649526, 0.20953820236649526], [0.19340935570748208, 0.19340935570748208, 0.19340935570748208, 0.19340935570748208, 0.19385336173957232, 0.19385336173957232, 0.19385336173957232, 0.19385336173957232], [0.22415938769913038, 0.22599658327091984, 0.22599658327091984, 0.22599658327091984, 0.22691713431949792, 0.22691713431949792, 0.22691713431949792, 0.22691713431949792], [0.21680265060183204, 0.22180660936944, 0.22180660936944, 0.2224479606427949, 0.2224479606427949, 0.2224479606427949, 0.2224479606427949, 0.2224479606427949]]","[[1.0, 1.0, 1.0], [1.0, 0.25, 0.5], [1.0, 1.0, 0.5], [1.0, 0.75, 0.5], [1.0, 0.5, 0.5]]",948.0455288999948,completada,
random_forest,smote,grid,8.0,5.0,3.0,0.25,False,42.0,4,False,40.0,125.0,0.6604951760001487,0.0105361875387869,"[0.6759931727707943, 0.6595538996002617, 0.6469564613579399, 0.6630810175787494, 0.6568913286929985]",0.2093574227985492,0.0174406091894788,"[0.23495078001006253, 0.20509914432614823, 0.18614629765235058, 0.20906450711599028, 0.21152638488819447]",0.8571581698883628,0.0290424251850993,"[0.8805209513023783, 0.8788374433819829, 0.8219341848612597, 0.875369613085876, 0.8291286568103177]",0.3006317271625149,0.0673008510159822,"[0.3957845433255269, 0.3186119873817035, 0.22342733188720174, 0.31533477321814257, 0.25]",0.1415407988626899,0.0903006999689148,"[0.09337016574585635, 0.05577029265599116, 0.2276243093922652, 0.08066298342541436, 0.25027624309392266]",0.1700257905677707,0.0656161510969704,"[0.1510952168082253, 0.09492481203007519, 0.22550629447181172, 0.12846458424989002, 0.2501380452788515]",0.5453375156228991,0.0237866901374366,"[0.5375257531370577, 0.5202174146986026, 0.562970714662049, 0.5290783855714222, 0.5768953100453639]",0.1258111593906527,0.0223687747907783,"[0.11016951943638481, 0.10656312429021875, 0.1516240774885858, 0.11192672473261545, 0.14877235100545894]",809.3394411999616,433.8570985000115,2.997547300008592,20.23348602999904,1259.4504300000262,1282.6636376000242,"[{""modelo__max_depth"": 16, ""modelo__max_features"": 0.3, ""modelo__min_samples_leaf"": 25}, {""modelo__max_depth"": 16, ""modelo__max_features"": 0.3, ""modelo__min_samples_leaf"": 5}, {""modelo__max_depth"": 8, ""modelo__max_features"": 0.3, ""modelo__min_samples_leaf"": 25}, {""modelo__max_depth"": 16, ""modelo__max_features"": 0.3, ""modelo__min_samples_leaf"": 25}, {""modelo__max_depth"": 8, ""modelo__max_features"": 0.3, ""modelo__min_samples_leaf"": 5}]","[[0.1694480344937738, 0.16998241836106776, 0.18084572749655523, 0.1819698030375051, 0.18291091464073247, 0.18291091464073247, 0.18753915010987185, 0.1876970745434162], [0.17562436547691726, 0.1762127645148794, 0.19447238468838293, 0.1952104244836299, 0.1952104244836299, 0.1952104244836299, 0.199583649110014, 0.199583649110014], [0.1728711949100329, 0.1728711949100329, 0.18816111525803378, 0.1903314596536678, 0.1903314596536678, 0.1903314596536678, 0.1903314596536678, 0.1903314596536678], [0.19213118773929216, 0.19213118773929216, 0.21014485640790673, 0.21014485640790673, 0.21014485640790673, 0.21014485640790673, 0.2120828753008572, 0.21452150467113554], [0.19141485622557539, 0.19141485622557539, 0.2039892597201111, 0.2039892597201111, 0.2039892597201111, 0.2039892597201111, 0.2039892597201111, 0.2039892597201111]]","[[], [], [], [], []]",1282.6640343999609,completada,
random_forest,smote,random,8.0,5.0,3.0,0.25,False,42.0,4,False,40.0,125.0,0.662635941946807,0.0112642495688605,"[0.6823418996675041, 0.6560227631127333, 0.6563770118982841, 0.6617635625847018, 0.6566744724708116]",0.213550259735429,0.0168511010219805,"[0.24218639598009317, 0.20280009023321574, 0.20041729549414408, 0.20830376605351655, 0.21404375091617542]",0.8697170314349758,0.020677454649881,"[0.8867497168742922, 0.8748741821841973, 0.8745988800100674, 0.8785781692356087, 0.833784208870714]",0.3506209631840117,0.1083717231471398,"[0.5367647058823529, 0.30735930735930733, 0.31211498973305957, 0.3404255319148936, 0.25644028103044497]",0.1030852585946533,0.0794573291840116,"[0.04033149171270718, 0.07840971838763114, 0.08397790055248619, 0.0707182320441989, 0.2419889502762431]",0.1396862460988404,0.065024064029948,"[0.0750256937307297, 0.1249450065992081, 0.13234653896386592, 0.1171088746569076, 0.2490051165434906]",0.5356672153942272,0.0229644304880925,"[0.517929165339455, 0.5278452567799, 0.5300951776425713, 0.526555424151315, 0.5759110530578944]",0.1161785558731718,0.0149714943746129,"[0.10440999920351826, 0.1136732136311968, 0.1108873499537979, 0.10964526651151205, 0.14227695006583435]",1133.235444000049,545.8913087999681,2.976896499982104,28.330886100001223,1694.760497100011,1717.1631467000116,"[{""modelo__n_estimators"": 210, ""modelo__max_depth"": 26, ""modelo__min_samples_leaf"": 15, ""modelo__max_features"": 0.17358787661199343}, {""modelo__n_estimators"": 260, ""modelo__max_depth"": 29, ""modelo__min_samples_leaf"": 71, ""modelo__max_features"": 0.443564458068576}, {""modelo__n_estimators"": 295, ""modelo__max_depth"": 16, ""modelo__min_samples_leaf"": 42, ""modelo__max_features"": 0.5259022786450371}, {""modelo__n_estimators"": 407, ""modelo__max_depth"": 20, ""modelo__min_samples_leaf"": 36, ""modelo__max_features"": 0.3312939316567653}, {""modelo__n_estimators"": 280, ""modelo__max_depth"": 8, ""modelo__min_samples_leaf"": 32, ""modelo__max_features"": 0.4861380209361219}]","[[0.18343583649673753, 0.19084022175562187, 0.19084022175562187, 0.19084022175562187, 0.19084022175562187, 0.19084022175562187, 0.19084022175562187, 0.19084022175562187], [0.19308969118595434, 0.19308969118595434, 0.1964741644501453, 0.1964741644501453, 0.19864260758108143, 0.19864260758108143, 0.19864260758108143, 0.19864260758108143], [0.18539381038398806, 0.18539381038398806, 0.1858348462201523, 0.18618006585844335, 0.18618006585844335, 0.19040941344256232, 0.19040941344256232, 0.19040941344256232], [0.21027161135266606, 0.21027161135266606, 0.21610556026012243, 0.21610556026012243, 0.21610556026012243, 0.21610556026012243, 0.21610556026012243, 0.21610556026012243], [0.20246240940538043, 0.20246240940538043, 0.20401741856392316, 0.2052096847025567, 0.2052096847025567, 0.2052096847025567, 0.2052096847025567, 0.2052096847025567]]","[[], [], [], [], []]",1717.1634348999942,completada,
random_forest,smote,optuna,8.0,5.0,3.0,0.25,True,42.0,4,False,40.0,85.0,0.6629752301395235,0.0102183622287849,"[0.6806051222263891, 0.662416420615781, 0.6548603523781464, 0.6579603316093882, 0.6590339238679133]",0.2143265368593794,0.01636174854165,"[0.2408568357636468, 0.20991792824550473, 0.19806342179582812, 0.205657723652059, 0.21713677483985855]",0.8771532047143824,0.007589330701006,"[0.8869384673461683, 0.8835556114745848, 0.8737809098345184, 0.8704624095627556, 0.8710286253538849]",0.3796508683716683,0.121976273469138,"[0.589041095890411, 0.38095238095238093, 0.3108108108108108, 0.2879045996592845, 0.32954545454545453]",0.0739187470064766,0.0434534288951254,"[0.023756906077348067, 0.0353395913859746, 0.08895027624309393, 0.09337016574585635, 0.1281767955801105]",0.1148486211452486,0.0578750905484809,"[0.04567180031864047, 0.06467913087417888, 0.13831615120274915, 0.1410095953274927, 0.18456642800318218]",0.5271542415933943,0.0149283584018348,"[0.5108134146972938, 0.5139779249084647, 0.5318002819119325, 0.531846602219751, 0.5473329842295298]",0.1104843818678632,0.0076872268718685,"[0.10358245901207645, 0.10117247138868499, 0.11334766766380636, 0.11562527519339062, 0.11869403608135766]",844.9125202999567,608.0145528999856,3.3600083000492305,21.12281300749892,1468.9403700000255,1491.1989518000046,"[{""modelo__n_estimators"": 450, ""modelo__max_depth"": 25, ""modelo__min_samples_leaf"": 5, ""modelo__max_features"": 0.09494876755565435}, {""modelo__n_estimators"": 244, ""modelo__max_depth"": 20, ""modelo__min_samples_leaf"": 4, ""modelo__max_features"": 0.27498993542349426}, {""modelo__n_estimators"": 286, ""modelo__max_depth"": 28, ""modelo__min_samples_leaf"": 76, ""modelo__max_features"": 0.5573222548261513}, {""modelo__n_estimators"": 226, ""modelo__max_depth"": 20, ""modelo__min_samples_leaf"": 88, ""modelo__max_features"": 0.47454321099498403}, {""modelo__n_estimators"": 490, ""modelo__max_depth"": 13, ""modelo__min_samples_leaf"": 86, ""modelo__max_features"": 0.5324768879399047}]","[[0.18738961013691138, 0.18991404809661872, 0.18991404809661872, 0.18991404809661872, 0.18991404809661872, 0.19059428831028813, 0.19059428831028813, 0.19059428831028813], [0.19205613783856876, 0.1981620621666963, 0.1981620621666963, 0.1981620621666963, 0.1981620621666963, 0.1981620621666963, 0.1981620621666963, 0.1981620621666963], [0.17925103432321257, 0.17925103432321257, 0.19125812710443282, 0.19343499239657228, 0.19343499239657228, 0.19343499239657228, 0.19343499239657228, 0.19343499239657228], [0.20827369747381874, 0.20827369747381874, 0.20827369747381874, 0.20827369747381874, 0.21286573191633687, 0.21286573191633687, 0.2143765147714899, 0.2143765147714899], [0.20308609983786327, 0.20308609983786327, 0.20308609983786327, 0.20308609983786327, 0.20517604638090572, 0.20517604638090572, 0.20517604638090572, 0.20517604638090572]]","[[], [], [], [], []]",1491.1991360000102,completada,
random_forest,smote,deap,8.0,5.0,3.0,0.25,False,42.0,4,False,40.0,125.0,0.6627231244710883,0.0112598286123203,"[0.6828619835838953, 0.6576999274931506, 0.6574191366653028, 0.6576411565926684, 0.6579934180204245]",0.2155468347748171,0.0190392411285788,"[0.24703407779573378, 0.2055713651985423, 0.19958477519808918, 0.20610761977933806, 0.21943633590238248]",0.8741965280182938,0.0122674881292056,"[0.8873788851138794, 0.8751887267237041, 0.8784370477568741, 0.8759358288770054, 0.8540421516200063]",0.3690911822753853,0.1279015544589039,"[0.5961538461538461, 0.31634819532908703, 0.327683615819209, 0.31919642857142855, 0.2860738255033557]",0.0896041685098126,0.0583971481033924,"[0.03425414364640884, 0.08227498619547212, 0.06408839779005525, 0.07900552486187845, 0.18839779005524862]",0.1312849012145035,0.0596235835117311,"[0.06478578892371996, 0.13058720420683612, 0.10720887245841035, 0.1266607617360496, 0.22718187874750168]",0.5323204599615167,0.0185577279806372,"[0.515636018145272, 0.5297068931687335, 0.5235942947552846, 0.528675641380176, 0.5639894523581177]",0.1122210524426311,0.0120098001884903,"[0.10072825248592329, 0.10788275109321244, 0.1092549134439758, 0.11065222551903024, 0.1325871196710142]",1401.3708784998744,783.8574352000142,3.6195655000628895,35.03427196249686,2201.521720300021,2223.6951882999856,"[{""modelo__n_estimators"": 447, ""modelo__max_depth"": 25, ""modelo__min_samples_leaf"": 9, ""modelo__max_features"": 0.19666666666666666}, {""modelo__n_estimators"": 367, ""modelo__max_depth"": 14, ""modelo__min_samples_leaf"": 2, ""modelo__max_features"": 0.5266666666666666}, {""modelo__n_estimators"": 340, ""modelo__max_depth"": 25, ""modelo__min_samples_leaf"": 40, ""modelo__max_features"": 0.37999999999999995}, {""modelo__n_estimators"": 420, ""modelo__max_depth"": 21, ""modelo__min_samples_leaf"": 54, ""modelo__max_features"": 0.48999999999999994}, {""modelo__n_estimators"": 447, ""modelo__max_depth"": 9, ""modelo__min_samples_leaf"": 9, ""modelo__max_features"": 0.5266666666666666}]","[[0.17662277577893695, 0.17662277577893695, 0.18209222064799147, 0.19232159408599195, 0.19232159408599195, 0.19232159408599195, 0.19232159408599195, 0.19232159408599195], [0.1868873711974286, 0.2007587944829812, 0.2007587944829812, 0.2007587944829812, 0.2007587944829812, 0.20115173000248757, 0.20115173000248757, 0.20115173000248757], [0.19006394464033086, 0.19006394464033086, 0.19006394464033086, 0.1910441575323485, 0.1910441575323485, 0.1910441575323485, 0.1910441575323485, 0.1910441575323485], [0.2098259686347352, 0.21394873608047416, 0.21394873608047416, 0.21446194239204389, 0.21446194239204389, 0.21446194239204389, 0.21446194239204389, 0.21446194239204389], [0.20091360706919525, 0.20091360706919525, 0.20165922374867493, 0.2041470129971494, 0.2041470129971494, 0.2041470129971494, 0.2041470129971494, 0.2041470129971494]]","[[1.0, 1.0, 1.0], [1.0, 1.0, 0.5], [1.0, 1.0, 0.5], [1.0, 0.75, 0.5], [1.0, 0.5, 0.5]]",2223.695401200035,completada,
random_forest,adasyn,grid,8.0,5.0,3.0,0.25,False,42.0,4,False,40.0,125.0,0.6603383410381152,0.0109920531250861,"[0.6751615798500238, 0.6597980981212317, 0.6442795926125422, 0.662608354563944, 0.6598440800428338]",0.2109629545579206,0.0187608437885779,"[0.2356640257662817, 0.2044289457907204, 0.1847914350827323, 0.21060303043074782, 0.219327335719121]",0.8724209554033587,0.026268183388895,"[0.8864980495784572, 0.8821087065928536, 0.8255206694771283, 0.8833595470273671, 0.8846178043409877]",0.3845154004191604,0.1076298211598844,"[0.5163043478260869, 0.35071090047393366, 0.22438465941614197, 0.4043478260869565, 0.4268292682926829]",0.0799954849278961,0.0765968788106121,"[0.052486187845303865, 0.040861402540033134, 0.2165745856353591, 0.05138121546961326, 0.03867403314917127]",0.1101979257611075,0.0625356187305627,"[0.09528585757271815, 0.07319485657764589, 0.2204104582513354, 0.09117647058823529, 0.07092198581560284]",0.5271315816558716,0.0187479730854655,"[0.523083480176557, 0.515567371486559, 0.5601796452993951, 0.520827277951349, 0.5160001333654979]",0.1146091721292368,0.0196700787230072,"[0.10523662411239766, 0.1062372111147793, 0.14978551086767528, 0.10634295151117586, 0.10544356304015633]",874.0042893000646,480.07134849991417,3.2643489000038244,21.85010723250161,1370.41188590019,1392.7369649999891,"[{""modelo__max_depth"": 16, ""modelo__max_features"": 0.3, ""modelo__min_samples_leaf"": 5}, {""modelo__max_depth"": 16, ""modelo__max_features"": 0.3, ""modelo__min_samples_leaf"": 5}, {""modelo__max_depth"": 8, ""modelo__max_features"": 0.3, ""modelo__min_samples_leaf"": 25}, {""modelo__max_depth"": 16, ""modelo__max_features"": 0.3, ""modelo__min_samples_leaf"": 5}, {""modelo__max_depth"": 16, ""modelo__max_features"": 0.3, ""modelo__min_samples_leaf"": 5}]","[[0.16388434075856526, 0.16479445102350562, 0.1799904651363414, 0.1821986895160903, 0.1821986895160903, 0.1821986895160903, 0.18595648690963085, 0.18595648690963085], [0.17307984537438595, 0.17396053427670152, 0.19254860024476686, 0.19308768199505152, 0.19308768199505152, 0.19308768199505152, 0.19975844632330353, 0.19975844632330353], [0.1696153376190851, 0.17040201024358437, 0.1876636028093539, 0.1877140680510231, 0.1877140680510231, 0.1877140680510231, 0.1877140680510231, 0.1877140680510231], [0.17891743328395426, 0.18152888744445148, 0.205458673242917, 0.205458673242917, 0.205458673242917, 0.205458673242917, 0.2132882935423757, 0.2132882935423757], [0.19089766621030727, 0.19114881649378188, 0.20605670147396768, 0.20632504162713258, 0.20632504162713258, 0.20632504162713258, 0.2066949960850674, 0.2066949960850674]]","[[], [], [], [], []]",1392.7375387999928,completada,
random_forest,adasyn,random,8.0,5.0,3.0,0.25,False,42.0,4,False,40.0,125.0,0.6589238058066862,0.013222869557296,"[0.6802912203181857, 0.6445193035030079, 0.6534697803825231, 0.6596587020006786, 0.6566800228290354]",0.2106576769238516,0.018196097113838,"[0.2379991980313511, 0.18928126177751536, 0.20112237406155214, 0.20908221395612064, 0.21580333679271932]",0.8736309874453946,0.0243225809085982,"[0.8868755505222097, 0.8302088575742325, 0.8830302648964953, 0.8832337212960051, 0.8848065429380308]",0.4016311418466591,0.1235619610249782,"[0.575, 0.22893772893772893, 0.3793103448275862, 0.39732142857142855, 0.42758620689655175]",0.0716898267493616,0.0762016903526522,"[0.02541436464088398, 0.20706791827719492, 0.042541436464088395, 0.049171270718232046, 0.03425414364640884]",0.0987147433067921,0.0679465356827925,"[0.04867724867724868, 0.21745433458973615, 0.07650273224043716, 0.08751229105211406, 0.06342710997442455]",0.524194076967144,0.0195325111634837,"[0.5115001388668776, 0.5586990283611747, 0.5167972395698274, 0.5197933030907455, 0.5141806749470951]",0.1133443129636959,0.0167764039045414,"[0.10435658384831599, 0.14307324728472334, 0.10308844536748274, 0.108825567088192, 0.10737772122976579]",1288.7682073999897,484.2993312999606,3.239848200057168,32.21920518499974,1789.7778407000003,1813.0822488000267,"[{""modelo__n_estimators"": 210, ""modelo__max_depth"": 26, ""modelo__min_samples_leaf"": 15, ""modelo__max_features"": 0.17358787661199343}, {""modelo__n_estimators"": 107, ""modelo__max_depth"": 8, ""modelo__min_samples_leaf"": 5, ""modelo__max_features"": 0.4227475495592951}, {""modelo__n_estimators"": 315, ""modelo__max_depth"": 22, ""modelo__min_samples_leaf"": 18, ""modelo__max_features"": 0.5120452956532461}, {""modelo__n_estimators"": 407, ""modelo__max_depth"": 20, ""modelo__min_samples_leaf"": 36, ""modelo__max_features"": 0.3312939316567653}, {""modelo__n_estimators"": 139, ""modelo__max_depth"": 24, ""modelo__min_samples_leaf"": 32, ""modelo__max_features"": 0.30584929602621586}]","[[0.1793171503737009, 0.1885822678118092, 0.1885822678118092, 0.1885822678118092, 0.1885822678118092, 0.1885822678118092, 0.1885822678118092, 0.1885822678118092], [0.19091603537477977, 0.19307519872398493, 0.20008492109798892, 0.20008492109798892, 0.20008492109798892, 0.20008492109798892, 0.20008492109798892, 0.20008492109798892], [0.18631244328296573, 0.18631244328296573, 0.18669006833835064, 0.1876619597537719, 0.1876619597537719, 0.1876619597537719, 0.1876619597537719, 0.1876619597537719], [0.20933187562962952, 0.20933187562962952, 0.2108628424194865, 0.2108628424194865, 0.2108628424194865, 0.2108628424194865, 0.2108628424194865, 0.2108628424194865], [0.20746687755597573, 0.20746687755597573, 0.20746687755597573, 0.20746687755597573, 0.20746687755597573, 0.20746687755597573, 0.20746687755597573, 0.20746687755597573]]","[[], [], [], [], []]",1813.08259190002,completada,
random_forest,adasyn,optuna,8.0,5.0,3.0,0.25,True,42.0,4,False,40.0,77.0,0.6615207031151844,0.0082057639496074,"[0.6750813195020877, 0.6618721978082507, 0.6531652715569848, 0.6589331544666656, 0.6585515722419328]",0.2136558728873407,0.015598437333915,"[0.2378280047950772, 0.20927758381517705, 0.19661946852323015, 0.20612317909217132, 0.21843112821104793]",0.8830544916859655,0.004149227567979,"[0.8870643009940858, 0.8840588827377956, 0.8763606619266344, 0.8822271154451086, 0.8855614973262033]",0.4273967655590475,0.1215567099779335,"[0.6229508196721312, 0.35964912280701755, 0.31234866828087166, 0.38257575757575757, 0.4594594594594595]",0.0397765039308583,0.0225259331748351,"[0.020994475138121547, 0.02263942573163998, 0.0712707182320442, 0.05580110497237569, 0.0281767955801105]",0.0699540903682725,0.0345391162050076,"[0.040619989310529125, 0.0425974025974026, 0.11605937921727395, 0.09739633558341369, 0.05309734513274336]",0.5156068038619549,0.0076974365841488,"[0.5096807081740026, 0.5087283035651455, 0.525552280226581, 0.5221142550065997, 0.5119584723374461]",0.1051259411722964,0.0048287144588731,"[0.10086014917644745, 0.10094586933851246, 0.11262648681855589, 0.10493115993393459, 0.10626604059403183]",745.9124880000018,503.2938505999628,3.02458809997188,18.647812200000043,1265.3632275000564,1289.230832799978,"[{""modelo__n_estimators"": 146, ""modelo__max_depth"": 20, ""modelo__min_samples_leaf"": 1, ""modelo__max_features"": 0.18232429098094183}, {""modelo__n_estimators"": 244, ""modelo__max_depth"": 20, ""modelo__min_samples_leaf"": 4, ""modelo__max_features"": 0.27498993542349426}, {""modelo__n_estimators"": 286, ""modelo__max_depth"": 28, ""modelo__min_samples_leaf"": 76, ""modelo__max_features"": 0.5573222548261513}, {""modelo__n_estimators"": 281, ""modelo__max_depth"": 23, ""modelo__min_samples_leaf"": 30, ""modelo__max_features"": 0.5603752646011823}, {""modelo__n_estimators"": 145, ""modelo__max_depth"": 30, ""modelo__min_samples_leaf"": 24, ""modelo__max_features"": 0.24330729324098577}]","[[0.18630848215211623, 0.18630848215211623, 0.18630848215211623, 0.18630848215211623, 0.18630848215211623, 0.18630848215211623, 0.18630848215211623, 0.18630848215211623], [0.18731228967907612, 0.1969642556530885, 0.1969642556530885, 0.1969642556530885, 0.1969642556530885, 0.1969642556530885, 0.1969642556530885, 0.1969642556530885], [0.1795229631817842, 0.1795229631817842, 0.18757485723025905, 0.18926458272400973, 0.18926458272400973, 0.18926458272400973, 0.18926458272400973, 0.18926458272400973], [0.21036365095556572, 0.21036365095556572, 0.21036365095556572, 0.21036365095556572, 0.2124029016809803, 0.2124029016809803, 0.2124029016809803, 0.2124029016809803], [0.20544206072974888, 0.20544206072974888, 0.20544206072974888, 0.20544206072974888, 0.20544206072974888, 0.20544206072974888, 0.20544206072974888, 0.20544206072974888]]","[[], [], [], [], []]",1289.231083200022,completada,
random_forest,adasyn,deap,8.0,5.0,3.0,0.25,False,42.0,4,False,40.0,125.0,0.6608941579734467,0.0118095421362538,"[0.6819939086867901, 0.655429888777747, 0.6555158191981789, 0.6549679628616313, 0.6565632103428866]",0.213686606311354,0.0177110691672688,"[0.24309527155122979, 0.20595627798270172, 0.19814475958808964, 0.20471399582182276, 0.21652272661292626]",0.8740707505878811,0.0117874275333786,"[0.8871272178180446, 0.8780196275792652, 0.8818976908072736, 0.861402956904687, 0.8619062598301352]",0.3782167635030201,0.1460248217429065,"[0.6333333333333333, 0.3324607329842932, 0.3524229074889868, 0.2690951821386604, 0.3037716615698267]",0.0852961185633528,0.0592636709451822,"[0.020994475138121547, 0.07012700165654334, 0.04419889502762431, 0.12651933701657458, 0.16464088397790055]",0.1241341892120134,0.0696680191138879,"[0.040641711229946524, 0.11582307341541268, 0.07854688267059401, 0.17211574596016535, 0.21354353278394841]",0.5303724296168557,0.0194418761454203,"[0.5097162094520485, 0.5260113176546828, 0.5168803890745591, 0.541179441316239, 0.5580747905867494]",0.1142182606846808,0.0123990058213983,"[0.10074366999841845, 0.10670834000612776, 0.10944182176561344, 0.12375581568370159, 0.13044165596954277]",1609.0268816000898,770.3934294000501,3.962501799920574,40.225672040002245,2397.5365882999613,2420.390202899988,"[{""modelo__n_estimators"": 447, ""modelo__max_depth"": 25, ""modelo__min_samples_leaf"": 9, ""modelo__max_features"": 0.19666666666666666}, {""modelo__n_estimators"": 367, ""modelo__max_depth"": 14, ""modelo__min_samples_leaf"": 2, ""modelo__max_features"": 0.6}, {""modelo__n_estimators"": 340, ""modelo__max_depth"": 25, ""modelo__min_samples_leaf"": 40, ""modelo__max_features"": 0.34333333333333327}, {""modelo__n_estimators"": 313, ""modelo__max_depth"": 11, ""modelo__min_samples_leaf"": 5, ""modelo__max_features"": 0.37999999999999995}, {""modelo__n_estimators"": 447, ""modelo__max_depth"": 9, ""modelo__min_samples_leaf"": 9, ""modelo__max_features"": 0.5266666666666666}]","[[0.1756492510932598, 0.1756492510932598, 0.1801395669957447, 0.18972273581276522, 0.18972273581276522, 0.18972273581276522, 0.18972273581276522, 0.18972273581276522], [0.18188839870666987, 0.19976382460746991, 0.19976382460746991, 0.19976382460746991, 0.19976382460746991, 0.19976382460746991, 0.19976382460746991, 0.19976382460746991], [0.190587481156114, 0.190587481156114, 0.190587481156114, 0.190587481156114, 0.19075713139173814, 0.19075713139173814, 0.19075713139173814, 0.19075713139173814], [0.20463758367372573, 0.2125277161620729, 0.2125277161620729, 0.2125277161620729, 0.2125277161620729, 0.2125277161620729, 0.2125277161620729, 0.2125277161620729], [0.20503706010429157, 0.20503706010429157, 0.20503706010429157, 0.20758805442454875, 0.20758805442454875, 0.20758805442454875, 0.20758805442454875, 0.20758805442454875]]","[[1.0, 1.0, 1.0], [1.0, 1.0, 0.5], [1.0, 1.0, 0.5], [1.0, 0.75, 0.5], [1.0, 0.5, 0.5]]",2420.3905041000107,completada,
random_forest,class_weight,grid,8.0,5.0,3.0,0.25,False,42.0,4,False,40.0,125.0,0.6677679097157287,0.0066681020971853,"[0.6767463490564113, 0.6640319179110343, 0.6590066860911024, 0.6691183952208082, 0.6699362002992879]",0.2208769042869237,0.01309627614224,"[0.2412971436133964, 0.21427573497187, 0.20916908031546827, 0.21325674157890676, 0.22638582095497703]",0.6347689868390951,0.0044385467463481,"[0.6331319994966654, 0.6394061399094112, 0.635751588749764, 0.6375589808115759, 0.6279962252280591]",0.1761940972070203,0.0020080795060832,"[0.17702811244979919, 0.1777083675817853, 0.17454604940291182, 0.17810004888381945, 0.173587907716786]",0.600376032288867,0.0074124272353181,"[0.6088397790055249, 0.5969077857537273, 0.5895027624309392, 0.6038674033149172, 0.6027624309392265]",0.2724285425337983,0.0027572946786998,"[0.2742999377722464, 0.27387889536356724, 0.26934242080020193, 0.27507235434755256, 0.2695491043854231]",0.6197827598095241,0.0033047911083053,"[0.622546842073055, 0.6208891076443468, 0.6155992119333564, 0.6228779686081154, 0.617000668788747]",0.2227854795126359,0.0007403818008005,"[0.2238514990972504, 0.22246643831801757, 0.22306122608461654, 0.2226956952920558, 0.22185253877123942]",452.0691361999488,156.19044409994967,3.350428899982944,11.30172840499872,624.9580701001105,648.2461544000544,"[{""modelo__max_depth"": 8, ""modelo__max_features"": 0.3, ""modelo__min_samples_leaf"": 25}, {""modelo__max_depth"": 8, ""modelo__max_features"": 0.3, ""modelo__min_samples_leaf"": 25}, {""modelo__max_depth"": 8, ""modelo__max_features"": 0.3, ""modelo__min_samples_leaf"": 25}, {""modelo__max_depth"": 8, ""modelo__max_features"": 0.3, ""modelo__min_samples_leaf"": 25}, {""modelo__max_depth"": 8, ""modelo__max_features"": 0.3, ""modelo__min_samples_leaf"": 25}]","[[0.19016886792425736, 0.19016886792425736, 0.19953759757735545, 0.20320017539065052, 0.20320017539065052, 0.20320017539065052, 0.20320017539065052, 0.20320017539065052], [0.1946267837009389, 0.1946267837009389, 0.20139883267032413, 0.2025825028620211, 0.2025825028620211, 0.2025825028620211, 0.2025825028620211, 0.2025825028620211], [0.18981987428532043, 0.19062512437952636, 0.19062512437952636, 0.1927873167854064, 0.1927873167854064, 0.1927873167854064, 0.1927873167854064, 0.1927873167854064], [0.21151229518329243, 0.2124391914287108, 0.21702295825319143, 0.2197321190086634, 0.2197321190086634, 0.2197321190086634, 0.2197321190086634, 0.2197321190086634], [0.21085220532171975, 0.21216281318657235, 0.21243241492177437, 0.2164691737558424, 0.2164691737558424, 0.2164691737558424, 0.2164691737558424, 0.2164691737558424]]","[[], [], [], [], []]",648.2464166000136,completada,
random_forest,class_weight,random,8.0,5.0,3.0,0.25,False,42.0,4,False,40.0,125.0,0.6676747190327743,0.0088905854401289,"[0.6784113001548718, 0.6563803969235456, 0.6608763828337367, 0.6715271722395793, 0.6711783430121382]",0.2208412208362642,0.0150704671340198,"[0.24545192805037588, 0.20803857685444113, 0.2112485096398025, 0.2150214690747845, 0.2244456205619172]",0.673287040127257,0.0486347038583474,"[0.735623505725431, 0.5991444388525415, 0.6755175234379915, 0.6817867253853414, 0.6743630072349796]",0.1861891093595709,0.0148025033936962,"[0.20857699805068225, 0.16722603239457173, 0.18250806298615063, 0.18733153638814015, 0.18530291697830964]",0.5444604641372093,0.0573272766010815,"[0.47292817679558014, 0.6327995582551077, 0.5314917127071823, 0.5375690607734807, 0.5475138121546961]",0.2760945550637029,0.0091592208372935,"[0.28948258369969565, 0.26454293628808867, 0.2717130348820788, 0.277841233580811, 0.2768929868678402]",0.6171514776505703,0.0036559770665997,"[0.6211559373043507, 0.6138083698268794, 0.612759986865556, 0.618944274795686, 0.6190888194603796]",0.2086828152956938,0.0157273696990883,"[0.18476629703526173, 0.22895155944198028, 0.2107678458642263, 0.20875342709789974, 0.2101749470391013]",534.9091085000546,297.06050299992785,3.530972300039138,13.372727712501364,848.3563635999453,872.0647237000521,"[{""modelo__n_estimators"": 430, ""modelo__max_depth"": 29, ""modelo__min_samples_leaf"": 15, ""modelo__max_features"": 0.5685773552127906}, {""modelo__n_estimators"": 265, ""modelo__max_depth"": 4, ""modelo__min_samples_leaf"": 39, ""modelo__max_features"": 0.5454153536492125}, {""modelo__n_estimators"": 295, ""modelo__max_depth"": 16, ""modelo__min_samples_leaf"": 42, ""modelo__max_features"": 0.5259022786450371}, {""modelo__n_estimators"": 407, ""modelo__max_depth"": 20, ""modelo__min_samples_leaf"": 36, ""modelo__max_features"": 0.3312939316567653}, {""modelo__n_estimators"": 479, ""modelo__max_depth"": 18, ""modelo__min_samples_leaf"": 44, ""modelo__max_features"": 0.38597786484182117}]","[[0.18301776195324324, 0.19865017539254384, 0.19951701839074365, 0.19951701839074365, 0.19951701839074365, 0.19951701839074365, 0.2019965697245387, 0.20279893986933897], [0.20165048024607027, 0.20165048024607027, 0.20165048024607027, 0.20165048024607027, 0.20165048024607027, 0.2022119569479689, 0.2022119569479689, 0.2022119569479689], [0.1841090427844375, 0.1841090427844375, 0.18803402138056602, 0.18803402138056602, 0.18803402138056602, 0.19135634784511132, 0.19135634784511132, 0.19135634784511132], [0.1993587486741074, 0.2061949479753916, 0.21883103239146898, 0.21883103239146898, 0.21883103239146898, 0.21883103239146898, 0.21883103239146898, 0.21883103239146898], [0.2171053086151765, 0.2171053086151765, 0.2171053086151765, 0.2171053086151765, 0.21770317850867968, 0.21770317850867968, 0.21770317850867968, 0.21770317850867968]]","[[], [], [], [], []]",872.0650218999945,completada,
random_forest,class_weight,optuna,8.0,5.0,3.0,0.25,True,42.0,4,False,40.0,87.0,0.6667208161135638,0.0086299407708389,"[0.681179419144172, 0.6610706825150683, 0.6624682868691258, 0.6682155107996635, 0.6606701812397892]",0.2182680910413882,0.0147150131419312,"[0.24374956470365644, 0.2102670842751463, 0.20863135651293063, 0.21052679317896836, 0.2181656565362394]",0.6455794723117411,0.0476484390291887,"[0.7166855417138542, 0.6173880221439356, 0.6646322280249166, 0.6363636363636364, 0.5928279333123624]",0.1790388168214438,0.013278527691311,"[0.2001781340458695, 0.17231855148074268, 0.1801163213376954, 0.17807330522218617, 0.1645077720207254]",0.5804839669179447,0.0569299186140205,"[0.4966850828729282, 0.6200993926007731, 0.5475138121546961, 0.6066298342541436, 0.6314917127071823]",0.2724899758446531,0.0088730467749198,"[0.285351531502936, 0.2696926032660903, 0.27106126914660833, 0.2753259779338014, 0.26101849737382965]",0.6172146801453128,0.0055476240803803,"[0.6208219506951974, 0.6185693981108231, 0.6135992692102032, 0.6234072138966849, 0.609675568813655]",0.2170176986197305,0.0152449862780508,"[0.19178645166029862, 0.22703552902012364, 0.21365290792258973, 0.22421288623343347, 0.22840071826220704]",355.9639882000047,147.61911149998195,2.791049500112422,8.899099705000117,519.3219511000789,543.4947038999526,"[{""modelo__n_estimators"": 231, ""modelo__max_depth"": 27, ""modelo__min_samples_leaf"": 17, ""modelo__max_features"": 0.347639216755872}, {""modelo__n_estimators"": 434, ""modelo__max_depth"": 6, ""modelo__min_samples_leaf"": 26, ""modelo__max_features"": 0.24827545994095712}, {""modelo__n_estimators"": 214, ""modelo__max_depth"": 23, ""modelo__min_samples_leaf"": 49, ""modelo__max_features"": 0.29511284082168254}, {""modelo__n_estimators"": 112, ""modelo__max_depth"": 7, ""modelo__min_samples_leaf"": 27, ""modelo__max_features"": 0.3704459475741298}, {""modelo__n_estimators"": 472, ""modelo__max_depth"": 4, ""modelo__min_samples_leaf"": 80, ""modelo__max_features"": 0.5983424433158147}]","[[0.18690967204707146, 0.20399292066679006, 0.20399292066679006, 0.20399292066679006, 0.20399292066679006, 0.20399292066679006, 0.20399292066679006, 0.20399292066679006], [0.20198513203592552, 0.20198513203592552, 0.20198513203592552, 0.20198513203592552, 0.20198513203592552, 0.20198513203592552, 0.20198513203592552, 0.20198513203592552], [0.17538403074332762, 0.17538403074332762, 0.19299606474219008, 0.19299606474219008, 0.19299606474219008, 0.19299606474219008, 0.19299606474219008, 0.1933472292205576], [0.19955190319177277, 0.19955190319177277, 0.21523789143814773, 0.21523789143814773, 0.22222235391642806, 0.22222235391642806, 0.22222235391642806, 0.22222235391642806], [0.21502250601796982, 0.21502250601796982, 0.21502250601796982, 0.21502250601796982, 0.21729239044283832, 0.21841736105308418, 0.21841736105308418, 0.21841736105308418]]","[[], [], [], [], []]",543.5006514000124,completada,
random_forest,class_weight,deap,8.0,5.0,3.0,0.25,False,42.0,4,False,40.0,125.0,0.6693311711550655,0.0082440477662607,"[0.6820664803601438, 0.6623998767442367, 0.6620858266088614, 0.6720633799916451, 0.6680402920704405]",0.2202114445804509,0.0139970993090194,"[0.24321362687598383, 0.2099965736226184, 0.21051973959998477, 0.21358867133117126, 0.22373861147249635]",0.671889888480249,0.0328371294047348,"[0.7172517931294828, 0.6259436336185203, 0.6787894041401875, 0.6749292230261088, 0.6625353884869456]",0.1862638485749863,0.0100444813447014,"[0.2019102621057308, 0.17466561762391816, 0.18444742386515994, 0.18818502693665243, 0.1821109123434705]",0.5538549258521436,0.041045898837639,"[0.5022099447513813, 0.6129210381004969, 0.5320441988950276, 0.5596685082872929, 0.5624309392265193]",0.2781218686917358,0.0066386247070418,"[0.2880228136882129, 0.2718589272593681, 0.2739297397240791, 0.28166272765188377, 0.27513513513513516]",0.6204570347195613,0.003920712330222,"[0.623548880356378, 0.6202695357346645, 0.6148469237037093, 0.6247046836786128, 0.6189151501244418]",0.2108381402721496,0.0116990119332531,"[0.1924411377091167, 0.22418150580970958, 0.2092007317930882, 0.21246519536611802, 0.21590213068271535]",585.7182478000759,235.1530722999014,3.221699800051283,14.642956195001895,836.6222687999252,858.6653430999722,"[{""modelo__n_estimators"": 447, ""modelo__max_depth"": 18, ""modelo__min_samples_leaf"": 9, ""modelo__max_features"": 0.19666666666666666}, {""modelo__n_estimators"": 100, ""modelo__max_depth"": 7, ""modelo__min_samples_leaf"": 2, ""modelo__max_features"": 0.23333333333333328}, {""modelo__n_estimators"": 393, ""modelo__max_depth"": 25, ""modelo__min_samples_leaf"": 40, ""modelo__max_features"": 0.37999999999999995}, {""modelo__n_estimators"": 420, ""modelo__max_depth"": 21, ""modelo__min_samples_leaf"": 54, ""modelo__max_features"": 0.48999999999999994}, {""modelo__n_estimators"": 447, ""modelo__max_depth"": 9, ""modelo__min_samples_leaf"": 9, ""modelo__max_features"": 0.5266666666666666}]","[[0.1881057415147862, 0.19581711044034003, 0.19581711044034003, 0.20058823521449543, 0.20058823521449543, 0.20058823521449543, 0.20058823521449543, 0.20157538944340966], [0.19626836609100148, 0.19626836609100148, 0.19968751743464339, 0.1999934195626335, 0.1999934195626335, 0.1999934195626335, 0.1999934195626335, 0.1999934195626335], [0.19280330631746403, 0.19280330631746403, 0.19280330631746403, 0.1934170106454535, 0.1934170106454535, 0.1934170106454535, 0.1936014191469929, 0.1936014191469929], [0.2132409846828096, 0.2148091508276676, 0.2148091508276676, 0.2166083775204769, 0.2166083775204769, 0.2166083775204769, 0.2166083775204769, 0.2166083775204769], [0.21102356790642907, 0.21102356790642907, 0.21211465873990057, 0.2136214658783777, 0.2136214658783777, 0.2136214658783777, 0.2136214658783777, 0.2136214658783777]]","[[1.0, 1.0, 1.0], [1.0, 0.25, 0.5], [1.0, 1.0, 1.0], [1.0, 0.75, 0.5], [1.0, 0.5, 0.5]]",858.6655543000088,completada,
xgboost,ninguno,grid,8.0,5.0,3.0,0.25,False,42.0,4,False,40.0,125.0,0.6685292208785162,0.007182549046362,"[0.6780767447407112, 0.667559153651599, 0.6580497900568179, 0.6706275042804442, 0.668332911663009]",0.2242534762642233,0.0146480285226635,"[0.24908405740310655, 0.22001548196602763, 0.2113776240053869, 0.21664150834575974, 0.22414870960083605]",0.886414270687433,0.0005378363723163,"[0.8873159682899208, 0.8860090588827378, 0.8864279871641603, 0.8860018873859704, 0.8863164517143756]",0.5724022761009401,0.1055054093172964,"[0.7021276595744681, 0.47619047619047616, 0.6666666666666666, 0.48214285714285715, 0.5348837209302325]",0.0113806053247343,0.0056970213200089,"[0.018232044198895028, 0.005521811154058531, 0.0055248618784530384, 0.014917127071823204, 0.01270718232044199]",0.0222361291297681,0.0109994322747969,"[0.035541195476575124, 0.010917030567685589, 0.010958904109589041, 0.028938906752411574, 0.0248246087425796]",0.5051294101944099,0.0026560011701821,"[0.5086190042068034, 0.5023704192440509, 0.5025849119446941, 0.5064290995671505, 0.5056436160093513]",0.0963145479559898,0.0007552238964818,"[0.09506739675998688, 0.0965094342827797, 0.0970272421836853, 0.09673181921243668, 0.09623684734106064]",168.65496550005628,39.76364530005958,1.6567266999627464,4.216374137501407,222.67868710006587,244.5054525999585,"[{""modelo__learning_rate"": 0.05, ""modelo__max_depth"": 6, ""modelo__min_child_weight"": 1}, {""modelo__learning_rate"": 0.2, ""modelo__max_depth"": 3, ""modelo__min_child_weight"": 1}, {""modelo__learning_rate"": 0.05, ""modelo__max_depth"": 3, ""modelo__min_child_weight"": 1}, {""modelo__learning_rate"": 0.2, ""modelo__max_depth"": 3, ""modelo__min_child_weight"": 1}, {""modelo__learning_rate"": 0.2, ""modelo__max_depth"": 3, ""modelo__min_child_weight"": 1}]","[[0.19053884353400663, 0.19053884353400663, 0.19184213844472556, 0.19184213844472556, 0.19184213844472556, 0.19184213844472556, 0.19184213844472556, 0.19184213844472556], [0.18587940854208254, 0.19177303146581945, 0.19177303146581945, 0.19177303146581945, 0.19655330222917597, 0.19655330222917597, 0.19655330222917597, 0.19655330222917597], [0.19631850250357016, 0.19631850250357016, 0.19631850250357016, 0.19631850250357016, 0.19631850250357016, 0.19631850250357016, 0.19631850250357016, 0.19631850250357016], [0.2153863188968352, 0.21747252052303168, 0.21747252052303168, 0.2194080166135167, 0.22239032495850175, 0.22239032495850175, 0.22239032495850175, 0.22239032495850175], [0.21495677023127358, 0.21535922150905132, 0.21535922150905132, 0.21535922150905132, 0.2229038703912296, 0.2229038703912296, 0.2229038703912296, 0.2229038703912296]]","[[], [], [], [], []]",244.50567859999137,completada,
xgboost,ninguno,random,8.0,5.0,3.0,0.25,False,42.0,4,False,40.0,125.0,0.6683583525400945,0.011562035004923,"[0.6826199668602434, 0.6623263506042336, 0.6521419971494962, 0.6721520876603573, 0.6725513604261419]",0.2242156308167851,0.0192023719783907,"[0.25640835553918273, 0.21320607691281285, 0.20795094270163603, 0.21724491849465905, 0.22626786043563524]",0.8863765182176927,0.0007105641108992,"[0.8876305524097143, 0.8860719677906391, 0.8861133832504876, 0.8861906259830136, 0.8858760616546084]",0.4171056910569105,0.2743944088813678,"[0.74, 0.5, 0.0, 0.5121951219512195, 0.3333333333333333]",0.0069612649523629,0.0088794552049758,"[0.020441988950276244, 0.0005521811154058532, 0.0, 0.011602209944751382, 0.0022099447513812156]",0.0135938614322959,0.0172788051698934,"[0.03978494623655914, 0.0011031439602868175, 0.0, 0.022690437601296597, 0.0043907793633369925]",0.5031824363595095,0.0042207641913095,"[0.50975947786054, 0.5002405918001595, 0.5, 0.505091129821506, 0.5008209823153427]",0.0963518917560577,0.0010849769398772,"[0.09464839845895767, 0.09697294980287552, 0.09749983996152878, 0.0965440422296524, 0.09609422832727432]",172.72360780002782,50.58021230000304,2.205812399974093,4.318090195000695,239.819675100036,261.776974300039,"[{""modelo__learning_rate"": 0.09194436237832149, ""modelo__max_depth"": 5, ""modelo__min_child_weight"": 1.0815078281742725, ""modelo__subsample"": 0.919606291255515, ""modelo__colsample_bytree"": 0.7935715237940293}, {""modelo__learning_rate"": 0.06409337275163554, ""modelo__max_depth"": 3, ""modelo__min_child_weight"": 2.216210845657445, ""modelo__subsample"": 0.6506401689513397, ""modelo__colsample_bytree"": 0.9885772382652176}, {""modelo__learning_rate"": 0.011617293995911587, ""modelo__max_depth"": 2, ""modelo__min_child_weight"": 15.474988317092688, ""modelo__subsample"": 0.7099377180929395, ""modelo__colsample_bytree"": 0.6846858778650764}, {""modelo__learning_rate"": 0.01851443445560082, ""modelo__max_depth"": 4, ""modelo__min_child_weight"": 12.146231576014609, ""modelo__subsample"": 0.739376791592707, ""modelo__colsample_bytree"": 0.7505702931684413}, {""modelo__learning_rate"": 0.018397520461934835, ""modelo__max_depth"": 4, ""modelo__min_child_weight"": 22.245706840123237, ""modelo__subsample"": 0.7769144525455294, ""modelo__colsample_bytree"": 0.9108691264208753}]","[[0.1919749310195784, 0.1919749310195784, 0.1919749310195784, 0.1919749310195784, 0.1919749310195784, 0.1919749310195784, 0.1919749310195784, 0.1919749310195784], [0.19747785207039836, 0.19747785207039836, 0.19783031947928484, 0.19783031947928484, 0.19783031947928484, 0.19917591723913, 0.19917591723913, 0.19917591723913], [0.18966796998872038, 0.18966796998872038, 0.18966796998872038, 0.18966796998872038, 0.18966796998872038, 0.19174103330858547, 0.19174103330858547, 0.19174103330858547], [0.2048211040802316, 0.21079332818221985, 0.21079332818221985, 0.21079332818221985, 0.2133554535210791, 0.21393620577291317, 0.21393620577291317, 0.21393620577291317], [0.2151981306311119, 0.2151981306311119, 0.21797990520964206, 0.21797990520964206, 0.21797990520964206, 0.21797990520964206, 0.21797990520964206, 0.21797990520964206]]","[[], [], [], [], []]",261.7772345999838,completada,
xgboost,ninguno,optuna,8.0,5.0,3.0,0.25,True,42.0,4,False,40.0,75.0,0.6641610672209615,0.0085736289225442,"[0.6713272064534654, 0.6662661638427415, 0.6538327429764266, 0.6727831418165557, 0.6565960810156175]",0.2188246728040167,0.0098779626480088,"[0.23434063325221294, 0.21914695810063067, 0.2089818082006625, 0.21998591278956167, 0.21166805167701597]",0.8860996802342953,0.0001390503262134,"[0.8861205486347049, 0.8862606945143432, 0.8861133832504876, 0.8858760616546084, 0.8861277131173325]",0.1590909090909091,0.2415942230166965,"[0.0, 0.5454545454545454, 0.0, 0.25, 0.0]",0.0022088464905991,0.0043478397147374,"[0.0, 0.009939260077305357, 0.0, 0.0011049723756906078, 0.0]",0.004344599318934,0.0085381797978422,"[0.0, 0.019522776572668113, 0.0, 0.0022002200220022, 0.0]",0.5009553284636169,0.0019519401844617,"[0.5, 0.5044371486755004, 0.5, 0.5003394936425843, 0.5]",0.0971884131431579,0.000464942249792,"[0.09734825789928436, 0.0965840220451355, 0.09767962992191315, 0.09682488441467285, 0.09750527143478394]",94.07439450005768,34.80435800005216,1.6255167000344954,2.351859862501442,143.0439236998791,164.94851429999107,"[{""modelo__learning_rate"": 0.03831678541127054, ""modelo__max_depth"": 9, ""modelo__min_child_weight"": 2.705539390554402, ""modelo__subsample"": 0.528442468325576, ""modelo__colsample_bytree"": 0.9333243204496001}, {""modelo__learning_rate"": 0.0794180027914026, ""modelo__max_depth"": 5, ""modelo__min_child_weight"": 4.954525793935095, ""modelo__subsample"": 0.7549512047948033, ""modelo__colsample_bytree"": 0.8550739966635368}, {""modelo__learning_rate"": 0.011516652984898292, ""modelo__max_depth"": 3, ""modelo__min_child_weight"": 1.3746068792478232, ""modelo__subsample"": 0.5898407026699187, ""modelo__colsample_bytree"": 0.5975115227641614}, {""modelo__learning_rate"": 0.03956014307911635, ""modelo__max_depth"": 8, ""modelo__min_child_weight"": 1.3711888717589558, ""modelo__subsample"": 0.9700839285271059, ""modelo__colsample_bytree"": 0.6960209509341999}, {""modelo__learning_rate"": 0.02388536384794626, ""modelo__max_depth"": 2, ""modelo__min_child_weight"": 1.471405706225893, ""modelo__subsample"": 0.6502182176806441, ""modelo__colsample_bytree"": 0.8204278389052129}]","[[0.17241289729890538, 0.17241289729890538, 0.19083214296320491, 0.19083214296320491, 0.19083214296320491, 0.19083214296320491, 0.19083214296320491, 0.19083214296320491], [0.1777355647658975, 0.19556966131068262, 0.19556966131068262, 0.19556966131068262, 0.19556966131068262, 0.19556966131068262, 0.19556966131068262, 0.19556966131068262], [0.16630653780846513, 0.19276987145275307, 0.19276987145275307, 0.19276987145275307, 0.19276987145275307, 0.19276987145275307, 0.19406139856887983, 0.19406139856887983], [0.20920175469873326, 0.20920175469873326, 0.20920175469873326, 0.20920175469873326, 0.20920175469873326, 0.20920175469873326, 0.2142747923108347, 0.2142747923108347], [0.21432684592543302, 0.21432684592543302, 0.21726822068168705, 0.21726822068168705, 0.21726822068168705, 0.21726822068168705, 0.21726822068168705, 0.21726822068168705]]","[[], [], [], [], []]",164.9487644000328,completada,
xgboost,ninguno,deap,8.0,5.0,3.0,0.25,False,42.0,4,False,40.0,125.0,0.669097561176572,0.0051929504389708,"[0.6709635243001346, 0.6656030956641531, 0.6622584613791245, 0.6755165853725507, 0.6711461391668971]",0.2235887100143698,0.0069764092868064,"[0.23430045842412608, 0.21810078454652795, 0.2176236250512476, 0.22131687126125396, 0.22660181078869346]",0.8863890976258005,0.0003586873292383,"[0.8861205486347049, 0.8863236034222446, 0.8868684326433021, 0.8866310160427807, 0.8860018873859704]",0.4803846153846153,0.2892310249589704,"[0.0, 0.625, 0.75, 0.5769230769230769, 0.45]",0.0074027047722481,0.0062215291071074,"[0.0, 0.005521811154058531, 0.009944751381215469, 0.016574585635359115, 0.004972375690607734]",0.014527122898112,0.012093918848831,"[0.0, 0.010946907498631636, 0.019629225736095966, 0.0322234156820623, 0.009836065573770493]",0.503381857518597,0.0028589904899155,"[0.5, 0.5025479130317684, 0.5047593528971689, 0.5075063201517229, 0.5020957015123255]",0.097032430768013,0.0012831597481782,"[0.09929144382476807, 0.09663130342960358, 0.0967445820569992, 0.09630480408668518, 0.09619002044200897]",171.24560050002765,45.75662589992862,1.730595699918922,4.281140012500691,231.3597957000602,253.76845839997983,"[{""modelo__learning_rate"": 0.024768459798162147, ""modelo__max_depth"": 4, ""modelo__min_child_weight"": 4.781762498950186, ""modelo__subsample"": 0.8333333333333333, ""modelo__colsample_bytree"": 0.7333333333333334}, {""modelo__learning_rate"": 0.031072325059538584, ""modelo__max_depth"": 5, ""modelo__min_child_weight"": 13.572088082974531, ""modelo__subsample"": 0.8666666666666667, ""modelo__colsample_bytree"": 0.8}, {""modelo__learning_rate"": 0.07696136340726076, ""modelo__max_depth"": 4, ""modelo__min_child_weight"": 4.781762498950186, ""modelo__subsample"": 0.7666666666666666, ""modelo__colsample_bytree"": 0.8333333333333333}, {""modelo__learning_rate"": 0.024768459798162147, ""modelo__max_depth"": 4, ""modelo__min_child_weight"": 10.456395525912734, ""modelo__subsample"": 0.5666666666666667, ""modelo__colsample_bytree"": 0.9666666666666667}, {""modelo__learning_rate"": 0.04890162063588163, ""modelo__max_depth"": 3, ""modelo__min_child_weight"": 1.2979700365523266, ""modelo__subsample"": 0.5333333333333333, ""modelo__colsample_bytree"": 1.0}]","[[0.18668410122182433, 0.18668410122182433, 0.18668410122182433, 0.19644573802163198, 0.19644573802163198, 0.19644573802163198, 0.19644573802163198, 0.19644573802163198], [0.189441480675675, 0.189441480675675, 0.189441480675675, 0.19194715087495048, 0.19194715087495048, 0.19194715087495048, 0.19194715087495048, 0.19194715087495048], [0.17699665355842656, 0.18108446398057707, 0.18882388918564671, 0.19252119769475773, 0.19252119769475773, 0.19252119769475773, 0.19252119769475773, 0.19252119769475773], [0.20749088092580922, 0.21787472237486802, 0.21787472237486802, 0.21787472237486802, 0.21787472237486802, 0.21787472237486802, 0.21787472237486802, 0.21787472237486802], [0.2144996305110625, 0.22381059607970424, 0.22381059607970424, 0.22381059607970424, 0.22381059607970424, 0.22381059607970424, 0.22381059607970424, 0.22381059607970424]]","[[1.0, 0.75, 1.0], [1.0, 1.0, 1.0], [1.0, 0.75, 0.5], [1.0, 0.75, 1.0], [1.0, 0.5, 0.5]]",253.76868719997583,completada,
xgboost,smote,grid,8.0,5.0,3.0,0.25,False,42.0,4,False,40.0,125.0,0.66725245617016,0.0117974706048367,"[0.6805720530800987, 0.6655639313805685, 0.6485583496108117, 0.6717953153407588, 0.6697726314385627]",0.2253362441160443,0.0162141245761306,"[0.252174581350272, 0.2212729023049505, 0.2090441620047397, 0.21833059904272967, 0.22585897587752973]",0.8864394223756609,0.0002578010675757,"[0.8868755505222097, 0.8862606945143432, 0.8862392248159567, 0.8863793645800566, 0.8864422774457377]",0.6935807656395891,0.1984681912840875,"[0.625, 0.5294117647058824, 1.0, 0.5357142857142857, 0.7777777777777778]",0.0106060874154568,0.0075073481251226,"[0.016574585635359115, 0.014908890115958034, 0.0011049723756906078, 0.016574585635359115, 0.0038674033149171273]",0.0206704489942414,0.0145392618025163,"[0.03229278794402583, 0.02900107411385607, 0.002207505518763797, 0.03215434083601286, 0.007696536558548653]",0.5048060520283106,0.003339394306691,"[0.5076482698128514, 0.5066024748769353, 0.5005524861878453, 0.5073643251215489, 0.5018627041423716]",0.0963394105434417,0.0009260559214316,"[0.09488923847675323, 0.09649989008903503, 0.09745391458272934, 0.09657549858093262, 0.09627851098775864]",376.5538821000955,145.52423399995314,2.1911105000181124,9.413847052502389,536.8355442999746,558.6688593999716,"[{""modelo__learning_rate"": 0.05, ""modelo__max_depth"": 6, ""modelo__min_child_weight"": 1}, {""modelo__learning_rate"": 0.05, ""modelo__max_depth"": 6, ""modelo__min_child_weight"": 1}, {""modelo__learning_rate"": 0.05, ""modelo__max_depth"": 3, ""modelo__min_child_weight"": 1}, {""modelo__learning_rate"": 0.05, ""modelo__max_depth"": 6, ""modelo__min_child_weight"": 10}, {""modelo__learning_rate"": 0.05, ""modelo__max_depth"": 6, ""modelo__min_child_weight"": 1}]","[[0.1793410322568799, 0.1793410322568799, 0.1906308293612545, 0.1906308293612545, 0.1906308293612545, 0.1906308293612545, 0.1906308293612545, 0.1906308293612545], [0.197046636855542, 0.197046636855542, 0.20051665912918046, 0.20051665912918046, 0.20051665912918046, 0.20051665912918046, 0.20051665912918046, 0.20051665912918046], [0.19650877607808134, 0.19650877607808134, 0.19650877607808134, 0.19650877607808134, 0.19650877607808134, 0.19650877607808134, 0.19650877607808134, 0.19650877607808134], [0.19614026992271485, 0.20278569479673328, 0.2111376096318862, 0.21435787421025307, 0.21435787421025307, 0.21435787421025307, 0.21435787421025307, 0.21435787421025307], [0.21697642751347926, 0.2176689815300826, 0.21953673526866366, 0.21953673526866366, 0.21953673526866366, 0.21953673526866366, 0.21953673526866366, 0.21953673526866366]]","[[], [], [], [], []]",558.669079299958,completada,
xgboost,smote,random,8.0,5.0,3.0,0.25,False,42.0,4,False,40.0,125.0,0.6707874041814715,0.0075668970398948,"[0.6811957771916253, 0.6681711984917633, 0.6607865837224695, 0.6695045275625298, 0.6742789339389696]",0.2265269847956767,0.0132303813485001,"[0.24828335201029883, 0.21907344720217659, 0.21758353980924855, 0.21764525590091444, 0.23004932905574543]",0.8864268485109349,0.0002543294056701,"[0.8867497168742922, 0.8860719677906391, 0.8865538287296294, 0.8863164517143756, 0.8864422774457377]",0.5867256456358287,0.0811102999920024,"[0.65625, 0.5, 0.6842105263157895, 0.5217391304347826, 0.5714285714285714]",0.011601294727433,0.0049884596184041,"[0.011602209944751382, 0.008282716731087797, 0.0071823204419889505, 0.019889502762430938, 0.011049723756906077]",0.022662136793281,0.0094601635494085,"[0.02280130293159609, 0.016295491580662683, 0.014215418261344996, 0.03831825439063331, 0.02168021680216802]",0.5052326556482796,0.0021622555643508,"[0.5054105909138696, 0.5036088770023915, 0.5033781374275555, 0.5087732923822804, 0.5049923805153007]",0.0961773291230201,0.0007340391983125,"[0.09504091739654541, 0.09656168520450592, 0.09678761661052704, 0.09665662050247192, 0.09583980590105057]",379.0255246000597,131.9023887999938,2.1791450000018813,9.475638115001493,525.7924339001183,547.6715642000199,"[{""modelo__learning_rate"": 0.04200921260747154, ""modelo__max_depth"": 10, ""modelo__min_child_weight"": 1.0160800688303486, ""modelo__subsample"": 0.6544618838725631, ""modelo__colsample_bytree"": 0.9758770082318072}, {""modelo__learning_rate"": 0.059403072105465256, ""modelo__max_depth"": 9, ""modelo__min_child_weight"": 2.0284405127848033, ""modelo__subsample"": 0.9226975695627594, ""modelo__colsample_bytree"": 0.5436205466572333}, {""modelo__learning_rate"": 0.07023983377213391, ""modelo__max_depth"": 8, ""modelo__min_child_weight"": 19.83439012754786, ""modelo__subsample"": 0.9058463835048035, ""modelo__colsample_bytree"": 0.7551144276003618}, {""modelo__learning_rate"": 0.10135351725334511, ""modelo__max_depth"": 4, ""modelo__min_child_weight"": 17.650202882690774, ""modelo__subsample"": 0.8266550589599577, ""modelo__colsample_bytree"": 0.9500009170374987}, {""modelo__learning_rate"": 0.029770567704674036, ""modelo__max_depth"": 8, ""modelo__min_child_weight"": 2.1895622479763364, ""modelo__subsample"": 0.9288795945965471, ""modelo__colsample_bytree"": 0.7565730452927448}]","[[0.19018129344530124, 0.19018129344530124, 0.19018129344530124, 0.19349278373250436, 0.19349278373250436, 0.19349278373250436, 0.19349278373250436, 0.19349278373250436], [0.16923423052563646, 0.19130522525973107, 0.196963101375525, 0.196963101375525, 0.20054625912007018, 0.20054625912007018, 0.20054625912007018, 0.20054625912007018], [0.19401277708677436, 0.19401277708677436, 0.19401277708677436, 0.19401277708677436, 0.19401277708677436, 0.19401277708677436, 0.19401277708677436, 0.19401277708677436], [0.2096894000688713, 0.2096894000688713, 0.21290081015212747, 0.21290081015212747, 0.21290081015212747, 0.21290081015212747, 0.21380959177497738, 0.21380959177497738], [0.21355791805277538, 0.2229841047299661, 0.2229841047299661, 0.2229841047299661, 0.2229841047299661, 0.2229841047299661, 0.2229841047299661, 0.2229841047299661]]","[[], [], [], [], []]",547.6718719999772,completada,
xgboost,smote,optuna,8.0,5.0,3.0,0.25,True,42.0,4,False,40.0,75.0,0.6673493652119346,0.0126369849814397,"[0.6841040968082586, 0.6492096478997614, 0.6635251427703869, 0.6705905934176282, 0.6693173451636374]",0.2246041533296166,0.0165937198317158,"[0.2533454794786335, 0.21053096315516712, 0.21829099346045622, 0.2193022008423936, 0.22155112971143293]",0.8863136045604557,0.0005868121090933,"[0.887253051465962, 0.8860090588827378, 0.8862392248159567, 0.8856873230575653, 0.8863793645800566]",0.5537294824857911,0.1041247097463732,"[0.725, 0.4935064935064935, 0.5454545454545454, 0.4520547945205479, 0.5526315789473685]",0.0146938140461452,0.0056661623102188,"[0.016022099447513812, 0.020982882385422418, 0.0066298342541436465, 0.018232044198895028, 0.011602209944751382]",0.0284967498910622,0.0107199765642549,"[0.03135135135135135, 0.04025423728813559, 0.013100436681222707, 0.03505045140732873, 0.022727272727272728]",0.5065162204687235,0.0024346406788272,"[0.5076205356652508, 0.5091069896485152, 0.502959879138007, 0.5076960717977081, 0.5051976260941364]",0.0963935181498527,0.0009825025249859,"[0.0948430523276329, 0.09755410254001617, 0.09665115922689438, 0.09659234434366226, 0.09632693231105804]",225.1443037998397,90.1426114999922,1.9024592998903245,5.628607594995993,330.8832313999301,353.3697173000546,"[{""modelo__learning_rate"": 0.03831678541127054, ""modelo__max_depth"": 9, ""modelo__min_child_weight"": 2.705539390554402, ""modelo__subsample"": 0.528442468325576, ""modelo__colsample_bytree"": 0.9333243204496001}, {""modelo__learning_rate"": 0.26230930874851216, ""modelo__max_depth"": 6, ""modelo__min_child_weight"": 5.328035460415626, ""modelo__subsample"": 0.5567318505599852, ""modelo__colsample_bytree"": 0.608949434673262}, {""modelo__learning_rate"": 0.04986861987054831, ""modelo__max_depth"": 8, ""modelo__min_child_weight"": 2.8392794935790784, ""modelo__subsample"": 0.8015258847427463, ""modelo__colsample_bytree"": 0.5178377412409934}, {""modelo__learning_rate"": 0.14381872209915225, ""modelo__max_depth"": 7, ""modelo__min_child_weight"": 2.649212175019651, ""modelo__subsample"": 0.8790379323249089, ""modelo__colsample_bytree"": 0.6565384678158399}, {""modelo__learning_rate"": 0.15174449773362356, ""modelo__max_depth"": 7, ""modelo__min_child_weight"": 5.062817777675844, ""modelo__subsample"": 0.8530155056365045, ""modelo__colsample_bytree"": 0.6233246908873209}]","[[0.17589287254130462, 0.1777265708079477, 0.19295783445690917, 0.19295783445690917, 0.19295783445690917, 0.19295783445690917, 0.19295783445690917, 0.19295783445690917], [0.19125916365595827, 0.19125916365595827, 0.1938475715510363, 0.1938475715510363, 0.1938475715510363, 0.1938475715510363, 0.1938475715510363, 0.1938475715510363], [0.18029004202806154, 0.18029004202806154, 0.18029004202806154, 0.1921433346512004, 0.19614203555329504, 0.19614203555329504, 0.19614203555329504, 0.19614203555329504], [0.2209979838858979, 0.2209979838858979, 0.2209979838858979, 0.2209979838858979, 0.2209979838858979, 0.2209979838858979, 0.2209979838858979, 0.2209979838858979], [0.21381541223022404, 0.21502892200391832, 0.21502892200391832, 0.21502892200391832, 0.21502892200391832, 0.21502892200391832, 0.21502892200391832, 0.21502892200391832]]","[[], [], [], [], []]",353.3699599999236,completada,
xgboost,smote,deap,8.0,5.0,3.0,0.25,False,42.0,4,False,40.0,125.0,0.6696610115805897,0.0060431460540989,"[0.6790079766075998, 0.6659102549853605, 0.6633264980347372, 0.668573126459911, 0.6714872018153397]",0.224733397255907,0.012622341332451,"[0.2461918454890282, 0.2167134565878056, 0.21803399702766407, 0.21662465554040952, 0.22610303163462767]",0.8865023463250175,0.0002991488401267,"[0.8869384673461683, 0.8861977856064419, 0.8866167495123639, 0.8865051903114187, 0.8862535388486945]",0.5810821935157041,0.0544787600189216,"[0.6382978723404256, 0.5416666666666666, 0.6428571428571429, 0.546875, 0.5357142857142857]",0.0122644001818231,0.0053773975002298,"[0.016574585635359115, 0.00717835450027609, 0.009944751381215469, 0.019337016574585635, 0.008287292817679558]",0.0239481932810748,0.0102766006253103,"[0.03231017770597738, 0.014168937329700272, 0.01958650707290533, 0.03735325506937033, 0.01632208922742111]",0.5055642013177812,0.0024485452593556,"[0.5076837710908974, 0.5031986909171597, 0.5046173377015429, 0.5086390443185317, 0.5036821625607745]",0.0962838560342788,0.0006615877268982,"[0.09519737958908081, 0.09672114998102188, 0.09670762717723846, 0.09669164568185806, 0.09610147774219513]",400.6872698999941,118.24892460007686,2.059761799871921,10.017181747499851,533.8642078998964,556.0101762000704,"[{""modelo__learning_rate"": 0.061347660077317435, ""modelo__max_depth"": 7, ""modelo__min_child_weight"": 4.781762498950186, ""modelo__subsample"": 0.5, ""modelo__colsample_bytree"": 0.8}, {""modelo__learning_rate"": 0.031072325059538584, ""modelo__max_depth"": 5, ""modelo__min_child_weight"": 13.572088082974531, ""modelo__subsample"": 0.8666666666666667, ""modelo__colsample_bytree"": 0.8}, {""modelo__learning_rate"": 0.03898059840916188, ""modelo__max_depth"": 9, ""modelo__min_child_weight"": 10.456395525912734, ""modelo__subsample"": 0.9, ""modelo__colsample_bytree"": 0.9}, {""modelo__learning_rate"": 0.061347660077317435, ""modelo__max_depth"": 10, ""modelo__min_child_weight"": 6.206584445546916, ""modelo__subsample"": 0.5333333333333333, ""modelo__colsample_bytree"": 0.7666666666666666}, {""modelo__learning_rate"": 0.19062144355644864, ""modelo__max_depth"": 3, ""modelo__min_child_weight"": 8.055960639651632, ""modelo__subsample"": 0.7333333333333334, ""modelo__colsample_bytree"": 0.5666666666666667}]","[[0.19275081076006004, 0.19275081076006004, 0.19275081076006004, 0.19275081076006004, 0.19275081076006004, 0.19275081076006004, 0.19275081076006004, 0.19275081076006004], [0.18928099803726484, 0.18928099803726484, 0.18928099803726484, 0.19778293214498702, 0.19778293214498702, 0.19778293214498702, 0.19778293214498702, 0.19778293214498702], [0.18138961399219608, 0.1907700047846862, 0.19638367802125353, 0.19638367802125353, 0.19638367802125353, 0.19638367802125353, 0.19638367802125353, 0.19638367802125353], [0.216715369039813, 0.216715369039813, 0.216715369039813, 0.216715369039813, 0.216715369039813, 0.216715369039813, 0.216715369039813, 0.21685621428621638], [0.20057795543548085, 0.21793795541102515, 0.21793795541102515, 0.21830538395280064, 0.21830538395280064, 0.21830538395280064, 0.21830538395280064, 0.21830538395280064]]","[[1.0, 0.5, 1.0], [1.0, 1.0, 1.0], [1.0, 0.75, 0.5], [1.0, 0.5, 1.0], [1.0, 0.25, 0.5]]",556.010456200107,completada,
xgboost,adasyn,grid,8.0,5.0,3.0,0.25,False,42.0,4,False,40.0,125.0,0.6637911824572156,0.0127950378553305,"[0.678040831569384, 0.6671491243803154, 0.6445375541923317, 0.6704651317866858, 0.6587632703573607]",0.2206481919771707,0.0171433984409138,"[0.24772610581983512, 0.22015090372520119, 0.20022954498120715, 0.21933038042079842, 0.2158040249388118]",0.8862884291227608,0.0003298591028541,"[0.8868755505222097, 0.8861977856064419, 0.8861133832504876, 0.8861277131173325, 0.8861277131173325]",0.35,0.3296565931204093,"[0.7142857142857143, 0.5357142857142857, 0.0, 0.5, 0.0]",0.0072919024622396,0.0073854108415594,"[0.011049723756906077, 0.008282716731087797, 0.0, 0.01712707182320442, 0.0]",0.0142391314918638,0.0143430053138804,"[0.02176278563656148, 0.01631321370309951, 0.0, 0.03311965811965812, 0.0]",0.5032767601198636,0.003279470156255,"[0.5052408516540849, 0.5036798745174785, 0.5, 0.5074630744277542, 0.5]",0.0968124032020568,0.0011524027039785,"[0.0952131375670433, 0.09651309251785278, 0.09831885993480682, 0.09660933911800385, 0.09740758687257767]",421.50568260008,197.9802501000231,1.92266479996033,10.537642065002,634.0272511000512,656.0230964999646,"[{""modelo__learning_rate"": 0.05, ""modelo__max_depth"": 6, ""modelo__min_child_weight"": 10}, {""modelo__learning_rate"": 0.05, ""modelo__max_depth"": 6, ""modelo__min_child_weight"": 1}, {""modelo__learning_rate"": 0.05, ""modelo__max_depth"": 6, ""modelo__min_child_weight"": 1}, {""modelo__learning_rate"": 0.2, ""modelo__max_depth"": 6, ""modelo__min_child_weight"": 1}, {""modelo__learning_rate"": 0.05, ""modelo__max_depth"": 6, ""modelo__min_child_weight"": 1}]","[[0.1809023666629842, 0.1809023666629842, 0.18290670237068593, 0.1879553601248544, 0.1879553601248544, 0.1879553601248544, 0.1879553601248544, 0.1879553601248544], [0.19256892829875707, 0.19256892829875707, 0.2001505726505914, 0.2001505726505914, 0.2001505726505914, 0.2001505726505914, 0.2001505726505914, 0.2001505726505914], [0.19523020543360212, 0.19523020543360212, 0.19745253945618915, 0.19745253945618915, 0.19745253945618915, 0.19745253945618915, 0.19745253945618915, 0.19745253945618915], [0.18326914935812474, 0.18326914935812474, 0.21001212852191797, 0.21001212852191797, 0.21001212852191797, 0.21001212852191797, 0.21378369056302773, 0.21378369056302773], [0.21652345494261596, 0.2167271535916071, 0.22235296626373036, 0.22235296626373036, 0.22235296626373036, 0.22235296626373036, 0.22235296626373036, 0.22235296626373036]]","[[], [], [], [], []]",656.0233029000228,completada,
xgboost,adasyn,random,8.0,5.0,3.0,0.25,False,42.0,4,False,40.0,125.0,0.6689290718027504,0.0065829359120353,"[0.6755518193130091, 0.6681464610914212, 0.6583370177515071, 0.6696641542960361, 0.6729459065617787]",0.2266584255137305,0.0152669932251171,"[0.24814269598733427, 0.2188700186156835, 0.20887237885826418, 0.2221696470554925, 0.23523738705187805]",0.8861625796409356,0.000382549866714,"[0.8863722159305398, 0.8863236034222446, 0.8854841754231423, 0.8863793645800566, 0.8862535388486945]",0.531785926491809,0.109819198229247,"[0.6428571428571429, 0.5909090909090909, 0.35294117647058826, 0.5222222222222223, 0.55]",0.010164952668011,0.0088711355437662,"[0.004972375690607734, 0.00717835450027609, 0.0066298342541436465, 0.025966850828729283, 0.0060773480662983425]",0.0197127089463108,0.01671222538092,"[0.009868421052631578, 0.014184397163120567, 0.013015184381778741, 0.049473684210526316, 0.012021857923497269]",0.5044576734987405,0.0039288437305999,"[0.5023086814550738, 0.5032696884322466, 0.5025338335511291, 0.5114569788399947, 0.5027191852152578]",0.0962608560919761,0.000696428719515,"[0.0953725203871727, 0.09655966609716415, 0.09713871777057648, 0.09646982699632645, 0.09576354920864105]",476.26678500010166,241.9583433000371,2.5120893999701366,11.90666962500254,734.5068834001431,756.3030738000525,"[{""modelo__learning_rate"": 0.04200921260747154, ""modelo__max_depth"": 10, ""modelo__min_child_weight"": 1.0160800688303486, ""modelo__subsample"": 0.6544618838725631, ""modelo__colsample_bytree"": 0.9758770082318072}, {""modelo__learning_rate"": 0.059403072105465256, ""modelo__max_depth"": 9, ""modelo__min_child_weight"": 2.0284405127848033, ""modelo__subsample"": 0.9226975695627594, ""modelo__colsample_bytree"": 0.5436205466572333}, {""modelo__learning_rate"": 0.08518328476572942, ""modelo__max_depth"": 9, ""modelo__min_child_weight"": 1.2395153380010722, ""modelo__subsample"": 0.5599399544643062, ""modelo__colsample_bytree"": 0.8511547330320697}, {""modelo__learning_rate"": 0.12753713611836032, ""modelo__max_depth"": 8, ""modelo__min_child_weight"": 7.047501423022365, ""modelo__subsample"": 0.8974525581015089, ""modelo__colsample_bytree"": 0.5275861446018538}, {""modelo__learning_rate"": 0.029770567704674036, ""modelo__max_depth"": 8, ""modelo__min_child_weight"": 2.1895622479763364, ""modelo__subsample"": 0.9288795945965471, ""modelo__colsample_bytree"": 0.7565730452927448}]","[[0.18577558747780362, 0.18577558747780362, 0.18577558747780362, 0.19179038170206253, 0.19179038170206253, 0.19179038170206253, 0.19179038170206253, 0.19179038170206253], [0.12308232201719367, 0.19250026847975024, 0.19985242945034742, 0.2000356038976214, 0.20144067935409124, 0.20144067935409124, 0.20144067935409124, 0.20144067935409124], [0.19103551773626534, 0.19103551773626534, 0.19103551773626534, 0.19103551773626534, 0.19408384526113145, 0.19408384526113145, 0.19408384526113145, 0.19408384526113145], [0.20885685858832406, 0.20885685858832406, 0.22015422723070097, 0.22015422723070097, 0.22015422723070097, 0.22015422723070097, 0.22015422723070097, 0.22015422723070097], [0.21262063580578058, 0.22487426351401751, 0.22487426351401751, 0.22487426351401751, 0.22487426351401751, 0.22487426351401751, 0.22487426351401751, 0.22487426351401751]]","[[], [], [], [], []]",756.3033195000608,completada,
xgboost,adasyn,optuna,8.0,5.0,3.0,0.25,True,42.0,4,False,40.0,69.0,0.6693537404311568,0.0081574407600156,"[0.6814041559639792, 0.6701256883397264, 0.6584685779610462, 0.6683415215826561, 0.6684287583083763]",0.225435975005751,0.0152207518125484,"[0.25137913350633156, 0.2226464272054342, 0.2127525208312752, 0.2163166983437655, 0.22408509514194838]",0.8863639316868765,0.000332990657137,"[0.8869384673461683, 0.8861977856064419, 0.8863650663814258, 0.8861906259830136, 0.8861277131173325]",0.5603939343069778,0.0722794423473042,"[0.6756756756756757, 0.5357142857142857, 0.5833333333333334, 0.5072463768115942, 0.5]",0.0122642781528473,0.0047117009250317,"[0.013812154696132596, 0.008282716731087797, 0.0077348066298342545, 0.019337016574585635, 0.012154696132596685]",0.0239275287742063,0.0089511111968746,"[0.02707092582566324, 0.01631321370309951, 0.015267175572519083, 0.03725385843533795, 0.023732470334412083]",0.5054860455572003,0.0020636945515382,"[0.5064800620115142, 0.5036798745174785, 0.5035123653258523, 0.5084615505308143, 0.5052963754003417]",0.0962635621428489,0.0008081671562867,"[0.09494000673294067, 0.09633176773786545, 0.09701178967952728, 0.09680665284395218, 0.09622759371995926]",281.4419083001558,225.8989012999228,2.255666199955158,7.036047707503895,524.1455142000923,548.4058023999678,"[{""modelo__learning_rate"": 0.03831678541127054, ""modelo__max_depth"": 9, ""modelo__min_child_weight"": 2.705539390554402, ""modelo__subsample"": 0.528442468325576, ""modelo__colsample_bytree"": 0.9333243204496001}, {""modelo__learning_rate"": 0.0794180027914026, ""modelo__max_depth"": 5, ""modelo__min_child_weight"": 4.954525793935095, ""modelo__subsample"": 0.7549512047948033, ""modelo__colsample_bytree"": 0.8550739966635368}, {""modelo__learning_rate"": 0.08837092471809864, ""modelo__max_depth"": 8, ""modelo__min_child_weight"": 2.564791138346221, ""modelo__subsample"": 0.9679958044303165, ""modelo__colsample_bytree"": 0.6556916227691618}, {""modelo__learning_rate"": 0.14381872209915225, ""modelo__max_depth"": 7, ""modelo__min_child_weight"": 2.649212175019651, ""modelo__subsample"": 0.8790379323249089, ""modelo__colsample_bytree"": 0.6565384678158399}, {""modelo__learning_rate"": 0.15174449773362356, ""modelo__max_depth"": 7, ""modelo__min_child_weight"": 5.062817777675844, ""modelo__subsample"": 0.8530155056365045, ""modelo__colsample_bytree"": 0.6233246908873209}]","[[0.17649726153032005, 0.17649726153032005, 0.1870599089527576, 0.1870599089527576, 0.1870599089527576, 0.1870599089527576, 0.1870599089527576, 0.1870599089527576], [0.19132923818538752, 0.20062892791578857, 0.20062892791578857, 0.20062892791578857, 0.20062892791578857, 0.20062892791578857, 0.20062892791578857, 0.20062892791578857], [0.18631285683329177, 0.18631285683329177, 0.18631285683329177, 0.18631285683329177, 0.19548258512860528, 0.19548258512860528, 0.19548258512860528, 0.19548258512860528], [0.21445722613672394, 0.21445722613672394, 0.21445722613672394, 0.21445722613672394, 0.21445722613672394, 0.21445722613672394, 0.21445722613672394, 0.21445722613672394], [0.2063260554816738, 0.21724436051514054, 0.21724436051514054, 0.21724436051514054, 0.21724436051514054, 0.21724436051514054, 0.21724436051514054, 0.21724436051514054]]","[[], [], [], [], []]",548.4061665000627,completada,
xgboost,adasyn,deap,8.0,5.0,3.0,0.25,False,42.0,4,False,40.0,125.0,0.6667991971553073,0.0090472733860755,"[0.6804714726636236, 0.6659653946899269, 0.6562240905633258, 0.6692306575899678, 0.6621043702696924]",0.2225773624202648,0.0129799088143722,"[0.24558933031539704, 0.2185516934413489, 0.21427679992843757, 0.21619438963717502, 0.2182745987789661]",0.8860871087438387,0.000353477127305,"[0.8866868000503335, 0.8859461499748364, 0.8861133832504876, 0.8858760616546084, 0.8858131487889274]",0.4998334590246355,0.067530557794553,"[0.6153846153846154, 0.47058823529411764, 0.5, 0.46875, 0.4444444444444444]",0.0124852116134976,0.0028617062371644,"[0.013259668508287293, 0.00883489784649365, 0.01270718232044199, 0.016574585635359115, 0.011049723756906077]",0.024333810531769,0.0054408320327755,"[0.025959978366684695, 0.017344173441734417, 0.02478448275862069, 0.032017075773746, 0.0215633423180593]",0.5054261036314712,0.0012782861745892,"[0.5060973150834535, 0.5037784712874641, 0.5055370037853719, 0.5070803350612011, 0.5046373929398659]",0.0964276477694511,0.0007174002899389,"[0.09518550336360931, 0.09660585224628448, 0.09704532474279404, 0.09668868035078049, 0.09661287814378738]",509.8473315000301,257.99799089995213,2.522677300032228,12.746183287500752,788.41078809998,818.7211096000392,"[{""modelo__learning_rate"": 0.061347660077317435, ""modelo__max_depth"": 7, ""modelo__min_child_weight"": 4.781762498950186, ""modelo__subsample"": 0.5, ""modelo__colsample_bytree"": 0.8}, {""modelo__learning_rate"": 0.031072325059538584, ""modelo__max_depth"": 8, ""modelo__min_child_weight"": 13.572088082974531, ""modelo__subsample"": 0.8666666666666667, ""modelo__colsample_bytree"": 1.0}, {""modelo__learning_rate"": 0.07696136340726076, ""modelo__max_depth"": 9, ""modelo__min_child_weight"": 4.781762498950186, ""modelo__subsample"": 0.9, ""modelo__colsample_bytree"": 0.8333333333333333}, {""modelo__learning_rate"": 0.15194870523363546, ""modelo__max_depth"": 4, ""modelo__min_child_weight"": 8.055960639651632, ""modelo__subsample"": 0.7333333333333334, ""modelo__colsample_bytree"": 0.8666666666666667}, {""modelo__learning_rate"": 0.19062144355644864, ""modelo__max_depth"": 3, ""modelo__min_child_weight"": 8.055960639651632, ""modelo__subsample"": 0.7333333333333334, ""modelo__colsample_bytree"": 0.5666666666666667}]","[[0.1924729165475474, 0.1924729165475474, 0.1924729165475474, 0.1924729165475474, 0.1924729165475474, 0.1924729165475474, 0.1924729165475474, 0.1924729165475474], [0.17984078408307944, 0.17984078408307944, 0.1869550991584165, 0.1871856896093006, 0.1871856896093006, 0.1871856896093006, 0.1871856896093006, 0.1954513727838687], [0.1909481474656164, 0.19247606419328536, 0.19675271688252605, 0.19753033803117545, 0.19753033803117545, 0.19981519009104134, 0.19981519009104134, 0.19981519009104134], [0.21463977669905662, 0.21463977669905662, 0.21463977669905662, 0.2194609747463717, 0.2194609747463717, 0.2194609747463717, 0.2194609747463717, 0.2194609747463717], [0.20597504434326805, 0.21097918786913383, 0.21097918786913383, 0.2147368158514762, 0.2147368158514762, 0.2147368158514762, 0.2147368158514762, 0.2147368158514762]]","[[1.0, 0.5, 1.0], [1.0, 1.0, 1.0], [1.0, 0.75, 0.5], [1.0, 0.5, 1.0], [1.0, 0.25, 0.5]]",818.7214304999216,completada,
xgboost,class_weight,grid,8.0,5.0,3.0,0.25,False,42.0,4,False,40.0,125.0,0.6675309884860384,0.0075101804656836,"[0.6781432753126074, 0.6662976834463472, 0.6572700599406125, 0.6696740194203701, 0.6662699043102551]",0.2203498294503547,0.0133604260646205,"[0.24298380914223766, 0.21562616224377293, 0.2086893798695595, 0.21376820938377494, 0.22068158661242854]",0.6444199289172735,0.0071757229247494,"[0.6367811752862715, 0.6486537493709109, 0.6428616371987668, 0.6544825416797735, 0.6393205410506448]",0.1774321177482493,0.0032681947500163,"[0.17879721186578051, 0.1776563033823027, 0.17336938154782022, 0.18192812715964063, 0.17540956478570247]",0.5835829537723732,0.0161272502813318,"[0.6093922651933702, 0.5742683600220873, 0.5668508287292817, 0.581767955801105, 0.585635359116022]",0.2721011536877511,0.0048282293664717,"[0.27647574884070686, 0.2713633398564905, 0.265527950310559, 0.2771782047907344, 0.2699605246402649]",0.617911076195479,0.0060300916784597,"[0.6248466580156002, 0.6162431611967021, 0.609740830114126, 0.6227973609321464, 0.6159273707188204]",0.2237368732690811,0.0021532253622514,"[0.22549493610858917, 0.22147168219089508, 0.22352424263954163, 0.22185851633548737, 0.22633498907089233]",195.13760449993424,41.04759370011743,1.900372399832122,4.878440112498356,253.93897000001743,282.49065749999136,"[{""modelo__learning_rate"": 0.05, ""modelo__max_depth"": 3, ""modelo__min_child_weight"": 10}, {""modelo__learning_rate"": 0.2, ""modelo__max_depth"": 3, ""modelo__min_child_weight"": 10}, {""modelo__learning_rate"": 0.2, ""modelo__max_depth"": 3, ""modelo__min_child_weight"": 10}, {""modelo__learning_rate"": 0.2, ""modelo__max_depth"": 3, ""modelo__min_child_weight"": 1}, {""modelo__learning_rate"": 0.05, ""modelo__max_depth"": 3, ""modelo__min_child_weight"": 10}]","[[0.18306009674313786, 0.19016783573516624, 0.19016783573516624, 0.19016783573516624, 0.19016783573516624, 0.19016783573516624, 0.19016783573516624, 0.19016783573516624], [0.19236860320299573, 0.19516523429621932, 0.19516523429621932, 0.19516523429621932, 0.19516523429621932, 0.1959005140965222, 0.1959005140965222, 0.1959005140965222], [0.18745784285089015, 0.18745784285089015, 0.18745784285089015, 0.18745784285089015, 0.1926663141483891, 0.19406418483904853, 0.19406418483904853, 0.19406418483904853], [0.20365098508437493, 0.20915909191774915, 0.20915909191774915, 0.20915909191774915, 0.2134441274742818, 0.2134441274742818, 0.2134441274742818, 0.2134441274742818], [0.21210987323237654, 0.21897293390332126, 0.21897293390332126, 0.21897293390332126, 0.21897293390332126, 0.21897293390332126, 0.21897293390332126, 0.21897293390332126]]","[[], [], [], [], []]",282.50285619997885,completada,
xgboost,class_weight,random,8.0,5.0,3.0,0.25,False,42.0,4,False,40.0,125.0,0.665392459889033,0.0066738481849568,"[0.670418589489111, 0.664440810281193, 0.6582897447374936, 0.6738693253470934, 0.6599438295902736]",0.2171478757908097,0.0094336326157538,"[0.23189562955789353, 0.2128021370128798, 0.20623760313384426, 0.21693897210007534, 0.21786503714935565]",0.6444703755768089,0.0081694651187493,"[0.6323769976091607, 0.6414192249622547, 0.6460705971182281, 0.6541679773513683, 0.6483170808430324]",0.177231216967784,0.0030683457454142,"[0.17533408468845596, 0.17736850837896134, 0.17476555839727195, 0.18242894056847545, 0.17625899280575538]",0.5823657147389648,0.0149365701255689,"[0.6016574585635359, 0.590281612368857, 0.5662983425414365, 0.5850828729281768, 0.5685082872928177]",0.2717274152554139,0.0041997438450121,"[0.2715372148111208, 0.2727736667517224, 0.2671009771986971, 0.27813525935653316, 0.26908995815899583]",0.6174089771519522,0.0050482346762626,"[0.6189911831301065, 0.619137966283825, 0.6113107845633405, 0.624064333162704, 0.6135406186197847]",0.2305695861577987,0.0113720586968032,"[0.24533185362815857, 0.22393405437469482, 0.22354598343372345, 0.21988390386104584, 0.24015213549137115]",201.39504080009647,52.10385930002667,2.063102999934926,5.034876020002412,271.17849810014013,298.0657201000722,"[{""modelo__learning_rate"": 0.011878771458274016, ""modelo__max_depth"": 3, ""modelo__min_child_weight"": 5.836938901372444, ""modelo__subsample"": 0.777708281080661, ""modelo__colsample_bytree"": 0.5595852621609294}, {""modelo__learning_rate"": 0.06409337275163554, ""modelo__max_depth"": 3, ""modelo__min_child_weight"": 2.216210845657445, ""modelo__subsample"": 0.6506401689513397, ""modelo__colsample_bytree"": 0.9885772382652176}, {""modelo__learning_rate"": 0.11177712255633832, ""modelo__max_depth"": 2, ""modelo__min_child_weight"": 15.576366150663926, ""modelo__subsample"": 0.7614433082562653, ""modelo__colsample_bytree"": 0.9801981785421211}, {""modelo__learning_rate"": 0.01851443445560082, ""modelo__max_depth"": 4, ""modelo__min_child_weight"": 12.146231576014609, ""modelo__subsample"": 0.739376791592707, ""modelo__colsample_bytree"": 0.7505702931684413}, {""modelo__learning_rate"": 0.04245363466917044, ""modelo__max_depth"": 8, ""modelo__min_child_weight"": 34.12673920348173, ""modelo__subsample"": 0.9972674528686554, ""modelo__colsample_bytree"": 0.9255997361634289}]","[[0.18213593892339774, 0.18213593892339774, 0.18360196941864912, 0.18360196941864912, 0.18402190019638018, 0.18402190019638018, 0.18402190019638018, 0.18464906663027092], [0.18251160175137723, 0.18251160175137723, 0.19107222697309978, 0.19107222697309978, 0.19107222697309978, 0.19518266051016966, 0.19518266051016966, 0.19518266051016966], [0.18225926585133437, 0.18225926585133437, 0.18878921630524426, 0.18878921630524426, 0.18878921630524426, 0.19267606459062034, 0.19267606459062034, 0.1953796091148686], [0.20233179570837034, 0.2053265741209286, 0.2053265741209286, 0.2053265741209286, 0.20621953066890517, 0.21221992423564748, 0.21221992423564748, 0.21221992423564748], [0.20261174319501074, 0.20261174319501074, 0.21662174667624634, 0.21662174667624634, 0.21662174667624634, 0.21662174667624634, 0.21662174667624634, 0.21703443364082986]]","[[], [], [], [], []]",298.06605189992115,completada,
xgboost,class_weight,optuna,8.0,5.0,3.0,0.25,True,42.0,4,False,40.0,69.0,0.6633778965766645,0.0094310770846257,"[0.6723489371584228, 0.6633991344262089, 0.647643214674799, 0.6651694428264072, 0.6683287537974845]",0.2171861030719174,0.0131330468451805,"[0.23465083339219417, 0.2105462236773245, 0.2012324174652128, 0.21370360726661985, 0.22579743355823606]",0.6677488674155292,0.0217846887326959,"[0.646784950295709, 0.6466406643180674, 0.6705467816019631, 0.6982069833280906, 0.6765649575338156]",0.1818337507389527,0.0056133487900572,"[0.17882472137791286, 0.1791975724881996, 0.17630385487528344, 0.19033796392286959, 0.1845046410304982]",0.5465649758535165,0.0377666580693526,"[0.5850828729281768, 0.5869685256764219, 0.5154696132596686, 0.507182320441989, 0.538121546961326]",0.2725659536923194,0.0055952224449112,"[0.2739265390584584, 0.2745705798786, 0.26274288932695017, 0.276797829036635, 0.2747919311609536]",0.6149440830302867,0.0071057465168232,"[0.6198987213263434, 0.6206408123589777, 0.6029737471964749, 0.6149685120136817, 0.6162386222559558]",0.2249219864606857,0.0157446548382135,"[0.24501949548721313, 0.22423315048217773, 0.23134452104568481, 0.2017030417919159, 0.22230972349643707]",108.59932750009466,39.22908199997619,2.1207218999043107,2.7149831875023667,166.13034669996705,194.55200489994604,"[{""modelo__learning_rate"": 0.01622304852056495, ""modelo__max_depth"": 5, ""modelo__min_child_weight"": 34.78322306696564, ""modelo__subsample"": 0.9635928442841282, ""modelo__colsample_bytree"": 0.5754638591522843}, {""modelo__learning_rate"": 0.17106575643421582, ""modelo__max_depth"": 2, ""modelo__min_child_weight"": 18.412885070431994, ""modelo__subsample"": 0.6802504181281428, ""modelo__colsample_bytree"": 0.679655418904036}, {""modelo__learning_rate"": 0.028801188458668456, ""modelo__max_depth"": 2, ""modelo__min_child_weight"": 3.6355776844703356, ""modelo__subsample"": 0.764053997341205, ""modelo__colsample_bytree"": 0.7454368322616316}, {""modelo__learning_rate"": 0.14381872209915225, ""modelo__max_depth"": 7, ""modelo__min_child_weight"": 2.649212175019651, ""modelo__subsample"": 0.8790379323249089, ""modelo__colsample_bytree"": 0.6565384678158399}, {""modelo__learning_rate"": 0.014710798066129455, ""modelo__max_depth"": 10, ""modelo__min_child_weight"": 17.302078713039553, ""modelo__subsample"": 0.6757339029463507, ""modelo__colsample_bytree"": 0.8538025691295406}]","[[0.1743653233234512, 0.1743653233234512, 0.1743653233234512, 0.18547552663168224, 0.18605739373669425, 0.19203049468928035, 0.19203049468928035, 0.19203049468928035], [0.19376521075895414, 0.19376521075895414, 0.19376521075895414, 0.19376521075895414, 0.19376521075895414, 0.19376521075895414, 0.19376521075895414, 0.19376521075895414], [0.1636200785069172, 0.18823836103493563, 0.18823836103493563, 0.1968455503088912, 0.1968455503088912, 0.1968455503088912, 0.1968455503088912, 0.1968455503088912], [0.18951109433801763, 0.18951109433801763, 0.18951109433801763, 0.18951109433801763, 0.18951109433801763, 0.18951109433801763, 0.18951109433801763, 0.18951109433801763], [0.21061562889343763, 0.21061562889343763, 0.21061562889343763, 0.21061562889343763, 0.21061562889343763, 0.21061562889343763, 0.21061562889343763, 0.21061562889343763]]","[[], [], [], [], []]",194.5523272000719,completada,
xgboost,class_weight,deap,8.0,5.0,3.0,0.25,False,42.0,4,False,40.0,125.0,0.6632177737688102,0.00808222209744109,"[0.6708861079772352, 0.6591310899921926, 0.6590515268006605, 0.6543379285592408, 0.6726822155147221]",0.21563789121910712,0.015575882252978266,"[0.23863024159364843, 0.21021869681058547, 0.21058706266881716, 0.19695695744385056, 0.22179649757863404]",0.6427714772699308,0.013044778784946493,"[0.6221215553038882, 0.6536235530951182, 0.6473290127729189, 0.6382510223340673, 0.6525322428436615]",0.17645857157315373,0.0038748636676593047,"[0.17259675405742822, 0.1786397634371195, 0.17613927291346645, 0.17308330567540658, 0.1818337617823479]",0.5821472828723181,0.017725796960071535,"[0.611049723756906, 0.5670900055218111, 0.5701657458563536, 0.5762430939226519, 0.5861878453038674]",0.27075362701865685,0.004275398096771128,"[0.26916524701873934, 0.2716931216931217, 0.269135480505933, 0.2662072485962226, 0.2775670372792675]",0.6163554166374251,0.004668204015375429,"[0.6172970856785098, 0.6159198696405648, 0.6137060356065833, 0.6112312381221354, 0.6236228541393316]",0.2331361621618271,0.010338298557304946,"[0.23292553424835205, 0.24169377982616425, 0.22202317416667938, 0.2451709359884262, 0.22386738657951355]",205.83363830007147,40.11058799980674,1.9704249000642449,5.145840957501787,264.048528199899,293.52977819996886,"[{""modelo__learning_rate"": 0.01, ""modelo__max_depth"": 4, ""modelo__min_child_weight"": 29.67841274828377, ""modelo__subsample"": 0.7333333333333334, ""modelo__colsample_bytree"": 0.8}, {""modelo__learning_rate"": 0.031072325059538584, ""modelo__max_depth"": 5, ""modelo__min_child_weight"": 13.572088082974531, ""modelo__subsample"": 0.8666666666666667, ""modelo__colsample_bytree"": 0.5666666666666667}, {""modelo__learning_rate"": 0.07696136340726076, ""modelo__max_depth"": 4, ""modelo__min_child_weight"": 4.781762498950186, ""modelo__subsample"": 0.7666666666666666, ""modelo__colsample_bytree"": 0.8333333333333333}, {""modelo__learning_rate"": 0.024768459798162147, ""modelo__max_depth"": 4, ""modelo__min_child_weight"": 8.055960639651632, ""modelo__subsample"": 0.5666666666666667, ""modelo__colsample_bytree"": 0.9666666666666667}, {""modelo__learning_rate"": 0.04890162063588163, ""modelo__max_depth"": 3, ""modelo__min_child_weight"": 1.2979700365523266, ""modelo__subsample"": 0.5333333333333333, ""modelo__colsample_bytree"": 1.0}]","[[0.1718513744075417, 0.19092507399469327, 0.19092507399469327, 0.19092507399469327, 0.19092507399469327, 0.19092507399469327, 0.19092507399469327, 0.19092507399469327], [0.18744970546012288, 0.18989655955527476, 0.18989655955527476, 0.19423081658851873, 0.19423081658851873, 0.19423081658851873, 0.1963902309328973, 0.1963902309328973], [0.1770907051273213, 0.18086116107746528, 0.18086116107746528, 0.18552777116248506, 0.18552777116248506, 0.18552777116248506, 0.18552777116248506, 0.18552777116248506], [0.18786703081759373, 0.20603041444042694, 0.20603041444042694, 0.20603041444042694, 0.21473832574219717, 0.21694166010506244, 0.21694166010506244, 0.21694166010506244], [0.20491681586791574, 0.21418976659379427, 0.21418976659379427, 0.21418976659379427, 0.21418976659379427, 0.21418976659379427, 0.21418976659379427, 0.21418976659379427]]","[[1.0, 0.5, 1.0], [1.0, 1.0, 1.0], [1.0, 0.75, 0.5], [1.0, 0.75, 1.0], [1.0, 0.5, 0.5]]",293.5300317000365,completada,
